nohup: ignoring input
Starting to train (PyTorch).
  [diag] log10|dL/dh_t| hist bins=60 range=(-3.91,-3.74) mean=-3.90 p50=-3.91 p05=-3.91 p95=-3.78
  [diag] sat-dist hist bins=60 sat<0.05=0.0% mean=0.748 p10=0.739 p90=0.748
Iter 0000020: train nll 1.505, valid error 100.000%, best valid error 100.000%, avg grad norm   1.915, avg grad norm (post clip)   0.000, rho_Whh  0.84, Omega  0.00, alpha  0.000, steps in the past 0.000, valid nll 0.972
  [diag] log10|dL/dh_t| hist bins=60 range=(-4.30,-3.60) mean=-4.24 p50=-4.30 p05=-4.30 p95=-3.75
  [diag] sat-dist hist bins=60 sat<0.05=0.0% mean=0.573 p10=0.559 p90=0.563
Iter 0000040: train nll 0.677, valid error 100.000%, best valid error 100.000%, avg grad norm   1.553, avg grad norm (post clip)   0.000, rho_Whh  1.05, Omega  0.00, alpha  0.000, steps in the past 0.000, valid nll 0.452
  [diag] log10|dL/dh_t| hist bins=60 range=(-4.52,-3.55) mean=-4.45 p50=-4.52 p05=-4.52 p95=-3.75
  [diag] sat-dist hist bins=60 sat<0.05=0.0% mean=0.520 p10=0.507 p90=0.508
Iter 0000060: train nll 0.442, valid error 100.000%, best valid error 100.000%, avg grad norm   0.594, avg grad norm (post clip)   0.000, rho_Whh  1.11, Omega  0.00, alpha  0.000, steps in the past 0.000, valid nll 0.376
  [diag] log10|dL/dh_t| hist bins=60 range=(-4.62,-3.54) mean=-4.55 p50=-4.62 p05=-4.62 p95=-3.75
  [diag] sat-dist hist bins=60 sat<0.05=0.0% mean=0.499 p10=0.486 p90=0.487
Iter 0000080: train nll 0.416, valid error 100.000%, best valid error 100.000%, avg grad norm   0.293, avg grad norm (post clip)   0.000, rho_Whh  1.14, Omega  0.00, alpha  0.000, steps in the past 0.000, valid nll 0.358
  [diag] log10|dL/dh_t| hist bins=60 range=(-4.68,-3.53) mean=-4.60 p50=-4.68 p05=-4.68 p95=-3.76
  [diag] sat-dist hist bins=60 sat<0.05=0.0% mean=0.489 p10=0.476 p90=0.477
Iter 0000100: train nll 0.414, valid error 100.000%, best valid error 100.000%, avg grad norm   0.198, avg grad norm (post clip)   0.000, rho_Whh  1.15, Omega  0.00, alpha  0.000, steps in the past 0.000, valid nll 0.352
  [diag] log10|dL/dh_t| hist bins=60 range=(-4.68,-3.53) mean=-4.60 p50=-4.68 p05=-4.68 p95=-3.76
  [diag] sat-dist hist bins=60 sat<0.05=0.0% mean=0.487 p10=0.475 p90=0.475
Iter 0000120: train nll 0.469, valid error 100.000%, best valid error 100.000%, avg grad norm   0.162, avg grad norm (post clip)   0.000, rho_Whh  1.15, Omega  0.00, alpha  0.000, steps in the past 0.000, valid nll 0.349
  [diag] log10|dL/dh_t| hist bins=60 range=(-4.68,-3.53) mean=-4.60 p50=-4.68 p05=-4.68 p95=-3.77
  [diag] sat-dist hist bins=60 sat<0.05=0.0% mean=0.486 p10=0.474 p90=0.475
Iter 0000140: train nll 0.475, valid error 100.000%, best valid error 100.000%, avg grad norm   0.183, avg grad norm (post clip)   0.000, rho_Whh  1.15, Omega  0.00, alpha  0.000, steps in the past 0.000, valid nll 0.348
  [diag] log10|dL/dh_t| hist bins=60 range=(-4.73,-3.53) mean=-4.64 p50=-4.73 p05=-4.73 p95=-3.77
  [diag] sat-dist hist bins=60 sat<0.05=0.0% mean=0.479 p10=0.467 p90=0.468
Iter 0000160: train nll 0.364, valid error 100.000%, best valid error 100.000%, avg grad norm   0.152, avg grad norm (post clip)   0.000, rho_Whh  1.16, Omega  0.00, alpha  0.000, steps in the past 0.000, valid nll 0.345
  [diag] log10|dL/dh_t| hist bins=60 range=(-4.74,-3.52) mean=-4.66 p50=-4.74 p05=-4.74 p95=-3.78
  [diag] sat-dist hist bins=60 sat<0.05=0.0% mean=0.476 p10=0.465 p90=0.465
Iter 0000180: train nll 0.387, valid error 100.000%, best valid error 100.000%, avg grad norm   0.130, avg grad norm (post clip)   0.000, rho_Whh  1.16, Omega  0.00, alpha  0.000, steps in the past 0.000, valid nll 0.343
  [diag] log10|dL/dh_t| hist bins=60 range=(-4.76,-3.52) mean=-4.68 p50=-4.76 p05=-4.76 p95=-3.78
  [diag] sat-dist hist bins=60 sat<0.05=0.0% mean=0.473 p10=0.462 p90=0.463
Iter 0000200: train nll 0.370, valid error 100.000%, best valid error 100.000%, avg grad norm   0.119, avg grad norm (post clip)   0.000, rho_Whh  1.17, Omega  0.00, alpha  0.000, steps in the past 0.000, valid nll 0.342
  [diag] log10|dL/dh_t| hist bins=60 range=(-4.73,-3.53) mean=-4.65 p50=-4.73 p05=-4.73 p95=-3.79
  [diag] sat-dist hist bins=60 sat<0.05=0.0% mean=0.476 p10=0.465 p90=0.466
Iter 0000220: train nll 0.460, valid error 100.000%, best valid error 100.000%, avg grad norm   0.190, avg grad norm (post clip)   0.000, rho_Whh  1.16, Omega  0.00, alpha  0.000, steps in the past 0.000, valid nll 0.342
  [diag] log10|dL/dh_t| hist bins=60 range=(-4.73,-3.53) mean=-4.65 p50=-4.73 p05=-4.73 p95=-3.79
  [diag] sat-dist hist bins=60 sat<0.05=0.0% mean=0.476 p10=0.466 p90=0.466
Iter 0000240: train nll 0.416, valid error 100.000%, best valid error 100.000%, avg grad norm   0.132, avg grad norm (post clip)   0.000, rho_Whh  1.16, Omega  0.00, alpha  0.000, steps in the past 0.000, valid nll 0.342
  [diag] log10|dL/dh_t| hist bins=60 range=(-4.71,-3.53) mean=-4.63 p50=-4.71 p05=-4.71 p95=-3.80
  [diag] sat-dist hist bins=60 sat<0.05=0.0% mean=0.479 p10=0.469 p90=0.470
Iter 0000260: train nll 0.472, valid error 100.000%, best valid error 100.000%, avg grad norm   0.156, avg grad norm (post clip)   0.000, rho_Whh  1.15, Omega  0.00, alpha  0.000, steps in the past 0.000, valid nll 0.342
  [diag] log10|dL/dh_t| hist bins=60 range=(-4.72,-3.53) mean=-4.64 p50=-4.72 p05=-4.72 p95=-3.80
  [diag] sat-dist hist bins=60 sat<0.05=0.0% mean=0.477 p10=0.466 p90=0.467
Iter 0000280: train nll 0.402, valid error 100.000%, best valid error 100.000%, avg grad norm   0.133, avg grad norm (post clip)   0.000, rho_Whh  1.16, Omega  0.00, alpha  0.000, steps in the past 0.000, valid nll 0.341
  [diag] log10|dL/dh_t| hist bins=60 range=(-4.74,-3.53) mean=-4.66 p50=-4.74 p05=-4.74 p95=-3.81
  [diag] sat-dist hist bins=60 sat<0.05=0.0% mean=0.474 p10=0.464 p90=0.464
Iter 0000300: train nll 0.383, valid error 100.000%, best valid error 100.000%, avg grad norm   0.107, avg grad norm (post clip)   0.000, rho_Whh  1.16, Omega  0.00, alpha  0.000, steps in the past 0.000, valid nll 0.340
  [diag] log10|dL/dh_t| hist bins=60 range=(-4.73,-3.53) mean=-4.66 p50=-4.73 p05=-4.73 p95=-3.81
  [diag] sat-dist hist bins=60 sat<0.05=0.0% mean=0.473 p10=0.464 p90=0.464
Iter 0000320: train nll 0.407, valid error 100.000%, best valid error 100.000%, avg grad norm   0.138, avg grad norm (post clip)   0.000, rho_Whh  1.16, Omega  0.00, alpha  0.000, steps in the past 0.000, valid nll 0.339
  [diag] log10|dL/dh_t| hist bins=60 range=(-4.72,-3.53) mean=-4.64 p50=-4.72 p05=-4.72 p95=-3.81
  [diag] sat-dist hist bins=60 sat<0.05=0.0% mean=0.475 p10=0.465 p90=0.466
Iter 0000340: train nll 0.443, valid error 100.000%, best valid error 100.000%, avg grad norm   0.157, avg grad norm (post clip)   0.000, rho_Whh  1.15, Omega  0.00, alpha  0.000, steps in the past 0.000, valid nll 0.339
  [diag] log10|dL/dh_t| hist bins=60 range=(-4.72,-3.53) mean=-4.64 p50=-4.72 p05=-4.72 p95=-3.82
  [diag] sat-dist hist bins=60 sat<0.05=0.0% mean=0.475 p10=0.465 p90=0.465
Iter 0000360: train nll 0.413, valid error 100.000%, best valid error 100.000%, avg grad norm   0.156, avg grad norm (post clip)   0.000, rho_Whh  1.15, Omega  0.00, alpha  0.000, steps in the past 0.000, valid nll 0.339
  [diag] log10|dL/dh_t| hist bins=60 range=(-4.72,-3.53) mean=-4.64 p50=-4.72 p05=-4.72 p95=-3.82
  [diag] sat-dist hist bins=60 sat<0.05=0.0% mean=0.474 p10=0.465 p90=0.465
Iter 0000380: train nll 0.407, valid error 100.000%, best valid error 100.000%, avg grad norm   0.126, avg grad norm (post clip)   0.000, rho_Whh  1.15, Omega  0.00, alpha  0.000, steps in the past 0.000, valid nll 0.338
  [diag] log10|dL/dh_t| hist bins=60 range=(-4.72,-3.53) mean=-4.64 p50=-4.72 p05=-4.72 p95=-3.82
  [diag] sat-dist hist bins=60 sat<0.05=0.0% mean=0.474 p10=0.465 p90=0.465
Iter 0000400: train nll 0.422, valid error 100.000%, best valid error 100.000%, avg grad norm   0.129, avg grad norm (post clip)   0.000, rho_Whh  1.15, Omega  0.00, alpha  0.000, steps in the past 0.000, valid nll 0.338
  [diag] log10|dL/dh_t| hist bins=60 range=(-4.71,-3.53) mean=-4.63 p50=-4.71 p05=-4.71 p95=-3.83
  [diag] sat-dist hist bins=60 sat<0.05=0.0% mean=0.475 p10=0.466 p90=0.466
Iter 0000420: train nll 0.421, valid error 100.000%, best valid error 100.000%, avg grad norm   0.114, avg grad norm (post clip)   0.000, rho_Whh  1.15, Omega  0.00, alpha  0.000, steps in the past 0.000, valid nll 0.338
  [diag] log10|dL/dh_t| hist bins=60 range=(-4.72,-3.53) mean=-4.64 p50=-4.72 p05=-4.72 p95=-3.83
  [diag] sat-dist hist bins=60 sat<0.05=0.0% mean=0.474 p10=0.465 p90=0.465
Iter 0000440: train nll 0.402, valid error 100.000%, best valid error 100.000%, avg grad norm   0.118, avg grad norm (post clip)   0.000, rho_Whh  1.15, Omega  0.00, alpha  0.000, steps in the past 0.000, valid nll 0.337
  [diag] log10|dL/dh_t| hist bins=60 range=(-4.70,-3.54) mean=-4.62 p50=-4.70 p05=-4.70 p95=-3.83
  [diag] sat-dist hist bins=60 sat<0.05=0.0% mean=0.477 p10=0.468 p90=0.468
Iter 0000460: train nll 0.457, valid error 100.000%, best valid error 100.000%, avg grad norm   0.141, avg grad norm (post clip)   0.000, rho_Whh  1.14, Omega  0.00, alpha  0.000, steps in the past 0.000, valid nll 0.338
  [diag] log10|dL/dh_t| hist bins=60 range=(-4.70,-3.54) mean=-4.63 p50=-4.70 p05=-4.70 p95=-3.84
  [diag] sat-dist hist bins=60 sat<0.05=0.0% mean=0.476 p10=0.467 p90=0.467
Iter 0000480: train nll 0.415, valid error 100.000%, best valid error 100.000%, avg grad norm   0.141, avg grad norm (post clip)   0.000, rho_Whh  1.15, Omega  0.00, alpha  0.000, steps in the past 0.000, valid nll 0.338
  [diag] log10|dL/dh_t| hist bins=60 range=(-4.71,-3.54) mean=-4.63 p50=-4.71 p05=-4.71 p95=-3.84
  [diag] sat-dist hist bins=60 sat<0.05=0.0% mean=0.475 p10=0.466 p90=0.467
Iter 0000500: train nll 0.416, valid error 100.000%, best valid error 100.000%, avg grad norm   0.132, avg grad norm (post clip)   0.000, rho_Whh  1.15, Omega  0.00, alpha  0.000, steps in the past 0.000, valid nll 0.337
  [diag] log10|dL/dh_t| hist bins=60 range=(-4.71,-3.54) mean=-4.64 p50=-4.71 p05=-4.71 p95=-3.85
  [diag] sat-dist hist bins=60 sat<0.05=0.0% mean=0.474 p10=0.466 p90=0.466
Iter 0000520: train nll 0.409, valid error 100.000%, best valid error 100.000%, avg grad norm   0.128, avg grad norm (post clip)   0.000, rho_Whh  1.15, Omega  0.00, alpha  0.000, steps in the past 0.000, valid nll 0.337
  [diag] log10|dL/dh_t| hist bins=60 range=(-4.70,-3.54) mean=-4.63 p50=-4.70 p05=-4.70 p95=-3.85
  [diag] sat-dist hist bins=60 sat<0.05=0.0% mean=0.475 p10=0.467 p90=0.467
Iter 0000540: train nll 0.421, valid error 100.000%, best valid error 100.000%, avg grad norm   0.141, avg grad norm (post clip)   0.000, rho_Whh  1.14, Omega  0.00, alpha  0.000, steps in the past 0.000, valid nll 0.337
  [diag] log10|dL/dh_t| hist bins=60 range=(-4.70,-3.54) mean=-4.62 p50=-4.70 p05=-4.70 p95=-3.85
  [diag] sat-dist hist bins=60 sat<0.05=0.0% mean=0.476 p10=0.468 p90=0.468
Iter 0000560: train nll 0.423, valid error 100.000%, best valid error 100.000%, avg grad norm   0.158, avg grad norm (post clip)   0.000, rho_Whh  1.14, Omega  0.00, alpha  0.000, steps in the past 0.000, valid nll 0.337
  [diag] log10|dL/dh_t| hist bins=60 range=(-4.72,-3.53) mean=-4.64 p50=-4.72 p05=-4.72 p95=-3.86
  [diag] sat-dist hist bins=60 sat<0.05=0.0% mean=0.474 p10=0.465 p90=0.466
Iter 0000580: train nll 0.381, valid error 100.000%, best valid error 100.000%, avg grad norm   0.163, avg grad norm (post clip)   0.000, rho_Whh  1.14, Omega  0.00, alpha  0.000, steps in the past 0.000, valid nll 0.336
  [diag] log10|dL/dh_t| hist bins=60 range=(-4.73,-3.53) mean=-4.65 p50=-4.73 p05=-4.73 p95=-3.86
  [diag] sat-dist hist bins=60 sat<0.05=0.0% mean=0.472 p10=0.464 p90=0.464
Iter 0000600: train nll 0.383, valid error 100.000%, best valid error 100.000%, avg grad norm   0.112, avg grad norm (post clip)   0.000, rho_Whh  1.14, Omega  0.00, alpha  0.000, steps in the past 0.000, valid nll 0.335
  [diag] log10|dL/dh_t| hist bins=60 range=(-4.71,-3.53) mean=-4.64 p50=-4.71 p05=-4.71 p95=-3.86
  [diag] sat-dist hist bins=60 sat<0.05=0.0% mean=0.475 p10=0.466 p90=0.467
Iter 0000620: train nll 0.420, valid error 100.000%, best valid error 100.000%, avg grad norm   0.113, avg grad norm (post clip)   0.000, rho_Whh  1.14, Omega  0.00, alpha  0.000, steps in the past 0.000, valid nll 0.335
  [diag] log10|dL/dh_t| hist bins=60 range=(-4.71,-3.53) mean=-4.64 p50=-4.71 p05=-4.71 p95=-3.86
  [diag] sat-dist hist bins=60 sat<0.05=0.0% mean=0.475 p10=0.467 p90=0.467
Iter 0000640: train nll 0.404, valid error 100.000%, best valid error 100.000%, avg grad norm   0.130, avg grad norm (post clip)   0.000, rho_Whh  1.14, Omega  0.00, alpha  0.000, steps in the past 0.000, valid nll 0.335
  [diag] log10|dL/dh_t| hist bins=60 range=(-4.72,-3.53) mean=-4.64 p50=-4.72 p05=-4.72 p95=-3.87
  [diag] sat-dist hist bins=60 sat<0.05=0.0% mean=0.474 p10=0.466 p90=0.467
Iter 0000660: train nll 0.401, valid error 100.000%, best valid error 100.000%, avg grad norm   0.114, avg grad norm (post clip)   0.000, rho_Whh  1.14, Omega  0.00, alpha  0.000, steps in the past 0.000, valid nll 0.335
  [diag] log10|dL/dh_t| hist bins=60 range=(-4.72,-3.53) mean=-4.64 p50=-4.72 p05=-4.72 p95=-3.87
  [diag] sat-dist hist bins=60 sat<0.05=0.0% mean=0.475 p10=0.467 p90=0.467
Iter 0000680: train nll 0.397, valid error 100.000%, best valid error 100.000%, avg grad norm   0.109, avg grad norm (post clip)   0.000, rho_Whh  1.14, Omega  0.00, alpha  0.000, steps in the past 0.000, valid nll 0.334
  [diag] log10|dL/dh_t| hist bins=60 range=(-4.73,-3.53) mean=-4.66 p50=-4.73 p05=-4.73 p95=-3.87
  [diag] sat-dist hist bins=60 sat<0.05=0.0% mean=0.473 p10=0.465 p90=0.465
Iter 0000700: train nll 0.376, valid error 100.000%, best valid error 100.000%, avg grad norm   0.143, avg grad norm (post clip)   0.000, rho_Whh  1.14, Omega  0.00, alpha  0.000, steps in the past 0.000, valid nll 0.334
  [diag] log10|dL/dh_t| hist bins=60 range=(-4.72,-3.53) mean=-4.64 p50=-4.72 p05=-4.72 p95=-3.88
  [diag] sat-dist hist bins=60 sat<0.05=0.0% mean=0.475 p10=0.467 p90=0.468
Iter 0000720: train nll 0.419, valid error 100.000%, best valid error 100.000%, avg grad norm   0.134, avg grad norm (post clip)   0.000, rho_Whh  1.13, Omega  0.00, alpha  0.000, steps in the past 0.000, valid nll 0.334
  [diag] log10|dL/dh_t| hist bins=60 range=(-4.73,-3.53) mean=-4.65 p50=-4.73 p05=-4.73 p95=-3.88
  [diag] sat-dist hist bins=60 sat<0.05=0.0% mean=0.474 p10=0.466 p90=0.467
Iter 0000740: train nll 0.383, valid error 100.000%, best valid error 100.000%, avg grad norm   0.131, avg grad norm (post clip)   0.000, rho_Whh  1.13, Omega  0.00, alpha  0.000, steps in the past 0.000, valid nll 0.334
  [diag] log10|dL/dh_t| hist bins=60 range=(-4.72,-3.53) mean=-4.65 p50=-4.72 p05=-4.72 p95=-3.88
  [diag] sat-dist hist bins=60 sat<0.05=0.0% mean=0.475 p10=0.468 p90=0.468
Iter 0000760: train nll 0.408, valid error 100.000%, best valid error 100.000%, avg grad norm   0.145, avg grad norm (post clip)   0.000, rho_Whh  1.13, Omega  0.00, alpha  0.000, steps in the past 0.000, valid nll 0.334
  [diag] log10|dL/dh_t| hist bins=60 range=(-4.72,-3.53) mean=-4.65 p50=-4.72 p05=-4.72 p95=-3.88
  [diag] sat-dist hist bins=60 sat<0.05=0.0% mean=0.476 p10=0.468 p90=0.468
Iter 0000780: train nll 0.395, valid error 100.000%, best valid error 100.000%, avg grad norm   0.112, avg grad norm (post clip)   0.000, rho_Whh  1.13, Omega  0.00, alpha  0.000, steps in the past 0.000, valid nll 0.333
  [diag] log10|dL/dh_t| hist bins=60 range=(-4.72,-3.53) mean=-4.65 p50=-4.72 p05=-4.72 p95=-3.89
  [diag] sat-dist hist bins=60 sat<0.05=0.0% mean=0.476 p10=0.468 p90=0.469
Iter 0000800: train nll 0.395, valid error 100.000%, best valid error 100.000%, avg grad norm   0.126, avg grad norm (post clip)   0.000, rho_Whh  1.13, Omega  0.00, alpha  0.000, steps in the past 0.000, valid nll 0.333
  [diag] log10|dL/dh_t| hist bins=60 range=(-4.71,-3.53) mean=-4.64 p50=-4.71 p05=-4.71 p95=-3.89
  [diag] sat-dist hist bins=60 sat<0.05=0.0% mean=0.477 p10=0.470 p90=0.470
Iter 0000820: train nll 0.411, valid error 100.000%, best valid error 100.000%, avg grad norm   0.147, avg grad norm (post clip)   0.000, rho_Whh  1.13, Omega  0.00, alpha  0.000, steps in the past 0.000, valid nll 0.333
  [diag] log10|dL/dh_t| hist bins=60 range=(-4.70,-3.53) mean=-4.63 p50=-4.70 p05=-4.70 p95=-3.89
  [diag] sat-dist hist bins=60 sat<0.05=0.0% mean=0.480 p10=0.472 p90=0.472
Iter 0000840: train nll 0.426, valid error 100.000%, best valid error 100.000%, avg grad norm   0.143, avg grad norm (post clip)   0.000, rho_Whh  1.12, Omega  0.00, alpha  0.000, steps in the past 0.000, valid nll 0.333
  [diag] log10|dL/dh_t| hist bins=60 range=(-4.71,-3.53) mean=-4.63 p50=-4.71 p05=-4.71 p95=-3.89
  [diag] sat-dist hist bins=60 sat<0.05=0.0% mean=0.480 p10=0.472 p90=0.473
Iter 0000860: train nll 0.404, valid error 100.000%, best valid error 100.000%, avg grad norm   0.125, avg grad norm (post clip)   0.000, rho_Whh  1.12, Omega  0.00, alpha  0.000, steps in the past 0.000, valid nll 0.333
  [diag] log10|dL/dh_t| hist bins=60 range=(-4.70,-3.53) mean=-4.63 p50=-4.70 p05=-4.70 p95=-3.90
  [diag] sat-dist hist bins=60 sat<0.05=0.0% mean=0.481 p10=0.474 p90=0.474
Iter 0000880: train nll 0.416, valid error 100.000%, best valid error 100.000%, avg grad norm   0.149, avg grad norm (post clip)   0.000, rho_Whh  1.12, Omega  0.00, alpha  0.000, steps in the past 0.000, valid nll 0.333
  [diag] log10|dL/dh_t| hist bins=60 range=(-4.71,-3.53) mean=-4.64 p50=-4.71 p05=-4.71 p95=-3.90
  [diag] sat-dist hist bins=60 sat<0.05=0.0% mean=0.480 p10=0.472 p90=0.472
Iter 0000900: train nll 0.377, valid error 100.000%, best valid error 100.000%, avg grad norm   0.142, avg grad norm (post clip)   0.000, rho_Whh  1.12, Omega  0.00, alpha  0.000, steps in the past 0.000, valid nll 0.332
  [diag] log10|dL/dh_t| hist bins=60 range=(-4.72,-3.53) mean=-4.65 p50=-4.72 p05=-4.72 p95=-3.90
  [diag] sat-dist hist bins=60 sat<0.05=0.0% mean=0.480 p10=0.472 p90=0.472
Iter 0000920: train nll 0.377, valid error 100.000%, best valid error 100.000%, avg grad norm   0.126, avg grad norm (post clip)   0.000, rho_Whh  1.12, Omega  0.00, alpha  0.000, steps in the past 0.000, valid nll 0.332
  [diag] log10|dL/dh_t| hist bins=60 range=(-4.72,-3.53) mean=-4.65 p50=-4.72 p05=-4.72 p95=-3.91
  [diag] sat-dist hist bins=60 sat<0.05=0.0% mean=0.480 p10=0.473 p90=0.473
Iter 0000940: train nll 0.388, valid error 100.000%, best valid error 100.000%, avg grad norm   0.135, avg grad norm (post clip)   0.000, rho_Whh  1.12, Omega  0.00, alpha  0.000, steps in the past 0.000, valid nll 0.332
  [diag] log10|dL/dh_t| hist bins=60 range=(-4.71,-3.53) mean=-4.64 p50=-4.71 p05=-4.71 p95=-3.91
  [diag] sat-dist hist bins=60 sat<0.05=0.0% mean=0.482 p10=0.475 p90=0.475
Iter 0000960: train nll 0.408, valid error 100.000%, best valid error 100.000%, avg grad norm   0.143, avg grad norm (post clip)   0.000, rho_Whh  1.11, Omega  0.00, alpha  0.000, steps in the past 0.000, valid nll 0.332
  [diag] log10|dL/dh_t| hist bins=60 range=(-4.72,-3.53) mean=-4.65 p50=-4.72 p05=-4.72 p95=-3.91
  [diag] sat-dist hist bins=60 sat<0.05=0.0% mean=0.481 p10=0.474 p90=0.474
Iter 0000980: train nll 0.377, valid error 100.000%, best valid error 100.000%, avg grad norm   0.098, avg grad norm (post clip)   0.000, rho_Whh  1.11, Omega  0.00, alpha  0.000, steps in the past 0.000, valid nll 0.332
  [diag] log10|dL/dh_t| hist bins=60 range=(-4.70,-3.53) mean=-4.63 p50=-4.70 p05=-4.70 p95=-3.91
  [diag] sat-dist hist bins=60 sat<0.05=0.0% mean=0.485 p10=0.478 p90=0.478
Iter 0001000: train nll 0.425, valid error 100.000%, best valid error 100.000%, avg grad norm   0.143, avg grad norm (post clip)   0.000, rho_Whh  1.11, Omega  0.00, alpha  0.000, steps in the past 0.000, valid nll 0.332
  [diag] log10|dL/dh_t| hist bins=60 range=(-4.71,-3.53) mean=-4.64 p50=-4.71 p05=-4.71 p95=-3.91
  [diag] sat-dist hist bins=60 sat<0.05=0.0% mean=0.485 p10=0.477 p90=0.478
Iter 0001020: train nll 0.390, valid error 100.000%, best valid error 100.000%, avg grad norm   0.145, avg grad norm (post clip)   0.000, rho_Whh  1.11, Omega  0.00, alpha  0.000, steps in the past 0.000, valid nll 0.332
  [diag] log10|dL/dh_t| hist bins=60 range=(-4.69,-3.53) mean=-4.62 p50=-4.69 p05=-4.69 p95=-3.92
  [diag] sat-dist hist bins=60 sat<0.05=0.0% mean=0.488 p10=0.481 p90=0.481
Iter 0001040: train nll 0.427, valid error 100.000%, best valid error 100.000%, avg grad norm   0.124, avg grad norm (post clip)   0.000, rho_Whh  1.10, Omega  0.00, alpha  0.000, steps in the past 0.000, valid nll 0.332
  [diag] log10|dL/dh_t| hist bins=60 range=(-4.72,-3.53) mean=-4.65 p50=-4.72 p05=-4.72 p95=-3.92
  [diag] sat-dist hist bins=60 sat<0.05=0.0% mean=0.484 p10=0.477 p90=0.477
Iter 0001060: train nll 0.351, valid error 100.000%, best valid error 100.000%, avg grad norm   0.105, avg grad norm (post clip)   0.000, rho_Whh  1.10, Omega  0.00, alpha  0.000, steps in the past 0.000, valid nll 0.331
  [diag] log10|dL/dh_t| hist bins=60 range=(-4.72,-3.53) mean=-4.65 p50=-4.72 p05=-4.72 p95=-3.92
  [diag] sat-dist hist bins=60 sat<0.05=0.0% mean=0.485 p10=0.478 p90=0.479
Iter 0001080: train nll 0.389, valid error 100.000%, best valid error 100.000%, avg grad norm   0.110, avg grad norm (post clip)   0.000, rho_Whh  1.10, Omega  0.00, alpha  0.000, steps in the past 0.000, valid nll 0.331
  [diag] log10|dL/dh_t| hist bins=60 range=(-4.70,-3.53) mean=-4.63 p50=-4.70 p05=-4.70 p95=-3.92
  [diag] sat-dist hist bins=60 sat<0.05=0.0% mean=0.489 p10=0.482 p90=0.482
Iter 0001100: train nll 0.416, valid error 100.000%, best valid error 100.000%, avg grad norm   0.146, avg grad norm (post clip)   0.000, rho_Whh  1.10, Omega  0.00, alpha  0.000, steps in the past 0.000, valid nll 0.331
  [diag] log10|dL/dh_t| hist bins=60 range=(-4.68,-3.53) mean=-4.61 p50=-4.68 p05=-4.68 p95=-3.92
  [diag] sat-dist hist bins=60 sat<0.05=0.0% mean=0.494 p10=0.487 p90=0.487
Iter 0001120: train nll 0.447, valid error 100.000%, best valid error 100.000%, avg grad norm   0.156, avg grad norm (post clip)   0.000, rho_Whh  1.09, Omega  0.00, alpha  0.000, steps in the past 0.000, valid nll 0.332
  [diag] log10|dL/dh_t| hist bins=60 range=(-4.69,-3.53) mean=-4.62 p50=-4.69 p05=-4.69 p95=-3.93
  [diag] sat-dist hist bins=60 sat<0.05=0.0% mean=0.492 p10=0.486 p90=0.486
Iter 0001140: train nll 0.382, valid error 100.000%, best valid error 100.000%, avg grad norm   0.162, avg grad norm (post clip)   0.000, rho_Whh  1.09, Omega  0.00, alpha  0.000, steps in the past 0.000, valid nll 0.331
  [diag] log10|dL/dh_t| hist bins=60 range=(-4.72,-3.53) mean=-4.64 p50=-4.72 p05=-4.72 p95=-3.93
  [diag] sat-dist hist bins=60 sat<0.05=0.0% mean=0.490 p10=0.483 p90=0.483
Iter 0001160: train nll 0.355, valid error 100.000%, best valid error 100.000%, avg grad norm   0.095, avg grad norm (post clip)   0.000, rho_Whh  1.09, Omega  0.00, alpha  0.000, steps in the past 0.000, valid nll 0.330
  [diag] log10|dL/dh_t| hist bins=60 range=(-4.72,-3.53) mean=-4.64 p50=-4.72 p05=-4.72 p95=-3.94
  [diag] sat-dist hist bins=60 sat<0.05=0.0% mean=0.491 p10=0.484 p90=0.485
Iter 0001180: train nll 0.389, valid error 100.000%, best valid error 100.000%, avg grad norm   0.130, avg grad norm (post clip)   0.000, rho_Whh  1.09, Omega  0.00, alpha  0.000, steps in the past 0.000, valid nll 0.330
  [diag] log10|dL/dh_t| hist bins=60 range=(-4.70,-3.53) mean=-4.63 p50=-4.70 p05=-4.70 p95=-3.94
  [diag] sat-dist hist bins=60 sat<0.05=0.0% mean=0.494 p10=0.488 p90=0.488
Iter 0001200: train nll 0.403, valid error 100.000%, best valid error 100.000%, avg grad norm   0.140, avg grad norm (post clip)   0.000, rho_Whh  1.08, Omega  0.00, alpha  0.000, steps in the past 0.000, valid nll 0.331
  [diag] log10|dL/dh_t| hist bins=60 range=(-4.70,-3.53) mean=-4.63 p50=-4.70 p05=-4.70 p95=-3.94
  [diag] sat-dist hist bins=60 sat<0.05=0.0% mean=0.495 p10=0.489 p90=0.489
Iter 0001220: train nll 0.389, valid error 100.000%, best valid error 100.000%, avg grad norm   0.119, avg grad norm (post clip)   0.000, rho_Whh  1.08, Omega  0.00, alpha  0.000, steps in the past 0.000, valid nll 0.330
  [diag] log10|dL/dh_t| hist bins=60 range=(-4.69,-3.53) mean=-4.62 p50=-4.69 p05=-4.69 p95=-3.94
  [diag] sat-dist hist bins=60 sat<0.05=0.0% mean=0.497 p10=0.491 p90=0.491
Iter 0001240: train nll 0.404, valid error 100.000%, best valid error 100.000%, avg grad norm   0.151, avg grad norm (post clip)   0.000, rho_Whh  1.07, Omega  0.00, alpha  0.000, steps in the past 0.000, valid nll 0.330
  [diag] log10|dL/dh_t| hist bins=60 range=(-4.70,-3.53) mean=-4.63 p50=-4.70 p05=-4.70 p95=-3.94
  [diag] sat-dist hist bins=60 sat<0.05=0.0% mean=0.498 p10=0.492 p90=0.492
Iter 0001260: train nll 0.393, valid error 100.000%, best valid error 100.000%, avg grad norm   0.131, avg grad norm (post clip)   0.000, rho_Whh  1.07, Omega  0.00, alpha  0.000, steps in the past 0.000, valid nll 0.330
  [diag] log10|dL/dh_t| hist bins=60 range=(-4.69,-3.53) mean=-4.62 p50=-4.69 p05=-4.69 p95=-3.95
  [diag] sat-dist hist bins=60 sat<0.05=0.0% mean=0.500 p10=0.494 p90=0.494
Iter 0001280: train nll 0.412, valid error 100.000%, best valid error 100.000%, avg grad norm   0.157, avg grad norm (post clip)   0.000, rho_Whh  1.07, Omega  0.00, alpha  0.000, steps in the past 0.000, valid nll 0.330
  [diag] log10|dL/dh_t| hist bins=60 range=(-4.70,-3.53) mean=-4.63 p50=-4.70 p05=-4.70 p95=-3.95
  [diag] sat-dist hist bins=60 sat<0.05=0.0% mean=0.500 p10=0.493 p90=0.494
Iter 0001300: train nll 0.382, valid error 100.000%, best valid error 100.000%, avg grad norm   0.135, avg grad norm (post clip)   0.000, rho_Whh  1.07, Omega  0.00, alpha  0.000, steps in the past 0.000, valid nll 0.330
  [diag] log10|dL/dh_t| hist bins=60 range=(-4.68,-3.53) mean=-4.61 p50=-4.68 p05=-4.68 p95=-3.95
  [diag] sat-dist hist bins=60 sat<0.05=0.0% mean=0.504 p10=0.497 p90=0.498
Iter 0001320: train nll 0.412, valid error 100.000%, best valid error 100.000%, avg grad norm   0.169, avg grad norm (post clip)   0.000, rho_Whh  1.06, Omega  0.00, alpha  0.000, steps in the past 0.000, valid nll 0.330
  [diag] log10|dL/dh_t| hist bins=60 range=(-4.68,-3.53) mean=-4.61 p50=-4.68 p05=-4.68 p95=-3.95
  [diag] sat-dist hist bins=60 sat<0.05=0.0% mean=0.506 p10=0.500 p90=0.500
Iter 0001340: train nll 0.411, valid error 100.000%, best valid error 100.000%, avg grad norm   0.143, avg grad norm (post clip)   0.000, rho_Whh  1.05, Omega  0.00, alpha  0.000, steps in the past 0.000, valid nll 0.330
  [diag] log10|dL/dh_t| hist bins=60 range=(-4.66,-3.53) mean=-4.60 p50=-4.66 p05=-4.66 p95=-3.95
  [diag] sat-dist hist bins=60 sat<0.05=0.0% mean=0.509 p10=0.503 p90=0.504
Iter 0001360: train nll 0.433, valid error 100.000%, best valid error 100.000%, avg grad norm   0.162, avg grad norm (post clip)   0.000, rho_Whh  1.04, Omega  0.00, alpha  0.000, steps in the past 0.000, valid nll 0.331
  [diag] log10|dL/dh_t| hist bins=60 range=(-4.68,-3.53) mean=-4.61 p50=-4.68 p05=-4.68 p95=-3.96
  [diag] sat-dist hist bins=60 sat<0.05=0.0% mean=0.508 p10=0.502 p90=0.502
Iter 0001380: train nll 0.381, valid error 100.000%, best valid error 100.000%, avg grad norm   0.130, avg grad norm (post clip)   0.000, rho_Whh  1.05, Omega  0.00, alpha  0.000, steps in the past 0.000, valid nll 0.330
  [diag] log10|dL/dh_t| hist bins=60 range=(-4.69,-3.52) mean=-4.62 p50=-4.69 p05=-4.69 p95=-3.96
  [diag] sat-dist hist bins=60 sat<0.05=0.0% mean=0.508 p10=0.502 p90=0.502
Iter 0001400: train nll 0.384, valid error 100.000%, best valid error 100.000%, avg grad norm   0.153, avg grad norm (post clip)   0.000, rho_Whh  1.04, Omega  0.00, alpha  0.000, steps in the past 0.000, valid nll 0.329
  [diag] log10|dL/dh_t| hist bins=60 range=(-4.68,-3.53) mean=-4.61 p50=-4.68 p05=-4.68 p95=-3.96
  [diag] sat-dist hist bins=60 sat<0.05=0.0% mean=0.510 p10=0.504 p90=0.505
Iter 0001420: train nll 0.414, valid error 100.000%, best valid error 100.000%, avg grad norm   0.142, avg grad norm (post clip)   0.000, rho_Whh  1.04, Omega  0.00, alpha  0.000, steps in the past 0.000, valid nll 0.330
  [diag] log10|dL/dh_t| hist bins=60 range=(-4.69,-3.52) mean=-4.63 p50=-4.69 p05=-4.69 p95=-3.97
  [diag] sat-dist hist bins=60 sat<0.05=0.0% mean=0.509 p10=0.503 p90=0.503
Iter 0001440: train nll 0.377, valid error 100.000%, best valid error 100.000%, avg grad norm   0.135, avg grad norm (post clip)   0.000, rho_Whh  1.04, Omega  0.00, alpha  0.000, steps in the past 0.000, valid nll 0.329
  [diag] log10|dL/dh_t| hist bins=60 range=(-4.69,-3.52) mean=-4.63 p50=-4.69 p05=-4.69 p95=-3.97
  [diag] sat-dist hist bins=60 sat<0.05=0.0% mean=0.510 p10=0.504 p90=0.504
Iter 0001460: train nll 0.388, valid error 100.000%, best valid error 100.000%, avg grad norm   0.142, avg grad norm (post clip)   0.000, rho_Whh  1.04, Omega  0.00, alpha  0.000, steps in the past 0.000, valid nll 0.328
  [diag] log10|dL/dh_t| hist bins=60 range=(-4.68,-3.52) mean=-4.62 p50=-4.68 p05=-4.68 p95=-3.97
  [diag] sat-dist hist bins=60 sat<0.05=0.0% mean=0.513 p10=0.507 p90=0.507
Iter 0001480: train nll 0.404, valid error 100.000%, best valid error 100.000%, avg grad norm   0.167, avg grad norm (post clip)   0.000, rho_Whh  1.03, Omega  0.00, alpha  0.000, steps in the past 0.000, valid nll 0.329
  [diag] log10|dL/dh_t| hist bins=60 range=(-4.69,-3.52) mean=-4.62 p50=-4.69 p05=-4.69 p95=-3.97
  [diag] sat-dist hist bins=60 sat<0.05=0.0% mean=0.514 p10=0.508 p90=0.508
Iter 0001500: train nll 0.390, valid error 100.000%, best valid error 100.000%, avg grad norm   0.166, avg grad norm (post clip)   0.000, rho_Whh  1.02, Omega  0.00, alpha  0.000, steps in the past 0.000, valid nll 0.328
  [diag] log10|dL/dh_t| hist bins=60 range=(-4.68,-3.52) mean=-4.62 p50=-4.68 p05=-4.68 p95=-3.98
  [diag] sat-dist hist bins=60 sat<0.05=0.0% mean=0.515 p10=0.510 p90=0.510
Iter 0001520: train nll 0.400, valid error 100.000%, best valid error 100.000%, avg grad norm   0.156, avg grad norm (post clip)   0.000, rho_Whh  1.02, Omega  0.00, alpha  0.000, steps in the past 0.000, valid nll 0.328
  [diag] log10|dL/dh_t| hist bins=60 range=(-4.68,-3.52) mean=-4.61 p50=-4.68 p05=-4.68 p95=-3.98
  [diag] sat-dist hist bins=60 sat<0.05=0.0% mean=0.518 p10=0.512 p90=0.512
Iter 0001540: train nll 0.398, valid error 100.000%, best valid error 100.000%, avg grad norm   0.177, avg grad norm (post clip)   0.000, rho_Whh  1.01, Omega  0.00, alpha  0.000, steps in the past 0.000, valid nll 0.328
  [diag] log10|dL/dh_t| hist bins=60 range=(-4.69,-3.52) mean=-4.62 p50=-4.69 p05=-4.69 p95=-3.98
  [diag] sat-dist hist bins=60 sat<0.05=0.0% mean=0.517 p10=0.511 p90=0.511
Iter 0001560: train nll 0.376, valid error 100.000%, best valid error 100.000%, avg grad norm   0.124, avg grad norm (post clip)   0.000, rho_Whh  1.01, Omega  0.00, alpha  0.000, steps in the past 0.000, valid nll 0.328
  [diag] log10|dL/dh_t| hist bins=60 range=(-4.67,-3.52) mean=-4.60 p50=-4.67 p05=-4.67 p95=-3.98
  [diag] sat-dist hist bins=60 sat<0.05=0.0% mean=0.522 p10=0.516 p90=0.517
Iter 0001580: train nll 0.414, valid error 100.000%, best valid error 100.000%, avg grad norm   0.159, avg grad norm (post clip)   0.000, rho_Whh  1.00, Omega  0.00, alpha  0.000, steps in the past 0.000, valid nll 0.328
  [diag] log10|dL/dh_t| hist bins=60 range=(-4.67,-3.52) mean=-4.60 p50=-4.67 p05=-4.67 p95=-3.99
  [diag] sat-dist hist bins=60 sat<0.05=0.0% mean=0.522 p10=0.517 p90=0.517
Iter 0001600: train nll 0.397, valid error 100.000%, best valid error 100.000%, avg grad norm   0.131, avg grad norm (post clip)   0.000, rho_Whh  0.99, Omega  0.00, alpha  0.000, steps in the past 0.000, valid nll 0.328
  [diag] log10|dL/dh_t| hist bins=60 range=(-4.66,-3.52) mean=-4.60 p50=-4.66 p05=-4.66 p95=-3.99
  [diag] sat-dist hist bins=60 sat<0.05=0.0% mean=0.525 p10=0.520 p90=0.520
Iter 0001620: train nll 0.400, valid error 100.000%, best valid error 100.000%, avg grad norm   0.156, avg grad norm (post clip)   0.000, rho_Whh  0.98, Omega  0.00, alpha  0.000, steps in the past 0.000, valid nll 0.328
  [diag] log10|dL/dh_t| hist bins=60 range=(-4.66,-3.52) mean=-4.59 p50=-4.66 p05=-4.66 p95=-3.99
  [diag] sat-dist hist bins=60 sat<0.05=0.0% mean=0.527 p10=0.522 p90=0.522
Iter 0001640: train nll 0.408, valid error 100.000%, best valid error 100.000%, avg grad norm   0.145, avg grad norm (post clip)   0.000, rho_Whh  0.97, Omega  0.00, alpha  0.000, steps in the past 0.000, valid nll 0.328
  [diag] log10|dL/dh_t| hist bins=60 range=(-4.65,-3.52) mean=-4.58 p50=-4.65 p05=-4.65 p95=-3.99
  [diag] sat-dist hist bins=60 sat<0.05=0.0% mean=0.530 p10=0.524 p90=0.525
Iter 0001660: train nll 0.418, valid error 100.000%, best valid error 100.000%, avg grad norm   0.186, avg grad norm (post clip)   0.000, rho_Whh  0.96, Omega  0.00, alpha  0.000, steps in the past 0.000, valid nll 0.328
  [diag] log10|dL/dh_t| hist bins=60 range=(-4.67,-3.52) mean=-4.60 p50=-4.67 p05=-4.67 p95=-4.00
  [diag] sat-dist hist bins=60 sat<0.05=0.0% mean=0.527 p10=0.522 p90=0.522
Iter 0001680: train nll 0.376, valid error 100.000%, best valid error 100.000%, avg grad norm   0.157, avg grad norm (post clip)   0.000, rho_Whh  0.97, Omega  0.00, alpha  0.000, steps in the past 0.000, valid nll 0.327
  [diag] log10|dL/dh_t| hist bins=60 range=(-4.66,-3.52) mean=-4.60 p50=-4.66 p05=-4.66 p95=-4.00
  [diag] sat-dist hist bins=60 sat<0.05=0.0% mean=0.530 p10=0.525 p90=0.525
Iter 0001700: train nll 0.398, valid error 100.000%, best valid error 100.000%, avg grad norm   0.172, avg grad norm (post clip)   0.000, rho_Whh  0.96, Omega  0.00, alpha  0.000, steps in the past 0.000, valid nll 0.327
  [diag] log10|dL/dh_t| hist bins=60 range=(-4.63,-3.52) mean=-4.57 p50=-4.63 p05=-4.63 p95=-4.00
  [diag] sat-dist hist bins=60 sat<0.05=0.0% mean=0.536 p10=0.531 p90=0.531
Iter 0001720: train nll 0.432, valid error 100.000%, best valid error 100.000%, avg grad norm   0.168, avg grad norm (post clip)   0.000, rho_Whh  0.93, Omega  0.00, alpha  0.000, steps in the past 0.000, valid nll 0.328
  [diag] log10|dL/dh_t| hist bins=60 range=(-4.63,-3.52) mean=-4.57 p50=-4.63 p05=-4.63 p95=-4.00
  [diag] sat-dist hist bins=60 sat<0.05=0.0% mean=0.538 p10=0.533 p90=0.533
Iter 0001740: train nll 0.427, valid error 100.000%, best valid error 100.000%, avg grad norm   0.151, avg grad norm (post clip)   0.000, rho_Whh  0.92, Omega  0.00, alpha  0.000, steps in the past 0.000, valid nll 0.328
  [diag] log10|dL/dh_t| hist bins=60 range=(-4.65,-3.51) mean=-4.59 p50=-4.65 p05=-4.65 p95=-4.01
  [diag] sat-dist hist bins=60 sat<0.05=0.0% mean=0.535 p10=0.530 p90=0.530
Iter 0001760: train nll 0.389, valid error 100.000%, best valid error 100.000%, avg grad norm   0.192, avg grad norm (post clip)   0.000, rho_Whh  0.92, Omega  0.00, alpha  0.000, steps in the past 0.000, valid nll 0.327
  [diag] log10|dL/dh_t| hist bins=60 range=(-4.65,-3.51) mean=-4.59 p50=-4.65 p05=-4.65 p95=-4.01
  [diag] sat-dist hist bins=60 sat<0.05=0.0% mean=0.537 p10=0.531 p90=0.532
Iter 0001780: train nll 0.403, valid error 100.000%, best valid error 100.000%, avg grad norm   0.165, avg grad norm (post clip)   0.000, rho_Whh  0.91, Omega  0.00, alpha  0.000, steps in the past 0.000, valid nll 0.327
  [diag] log10|dL/dh_t| hist bins=60 range=(-4.64,-3.51) mean=-4.57 p50=-4.64 p05=-4.64 p95=-4.01
  [diag] sat-dist hist bins=60 sat<0.05=0.0% mean=0.540 p10=0.535 p90=0.536
Iter 0001800: train nll 0.408, valid error 100.000%, best valid error 100.000%, avg grad norm   0.205, avg grad norm (post clip)   0.000, rho_Whh  0.88, Omega  0.00, alpha  0.000, steps in the past 0.000, valid nll 0.327
  [diag] log10|dL/dh_t| hist bins=60 range=(-4.64,-3.51) mean=-4.58 p50=-4.64 p05=-4.64 p95=-4.02
  [diag] sat-dist hist bins=60 sat<0.05=0.0% mean=0.541 p10=0.536 p90=0.536
Iter 0001820: train nll 0.408, valid error 100.000%, best valid error 100.000%, avg grad norm   0.208, avg grad norm (post clip)   0.000, rho_Whh  0.86, Omega  0.00, alpha  0.000, steps in the past 0.000, valid nll 0.326
  [diag] log10|dL/dh_t| hist bins=60 range=(-4.64,-3.51) mean=-4.58 p50=-4.64 p05=-4.64 p95=-4.02
  [diag] sat-dist hist bins=60 sat<0.05=0.0% mean=0.542 p10=0.537 p90=0.537
Iter 0001840: train nll 0.408, valid error 100.000%, best valid error 100.000%, avg grad norm   0.176, avg grad norm (post clip)   0.000, rho_Whh  0.81, Omega  0.00, alpha  0.000, steps in the past 0.000, valid nll 0.326
  [diag] log10|dL/dh_t| hist bins=60 range=(-4.64,-3.51) mean=-4.58 p50=-4.64 p05=-4.64 p95=-4.02
  [diag] sat-dist hist bins=60 sat<0.05=0.0% mean=0.544 p10=0.539 p90=0.539
Iter 0001860: train nll 0.411, valid error 100.000%, best valid error 100.000%, avg grad norm   0.186, avg grad norm (post clip)   0.000, rho_Whh  0.82, Omega  0.00, alpha  0.000, steps in the past 0.000, valid nll 0.326
  [diag] log10|dL/dh_t| hist bins=60 range=(-4.65,-3.51) mean=-4.58 p50=-4.65 p05=-4.65 p95=-4.03
  [diag] sat-dist hist bins=60 sat<0.05=0.0% mean=0.544 p10=0.539 p90=0.540
Iter 0001880: train nll 0.396, valid error 100.000%, best valid error 100.000%, avg grad norm   0.158, avg grad norm (post clip)   0.000, rho_Whh  0.82, Omega  0.00, alpha  0.000, steps in the past 0.000, valid nll 0.325
  [diag] log10|dL/dh_t| hist bins=60 range=(-4.64,-3.51) mean=-4.58 p50=-4.64 p05=-4.64 p95=-4.03
  [diag] sat-dist hist bins=60 sat<0.05=0.0% mean=0.547 p10=0.542 p90=0.542
Iter 0001900: train nll 0.405, valid error 100.000%, best valid error 100.000%, avg grad norm   0.182, avg grad norm (post clip)   0.000, rho_Whh  0.83, Omega  0.00, alpha  0.000, steps in the past 0.000, valid nll 0.325
  [diag] log10|dL/dh_t| hist bins=60 range=(-4.66,-3.51) mean=-4.59 p50=-4.66 p05=-4.66 p95=-4.03
  [diag] sat-dist hist bins=60 sat<0.05=0.0% mean=0.545 p10=0.540 p90=0.540
Iter 0001920: train nll 0.377, valid error 100.000%, best valid error 100.000%, avg grad norm   0.167, avg grad norm (post clip)   0.000, rho_Whh  0.83, Omega  0.00, alpha  0.000, steps in the past 0.000, valid nll 0.324
  [diag] log10|dL/dh_t| hist bins=60 range=(-4.60,-3.51) mean=-4.54 p50=-4.60 p05=-4.60 p95=-4.03
  [diag] sat-dist hist bins=60 sat<0.05=0.0% mean=0.557 p10=0.552 p90=0.552
Iter 0001940: train nll 0.453, valid error 100.000%, best valid error 100.000%, avg grad norm   0.227, avg grad norm (post clip)   0.000, rho_Whh  0.83, Omega  0.00, alpha  0.000, steps in the past 0.000, valid nll 0.327
  [diag] log10|dL/dh_t| hist bins=60 range=(-4.61,-3.51) mean=-4.55 p50=-4.61 p05=-4.61 p95=-4.04
  [diag] sat-dist hist bins=60 sat<0.05=0.0% mean=0.557 p10=0.552 p90=0.553
Iter 0001960: train nll 0.403, valid error 100.000%, best valid error 100.000%, avg grad norm   0.219, avg grad norm (post clip)   0.000, rho_Whh  0.84, Omega  0.00, alpha  0.000, steps in the past 0.000, valid nll 0.326
  [diag] log10|dL/dh_t| hist bins=60 range=(-4.64,-3.50) mean=-4.58 p50=-4.64 p05=-4.64 p95=-4.04
  [diag] sat-dist hist bins=60 sat<0.05=0.0% mean=0.552 p10=0.547 p90=0.548
Iter 0001980: train nll 0.374, valid error 100.000%, best valid error 100.000%, avg grad norm   0.197, avg grad norm (post clip)   0.000, rho_Whh  0.84, Omega  0.00, alpha  0.000, steps in the past 0.000, valid nll 0.324
  [diag] log10|dL/dh_t| hist bins=60 range=(-4.66,-3.50) mean=-4.60 p50=-4.66 p05=-4.66 p95=-4.05
  [diag] sat-dist hist bins=60 sat<0.05=0.0% mean=0.550 p10=0.545 p90=0.545
Iter 0002000: train nll 0.364, valid error 100.000%, best valid error 100.000%, avg grad norm   0.158, avg grad norm (post clip)   0.000, rho_Whh  0.84, Omega  0.00, alpha  0.000, steps in the past 0.000, valid nll 0.323
  [diag] log10|dL/dh_t| hist bins=60 range=(-4.66,-3.50) mean=-4.60 p50=-4.66 p05=-4.66 p95=-4.05
  [diag] sat-dist hist bins=60 sat<0.05=0.0% mean=0.551 p10=0.547 p90=0.547
Iter 0002020: train nll 0.377, valid error 100.000%, best valid error 100.000%, avg grad norm   0.172, avg grad norm (post clip)   0.000, rho_Whh  0.85, Omega  0.00, alpha  0.000, steps in the past 0.000, valid nll 0.323
  [diag] log10|dL/dh_t| hist bins=60 range=(-4.65,-3.50) mean=-4.58 p50=-4.65 p05=-4.65 p95=-4.05
  [diag] sat-dist hist bins=60 sat<0.05=0.0% mean=0.555 p10=0.551 p90=0.551
Iter 0002040: train nll 0.388, valid error 100.000%, best valid error 100.000%, avg grad norm   0.175, avg grad norm (post clip)   0.000, rho_Whh  0.85, Omega  0.00, alpha  0.000, steps in the past 0.000, valid nll 0.323
  [diag] log10|dL/dh_t| hist bins=60 range=(-4.64,-3.50) mean=-4.58 p50=-4.64 p05=-4.64 p95=-4.06
  [diag] sat-dist hist bins=60 sat<0.05=0.0% mean=0.558 p10=0.554 p90=0.554
Iter 0002060: train nll 0.389, valid error 100.000%, best valid error 100.000%, avg grad norm   0.207, avg grad norm (post clip)   0.000, rho_Whh  0.86, Omega  0.00, alpha  0.000, steps in the past 0.000, valid nll 0.323
  [diag] log10|dL/dh_t| hist bins=60 range=(-4.59,-3.50) mean=-4.53 p50=-4.59 p05=-4.59 p95=-4.06
  [diag] sat-dist hist bins=60 sat<0.05=0.0% mean=0.568 p10=0.564 p90=0.564
Iter 0002080: train nll 0.425, valid error 100.000%, best valid error 100.000%, avg grad norm   0.186, avg grad norm (post clip)   0.000, rho_Whh  0.86, Omega  0.00, alpha  0.000, steps in the past 0.000, valid nll 0.325
  [diag] log10|dL/dh_t| hist bins=60 range=(-4.59,-3.50) mean=-4.53 p50=-4.59 p05=-4.59 p95=-4.06
  [diag] sat-dist hist bins=60 sat<0.05=0.0% mean=0.571 p10=0.566 p90=0.567
Iter 0002100: train nll 0.422, valid error 100.000%, best valid error 100.000%, avg grad norm   0.255, avg grad norm (post clip)   0.000, rho_Whh  0.87, Omega  0.00, alpha  0.000, steps in the past 0.000, valid nll 0.325
  [diag] log10|dL/dh_t| hist bins=60 range=(-4.63,-3.50) mean=-4.56 p50=-4.63 p05=-4.63 p95=-4.07
  [diag] sat-dist hist bins=60 sat<0.05=0.0% mean=0.565 p10=0.561 p90=0.562
Iter 0002120: train nll 0.378, valid error 100.000%, best valid error 100.000%, avg grad norm   0.171, avg grad norm (post clip)   0.000, rho_Whh  0.87, Omega  0.00, alpha  0.000, steps in the past 0.000, valid nll 0.322
  [diag] log10|dL/dh_t| hist bins=60 range=(-4.66,-3.49) mean=-4.60 p50=-4.66 p05=-4.66 p95=-4.08
  [diag] sat-dist hist bins=60 sat<0.05=0.0% mean=0.560 p10=0.555 p90=0.556
Iter 0002140: train nll 0.349, valid error 100.000%, best valid error 100.000%, avg grad norm   0.189, avg grad norm (post clip)   0.000, rho_Whh  0.88, Omega  0.00, alpha  0.000, steps in the past 0.000, valid nll 0.320
  [diag] log10|dL/dh_t| hist bins=60 range=(-4.66,-3.49) mean=-4.60 p50=-4.66 p05=-4.66 p95=-4.08
  [diag] sat-dist hist bins=60 sat<0.05=0.0% mean=0.561 p10=0.557 p90=0.558
Iter 0002160: train nll 0.365, valid error 100.000%, best valid error 100.000%, avg grad norm   0.201, avg grad norm (post clip)   0.000, rho_Whh  0.88, Omega  0.00, alpha  0.000, steps in the past 0.000, valid nll 0.320
  [diag] log10|dL/dh_t| hist bins=60 range=(-4.66,-3.49) mean=-4.60 p50=-4.66 p05=-4.66 p95=-4.08
  [diag] sat-dist hist bins=60 sat<0.05=0.0% mean=0.563 p10=0.559 p90=0.560
Iter 0002180: train nll 0.363, valid error 100.000%, best valid error 100.000%, avg grad norm   0.198, avg grad norm (post clip)   0.000, rho_Whh  0.88, Omega  0.00, alpha  0.000, steps in the past 0.000, valid nll 0.320
  [diag] log10|dL/dh_t| hist bins=60 range=(-4.63,-3.49) mean=-4.57 p50=-4.63 p05=-4.63 p95=-4.08
  [diag] sat-dist hist bins=60 sat<0.05=0.0% mean=0.569 p10=0.565 p90=0.566
Iter 0002200: train nll 0.379, valid error 100.000%, best valid error 100.000%, avg grad norm   0.195, avg grad norm (post clip)   0.000, rho_Whh  0.89, Omega  0.00, alpha  0.000, steps in the past 0.000, valid nll 0.320
  [diag] log10|dL/dh_t| hist bins=60 range=(-4.66,-3.49) mean=-4.59 p50=-4.66 p05=-4.66 p95=-4.09
  [diag] sat-dist hist bins=60 sat<0.05=0.0% mean=0.566 p10=0.562 p90=0.563
Iter 0002220: train nll 0.369, valid error 100.000%, best valid error 100.000%, avg grad norm   0.230, avg grad norm (post clip)   0.000, rho_Whh  0.89, Omega  0.00, alpha  0.000, steps in the past 0.000, valid nll 0.319
  [diag] log10|dL/dh_t| hist bins=60 range=(-4.62,-3.49) mean=-4.55 p50=-4.61 p05=-4.61 p95=-4.09
  [diag] sat-dist hist bins=60 sat<0.05=0.0% mean=0.575 p10=0.571 p90=0.571
Iter 0002240: train nll 0.404, valid error 100.000%, best valid error 100.000%, avg grad norm   0.207, avg grad norm (post clip)   0.000, rho_Whh  0.90, Omega  0.00, alpha  0.000, steps in the past 0.000, valid nll 0.320
  [diag] log10|dL/dh_t| hist bins=60 range=(-4.59,-3.49) mean=-4.51 p50=-4.57 p05=-4.57 p95=-4.09
  [diag] sat-dist hist bins=60 sat<0.05=0.0% mean=0.584 p10=0.581 p90=0.581
Iter 0002260: train nll 0.405, valid error 100.000%, best valid error 100.000%, avg grad norm   0.232, avg grad norm (post clip)   0.000, rho_Whh  0.91, Omega  0.00, alpha  0.000, steps in the past 0.000, valid nll 0.322
  [diag] log10|dL/dh_t| hist bins=60 range=(-4.62,-3.49) mean=-4.54 p50=-4.60 p05=-4.60 p95=-4.10
  [diag] sat-dist hist bins=60 sat<0.05=0.0% mean=0.581 p10=0.577 p90=0.577
Iter 0002280: train nll 0.406, valid error 100.000%, best valid error 100.000%, avg grad norm   0.263, avg grad norm (post clip)   0.000, rho_Whh  0.91, Omega  0.00, alpha  0.000, steps in the past 0.000, valid nll 0.320
  [diag] log10|dL/dh_t| hist bins=60 range=(-4.64,-3.48) mean=-4.57 p50=-4.63 p05=-4.63 p95=-4.10
  [diag] sat-dist hist bins=60 sat<0.05=0.0% mean=0.577 p10=0.573 p90=0.573
Iter 0002300: train nll 0.380, valid error 100.000%, best valid error 100.000%, avg grad norm   0.261, avg grad norm (post clip)   0.000, rho_Whh  0.92, Omega  0.00, alpha  0.000, steps in the past 0.000, valid nll 0.318
  [diag] log10|dL/dh_t| hist bins=60 range=(-4.62,-3.49) mean=-4.52 p50=-4.57 p05=-4.57 p95=-4.10
  [diag] sat-dist hist bins=60 sat<0.05=0.0% mean=0.589 p10=0.585 p90=0.585
Iter 0002320: train nll 0.420, valid error 100.000%, best valid error 100.000%, avg grad norm   0.306, avg grad norm (post clip)   0.000, rho_Whh  0.93, Omega  0.00, alpha  0.000, steps in the past 0.000, valid nll 0.320
  [diag] log10|dL/dh_t| hist bins=60 range=(-4.63,-3.49) mean=-4.51 p50=-4.57 p05=-4.57 p95=-4.11
  [diag] sat-dist hist bins=60 sat<0.05=0.0% mean=0.590 p10=0.587 p90=0.587
Iter 0002340: train nll 0.412, valid error 100.000%, best valid error 100.000%, avg grad norm   0.272, avg grad norm (post clip)   0.000, rho_Whh  0.93, Omega  0.00, alpha  0.000, steps in the past 0.000, valid nll 0.320
  [diag] log10|dL/dh_t| hist bins=60 range=(-4.66,-3.48) mean=-4.55 p50=-4.61 p05=-4.61 p95=-4.12
  [diag] sat-dist hist bins=60 sat<0.05=0.0% mean=0.585 p10=0.581 p90=0.581
Iter 0002360: train nll 0.390, valid error 100.000%, best valid error 100.000%, avg grad norm   0.293, avg grad norm (post clip)   0.000, rho_Whh  0.94, Omega  0.00, alpha  0.000, steps in the past 0.000, valid nll 0.317
  [diag] log10|dL/dh_t| hist bins=60 range=(-4.69,-3.48) mean=-4.59 p50=-4.65 p05=-4.65 p95=-4.12
  [diag] sat-dist hist bins=60 sat<0.05=0.0% mean=0.579 p10=0.576 p90=0.576
Iter 0002380: train nll 0.362, valid error 100.000%, best valid error 100.000%, avg grad norm   0.256, avg grad norm (post clip)   0.000, rho_Whh  0.94, Omega  0.00, alpha  0.000, steps in the past 0.000, valid nll 0.315
  [diag] log10|dL/dh_t| hist bins=60 range=(-4.69,-3.48) mean=-4.57 p50=-4.62 p05=-4.62 p95=-4.13
  [diag] sat-dist hist bins=60 sat<0.05=0.0% mean=0.585 p10=0.582 p90=0.582
Iter 0002400: train nll 0.348, valid error 100.000%, best valid error 100.000%, avg grad norm   0.231, avg grad norm (post clip)   0.000, rho_Whh  0.95, Omega  0.00, alpha  0.000, steps in the past 0.000, valid nll 0.315
  [diag] log10|dL/dh_t| hist bins=60 range=(-4.71,-3.48) mean=-4.57 p50=-4.63 p05=-4.63 p95=-4.13
  [diag] sat-dist hist bins=60 sat<0.05=0.0% mean=0.585 p10=0.582 p90=0.582
Iter 0002420: train nll 0.359, valid error 100.000%, best valid error 100.000%, avg grad norm   0.245, avg grad norm (post clip)   0.000, rho_Whh  0.95, Omega  0.00, alpha  0.000, steps in the past 0.000, valid nll 0.314
  [diag] log10|dL/dh_t| hist bins=60 range=(-4.70,-3.48) mean=-4.54 p50=-4.59 p05=-4.59 p95=-4.13
  [diag] sat-dist hist bins=60 sat<0.05=0.0% mean=0.593 p10=0.590 p90=0.590
Iter 0002440: train nll 0.366, valid error 100.000%, best valid error 100.000%, avg grad norm   0.271, avg grad norm (post clip)   0.000, rho_Whh  0.96, Omega  0.00, alpha  0.000, steps in the past 0.000, valid nll 0.314
  [diag] log10|dL/dh_t| hist bins=60 range=(-4.74,-3.47) mean=-4.60 p50=-4.66 p05=-4.66 p95=-4.14
  [diag] sat-dist hist bins=60 sat<0.05=0.0% mean=0.584 p10=0.581 p90=0.581
Iter 0002460: train nll 0.334, valid error 100.000%, best valid error 100.000%, avg grad norm   0.246, avg grad norm (post clip)   0.000, rho_Whh  0.97, Omega  0.00, alpha  0.000, steps in the past 0.000, valid nll 0.312
  [diag] log10|dL/dh_t| hist bins=60 range=(-4.76,-3.47) mean=-4.60 p50=-4.66 p05=-4.66 p95=-4.15
  [diag] sat-dist hist bins=60 sat<0.05=0.0% mean=0.586 p10=0.583 p90=0.583
Iter 0002480: train nll 0.335, valid error 100.000%, best valid error 100.000%, avg grad norm   0.236, avg grad norm (post clip)   0.000, rho_Whh  0.97, Omega  0.00, alpha  0.000, steps in the past 0.000, valid nll 0.311
  [diag] log10|dL/dh_t| hist bins=60 range=(-4.76,-3.47) mean=-4.56 p50=-4.62 p05=-4.62 p95=-4.15
  [diag] sat-dist hist bins=60 sat<0.05=0.0% mean=0.594 p10=0.591 p90=0.591
Iter 0002500: train nll 0.399, valid error 100.000%, best valid error 100.000%, avg grad norm   0.334, avg grad norm (post clip)   0.000, rho_Whh  0.98, Omega  0.00, alpha  0.000, steps in the past 0.000, valid nll 0.311
  [diag] log10|dL/dh_t| hist bins=60 range=(-4.78,-3.47) mean=-4.58 p50=-4.64 p05=-4.64 p95=-4.15
  [diag] sat-dist hist bins=60 sat<0.05=0.0% mean=0.592 p10=0.589 p90=0.589
Iter 0002520: train nll 0.376, valid error 100.000%, best valid error 100.000%, avg grad norm   0.348, avg grad norm (post clip)   0.000, rho_Whh  0.99, Omega  0.00, alpha  0.000, steps in the past 0.000, valid nll 0.309
  [diag] log10|dL/dh_t| hist bins=60 range=(-4.78,-3.47) mean=-4.51 p50=-4.56 p05=-4.57 p95=-4.16
  [diag] sat-dist hist bins=60 sat<0.05=0.0% mean=0.605 p10=0.603 p90=0.603
Iter 0002540: train nll 0.395, valid error 100.000%, best valid error 100.000%, avg grad norm   0.431, avg grad norm (post clip)   0.000, rho_Whh  1.00, Omega  0.00, alpha  0.000, steps in the past 0.000, valid nll 0.310
  [diag] log10|dL/dh_t| hist bins=60 range=(-4.85,-3.46) mean=-4.65 p50=-4.71 p05=-4.71 p95=-4.17
  [diag] sat-dist hist bins=60 sat<0.05=0.0% mean=0.581 p10=0.578 p90=0.578
Iter 0002560: train nll 0.331, valid error 100.000%, best valid error 100.000%, avg grad norm   0.344, avg grad norm (post clip)   0.000, rho_Whh  1.00, Omega  0.00, alpha  0.000, steps in the past 0.000, valid nll 0.305
  [diag] log10|dL/dh_t| hist bins=60 range=(-4.84,-3.47) mean=-4.56 p50=-4.61 p05=-4.61 p95=-4.17
  [diag] sat-dist hist bins=60 sat<0.05=0.0% mean=0.602 p10=0.600 p90=0.600
Iter 0002580: train nll 0.347, valid error 100.000%, best valid error 100.000%, avg grad norm   0.446, avg grad norm (post clip)   0.000, rho_Whh  1.02, Omega  0.00, alpha  0.000, steps in the past 0.000, valid nll 0.304
  [diag] log10|dL/dh_t| hist bins=60 range=(-4.84,-3.48) mean=-4.44 p50=-4.48 p05=-4.52 p95=-4.17
  [diag] sat-dist hist bins=60 sat<0.05=0.0% mean=0.620 p10=0.618 p90=0.618
Iter 0002600: train nll 0.363, valid error 100.000%, best valid error 100.000%, avg grad norm   0.508, avg grad norm (post clip)   0.000, rho_Whh  1.03, Omega  0.00, alpha  0.000, steps in the past 0.000, valid nll 0.310
  [diag] log10|dL/dh_t| hist bins=60 range=(-4.86,-3.48) mean=-4.38 p50=-4.41 p05=-4.48 p95=-4.18
  [diag] sat-dist hist bins=60 sat<0.05=0.0% mean=0.628 p10=0.628 p90=0.628
Iter 0002620: train nll 0.338, valid error 100.000%, best valid error 100.000%, avg grad norm   0.455, avg grad norm (post clip)   0.000, rho_Whh  1.05, Omega  0.00, alpha  0.000, steps in the past 0.000, valid nll 0.315
  [diag] log10|dL/dh_t| hist bins=60 range=(-4.93,-3.47) mean=-4.48 p50=-4.52 p05=-4.61 p95=-4.19
  [diag] sat-dist hist bins=60 sat<0.05=0.0% mean=0.619 p10=0.618 p90=0.619
Iter 0002640: train nll 0.410, valid error 100.000%, best valid error 100.000%, avg grad norm   1.035, avg grad norm (post clip)   0.000, rho_Whh  1.06, Omega  0.00, alpha  0.000, steps in the past 0.000, valid nll 0.297
  [diag] log10|dL/dh_t| hist bins=60 range=(-5.00,-3.46) mean=-4.62 p50=-4.67 p05=-4.75 p95=-4.20
  [diag] sat-dist hist bins=60 sat<0.05=0.0% mean=0.599 p10=0.595 p90=0.597
Iter 0002660: train nll 0.346, valid error 100.000%, best valid error 100.000%, avg grad norm   1.163, avg grad norm (post clip)   0.000, rho_Whh  1.06, Omega  0.00, alpha  0.000, steps in the past 0.000, valid nll 0.288
  [diag] log10|dL/dh_t| hist bins=60 range=(-5.02,-3.47) mean=-4.59 p50=-4.63 p05=-4.74 p95=-4.20
  [diag] sat-dist hist bins=60 sat<0.05=0.0% mean=0.609 p10=0.604 p90=0.609
Iter 0002680: train nll 0.365, valid error 100.000%, best valid error 100.000%, avg grad norm   1.601, avg grad norm (post clip)   0.000, rho_Whh  1.07, Omega  0.00, alpha  0.000, steps in the past 0.000, valid nll 0.283
  [diag] log10|dL/dh_t| hist bins=60 range=(-5.03,-3.47) mean=-4.49 p50=-4.52 p05=-4.67 p95=-4.21
  [diag] sat-dist hist bins=60 sat<0.05=0.0% mean=0.628 p10=0.625 p90=0.629
Iter 0002700: train nll 0.368, valid error 100.000%, best valid error 100.000%, avg grad norm   1.987, avg grad norm (post clip)   0.000, rho_Whh  1.08, Omega  0.00, alpha  0.000, steps in the past 0.000, valid nll 0.285
  [diag] log10|dL/dh_t| hist bins=60 range=(-5.03,-3.49) mean=-4.29 p50=-4.29 p05=-4.56 p95=-4.21
  [diag] sat-dist hist bins=60 sat<0.05=0.0% mean=0.659 p10=0.657 p90=0.662
Iter 0002720: train nll 0.416, valid error 100.000%, best valid error 100.000%, avg grad norm   2.008, avg grad norm (post clip)   0.000, rho_Whh  1.09, Omega  0.00, alpha  0.000, steps in the past 0.000, valid nll 0.315
  [diag] log10|dL/dh_t| hist bins=60 range=(-5.08,-3.46) mean=-4.60 p50=-4.64 p05=-4.73 p95=-4.22
  [diag] sat-dist hist bins=60 sat<0.05=0.0% mean=0.620 p10=0.618 p90=0.620
Iter 0002740: train nll 0.364, valid error 100.000%, best valid error 100.000%, avg grad norm   2.326, avg grad norm (post clip)   0.000, rho_Whh  1.08, Omega  0.00, alpha  0.000, steps in the past 0.000, valid nll 0.275
  [diag] log10|dL/dh_t| hist bins=60 range=(-5.05,-3.48) mean=-4.24 p50=-4.25 p05=-4.41 p95=-4.19
  [diag] sat-dist hist bins=60 sat<0.05=0.0% mean=0.679 p10=0.680 p90=0.681
Iter 0002760: train nll 0.329, valid error 100.000%, best valid error 100.000%, avg grad norm   1.939, avg grad norm (post clip)   0.000, rho_Whh  1.10, Omega  0.00, alpha  0.000, steps in the past 0.000, valid nll 0.325
  [diag] log10|dL/dh_t| hist bins=60 range=(-5.16,-3.45) mean=-4.62 p50=-4.66 p05=-4.76 p95=-4.24
  [diag] sat-dist hist bins=60 sat<0.05=0.0% mean=0.626 p10=0.623 p90=0.625
Iter 0002780: train nll 0.352, valid error 100.000%, best valid error 100.000%, avg grad norm   2.126, avg grad norm (post clip)   0.000, rho_Whh  1.09, Omega  0.00, alpha  0.000, steps in the past 0.000, valid nll 0.264
  [diag] log10|dL/dh_t| hist bins=60 range=(-5.19,-3.45) mean=-4.60 p50=-4.64 p05=-4.74 p95=-4.24
  [diag] sat-dist hist bins=60 sat<0.05=0.0% mean=0.634 p10=0.633 p90=0.633
Iter 0002800: train nll 0.333, valid error 100.000%, best valid error 100.000%, avg grad norm   2.214, avg grad norm (post clip)   0.000, rho_Whh  1.10, Omega  0.00, alpha  0.000, steps in the past 0.000, valid nll 0.261
  [diag] log10|dL/dh_t| hist bins=60 range=(-5.20,-3.46) mean=-4.32 p50=-4.32 p05=-4.57 p95=-4.24
  [diag] sat-dist hist bins=60 sat<0.05=0.0% mean=0.685 p10=0.684 p90=0.689
Iter 0002820: train nll 0.341, valid error 100.000%, best valid error 100.000%, avg grad norm   1.885, avg grad norm (post clip)   0.000, rho_Whh  1.12, Omega  0.00, alpha  0.000, steps in the past 0.000, valid nll 0.288
  [diag] log10|dL/dh_t| hist bins=60 range=(-5.22,-3.44) mean=-4.48 p50=-4.51 p05=-4.56 p95=-4.25
  [diag] sat-dist hist bins=60 sat<0.05=0.0% mean=0.667 p10=0.665 p90=0.668
Iter 0002840: train nll 0.329, valid error 100.000%, best valid error 100.000%, avg grad norm   2.942, avg grad norm (post clip)   0.000, rho_Whh  1.12, Omega  0.00, alpha  0.000, steps in the past 0.000, valid nll 0.261
  [diag] log10|dL/dh_t| hist bins=60 range=(-5.23,-3.44) mean=-4.39 p50=-4.41 p05=-4.50 p95=-4.25
  [diag] sat-dist hist bins=60 sat<0.05=0.0% mean=0.685 p10=0.681 p90=0.688
Iter 0002860: train nll 0.372, valid error 100.000%, best valid error 100.000%, avg grad norm   2.942, avg grad norm (post clip)   0.000, rho_Whh  1.12, Omega  0.00, alpha  0.000, steps in the past 0.000, valid nll 0.269
  [diag] log10|dL/dh_t| hist bins=60 range=(-5.61,-3.40) mean=-5.49 p50=-5.61 p05=-5.61 p95=-4.28
  [diag] sat-dist hist bins=60 sat<0.05=0.0% mean=0.463 p10=0.456 p90=0.464
Iter 0002880: train nll 0.328, valid error 100.000%, best valid error 100.000%, avg grad norm   2.660, avg grad norm (post clip)   0.000, rho_Whh  1.10, Omega  0.00, alpha  0.000, steps in the past 0.000, valid nll 0.380
  [diag] log10|dL/dh_t| hist bins=60 range=(-5.34,-3.43) mean=-4.85 p50=-4.91 p05=-4.92 p95=-4.26
  [diag] sat-dist hist bins=60 sat<0.05=0.0% mean=0.602 p10=0.598 p90=0.599
Iter 0002900: train nll 0.369, valid error 100.000%, best valid error 100.000%, avg grad norm   2.601, avg grad norm (post clip)   0.000, rho_Whh  1.11, Omega  0.00, alpha  0.000, steps in the past 0.000, valid nll 0.248
  [diag] log10|dL/dh_t| hist bins=60 range=(-5.71,-3.40) mean=-5.58 p50=-5.71 p05=-5.71 p95=-4.27
  [diag] sat-dist hist bins=60 sat<0.05=0.0% mean=0.446 p10=0.440 p90=0.446
Iter 0002920: train nll 0.337, valid error 100.000%, best valid error 100.000%, avg grad norm   2.836, avg grad norm (post clip)   0.000, rho_Whh  1.09, Omega  0.00, alpha  0.000, steps in the past 0.000, valid nll 0.401
  [diag] log10|dL/dh_t| hist bins=60 range=(-5.21,-3.42) mean=-4.20 p50=-4.18 p05=-4.63 p95=-3.81
  [diag] sat-dist hist bins=60 sat<0.05=0.0% mean=0.727 p10=0.676 p90=0.774
Iter 0002940: train nll 0.318, valid error 100.000%, best valid error 100.000%, avg grad norm   2.362, avg grad norm (post clip)   0.000, rho_Whh  1.14, Omega  0.00, alpha  0.000, steps in the past 0.000, valid nll 0.342
  [diag] log10|dL/dh_t| hist bins=60 range=(-5.37,-3.40) mean=-5.17 p50=-5.27 p05=-5.27 p95=-4.25
  [diag] sat-dist hist bins=60 sat<0.05=0.0% mean=0.538 p10=0.531 p90=0.536
Iter 0002960: train nll 0.321, valid error 100.000%, best valid error 100.000%, avg grad norm   3.128, avg grad norm (post clip)   0.000, rho_Whh  1.09, Omega  0.00, alpha  0.000, steps in the past 0.000, valid nll 0.311
  [diag] log10|dL/dh_t| hist bins=60 range=(-5.37,-3.41) mean=-5.09 p50=-5.18 p05=-5.18 p95=-4.25
  [diag] sat-dist hist bins=60 sat<0.05=0.0% mean=0.559 p10=0.552 p90=0.557
Iter 0002980: train nll 0.320, valid error 100.000%, best valid error 100.000%, avg grad norm   2.849, avg grad norm (post clip)   0.000, rho_Whh  1.10, Omega  0.00, alpha  0.000, steps in the past 0.000, valid nll 0.284
  [diag] log10|dL/dh_t| hist bins=60 range=(-5.34,-3.43) mean=-4.85 p50=-4.92 p05=-4.92 p95=-4.24
  [diag] sat-dist hist bins=60 sat<0.05=0.0% mean=0.614 p10=0.608 p90=0.612
Iter 0003000: train nll 0.316, valid error 100.000%, best valid error 100.000%, avg grad norm   3.030, avg grad norm (post clip)   0.000, rho_Whh  1.11, Omega  0.00, alpha  0.000, steps in the past 0.000, valid nll 0.233
  [diag] log10|dL/dh_t| hist bins=60 range=(-5.39,-3.41) mean=-5.02 p50=-5.10 p05=-5.11 p95=-4.25
  [diag] sat-dist hist bins=60 sat<0.05=0.0% mean=0.582 p10=0.574 p90=0.579
Iter 0003020: train nll 0.293, valid error 100.000%, best valid error 100.000%, avg grad norm   2.556, avg grad norm (post clip)   0.000, rho_Whh  1.11, Omega  0.00, alpha  0.000, steps in the past 0.000, valid nll 0.253
  [diag] log10|dL/dh_t| hist bins=60 range=(-5.23,-3.43) mean=-4.44 p50=-4.47 p05=-4.60 p95=-4.19
  [diag] sat-dist hist bins=60 sat<0.05=0.0% mean=0.700 p10=0.693 p90=0.709
Iter 0003040: train nll 0.333, valid error 100.000%, best valid error 100.000%, avg grad norm   2.754, avg grad norm (post clip)   0.000, rho_Whh  1.11, Omega  0.00, alpha  0.000, steps in the past 0.000, valid nll 0.242
  [diag] log10|dL/dh_t| hist bins=60 range=(-5.19,-3.41) mean=-4.62 p50=-4.68 p05=-4.73 p95=-4.24
  [diag] sat-dist hist bins=60 sat<0.05=0.0% mean=0.673 p10=0.667 p90=0.673
Iter 0003060: train nll 0.312, valid error 100.000%, best valid error 100.000%, avg grad norm   2.101, avg grad norm (post clip)   0.000, rho_Whh  1.08, Omega  0.00, alpha  0.000, steps in the past 0.000, valid nll 0.237
  [diag] log10|dL/dh_t| hist bins=60 range=(-5.65,-3.39) mean=-5.52 p50=-5.65 p05=-5.65 p95=-4.26
  [diag] sat-dist hist bins=60 sat<0.05=0.0% mean=0.487 p10=0.480 p90=0.487
Iter 0003080: train nll 0.293, valid error 100.000%, best valid error 100.000%, avg grad norm   2.842, avg grad norm (post clip)   0.000, rho_Whh  1.01, Omega  0.00, alpha  0.000, steps in the past 0.000, valid nll 0.384
  [diag] log10|dL/dh_t| hist bins=60 range=(-5.34,-3.42) mean=-4.94 p50=-5.02 p05=-5.02 p95=-4.23
  [diag] sat-dist hist bins=60 sat<0.05=0.0% mean=0.608 p10=0.600 p90=0.603
Iter 0003100: train nll 0.288, valid error 100.000%, best valid error 100.000%, avg grad norm   1.401, avg grad norm (post clip)   0.000, rho_Whh  1.09, Omega  0.00, alpha  0.000, steps in the past 0.000, valid nll 0.225
  [diag] log10|dL/dh_t| hist bins=60 range=(-5.37,-3.41) mean=-5.05 p50=-5.14 p05=-5.14 p95=-4.23
  [diag] sat-dist hist bins=60 sat<0.05=0.0% mean=0.587 p10=0.578 p90=0.582
Iter 0003120: train nll 0.294, valid error 100.000%, best valid error 100.000%, avg grad norm   3.004, avg grad norm (post clip)   0.000, rho_Whh  1.08, Omega  0.00, alpha  0.000, steps in the past 0.000, valid nll 0.244
  [diag] log10|dL/dh_t| hist bins=60 range=(-5.33,-3.41) mean=-4.95 p50=-5.02 p05=-5.03 p95=-4.23
  [diag] sat-dist hist bins=60 sat<0.05=0.0% mean=0.614 p10=0.605 p90=0.609
Iter 0003140: train nll 0.293, valid error 100.000%, best valid error 100.000%, avg grad norm   2.560, avg grad norm (post clip)   0.000, rho_Whh  1.08, Omega  0.00, alpha  0.000, steps in the past 0.000, valid nll 0.224
  [diag] log10|dL/dh_t| hist bins=60 range=(-5.19,-3.45) mean=-4.43 p50=-4.45 p05=-4.56 p95=-4.21
  [diag] sat-dist hist bins=60 sat<0.05=0.0% mean=0.718 p10=0.711 p90=0.726
Iter 0003160: train nll 0.334, valid error 100.000%, best valid error 100.000%, avg grad norm   2.106, avg grad norm (post clip)   0.000, rho_Whh  1.09, Omega  0.00, alpha  0.000, steps in the past 0.000, valid nll 0.229
  [diag] log10|dL/dh_t| hist bins=60 range=(-5.37,-3.39) mean=-5.26 p50=-5.37 p05=-5.37 p95=-4.22
  [diag] sat-dist hist bins=60 sat<0.05=0.0% mean=0.550 p10=0.542 p90=0.547
Iter 0003180: train nll 0.309, valid error 100.000%, best valid error 100.000%, avg grad norm   3.403, avg grad norm (post clip)   0.000, rho_Whh  0.99, Omega  0.00, alpha  0.000, steps in the past 0.000, valid nll 0.327
  [diag] log10|dL/dh_t| hist bins=60 range=(-5.28,-3.43) mean=-4.78 p50=-4.83 p05=-4.84 p95=-4.21
  [diag] sat-dist hist bins=60 sat<0.05=0.0% mean=0.653 p10=0.646 p90=0.650
Iter 0003200: train nll 0.237, valid error 100.000%, best valid error 100.000%, avg grad norm   1.053, avg grad norm (post clip)   0.000, rho_Whh  1.07, Omega  0.00, alpha  0.000, steps in the past 0.000, valid nll 0.188
  [diag] log10|dL/dh_t| hist bins=60 range=(-5.00,-3.42) mean=-4.46 p50=-4.50 p05=-4.56 p95=-4.18
  [diag] sat-dist hist bins=60 sat<0.05=0.0% mean=0.715 p10=0.710 p90=0.716
Iter 0003220: train nll 0.339, valid error 100.000%, best valid error 100.000%, avg grad norm   2.492, avg grad norm (post clip)   0.000, rho_Whh  1.04, Omega  0.00, alpha  0.000, steps in the past 0.000, valid nll 0.231
  [diag] log10|dL/dh_t| hist bins=60 range=(-5.12,-3.42) mean=-4.71 p50=-4.77 p05=-4.79 p95=-4.18
  [diag] sat-dist hist bins=60 sat<0.05=0.0% mean=0.669 p10=0.662 p90=0.663
Iter 0003240: train nll 0.303, valid error 100.000%, best valid error 100.000%, avg grad norm   3.229, avg grad norm (post clip)   0.000, rho_Whh  1.04, Omega  0.00, alpha  0.000, steps in the past 0.000, valid nll 0.208
  [diag] log10|dL/dh_t| hist bins=60 range=(-5.10,-3.45) mean=-4.64 p50=-4.69 p05=-4.71 p95=-4.18
  [diag] sat-dist hist bins=60 sat<0.05=0.0% mean=0.684 p10=0.678 p90=0.681
Iter 0003260: train nll 0.328, valid error 100.000%, best valid error 100.000%, avg grad norm   2.389, avg grad norm (post clip)   0.000, rho_Whh  1.04, Omega  0.00, alpha  0.000, steps in the past 0.000, valid nll 0.200
  [diag] log10|dL/dh_t| hist bins=60 range=(-5.15,-3.38) mean=-5.05 p50=-5.15 p05=-5.15 p95=-4.17
  [diag] sat-dist hist bins=60 sat<0.05=0.0% mean=0.601 p10=0.593 p90=0.595
Iter 0003280: train nll 0.325, valid error 100.000%, best valid error 100.000%, avg grad norm   3.593, avg grad norm (post clip)   0.000, rho_Whh  0.94, Omega  0.00, alpha  0.000, steps in the past 0.000, valid nll 0.289
  [diag] log10|dL/dh_t| hist bins=60 range=(-5.03,-3.52) mean=-4.29 p50=-4.30 p05=-4.43 p95=-4.06
  [diag] sat-dist hist bins=60 sat<0.05=0.0% mean=0.754 p10=0.747 p90=0.766
Iter 0003300: train nll 0.253, valid error 100.000%, best valid error 100.000%, avg grad norm   1.292, avg grad norm (post clip)   0.000, rho_Whh  1.05, Omega  0.00, alpha  0.000, steps in the past 0.000, valid nll 0.248
  [diag] log10|dL/dh_t| hist bins=60 range=(-4.92,-3.41) mean=-4.71 p50=-4.77 p05=-4.78 p95=-4.13
  [diag] sat-dist hist bins=60 sat<0.05=0.0% mean=0.670 p10=0.663 p90=0.664
Iter 0003320: train nll 0.422, valid error 100.000%, best valid error 100.000%, avg grad norm   3.122, avg grad norm (post clip)   0.000, rho_Whh  0.95, Omega  0.00, alpha  0.000, steps in the past 0.000, valid nll 0.230
  [diag] log10|dL/dh_t| hist bins=60 range=(-5.19,-3.39) mean=-5.06 p50=-5.15 p05=-5.15 p95=-4.15
  [diag] sat-dist hist bins=60 sat<0.05=0.0% mean=0.601 p10=0.592 p90=0.593
Iter 0003340: train nll 0.279, valid error 100.000%, best valid error 100.000%, avg grad norm   2.566, avg grad norm (post clip)   0.000, rho_Whh  0.96, Omega  0.00, alpha  0.000, steps in the past 0.000, valid nll 0.272
  [diag] log10|dL/dh_t| hist bins=60 range=(-5.21,-3.41) mean=-4.87 p50=-4.94 p05=-4.94 p95=-4.15
  [diag] sat-dist hist bins=60 sat<0.05=0.0% mean=0.644 p10=0.635 p90=0.637
Iter 0003360: train nll 0.263, valid error 100.000%, best valid error 100.000%, avg grad norm   1.999, avg grad norm (post clip)   0.000, rho_Whh  1.03, Omega  0.00, alpha  0.000, steps in the past 0.000, valid nll 0.179
  [diag] log10|dL/dh_t| hist bins=60 range=(-5.23,-3.42) mean=-4.75 p50=-4.80 p05=-4.82 p95=-4.16
  [diag] sat-dist hist bins=60 sat<0.05=0.0% mean=0.669 p10=0.663 p90=0.669
Iter 0003380: train nll 0.260, valid error 100.000%, best valid error 100.000%, avg grad norm   3.173, avg grad norm (post clip)   0.000, rho_Whh  1.05, Omega  0.00, alpha  0.000, steps in the past 0.000, valid nll 0.170
  [diag] log10|dL/dh_t| hist bins=60 range=(-5.25,-3.45) mean=-4.58 p50=-4.61 p05=-4.69 p95=-4.16
  [diag] sat-dist hist bins=60 sat<0.05=0.0% mean=0.704 p10=0.699 p90=0.712
Iter 0003400: train nll 0.217, valid error 100.000%, best valid error 100.000%, avg grad norm   1.565, avg grad norm (post clip)   0.000, rho_Whh  1.07, Omega  0.00, alpha  0.000, steps in the past 0.000, valid nll 0.179
  [diag] log10|dL/dh_t| hist bins=60 range=(-5.08,-3.43) mean=-4.72 p50=-4.77 p05=-4.80 p95=-4.14
  [diag] sat-dist hist bins=60 sat<0.05=0.0% mean=0.678 p10=0.670 p90=0.673
Iter 0003420: train nll 0.333, valid error 100.000%, best valid error 100.000%, avg grad norm   2.783, avg grad norm (post clip)   0.000, rho_Whh  1.02, Omega  0.00, alpha  0.000, steps in the past 0.000, valid nll 0.182
  [diag] log10|dL/dh_t| hist bins=60 range=(-5.22,-3.44) mean=-4.64 p50=-4.68 p05=-4.73 p95=-4.15
  [diag] sat-dist hist bins=60 sat<0.05=0.0% mean=0.692 p10=0.687 p90=0.699
Iter 0003440: train nll 0.199, valid error 100.000%, best valid error 100.000%, avg grad norm   0.924, avg grad norm (post clip)   0.000, rho_Whh  1.06, Omega  0.00, alpha  0.000, steps in the past 0.000, valid nll 0.171
  [diag] log10|dL/dh_t| hist bins=60 range=(-5.36,-3.40) mean=-4.94 p50=-5.00 p05=-5.01 p95=-4.16
  [diag] sat-dist hist bins=60 sat<0.05=0.0% mean=0.638 p10=0.631 p90=0.635
Iter 0003460: train nll 0.199, valid error 100.000%, best valid error 100.000%, avg grad norm   1.374, avg grad norm (post clip)   0.000, rho_Whh  1.06, Omega  0.00, alpha  0.000, steps in the past 0.000, valid nll 0.159
  [diag] log10|dL/dh_t| hist bins=60 range=(-5.83,-3.37) mean=-5.69 p50=-5.83 p05=-5.83 p95=-4.18
  [diag] sat-dist hist bins=60 sat<0.05=0.0% mean=0.481 p10=0.475 p90=0.475
Iter 0003480: train nll 0.426, valid error 100.000%, best valid error 100.000%, avg grad norm   3.194, avg grad norm (post clip)   0.000, rho_Whh  1.34, Omega  0.00, alpha  0.000, steps in the past 0.000, valid nll 0.430
  [diag] log10|dL/dh_t| hist bins=60 range=(-5.33,-3.39) mean=-5.22 p50=-5.33 p05=-5.33 p95=-4.10
  [diag] sat-dist hist bins=60 sat<0.05=0.0% mean=0.557 p10=0.551 p90=0.552
Iter 0003500: train nll 0.585, valid error 100.000%, best valid error 100.000%, avg grad norm   0.729, avg grad norm (post clip)   0.000, rho_Whh  1.22, Omega  0.00, alpha  0.000, steps in the past 0.000, valid nll 0.361
  [diag] log10|dL/dh_t| hist bins=60 range=(-4.84,-3.40) mean=-4.76 p50=-4.84 p05=-4.84 p95=-4.04
  [diag] sat-dist hist bins=60 sat<0.05=0.0% mean=0.645 p10=0.640 p90=0.640
Iter 0003520: train nll 0.437, valid error 100.000%, best valid error 100.000%, avg grad norm   0.653, avg grad norm (post clip)   0.000, rho_Whh  1.08, Omega  0.00, alpha  0.000, steps in the past 0.000, valid nll 0.304
  [diag] log10|dL/dh_t| hist bins=60 range=(-4.50,-3.43) mean=-4.39 p50=-4.43 p05=-4.43 p95=-4.02
  [diag] sat-dist hist bins=60 sat<0.05=0.0% mean=0.726 p10=0.721 p90=0.721
Iter 0003540: train nll 0.377, valid error 100.000%, best valid error 100.000%, avg grad norm   0.687, avg grad norm (post clip)   0.000, rho_Whh  0.85, Omega  0.00, alpha  0.000, steps in the past 0.000, valid nll 0.269
  [diag] log10|dL/dh_t| hist bins=60 range=(-4.74,-3.47) mean=-4.50 p50=-4.54 p05=-4.54 p95=-4.04
  [diag] sat-dist hist bins=60 sat<0.05=0.0% mean=0.712 p10=0.706 p90=0.706
Iter 0003560: train nll 0.271, valid error 100.000%, best valid error 100.000%, avg grad norm   0.826, avg grad norm (post clip)   0.000, rho_Whh  0.86, Omega  0.00, alpha  0.000, steps in the past 0.000, valid nll 0.208
  [diag] log10|dL/dh_t| hist bins=60 range=(-4.96,-3.44) mean=-4.70 p50=-4.76 p05=-4.77 p95=-4.07
  [diag] sat-dist hist bins=60 sat<0.05=0.0% mean=0.676 p10=0.668 p90=0.668
Iter 0003580: train nll 0.243, valid error 100.000%, best valid error 100.000%, avg grad norm   1.393, avg grad norm (post clip)   0.000, rho_Whh  0.92, Omega  0.00, alpha  0.000, steps in the past 0.000, valid nll 0.181
  [diag] log10|dL/dh_t| hist bins=60 range=(-5.69,-3.37) mean=-5.55 p50=-5.69 p05=-5.69 p95=-4.14
  [diag] sat-dist hist bins=60 sat<0.05=0.0% mean=0.499 p10=0.493 p90=0.493
Iter 0003600: train nll 0.239, valid error 100.000%, best valid error 100.000%, avg grad norm   2.819, avg grad norm (post clip)   0.000, rho_Whh  1.33, Omega  0.00, alpha  0.000, steps in the past 0.000, valid nll 0.410
  [diag] log10|dL/dh_t| hist bins=60 range=(-5.25,-3.39) mean=-5.15 p50=-5.25 p05=-5.25 p95=-4.08
  [diag] sat-dist hist bins=60 sat<0.05=0.0% mean=0.565 p10=0.560 p90=0.560
Iter 0003620: train nll 0.512, valid error 100.000%, best valid error 100.000%, avg grad norm   0.637, avg grad norm (post clip)   0.000, rho_Whh  1.23, Omega  0.00, alpha  0.000, steps in the past 0.000, valid nll 0.352
  [diag] log10|dL/dh_t| hist bins=60 range=(-4.92,-3.40) mean=-4.83 p50=-4.91 p05=-4.91 p95=-4.04
  [diag] sat-dist hist bins=60 sat<0.05=0.0% mean=0.625 p10=0.620 p90=0.621
Iter 0003640: train nll 0.379, valid error 100.000%, best valid error 100.000%, avg grad norm   0.478, avg grad norm (post clip)   0.000, rho_Whh  1.13, Omega  0.00, alpha  0.000, steps in the past 0.000, valid nll 0.315
  [diag] log10|dL/dh_t| hist bins=60 range=(-4.58,-3.42) mean=-4.50 p50=-4.56 p05=-4.56 p95=-4.00
  [diag] sat-dist hist bins=60 sat<0.05=0.0% mean=0.692 p10=0.687 p90=0.687
Iter 0003660: train nll 0.409, valid error 100.000%, best valid error 100.000%, avg grad norm   0.544, avg grad norm (post clip)   0.000, rho_Whh  0.95, Omega  0.00, alpha  0.000, steps in the past 0.000, valid nll 0.290
  [diag] log10|dL/dh_t| hist bins=60 range=(-4.58,-3.41) mean=-4.47 p50=-4.52 p05=-4.52 p95=-4.01
  [diag] sat-dist hist bins=60 sat<0.05=0.0% mean=0.706 p10=0.700 p90=0.701
Iter 0003680: train nll 0.306, valid error 100.000%, best valid error 100.000%, avg grad norm   0.393, avg grad norm (post clip)   0.000, rho_Whh  0.80, Omega  0.00, alpha  0.000, steps in the past 0.000, valid nll 0.268
  [diag] log10|dL/dh_t| hist bins=60 range=(-4.74,-3.47) mean=-4.53 p50=-4.57 p05=-4.58 p95=-4.03
  [diag] sat-dist hist bins=60 sat<0.05=0.0% mean=0.703 p10=0.695 p90=0.695
Iter 0003700: train nll 0.273, valid error 100.000%, best valid error 100.000%, avg grad norm   0.723, avg grad norm (post clip)   0.000, rho_Whh  0.92, Omega  0.00, alpha  0.000, steps in the past 0.000, valid nll 0.209
  [diag] log10|dL/dh_t| hist bins=60 range=(-4.97,-3.44) mean=-4.69 p50=-4.74 p05=-4.74 p95=-4.05
  [diag] sat-dist hist bins=60 sat<0.05=0.0% mean=0.674 p10=0.667 p90=0.668
Iter 0003720: train nll 0.222, valid error 100.000%, best valid error 100.000%, avg grad norm   0.641, avg grad norm (post clip)   0.000, rho_Whh  0.97, Omega  0.00, alpha  0.000, steps in the past 0.000, valid nll 0.176
  [diag] log10|dL/dh_t| hist bins=60 range=(-5.11,-3.42) mean=-4.81 p50=-4.87 p05=-4.88 p95=-4.07
  [diag] sat-dist hist bins=60 sat<0.05=0.0% mean=0.653 p10=0.646 p90=0.647
Iter 0003740: train nll 0.204, valid error 100.000%, best valid error 100.000%, avg grad norm   0.778, avg grad norm (post clip)   0.000, rho_Whh  1.00, Omega  0.00, alpha  0.000, steps in the past 0.000, valid nll 0.166
  [diag] log10|dL/dh_t| hist bins=60 range=(-5.19,-3.41) mean=-4.87 p50=-4.92 p05=-4.96 p95=-4.08
  [diag] sat-dist hist bins=60 sat<0.05=0.0% mean=0.644 p10=0.637 p90=0.638
Iter 0003760: train nll 0.203, valid error 100.000%, best valid error 100.000%, avg grad norm   0.497, avg grad norm (post clip)   0.000, rho_Whh  1.02, Omega  0.00, alpha  0.000, steps in the past 0.000, valid nll 0.160
  [diag] log10|dL/dh_t| hist bins=60 range=(-5.54,-3.37) mean=-5.41 p50=-5.54 p05=-5.54 p95=-4.11
  [diag] sat-dist hist bins=60 sat<0.05=0.0% mean=0.531 p10=0.524 p90=0.525
Iter 0003780: train nll 0.358, valid error 100.000%, best valid error 100.000%, avg grad norm   2.534, avg grad norm (post clip)   0.000, rho_Whh  1.24, Omega  0.00, alpha  0.000, steps in the past 0.000, valid nll 0.382
  [diag] log10|dL/dh_t| hist bins=60 range=(-4.97,-3.39) mean=-4.87 p50=-4.96 p05=-4.96 p95=-4.05
  [diag] sat-dist hist bins=60 sat<0.05=0.0% mean=0.631 p10=0.624 p90=0.624
Iter 0003800: train nll 0.411, valid error 100.000%, best valid error 100.000%, avg grad norm   0.737, avg grad norm (post clip)   0.000, rho_Whh  0.98, Omega  0.00, alpha  0.000, steps in the past 0.000, valid nll 0.294
  [diag] log10|dL/dh_t| hist bins=60 range=(-4.72,-3.46) mean=-4.51 p50=-4.55 p05=-4.56 p95=-4.03
  [diag] sat-dist hist bins=60 sat<0.05=0.0% mean=0.710 p10=0.703 p90=0.704
Iter 0003820: train nll 0.299, valid error 100.000%, best valid error 100.000%, avg grad norm   0.852, avg grad norm (post clip)   0.000, rho_Whh  0.97, Omega  0.00, alpha  0.000, steps in the past 0.000, valid nll 0.209
  [diag] log10|dL/dh_t| hist bins=60 range=(-5.02,-3.43) mean=-4.77 p50=-4.83 p05=-4.83 p95=-4.05
  [diag] sat-dist hist bins=60 sat<0.05=0.0% mean=0.662 p10=0.653 p90=0.654
Iter 0003840: train nll 0.192, valid error 100.000%, best valid error 100.000%, avg grad norm   0.619, avg grad norm (post clip)   0.000, rho_Whh  1.00, Omega  0.00, alpha  0.000, steps in the past 0.000, valid nll 0.170
  [diag] log10|dL/dh_t| hist bins=60 range=(-5.09,-3.43) mean=-4.76 p50=-4.81 p05=-4.82 p95=-4.06
  [diag] sat-dist hist bins=60 sat<0.05=0.0% mean=0.665 p10=0.659 p90=0.661
Iter 0003860: train nll 0.193, valid error 100.000%, best valid error 100.000%, avg grad norm   0.511, avg grad norm (post clip)   0.000, rho_Whh  1.03, Omega  0.00, alpha  0.000, steps in the past 0.000, valid nll 0.162
  [diag] log10|dL/dh_t| hist bins=60 range=(-5.19,-3.42) mean=-4.85 p50=-4.91 p05=-4.92 p95=-4.08
  [diag] sat-dist hist bins=60 sat<0.05=0.0% mean=0.648 p10=0.642 p90=0.644
Iter 0003880: train nll 0.190, valid error 100.000%, best valid error 100.000%, avg grad norm   0.374, avg grad norm (post clip)   0.000, rho_Whh  1.04, Omega  0.00, alpha  0.000, steps in the past 0.000, valid nll 0.157
  [diag] log10|dL/dh_t| hist bins=60 range=(-5.22,-3.42) mean=-4.79 p50=-4.84 p05=-4.89 p95=-4.09
  [diag] sat-dist hist bins=60 sat<0.05=0.0% mean=0.661 p10=0.658 p90=0.662
Iter 0003900: train nll 0.193, valid error 100.000%, best valid error 100.000%, avg grad norm   0.367, avg grad norm (post clip)   0.000, rho_Whh  1.06, Omega  0.00, alpha  0.000, steps in the past 0.000, valid nll 0.156
  [diag] log10|dL/dh_t| hist bins=60 range=(-5.32,-3.40) mean=-4.97 p50=-5.03 p05=-5.06 p95=-4.10
  [diag] sat-dist hist bins=60 sat<0.05=0.0% mean=0.630 p10=0.624 p90=0.625
Iter 0003920: train nll 0.190, valid error 100.000%, best valid error 100.000%, avg grad norm   0.521, avg grad norm (post clip)   0.000, rho_Whh  1.06, Omega  0.00, alpha  0.000, steps in the past 0.000, valid nll 0.151
  [diag] log10|dL/dh_t| hist bins=60 range=(-5.29,-3.43) mean=-4.76 p50=-4.80 p05=-4.91 p95=-4.11
  [diag] sat-dist hist bins=60 sat<0.05=0.0% mean=0.669 p10=0.667 p90=0.672
Iter 0003940: train nll 0.199, valid error 100.000%, best valid error 100.000%, avg grad norm   0.750, avg grad norm (post clip)   0.000, rho_Whh  1.07, Omega  0.00, alpha  0.000, steps in the past 0.000, valid nll 0.154
  [diag] log10|dL/dh_t| hist bins=60 range=(-5.33,-3.41) mean=-4.86 p50=-4.91 p05=-4.99 p95=-4.12
  [diag] sat-dist hist bins=60 sat<0.05=0.0% mean=0.652 p10=0.649 p90=0.653
Iter 0003960: train nll 0.192, valid error 100.000%, best valid error 100.000%, avg grad norm   0.884, avg grad norm (post clip)   0.000, rho_Whh  1.08, Omega  0.00, alpha  0.000, steps in the past 0.000, valid nll 0.149
  [diag] log10|dL/dh_t| hist bins=60 range=(-5.45,-3.38) mean=-5.13 p50=-5.20 p05=-5.22 p95=-4.14
  [diag] sat-dist hist bins=60 sat<0.05=0.0% mean=0.607 p10=0.599 p90=0.600
Iter 0003980: train nll 0.176, valid error 100.000%, best valid error 100.000%, avg grad norm   0.817, avg grad norm (post clip)   0.000, rho_Whh  1.07, Omega  0.00, alpha  0.000, steps in the past 0.000, valid nll 0.149
  [diag] log10|dL/dh_t| hist bins=60 range=(-5.38,-3.41) mean=-4.87 p50=-4.91 p05=-5.01 p95=-4.14
  [diag] sat-dist hist bins=60 sat<0.05=0.0% mean=0.654 p10=0.652 p90=0.657
Iter 0004000: train nll 0.170, valid error 100.000%, best valid error 100.000%, avg grad norm   0.591, avg grad norm (post clip)   0.000, rho_Whh  1.08, Omega  0.00, alpha  0.000, steps in the past 0.000, valid nll 0.147
  [diag] log10|dL/dh_t| hist bins=60 range=(-5.49,-3.38) mean=-5.15 p50=-5.23 p05=-5.24 p95=-4.15
  [diag] sat-dist hist bins=60 sat<0.05=0.0% mean=0.606 p10=0.598 p90=0.599
Iter 0004020: train nll 0.197, valid error 100.000%, best valid error 100.000%, avg grad norm   1.064, avg grad norm (post clip)   0.000, rho_Whh  1.08, Omega  0.00, alpha  0.000, steps in the past 0.000, valid nll 0.146
  [diag] log10|dL/dh_t| hist bins=60 range=(-5.51,-3.38) mean=-5.17 p50=-5.25 p05=-5.27 p95=-4.16
  [diag] sat-dist hist bins=60 sat<0.05=0.0% mean=0.603 p10=0.596 p90=0.597
Iter 0004040: train nll 0.174, valid error 100.000%, best valid error 100.000%, avg grad norm   0.703, avg grad norm (post clip)   0.000, rho_Whh  1.08, Omega  0.00, alpha  0.000, steps in the past 0.000, valid nll 0.146
  [diag] log10|dL/dh_t| hist bins=60 range=(-5.48,-3.39) mean=-5.03 p50=-5.09 p05=-5.15 p95=-4.17
  [diag] sat-dist hist bins=60 sat<0.05=0.0% mean=0.630 p10=0.625 p90=0.628
Iter 0004060: train nll 0.167, valid error 100.000%, best valid error 100.000%, avg grad norm   0.531, avg grad norm (post clip)   0.000, rho_Whh  1.09, Omega  0.00, alpha  0.000, steps in the past 0.000, valid nll 0.142
  [diag] log10|dL/dh_t| hist bins=60 range=(-5.51,-3.38) mean=-5.06 p50=-5.13 p05=-5.19 p95=-4.17
  [diag] sat-dist hist bins=60 sat<0.05=0.0% mean=0.625 p10=0.620 p90=0.622
Iter 0004080: train nll 0.202, valid error 100.000%, best valid error 100.000%, avg grad norm   0.879, avg grad norm (post clip)   0.000, rho_Whh  1.09, Omega  0.00, alpha  0.000, steps in the past 0.000, valid nll 0.141
  [diag] log10|dL/dh_t| hist bins=60 range=(-5.48,-3.40) mean=-4.92 p50=-4.97 p05=-5.05 p95=-4.18
  [diag] sat-dist hist bins=60 sat<0.05=0.0% mean=0.651 p10=0.648 p90=0.653
Iter 0004100: train nll 0.174, valid error 100.000%, best valid error 100.000%, avg grad norm   0.826, avg grad norm (post clip)   0.000, rho_Whh  1.10, Omega  0.00, alpha  0.000, steps in the past 0.000, valid nll 0.142
  [diag] log10|dL/dh_t| hist bins=60 range=(-5.52,-3.40) mean=-4.90 p50=-4.95 p05=-5.07 p95=-4.19
  [diag] sat-dist hist bins=60 sat<0.05=0.0% mean=0.654 p10=0.652 p90=0.656
Iter 0004120: train nll 0.177, valid error 100.000%, best valid error 100.000%, avg grad norm   0.403, avg grad norm (post clip)   0.000, rho_Whh  1.10, Omega  0.00, alpha  0.000, steps in the past 0.000, valid nll 0.142
  [diag] log10|dL/dh_t| hist bins=60 range=(-5.56,-3.38) mean=-5.05 p50=-5.11 p05=-5.18 p95=-4.19
  [diag] sat-dist hist bins=60 sat<0.05=0.0% mean=0.631 p10=0.627 p90=0.630
Iter 0004140: train nll 0.187, valid error 100.000%, best valid error 100.000%, avg grad norm   0.910, avg grad norm (post clip)   0.000, rho_Whh  1.10, Omega  0.00, alpha  0.000, steps in the past 0.000, valid nll 0.139
  [diag] log10|dL/dh_t| hist bins=60 range=(-5.66,-3.36) mean=-5.31 p50=-5.40 p05=-5.42 p95=-4.20
  [diag] sat-dist hist bins=60 sat<0.05=0.0% mean=0.587 p10=0.579 p90=0.579
Iter 0004160: train nll 0.165, valid error 100.000%, best valid error 100.000%, avg grad norm   0.667, avg grad norm (post clip)   0.000, rho_Whh  1.09, Omega  0.00, alpha  0.000, steps in the past 0.000, valid nll 0.143
  [diag] log10|dL/dh_t| hist bins=60 range=(-5.58,-3.39) mean=-5.02 p50=-5.07 p05=-5.17 p95=-4.21
  [diag] sat-dist hist bins=60 sat<0.05=0.0% mean=0.638 p10=0.635 p90=0.639
Iter 0004180: train nll 0.170, valid error 100.000%, best valid error 100.000%, avg grad norm   0.651, avg grad norm (post clip)   0.000, rho_Whh  1.10, Omega  0.00, alpha  0.000, steps in the past 0.000, valid nll 0.138
  [diag] log10|dL/dh_t| hist bins=60 range=(-5.62,-3.38) mean=-5.10 p50=-5.17 p05=-5.25 p95=-4.21
  [diag] sat-dist hist bins=60 sat<0.05=0.0% mean=0.624 p10=0.620 p90=0.624
Iter 0004200: train nll 0.159, valid error 100.000%, best valid error 100.000%, avg grad norm   0.570, avg grad norm (post clip)   0.000, rho_Whh  1.10, Omega  0.00, alpha  0.000, steps in the past 0.000, valid nll 0.137
  [diag] log10|dL/dh_t| hist bins=60 range=(-5.65,-3.37) mean=-5.12 p50=-5.19 p05=-5.28 p95=-4.22
  [diag] sat-dist hist bins=60 sat<0.05=0.0% mean=0.622 p10=0.618 p90=0.621
Iter 0004220: train nll 0.190, valid error 100.000%, best valid error 100.000%, avg grad norm   0.720, avg grad norm (post clip)   0.000, rho_Whh  1.11, Omega  0.00, alpha  0.000, steps in the past 0.000, valid nll 0.136
  [diag] log10|dL/dh_t| hist bins=60 range=(-5.66,-3.36) mean=-5.21 p50=-5.28 p05=-5.34 p95=-4.22
  [diag] sat-dist hist bins=60 sat<0.05=0.0% mean=0.610 p10=0.604 p90=0.606
Iter 0004240: train nll 0.169, valid error 100.000%, best valid error 100.000%, avg grad norm   0.938, avg grad norm (post clip)   0.000, rho_Whh  1.10, Omega  0.00, alpha  0.000, steps in the past 0.000, valid nll 0.136
  [diag] log10|dL/dh_t| hist bins=60 range=(-5.66,-3.37) mean=-5.15 p50=-5.22 p05=-5.29 p95=-4.23
  [diag] sat-dist hist bins=60 sat<0.05=0.0% mean=0.619 p10=0.615 p90=0.617
Iter 0004260: train nll 0.179, valid error 100.000%, best valid error 100.000%, avg grad norm   0.769, avg grad norm (post clip)   0.000, rho_Whh  1.10, Omega  0.00, alpha  0.000, steps in the past 0.000, valid nll 0.135
  [diag] log10|dL/dh_t| hist bins=60 range=(-5.67,-3.37) mean=-5.11 p50=-5.17 p05=-5.27 p95=-4.23
  [diag] sat-dist hist bins=60 sat<0.05=0.0% mean=0.627 p10=0.624 p90=0.627
Iter 0004280: train nll 0.168, valid error 100.000%, best valid error 100.000%, avg grad norm   0.545, avg grad norm (post clip)   0.000, rho_Whh  1.11, Omega  0.00, alpha  0.000, steps in the past 0.000, valid nll 0.134
  [diag] log10|dL/dh_t| hist bins=60 range=(-5.63,-3.39) mean=-4.98 p50=-5.03 p05=-5.17 p95=-4.23
  [diag] sat-dist hist bins=60 sat<0.05=0.0% mean=0.650 p10=0.647 p90=0.652
Iter 0004300: train nll 0.186, valid error 100.000%, best valid error 100.000%, avg grad norm   1.142, avg grad norm (post clip)   0.000, rho_Whh  1.11, Omega  0.00, alpha  0.000, steps in the past 0.000, valid nll 0.136
  [diag] log10|dL/dh_t| hist bins=60 range=(-5.69,-3.37) mean=-5.17 p50=-5.24 p05=-5.31 p95=-4.24
  [diag] sat-dist hist bins=60 sat<0.05=0.0% mean=0.619 p10=0.615 p90=0.617
Iter 0004320: train nll 0.152, valid error 100.000%, best valid error 100.000%, avg grad norm   0.585, avg grad norm (post clip)   0.000, rho_Whh  1.10, Omega  0.00, alpha  0.000, steps in the past 0.000, valid nll 0.134
  [diag] log10|dL/dh_t| hist bins=60 range=(-5.72,-3.37) mean=-5.16 p50=-5.23 p05=-5.33 p95=-4.25
  [diag] sat-dist hist bins=60 sat<0.05=0.0% mean=0.621 p10=0.617 p90=0.620
Iter 0004340: train nll 0.155, valid error 100.000%, best valid error 100.000%, avg grad norm   0.346, avg grad norm (post clip)   0.000, rho_Whh  1.11, Omega  0.00, alpha  0.000, steps in the past 0.000, valid nll 0.133
  [diag] log10|dL/dh_t| hist bins=60 range=(-5.71,-3.37) mean=-5.16 p50=-5.22 p05=-5.31 p95=-4.25
  [diag] sat-dist hist bins=60 sat<0.05=0.0% mean=0.623 p10=0.619 p90=0.622
Iter 0004360: train nll 0.163, valid error 100.000%, best valid error 100.000%, avg grad norm   0.838, avg grad norm (post clip)   0.000, rho_Whh  1.10, Omega  0.00, alpha  0.000, steps in the past 0.000, valid nll 0.133
  [diag] log10|dL/dh_t| hist bins=60 range=(-5.71,-3.37) mean=-5.11 p50=-5.17 p05=-5.28 p95=-4.25
  [diag] sat-dist hist bins=60 sat<0.05=0.0% mean=0.631 p10=0.628 p90=0.632
Iter 0004380: train nll 0.169, valid error 100.000%, best valid error 100.000%, avg grad norm   0.605, avg grad norm (post clip)   0.000, rho_Whh  1.11, Omega  0.00, alpha  0.000, steps in the past 0.000, valid nll 0.132
  [diag] log10|dL/dh_t| hist bins=60 range=(-5.66,-3.43) mean=-4.79 p50=-4.82 p05=-5.11 p95=-4.26
  [diag] sat-dist hist bins=60 sat<0.05=0.0% mean=0.685 p10=0.674 p90=0.694
Iter 0004400: train nll 0.165, valid error 100.000%, best valid error 100.000%, avg grad norm   0.536, avg grad norm (post clip)   0.000, rho_Whh  1.11, Omega  0.00, alpha  0.000, steps in the past 0.000, valid nll 0.142
  [diag] log10|dL/dh_t| hist bins=60 range=(-5.70,-3.39) mean=-4.97 p50=-5.02 p05=-5.23 p95=-4.26
  [diag] sat-dist hist bins=60 sat<0.05=0.0% mean=0.655 p10=0.652 p90=0.657
Iter 0004420: train nll 0.180, valid error 100.000%, best valid error 100.000%, avg grad norm   0.802, avg grad norm (post clip)   0.000, rho_Whh  1.11, Omega  0.00, alpha  0.000, steps in the past 0.000, valid nll 0.134
  [diag] log10|dL/dh_t| hist bins=60 range=(-5.77,-3.36) mean=-5.22 p50=-5.28 p05=-5.40 p95=-4.27
  [diag] sat-dist hist bins=60 sat<0.05=0.0% mean=0.616 p10=0.613 p90=0.616
Iter 0004440: train nll 0.147, valid error 100.000%, best valid error 100.000%, avg grad norm   0.476, avg grad norm (post clip)   0.000, rho_Whh  1.11, Omega  0.00, alpha  0.000, steps in the past 0.000, valid nll 0.131
  [diag] log10|dL/dh_t| hist bins=60 range=(-5.75,-3.37) mean=-5.10 p50=-5.16 p05=-5.31 p95=-4.27
  [diag] sat-dist hist bins=60 sat<0.05=0.0% mean=0.635 p10=0.633 p90=0.637
Iter 0004460: train nll 0.153, valid error 100.000%, best valid error 100.000%, avg grad norm   0.529, avg grad norm (post clip)   0.000, rho_Whh  1.11, Omega  0.00, alpha  0.000, steps in the past 0.000, valid nll 0.131
  [diag] log10|dL/dh_t| hist bins=60 range=(-5.74,-3.39) mean=-5.01 p50=-5.05 p05=-5.27 p95=-4.28
  [diag] sat-dist hist bins=60 sat<0.05=0.0% mean=0.652 p10=0.649 p90=0.655
Iter 0004480: train nll 0.142, valid error 100.000%, best valid error 100.000%, avg grad norm   0.406, avg grad norm (post clip)   0.000, rho_Whh  1.11, Omega  0.00, alpha  0.000, steps in the past 0.000, valid nll 0.132
  [diag] log10|dL/dh_t| hist bins=60 range=(-5.77,-3.37) mean=-5.11 p50=-5.17 p05=-5.32 p95=-4.28
  [diag] sat-dist hist bins=60 sat<0.05=0.0% mean=0.635 p10=0.632 p90=0.636
Iter 0004500: train nll 0.142, valid error 100.000%, best valid error 100.000%, avg grad norm   0.517, avg grad norm (post clip)   0.000, rho_Whh  1.11, Omega  0.00, alpha  0.000, steps in the past 0.000, valid nll 0.130
  [diag] log10|dL/dh_t| hist bins=60 range=(-5.81,-3.36) mean=-5.22 p50=-5.28 p05=-5.43 p95=-4.29
  [diag] sat-dist hist bins=60 sat<0.05=0.0% mean=0.618 p10=0.615 p90=0.619
Iter 0004520: train nll 0.144, valid error 100.000%, best valid error 100.000%, avg grad norm   0.537, avg grad norm (post clip)   0.000, rho_Whh  1.11, Omega  0.00, alpha  0.000, steps in the past 0.000, valid nll 0.129
  [diag] log10|dL/dh_t| hist bins=60 range=(-5.78,-3.37) mean=-5.14 p50=-5.20 p05=-5.33 p95=-4.29
  [diag] sat-dist hist bins=60 sat<0.05=0.0% mean=0.632 p10=0.629 p90=0.632
Iter 0004540: train nll 0.174, valid error 100.000%, best valid error 100.000%, avg grad norm   0.921, avg grad norm (post clip)   0.000, rho_Whh  1.11, Omega  0.00, alpha  0.000, steps in the past 0.000, valid nll 0.129
  [diag] log10|dL/dh_t| hist bins=60 range=(-5.76,-3.38) mean=-5.03 p50=-5.08 p05=-5.29 p95=-4.29
  [diag] sat-dist hist bins=60 sat<0.05=0.0% mean=0.650 p10=0.647 p90=0.652
Iter 0004560: train nll 0.171, valid error 100.000%, best valid error 100.000%, avg grad norm   0.756, avg grad norm (post clip)   0.000, rho_Whh  1.11, Omega  0.00, alpha  0.000, steps in the past 0.000, valid nll 0.130
  [diag] log10|dL/dh_t| hist bins=60 range=(-5.78,-3.37) mean=-5.13 p50=-5.19 p05=-5.32 p95=-4.29
  [diag] sat-dist hist bins=60 sat<0.05=0.0% mean=0.636 p10=0.633 p90=0.636
Iter 0004580: train nll 0.182, valid error 100.000%, best valid error 100.000%, avg grad norm   0.732, avg grad norm (post clip)   0.000, rho_Whh  1.11, Omega  0.00, alpha  0.000, steps in the past 0.000, valid nll 0.129
  [diag] log10|dL/dh_t| hist bins=60 range=(-5.82,-3.36) mean=-5.22 p50=-5.28 p05=-5.42 p95=-4.30
  [diag] sat-dist hist bins=60 sat<0.05=0.0% mean=0.622 p10=0.619 p90=0.622
Iter 0004600: train nll 0.163, valid error 100.000%, best valid error 100.000%, avg grad norm   0.606, avg grad norm (post clip)   0.000, rho_Whh  1.10, Omega  0.00, alpha  0.000, steps in the past 0.000, valid nll 0.128
  [diag] log10|dL/dh_t| hist bins=60 range=(-5.83,-3.35) mean=-5.26 p50=-5.33 p05=-5.44 p95=-4.30
  [diag] sat-dist hist bins=60 sat<0.05=0.0% mean=0.617 p10=0.613 p90=0.616
Iter 0004620: train nll 0.147, valid error 100.000%, best valid error 100.000%, avg grad norm   0.640, avg grad norm (post clip)   0.000, rho_Whh  1.10, Omega  0.00, alpha  0.000, steps in the past 0.000, valid nll 0.128
  [diag] log10|dL/dh_t| hist bins=60 range=(-5.77,-3.41) mean=-4.90 p50=-4.93 p05=-5.27 p95=-4.30
  [diag] sat-dist hist bins=60 sat<0.05=0.0% mean=0.673 p10=0.667 p90=0.679
Iter 0004640: train nll 0.152, valid error 100.000%, best valid error 100.000%, avg grad norm   0.294, avg grad norm (post clip)   0.000, rho_Whh  1.11, Omega  0.00, alpha  0.000, steps in the past 0.000, valid nll 0.133
  [diag] log10|dL/dh_t| hist bins=60 range=(-5.84,-3.36) mean=-5.20 p50=-5.26 p05=-5.41 p95=-4.31
  [diag] sat-dist hist bins=60 sat<0.05=0.0% mean=0.627 p10=0.625 p90=0.628
Iter 0004660: train nll 0.185, valid error 100.000%, best valid error 100.000%, avg grad norm   0.868, avg grad norm (post clip)   0.000, rho_Whh  1.10, Omega  0.00, alpha  0.000, steps in the past 0.000, valid nll 0.127
  [diag] log10|dL/dh_t| hist bins=60 range=(-5.83,-3.37) mean=-5.13 p50=-5.18 p05=-5.37 p95=-4.31
  [diag] sat-dist hist bins=60 sat<0.05=0.0% mean=0.639 p10=0.637 p90=0.640
Iter 0004680: train nll 0.153, valid error 100.000%, best valid error 100.000%, avg grad norm   0.502, avg grad norm (post clip)   0.000, rho_Whh  1.11, Omega  0.00, alpha  0.000, steps in the past 0.000, valid nll 0.127
  [diag] log10|dL/dh_t| hist bins=60 range=(-5.85,-3.35) mean=-5.24 p50=-5.31 p05=-5.44 p95=-4.32
  [diag] sat-dist hist bins=60 sat<0.05=0.0% mean=0.622 p10=0.618 p90=0.620
Iter 0004700: train nll 0.160, valid error 100.000%, best valid error 100.000%, avg grad norm   0.774, avg grad norm (post clip)   0.000, rho_Whh  1.10, Omega  0.00, alpha  0.000, steps in the past 0.000, valid nll 0.127
  [diag] log10|dL/dh_t| hist bins=60 range=(-5.84,-3.36) mean=-5.22 p50=-5.28 p05=-5.42 p95=-4.32
  [diag] sat-dist hist bins=60 sat<0.05=0.0% mean=0.627 p10=0.624 p90=0.627
Iter 0004720: train nll 0.172, valid error 100.000%, best valid error 100.000%, avg grad norm   0.673, avg grad norm (post clip)   0.000, rho_Whh  1.10, Omega  0.00, alpha  0.000, steps in the past 0.000, valid nll 0.126
  [diag] log10|dL/dh_t| hist bins=60 range=(-5.83,-3.38) mean=-5.06 p50=-5.10 p05=-5.36 p95=-4.32
  [diag] sat-dist hist bins=60 sat<0.05=0.0% mean=0.651 p10=0.649 p90=0.654
Iter 0004740: train nll 0.180, valid error 100.000%, best valid error 100.000%, avg grad norm   0.479, avg grad norm (post clip)   0.000, rho_Whh  1.11, Omega  0.00, alpha  0.000, steps in the past 0.000, valid nll 0.127
  [diag] log10|dL/dh_t| hist bins=60 range=(-5.87,-3.36) mean=-5.22 p50=-5.28 p05=-5.45 p95=-4.33
  [diag] sat-dist hist bins=60 sat<0.05=0.0% mean=0.627 p10=0.624 p90=0.627
Iter 0004760: train nll 0.162, valid error 100.000%, best valid error 100.000%, avg grad norm   0.623, avg grad norm (post clip)   0.000, rho_Whh  1.10, Omega  0.00, alpha  0.000, steps in the past 0.000, valid nll 0.126
  [diag] log10|dL/dh_t| hist bins=60 range=(-5.88,-3.35) mean=-5.26 p50=-5.32 p05=-5.48 p95=-4.34
  [diag] sat-dist hist bins=60 sat<0.05=0.0% mean=0.622 p10=0.619 p90=0.622
Iter 0004780: train nll 0.168, valid error 100.000%, best valid error 100.000%, avg grad norm   0.676, avg grad norm (post clip)   0.000, rho_Whh  1.10, Omega  0.00, alpha  0.000, steps in the past 0.000, valid nll 0.125
  [diag] log10|dL/dh_t| hist bins=60 range=(-5.87,-3.36) mean=-5.16 p50=-5.22 p05=-5.41 p95=-4.34
  [diag] sat-dist hist bins=60 sat<0.05=0.0% mean=0.636 p10=0.634 p90=0.637
Iter 0004800: train nll 0.159, valid error 100.000%, best valid error 100.000%, avg grad norm   0.530, avg grad norm (post clip)   0.000, rho_Whh  1.10, Omega  0.00, alpha  0.000, steps in the past 0.000, valid nll 0.125
  [diag] log10|dL/dh_t| hist bins=60 range=(-5.90,-3.35) mean=-5.24 p50=-5.30 p05=-5.48 p95=-4.34
  [diag] sat-dist hist bins=60 sat<0.05=0.0% mean=0.626 p10=0.623 p90=0.626
Iter 0004820: train nll 0.160, valid error 100.000%, best valid error 100.000%, avg grad norm   0.487, avg grad norm (post clip)   0.000, rho_Whh  1.10, Omega  0.00, alpha  0.000, steps in the past 0.000, valid nll 0.125
  [diag] log10|dL/dh_t| hist bins=60 range=(-5.89,-3.35) mean=-5.24 p50=-5.30 p05=-5.46 p95=-4.35
  [diag] sat-dist hist bins=60 sat<0.05=0.0% mean=0.626 p10=0.623 p90=0.627
Iter 0004840: train nll 0.157, valid error 100.000%, best valid error 100.000%, avg grad norm   0.695, avg grad norm (post clip)   0.000, rho_Whh  1.10, Omega  0.00, alpha  0.000, steps in the past 0.000, valid nll 0.125
  [diag] log10|dL/dh_t| hist bins=60 range=(-5.89,-3.36) mean=-5.20 p50=-5.25 p05=-5.44 p95=-4.35
  [diag] sat-dist hist bins=60 sat<0.05=0.0% mean=0.633 p10=0.631 p90=0.633
Iter 0004860: train nll 0.159, valid error 100.000%, best valid error 100.000%, avg grad norm   0.542, avg grad norm (post clip)   0.000, rho_Whh  1.10, Omega  0.00, alpha  0.000, steps in the past 0.000, valid nll 0.124
  [diag] log10|dL/dh_t| hist bins=60 range=(-5.85,-3.40) mean=-5.02 p50=-5.06 p05=-5.38 p95=-4.35
  [diag] sat-dist hist bins=60 sat<0.05=0.0% mean=0.661 p10=0.657 p90=0.665
Iter 0004880: train nll 0.165, valid error 100.000%, best valid error 100.000%, avg grad norm   0.587, avg grad norm (post clip)   0.000, rho_Whh  1.11, Omega  0.00, alpha  0.000, steps in the past 0.000, valid nll 0.127
  [diag] log10|dL/dh_t| hist bins=60 range=(-5.89,-3.38) mean=-5.11 p50=-5.16 p05=-5.42 p95=-4.36
  [diag] sat-dist hist bins=60 sat<0.05=0.0% mean=0.647 p10=0.645 p90=0.649
Iter 0004900: train nll 0.153, valid error 100.000%, best valid error 100.000%, avg grad norm   0.391, avg grad norm (post clip)   0.000, rho_Whh  1.11, Omega  0.00, alpha  0.000, steps in the past 0.000, valid nll 0.124
  [diag] log10|dL/dh_t| hist bins=60 range=(-5.86,-3.40) mean=-4.99 p50=-5.02 p05=-5.39 p95=-4.36
  [diag] sat-dist hist bins=60 sat<0.05=0.0% mean=0.666 p10=0.662 p90=0.671
Iter 0004920: train nll 0.178, valid error 100.000%, best valid error 100.000%, avg grad norm   0.649, avg grad norm (post clip)   0.000, rho_Whh  1.11, Omega  0.00, alpha  0.000, steps in the past 0.000, valid nll 0.127
  [diag] log10|dL/dh_t| hist bins=60 range=(-5.85,-3.41) mean=-4.97 p50=-5.01 p05=-5.36 p95=-4.36
  [diag] sat-dist hist bins=60 sat<0.05=0.0% mean=0.669 p10=0.664 p90=0.675
Iter 0004940: train nll 0.159, valid error 100.000%, best valid error 100.000%, avg grad norm   0.647, avg grad norm (post clip)   0.000, rho_Whh  1.11, Omega  0.00, alpha  0.000, steps in the past 0.000, valid nll 0.127
  [diag] log10|dL/dh_t| hist bins=60 range=(-5.92,-3.36) mean=-5.24 p50=-5.30 p05=-5.49 p95=-4.37
  [diag] sat-dist hist bins=60 sat<0.05=0.0% mean=0.630 p10=0.627 p90=0.629
Iter 0004960: train nll 0.167, valid error 100.000%, best valid error 100.000%, avg grad norm   0.614, avg grad norm (post clip)   0.000, rho_Whh  1.10, Omega  0.00, alpha  0.000, steps in the past 0.000, valid nll 0.123
  [diag] log10|dL/dh_t| hist bins=60 range=(-5.94,-3.36) mean=-5.21 p50=-5.26 p05=-5.50 p95=-4.37
  [diag] sat-dist hist bins=60 sat<0.05=0.0% mean=0.633 p10=0.632 p90=0.634
Iter 0004980: train nll 0.174, valid error 100.000%, best valid error 100.000%, avg grad norm   0.429, avg grad norm (post clip)   0.000, rho_Whh  1.10, Omega  0.00, alpha  0.000, steps in the past 0.000, valid nll 0.123
  [diag] log10|dL/dh_t| hist bins=60 range=(-5.89,-3.41) mean=-5.00 p50=-5.03 p05=-5.42 p95=-4.37
  [diag] sat-dist hist bins=60 sat<0.05=0.0% mean=0.667 p10=0.663 p90=0.672
Iter 0005000: train nll 0.146, valid error 100.000%, best valid error 100.000%, avg grad norm   0.651, avg grad norm (post clip)   0.000, rho_Whh  1.11, Omega  0.00, alpha  0.000, steps in the past 0.000, valid nll 0.126
  [diag] log10|dL/dh_t| hist bins=60 range=(-5.92,-3.38) mean=-5.13 p50=-5.18 p05=-5.46 p95=-4.38
  [diag] sat-dist hist bins=60 sat<0.05=0.0% mean=0.647 p10=0.645 p90=0.649
Iter 0005020: train nll 0.139, valid error 100.000%, best valid error 100.000%, avg grad norm   0.479, avg grad norm (post clip)   0.000, rho_Whh  1.10, Omega  0.00, alpha  0.000, steps in the past 0.000, valid nll 0.123
  [diag] log10|dL/dh_t| hist bins=60 range=(-5.90,-3.42) mean=-4.98 p50=-5.01 p05=-5.43 p95=-4.38
  [diag] sat-dist hist bins=60 sat<0.05=0.0% mean=0.669 p10=0.666 p90=0.677
Iter 0005040: train nll 0.154, valid error 100.000%, best valid error 100.000%, avg grad norm   0.469, avg grad norm (post clip)   0.000, rho_Whh  1.11, Omega  0.00, alpha  0.000, steps in the past 0.000, valid nll 0.126
  [diag] log10|dL/dh_t| hist bins=60 range=(-5.95,-3.36) mean=-5.23 p50=-5.28 p05=-5.51 p95=-4.39
  [diag] sat-dist hist bins=60 sat<0.05=0.0% mean=0.633 p10=0.631 p90=0.633
Iter 0005060: train nll 0.145, valid error 100.000%, best valid error 100.000%, avg grad norm   0.529, avg grad norm (post clip)   0.000, rho_Whh  1.10, Omega  0.00, alpha  0.000, steps in the past 0.000, valid nll 0.122
  [diag] log10|dL/dh_t| hist bins=60 range=(-5.98,-3.34) mean=-5.34 p50=-5.41 p05=-5.59 p95=-4.40
  [diag] sat-dist hist bins=60 sat<0.05=0.0% mean=0.617 p10=0.614 p90=0.616
Iter 0005080: train nll 0.146, valid error 100.000%, best valid error 100.000%, avg grad norm   0.564, avg grad norm (post clip)   0.000, rho_Whh  1.10, Omega  0.00, alpha  0.000, steps in the past 0.000, valid nll 0.122
  [diag] log10|dL/dh_t| hist bins=60 range=(-5.93,-3.39) mean=-5.08 p50=-5.12 p05=-5.48 p95=-4.40
  [diag] sat-dist hist bins=60 sat<0.05=0.0% mean=0.655 p10=0.653 p90=0.659
Iter 0005100: train nll 0.154, valid error 100.000%, best valid error 100.000%, avg grad norm   0.465, avg grad norm (post clip)   0.000, rho_Whh  1.10, Omega  0.00, alpha  0.000, steps in the past 0.000, valid nll 0.123
  [diag] log10|dL/dh_t| hist bins=60 range=(-5.99,-3.34) mean=-5.33 p50=-5.39 p05=-5.59 p95=-4.40
  [diag] sat-dist hist bins=60 sat<0.05=0.0% mean=0.620 p10=0.618 p90=0.620
Iter 0005120: train nll 0.135, valid error 100.000%, best valid error 100.000%, avg grad norm   0.515, avg grad norm (post clip)   0.000, rho_Whh  1.10, Omega  0.00, alpha  0.000, steps in the past 0.000, valid nll 0.121
  [diag] log10|dL/dh_t| hist bins=60 range=(-5.98,-3.35) mean=-5.31 p50=-5.38 p05=-5.58 p95=-4.41
  [diag] sat-dist hist bins=60 sat<0.05=0.0% mean=0.623 p10=0.620 p90=0.623
Iter 0005140: train nll 0.152, valid error 100.000%, best valid error 100.000%, avg grad norm   0.616, avg grad norm (post clip)   0.000, rho_Whh  1.10, Omega  0.00, alpha  0.000, steps in the past 0.000, valid nll 0.121
  [diag] log10|dL/dh_t| hist bins=60 range=(-5.96,-3.38) mean=-5.13 p50=-5.17 p05=-5.50 p95=-4.41
  [diag] sat-dist hist bins=60 sat<0.05=0.0% mean=0.649 p10=0.648 p90=0.653
Iter 0005160: train nll 0.144, valid error 100.000%, best valid error 100.000%, avg grad norm   0.300, avg grad norm (post clip)   0.000, rho_Whh  1.10, Omega  0.00, alpha  0.000, steps in the past 0.000, valid nll 0.122
  [diag] log10|dL/dh_t| hist bins=60 range=(-5.99,-3.34) mean=-5.34 p50=-5.41 p05=-5.60 p95=-4.41
  [diag] sat-dist hist bins=60 sat<0.05=0.0% mean=0.619 p10=0.617 p90=0.619
Iter 0005180: train nll 0.173, valid error 100.000%, best valid error 100.000%, avg grad norm   0.766, avg grad norm (post clip)   0.000, rho_Whh  1.10, Omega  0.00, alpha  0.000, steps in the past 0.000, valid nll 0.121
  [diag] log10|dL/dh_t| hist bins=60 range=(-5.92,-3.43) mean=-4.97 p50=-4.99 p05=-5.43 p95=-4.41
  [diag] sat-dist hist bins=60 sat<0.05=0.0% mean=0.674 p10=0.669 p90=0.682
Iter 0005200: train nll 0.156, valid error 100.000%, best valid error 100.000%, avg grad norm   0.443, avg grad norm (post clip)   0.000, rho_Whh  1.10, Omega  0.00, alpha  0.000, steps in the past 0.000, valid nll 0.125
  [diag] log10|dL/dh_t| hist bins=60 range=(-5.98,-3.35) mean=-5.27 p50=-5.33 p05=-5.55 p95=-4.42
  [diag] sat-dist hist bins=60 sat<0.05=0.0% mean=0.630 p10=0.628 p90=0.630
Iter 0005220: train nll 0.153, valid error 100.000%, best valid error 100.000%, avg grad norm   0.632, avg grad norm (post clip)   0.000, rho_Whh  1.10, Omega  0.00, alpha  0.000, steps in the past 0.000, valid nll 0.120
  [diag] log10|dL/dh_t| hist bins=60 range=(-6.01,-3.35) mean=-5.32 p50=-5.38 p05=-5.60 p95=-4.42
  [diag] sat-dist hist bins=60 sat<0.05=0.0% mean=0.624 p10=0.622 p90=0.624
Iter 0005240: train nll 0.143, valid error 100.000%, best valid error 100.000%, avg grad norm   0.319, avg grad norm (post clip)   0.000, rho_Whh  1.10, Omega  0.00, alpha  0.000, steps in the past 0.000, valid nll 0.120
  [diag] log10|dL/dh_t| hist bins=60 range=(-6.00,-3.36) mean=-5.27 p50=-5.33 p05=-5.56 p95=-4.43
  [diag] sat-dist hist bins=60 sat<0.05=0.0% mean=0.631 p10=0.630 p90=0.632
Iter 0005260: train nll 0.140, valid error 100.000%, best valid error 100.000%, avg grad norm   0.581, avg grad norm (post clip)   0.000, rho_Whh  1.10, Omega  0.00, alpha  0.000, steps in the past 0.000, valid nll 0.120
  [diag] log10|dL/dh_t| hist bins=60 range=(-6.03,-3.33) mean=-5.40 p50=-5.47 p05=-5.66 p95=-4.43
  [diag] sat-dist hist bins=60 sat<0.05=0.0% mean=0.613 p10=0.610 p90=0.612
Iter 0005280: train nll 0.156, valid error 100.000%, best valid error 100.000%, avg grad norm   0.616, avg grad norm (post clip)   0.000, rho_Whh  1.09, Omega  0.00, alpha  0.000, steps in the past 0.000, valid nll 0.120
  [diag] log10|dL/dh_t| hist bins=60 range=(-6.02,-3.34) mean=-5.35 p50=-5.41 p05=-5.62 p95=-4.43
  [diag] sat-dist hist bins=60 sat<0.05=0.0% mean=0.621 p10=0.619 p90=0.621
Iter 0005300: train nll 0.144, valid error 100.000%, best valid error 100.000%, avg grad norm   0.425, avg grad norm (post clip)   0.000, rho_Whh  1.10, Omega  0.00, alpha  0.000, steps in the past 0.000, valid nll 0.119
  [diag] log10|dL/dh_t| hist bins=60 range=(-5.99,-3.38) mean=-5.17 p50=-5.21 p05=-5.54 p95=-4.44
  [diag] sat-dist hist bins=60 sat<0.05=0.0% mean=0.647 p10=0.645 p90=0.649
Iter 0005320: train nll 0.138, valid error 100.000%, best valid error 100.000%, avg grad norm   0.430, avg grad norm (post clip)   0.000, rho_Whh  1.10, Omega  0.00, alpha  0.000, steps in the past 0.000, valid nll 0.120
  [diag] log10|dL/dh_t| hist bins=60 range=(-5.99,-3.38) mean=-5.19 p50=-5.24 p05=-5.55 p95=-4.44
  [diag] sat-dist hist bins=60 sat<0.05=0.0% mean=0.644 p10=0.643 p90=0.647
Iter 0005340: train nll 0.148, valid error 100.000%, best valid error 100.000%, avg grad norm   0.452, avg grad norm (post clip)   0.000, rho_Whh  1.10, Omega  0.00, alpha  0.000, steps in the past 0.000, valid nll 0.119
  [diag] log10|dL/dh_t| hist bins=60 range=(-6.03,-3.35) mean=-5.34 p50=-5.40 p05=-5.62 p95=-4.44
  [diag] sat-dist hist bins=60 sat<0.05=0.0% mean=0.624 p10=0.622 p90=0.624
Iter 0005360: train nll 0.151, valid error 100.000%, best valid error 100.000%, avg grad norm   0.498, avg grad norm (post clip)   0.000, rho_Whh  1.10, Omega  0.00, alpha  0.000, steps in the past 0.000, valid nll 0.119
  [diag] log10|dL/dh_t| hist bins=60 range=(-6.04,-3.34) mean=-5.39 p50=-5.45 p05=-5.66 p95=-4.45
  [diag] sat-dist hist bins=60 sat<0.05=0.0% mean=0.617 p10=0.615 p90=0.617
Iter 0005380: train nll 0.147, valid error 100.000%, best valid error 100.000%, avg grad norm   0.548, avg grad norm (post clip)   0.000, rho_Whh  1.09, Omega  0.00, alpha  0.000, steps in the past 0.000, valid nll 0.119
  [diag] log10|dL/dh_t| hist bins=60 range=(-6.11,-3.31) mean=-5.57 p50=-5.66 p05=-5.81 p95=-4.46
  [diag] sat-dist hist bins=60 sat<0.05=0.0% mean=0.592 p10=0.588 p90=0.589
Iter 0005400: train nll 0.170, valid error 100.000%, best valid error 100.000%, avg grad norm   0.579, avg grad norm (post clip)   0.000, rho_Whh  1.09, Omega  0.00, alpha  0.000, steps in the past 0.000, valid nll 0.121
  [diag] log10|dL/dh_t| hist bins=60 range=(-6.02,-3.36) mean=-5.27 p50=-5.33 p05=-5.58 p95=-4.45
  [diag] sat-dist hist bins=60 sat<0.05=0.0% mean=0.634 p10=0.633 p90=0.635
Iter 0005420: train nll 0.145, valid error 100.000%, best valid error 100.000%, avg grad norm   0.376, avg grad norm (post clip)   0.000, rho_Whh  1.10, Omega  0.00, alpha  0.000, steps in the past 0.000, valid nll 0.118
  [diag] log10|dL/dh_t| hist bins=60 range=(-6.06,-3.34) mean=-5.36 p50=-5.43 p05=-5.67 p95=-4.46
  [diag] sat-dist hist bins=60 sat<0.05=0.0% mean=0.621 p10=0.620 p90=0.621
Iter 0005440: train nll 0.135, valid error 100.000%, best valid error 100.000%, avg grad norm   0.238, avg grad norm (post clip)   0.000, rho_Whh  1.10, Omega  0.00, alpha  0.000, steps in the past 0.000, valid nll 0.118
  [diag] log10|dL/dh_t| hist bins=60 range=(-6.06,-3.35) mean=-5.36 p50=-5.42 p05=-5.67 p95=-4.46
  [diag] sat-dist hist bins=60 sat<0.05=0.0% mean=0.622 p10=0.621 p90=0.622
Iter 0005460: train nll 0.134, valid error 100.000%, best valid error 100.000%, avg grad norm   0.375, avg grad norm (post clip)   0.000, rho_Whh  1.10, Omega  0.00, alpha  0.000, steps in the past 0.000, valid nll 0.118
  [diag] log10|dL/dh_t| hist bins=60 range=(-6.16,-3.30) mean=-5.67 p50=-5.76 p05=-5.90 p95=-4.47
  [diag] sat-dist hist bins=60 sat<0.05=0.0% mean=0.580 p10=0.575 p90=0.576
Iter 0005480: train nll 0.149, valid error 100.000%, best valid error 100.000%, avg grad norm   0.599, avg grad norm (post clip)   0.000, rho_Whh  1.09, Omega  0.00, alpha  0.000, steps in the past 0.000, valid nll 0.123
  [diag] log10|dL/dh_t| hist bins=60 range=(-6.08,-3.34) mean=-5.40 p50=-5.47 p05=-5.70 p95=-4.47
  [diag] sat-dist hist bins=60 sat<0.05=0.0% mean=0.616 p10=0.615 p90=0.616
Iter 0005500: train nll 0.153, valid error 100.000%, best valid error 100.000%, avg grad norm   0.398, avg grad norm (post clip)   0.000, rho_Whh  1.09, Omega  0.00, alpha  0.000, steps in the past 0.000, valid nll 0.118
  [diag] log10|dL/dh_t| hist bins=60 range=(-6.04,-3.37) mean=-5.25 p50=-5.30 p05=-5.60 p95=-4.47
  [diag] sat-dist hist bins=60 sat<0.05=0.0% mean=0.639 p10=0.638 p90=0.640
Iter 0005520: train nll 0.160, valid error 100.000%, best valid error 100.000%, avg grad norm   0.639, avg grad norm (post clip)   0.000, rho_Whh  1.10, Omega  0.00, alpha  0.000, steps in the past 0.000, valid nll 0.117
  [diag] log10|dL/dh_t| hist bins=60 range=(-6.04,-3.38) mean=-5.23 p50=-5.27 p05=-5.60 p95=-4.47
  [diag] sat-dist hist bins=60 sat<0.05=0.0% mean=0.642 p10=0.642 p90=0.646
Iter 0005540: train nll 0.140, valid error 100.000%, best valid error 100.000%, avg grad norm   0.304, avg grad norm (post clip)   0.000, rho_Whh  1.10, Omega  0.00, alpha  0.000, steps in the past 0.000, valid nll 0.117
  [diag] log10|dL/dh_t| hist bins=60 range=(-6.09,-3.34) mean=-5.40 p50=-5.47 p05=-5.71 p95=-4.48
  [diag] sat-dist hist bins=60 sat<0.05=0.0% mean=0.618 p10=0.616 p90=0.618
Iter 0005560: train nll 0.146, valid error 100.000%, best valid error 100.000%, avg grad norm   0.486, avg grad norm (post clip)   0.000, rho_Whh  1.09, Omega  0.00, alpha  0.000, steps in the past 0.000, valid nll 0.117
  [diag] log10|dL/dh_t| hist bins=60 range=(-6.02,-3.43) mean=-5.08 p50=-5.10 p05=-5.59 p95=-4.48
  [diag] sat-dist hist bins=60 sat<0.05=0.0% mean=0.664 p10=0.661 p90=0.670
Iter 0005580: train nll 0.152, valid error 100.000%, best valid error 100.000%, avg grad norm   0.435, avg grad norm (post clip)   0.000, rho_Whh  1.10, Omega  0.00, alpha  0.000, steps in the past 0.000, valid nll 0.119
  [diag] log10|dL/dh_t| hist bins=60 range=(-6.09,-3.35) mean=-5.38 p50=-5.44 p05=-5.69 p95=-4.49
  [diag] sat-dist hist bins=60 sat<0.05=0.0% mean=0.622 p10=0.621 p90=0.622
Iter 0005600: train nll 0.140, valid error 100.000%, best valid error 100.000%, avg grad norm   0.444, avg grad norm (post clip)   0.000, rho_Whh  1.10, Omega  0.00, alpha  0.000, steps in the past 0.000, valid nll 0.117
  [diag] log10|dL/dh_t| hist bins=60 range=(-6.08,-3.36) mean=-5.34 p50=-5.39 p05=-5.67 p95=-4.49
  [diag] sat-dist hist bins=60 sat<0.05=0.0% mean=0.628 p10=0.627 p90=0.629
Iter 0005620: train nll 0.135, valid error 100.000%, best valid error 100.000%, avg grad norm   0.341, avg grad norm (post clip)   0.000, rho_Whh  1.10, Omega  0.00, alpha  0.000, steps in the past 0.000, valid nll 0.116
  [diag] log10|dL/dh_t| hist bins=60 range=(-6.10,-3.35) mean=-5.35 p50=-5.41 p05=-5.70 p95=-4.49
  [diag] sat-dist hist bins=60 sat<0.05=0.0% mean=0.626 p10=0.625 p90=0.627
Iter 0005640: train nll 0.130, valid error 100.000%, best valid error 100.000%, avg grad norm   0.224, avg grad norm (post clip)   0.000, rho_Whh  1.10, Omega  0.00, alpha  0.000, steps in the past 0.000, valid nll 0.116
  [diag] log10|dL/dh_t| hist bins=60 range=(-6.08,-3.37) mean=-5.29 p50=-5.34 p05=-5.65 p95=-4.50
  [diag] sat-dist hist bins=60 sat<0.05=0.0% mean=0.635 p10=0.634 p90=0.637
Iter 0005660: train nll 0.148, valid error 100.000%, best valid error 100.000%, avg grad norm   0.535, avg grad norm (post clip)   0.000, rho_Whh  1.10, Omega  0.00, alpha  0.000, steps in the past 0.000, valid nll 0.116
  [diag] log10|dL/dh_t| hist bins=60 range=(-6.09,-3.35) mean=-5.36 p50=-5.41 p05=-5.68 p95=-4.50
  [diag] sat-dist hist bins=60 sat<0.05=0.0% mean=0.626 p10=0.625 p90=0.627
Iter 0005680: train nll 0.139, valid error 100.000%, best valid error 100.000%, avg grad norm   0.528, avg grad norm (post clip)   0.000, rho_Whh  1.10, Omega  0.00, alpha  0.000, steps in the past 0.000, valid nll 0.116
  [diag] log10|dL/dh_t| hist bins=60 range=(-6.09,-3.35) mean=-5.39 p50=-5.45 p05=-5.70 p95=-4.51
  [diag] sat-dist hist bins=60 sat<0.05=0.0% mean=0.622 p10=0.621 p90=0.622
Iter 0005700: train nll 0.130, valid error 100.000%, best valid error 100.000%, avg grad norm   0.441, avg grad norm (post clip)   0.000, rho_Whh  1.09, Omega  0.00, alpha  0.000, steps in the past 0.000, valid nll 0.116
  [diag] log10|dL/dh_t| hist bins=60 range=(-6.13,-3.34) mean=-5.44 p50=-5.51 p05=-5.76 p95=-4.51
  [diag] sat-dist hist bins=60 sat<0.05=0.0% mean=0.615 p10=0.613 p90=0.615
Iter 0005720: train nll 0.153, valid error 100.000%, best valid error 100.000%, avg grad norm   0.284, avg grad norm (post clip)   0.000, rho_Whh  1.09, Omega  0.00, alpha  0.000, steps in the past 0.000, valid nll 0.116
  [diag] log10|dL/dh_t| hist bins=60 range=(-6.08,-3.39) mean=-5.23 p50=-5.27 p05=-5.65 p95=-4.51
  [diag] sat-dist hist bins=60 sat<0.05=0.0% mean=0.645 p10=0.642 p90=0.648
Iter 0005740: train nll 0.149, valid error 100.000%, best valid error 100.000%, avg grad norm   0.403, avg grad norm (post clip)   0.000, rho_Whh  1.10, Omega  0.00, alpha  0.000, steps in the past 0.000, valid nll 0.116
  [diag] log10|dL/dh_t| hist bins=60 range=(-6.05,-3.42) mean=-5.15 p50=-5.18 p05=-5.64 p95=-4.51
  [diag] sat-dist hist bins=60 sat<0.05=0.0% mean=0.656 p10=0.655 p90=0.661
Iter 0005760: train nll 0.155, valid error 100.000%, best valid error 100.000%, avg grad norm   0.653, avg grad norm (post clip)   0.000, rho_Whh  1.10, Omega  0.00, alpha  0.000, steps in the past 0.000, valid nll 0.117
  [diag] log10|dL/dh_t| hist bins=60 range=(-6.12,-3.35) mean=-5.40 p50=-5.46 p05=-5.74 p95=-4.52
  [diag] sat-dist hist bins=60 sat<0.05=0.0% mean=0.622 p10=0.621 p90=0.622
Iter 0005780: train nll 0.162, valid error 100.000%, best valid error 100.000%, avg grad norm   0.419, avg grad norm (post clip)   0.000, rho_Whh  1.09, Omega  0.00, alpha  0.000, steps in the past 0.000, valid nll 0.115
  [diag] log10|dL/dh_t| hist bins=60 range=(-6.03,-3.45) mean=-5.08 p50=-5.11 p05=-5.58 p95=-4.52
  [diag] sat-dist hist bins=60 sat<0.05=0.0% mean=0.667 p10=0.665 p90=0.673
Iter 0005800: train nll 0.147, valid error 100.000%, best valid error 100.000%, avg grad norm   0.621, avg grad norm (post clip)   0.000, rho_Whh  1.10, Omega  0.00, alpha  0.000, steps in the past 0.000, valid nll 0.118
  [diag] log10|dL/dh_t| hist bins=60 range=(-6.09,-3.37) mean=-5.30 p50=-5.35 p05=-5.67 p95=-4.52
  [diag] sat-dist hist bins=60 sat<0.05=0.0% mean=0.636 p10=0.635 p90=0.638
Iter 0005820: train nll 0.156, valid error 100.000%, best valid error 100.000%, avg grad norm   0.474, avg grad norm (post clip)   0.000, rho_Whh  1.09, Omega  0.00, alpha  0.000, steps in the past 0.000, valid nll 0.115
  [diag] log10|dL/dh_t| hist bins=60 range=(-6.13,-3.35) mean=-5.41 p50=-5.47 p05=-5.75 p95=-4.53
  [diag] sat-dist hist bins=60 sat<0.05=0.0% mean=0.622 p10=0.620 p90=0.622
Iter 0005840: train nll 0.155, valid error 100.000%, best valid error 100.000%, avg grad norm   0.326, avg grad norm (post clip)   0.000, rho_Whh  1.09, Omega  0.00, alpha  0.000, steps in the past 0.000, valid nll 0.115
  [diag] log10|dL/dh_t| hist bins=60 range=(-6.11,-3.35) mean=-5.38 p50=-5.44 p05=-5.72 p95=-4.53
  [diag] sat-dist hist bins=60 sat<0.05=0.0% mean=0.625 p10=0.624 p90=0.626
Iter 0005860: train nll 0.136, valid error 100.000%, best valid error 100.000%, avg grad norm   0.471, avg grad norm (post clip)   0.000, rho_Whh  1.09, Omega  0.00, alpha  0.000, steps in the past 0.000, valid nll 0.115
  [diag] log10|dL/dh_t| hist bins=60 range=(-6.17,-3.32) mean=-5.54 p50=-5.62 p05=-5.84 p95=-4.54
  [diag] sat-dist hist bins=60 sat<0.05=0.0% mean=0.605 p10=0.602 p90=0.604
Iter 0005880: train nll 0.170, valid error 100.000%, best valid error 100.000%, avg grad norm   0.446, avg grad norm (post clip)   0.000, rho_Whh  1.09, Omega  0.00, alpha  0.000, steps in the past 0.000, valid nll 0.116
  [diag] log10|dL/dh_t| hist bins=60 range=(-6.12,-3.37) mean=-5.33 p50=-5.39 p05=-5.71 p95=-4.54
  [diag] sat-dist hist bins=60 sat<0.05=0.0% mean=0.632 p10=0.632 p90=0.635
Iter 0005900: train nll 0.155, valid error 100.000%, best valid error 100.000%, avg grad norm   0.347, avg grad norm (post clip)   0.000, rho_Whh  1.09, Omega  0.00, alpha  0.000, steps in the past 0.000, valid nll 0.114
  [diag] log10|dL/dh_t| hist bins=60 range=(-6.10,-3.40) mean=-5.24 p50=-5.28 p05=-5.69 p95=-4.54
  [diag] sat-dist hist bins=60 sat<0.05=0.0% mean=0.645 p10=0.642 p90=0.649
Iter 0005920: train nll 0.156, valid error 100.000%, best valid error 100.000%, avg grad norm   0.484, avg grad norm (post clip)   0.000, rho_Whh  1.10, Omega  0.00, alpha  0.000, steps in the past 0.000, valid nll 0.115
  [diag] log10|dL/dh_t| hist bins=60 range=(-6.13,-3.38) mean=-5.32 p50=-5.36 p05=-5.71 p95=-4.55
  [diag] sat-dist hist bins=60 sat<0.05=0.0% mean=0.635 p10=0.636 p90=0.638
Iter 0005940: train nll 0.142, valid error 100.000%, best valid error 100.000%, avg grad norm   0.348, avg grad norm (post clip)   0.000, rho_Whh  1.10, Omega  0.00, alpha  0.000, steps in the past 0.000, valid nll 0.114
  [diag] log10|dL/dh_t| hist bins=60 range=(-6.27,-3.29) mean=-5.81 p50=-5.91 p05=-6.05 p95=-4.56
  [diag] sat-dist hist bins=60 sat<0.05=0.0% mean=0.571 p10=0.566 p90=0.567
Iter 0005960: train nll 0.136, valid error 100.000%, best valid error 100.000%, avg grad norm   0.539, avg grad norm (post clip)   0.000, rho_Whh  1.08, Omega  0.00, alpha  0.000, steps in the past 0.000, valid nll 0.120
  [diag] log10|dL/dh_t| hist bins=60 range=(-6.11,-3.39) mean=-5.30 p50=-5.35 p05=-5.71 p95=-4.55
  [diag] sat-dist hist bins=60 sat<0.05=0.0% mean=0.639 p10=0.639 p90=0.641
Iter 0005980: train nll 0.140, valid error 100.000%, best valid error 100.000%, avg grad norm   0.266, avg grad norm (post clip)   0.000, rho_Whh  1.09, Omega  0.00, alpha  0.000, steps in the past 0.000, valid nll 0.114
  [diag] log10|dL/dh_t| hist bins=60 range=(-6.12,-3.37) mean=-5.35 p50=-5.41 p05=-5.71 p95=-4.56
  [diag] sat-dist hist bins=60 sat<0.05=0.0% mean=0.632 p10=0.632 p90=0.634
Iter 0006000: train nll 0.161, valid error 100.000%, best valid error 100.000%, avg grad norm   0.553, avg grad norm (post clip)   0.000, rho_Whh  1.09, Omega  0.00, alpha  0.000, steps in the past 0.000, valid nll 0.114
  [diag] log10|dL/dh_t| hist bins=60 range=(-6.17,-3.33) mean=-5.52 p50=-5.59 p05=-5.84 p95=-4.56
  [diag] sat-dist hist bins=60 sat<0.05=0.0% mean=0.609 p10=0.607 p90=0.608
Iter 0006020: train nll 0.129, valid error 100.000%, best valid error 100.000%, avg grad norm   0.243, avg grad norm (post clip)   0.000, rho_Whh  1.09, Omega  0.00, alpha  0.000, steps in the past 0.000, valid nll 0.114
  [diag] log10|dL/dh_t| hist bins=60 range=(-6.12,-3.39) mean=-5.29 p50=-5.33 p05=-5.72 p95=-4.56
  [diag] sat-dist hist bins=60 sat<0.05=0.0% mean=0.641 p10=0.638 p90=0.644
Iter 0006040: train nll 0.123, valid error 100.000%, best valid error 100.000%, avg grad norm   0.219, avg grad norm (post clip)   0.000, rho_Whh  1.09, Omega  0.00, alpha  0.000, steps in the past 0.000, valid nll 0.114
  [diag] log10|dL/dh_t| hist bins=60 range=(-6.12,-3.41) mean=-5.25 p50=-5.29 p05=-5.72 p95=-4.56
  [diag] sat-dist hist bins=60 sat<0.05=0.0% mean=0.646 p10=0.643 p90=0.650
Iter 0006060: train nll 0.152, valid error 100.000%, best valid error 100.000%, avg grad norm   0.435, avg grad norm (post clip)   0.000, rho_Whh  1.10, Omega  0.00, alpha  0.000, steps in the past 0.000, valid nll 0.114
  [diag] log10|dL/dh_t| hist bins=60 range=(-6.11,-3.42) mean=-5.22 p50=-5.26 p05=-5.72 p95=-4.57
  [diag] sat-dist hist bins=60 sat<0.05=0.0% mean=0.650 p10=0.646 p90=0.654
Iter 0006080: train nll 0.150, valid error 100.000%, best valid error 100.000%, avg grad norm   0.473, avg grad norm (post clip)   0.000, rho_Whh  1.10, Omega  0.00, alpha  0.000, steps in the past 0.000, valid nll 0.114
  [diag] log10|dL/dh_t| hist bins=60 range=(-6.16,-3.35) mean=-5.46 p50=-5.52 p05=-5.79 p95=-4.57
  [diag] sat-dist hist bins=60 sat<0.05=0.0% mean=0.619 p10=0.618 p90=0.619
Iter 0006100: train nll 0.147, valid error 100.000%, best valid error 100.000%, avg grad norm   0.526, avg grad norm (post clip)   0.000, rho_Whh  1.09, Omega  0.00, alpha  0.000, steps in the past 0.000, valid nll 0.113
  [diag] log10|dL/dh_t| hist bins=60 range=(-6.15,-3.36) mean=-5.41 p50=-5.47 p05=-5.76 p95=-4.58
  [diag] sat-dist hist bins=60 sat<0.05=0.0% mean=0.625 p10=0.625 p90=0.626
Iter 0006120: train nll 0.149, valid error 100.000%, best valid error 100.000%, avg grad norm   0.397, avg grad norm (post clip)   0.000, rho_Whh  1.09, Omega  0.00, alpha  0.000, steps in the past 0.000, valid nll 0.113
  [diag] log10|dL/dh_t| hist bins=60 range=(-6.19,-3.33) mean=-5.55 p50=-5.62 p05=-5.85 p95=-4.58
  [diag] sat-dist hist bins=60 sat<0.05=0.0% mean=0.608 p10=0.606 p90=0.607
Iter 0006140: train nll 0.148, valid error 100.000%, best valid error 100.000%, avg grad norm   0.575, avg grad norm (post clip)   0.000, rho_Whh  1.09, Omega  0.00, alpha  0.000, steps in the past 0.000, valid nll 0.114
  [diag] log10|dL/dh_t| hist bins=60 range=(-6.15,-3.37) mean=-5.41 p50=-5.46 p05=-5.76 p95=-4.58
  [diag] sat-dist hist bins=60 sat<0.05=0.0% mean=0.627 p10=0.626 p90=0.628
Iter 0006160: train nll 0.132, valid error 100.000%, best valid error 100.000%, avg grad norm   0.241, avg grad norm (post clip)   0.000, rho_Whh  1.09, Omega  0.00, alpha  0.000, steps in the past 0.000, valid nll 0.113
  [diag] log10|dL/dh_t| hist bins=60 range=(-6.13,-3.39) mean=-5.32 p50=-5.37 p05=-5.75 p95=-4.58
  [diag] sat-dist hist bins=60 sat<0.05=0.0% mean=0.638 p10=0.637 p90=0.640
Iter 0006180: train nll 0.152, valid error 100.000%, best valid error 100.000%, avg grad norm   0.478, avg grad norm (post clip)   0.000, rho_Whh  1.09, Omega  0.00, alpha  0.000, steps in the past 0.000, valid nll 0.113
  [diag] log10|dL/dh_t| hist bins=60 range=(-6.10,-3.46) mean=-5.16 p50=-5.19 p05=-5.71 p95=-4.59
  [diag] sat-dist hist bins=60 sat<0.05=0.0% mean=0.660 p10=0.657 p90=0.666
Iter 0006200: train nll 0.161, valid error 100.000%, best valid error 100.000%, avg grad norm   0.467, avg grad norm (post clip)   0.000, rho_Whh  1.10, Omega  0.00, alpha  0.000, steps in the past 0.000, valid nll 0.114
  [diag] log10|dL/dh_t| hist bins=60 range=(-6.23,-3.32) mean=-5.61 p50=-5.69 p05=-5.92 p95=-4.60
  [diag] sat-dist hist bins=60 sat<0.05=0.0% mean=0.601 p10=0.599 p90=0.600
Iter 0006220: train nll 0.148, valid error 100.000%, best valid error 100.000%, avg grad norm   0.380, avg grad norm (post clip)   0.000, rho_Whh  1.09, Omega  0.00, alpha  0.000, steps in the past 0.000, valid nll 0.114
  [diag] log10|dL/dh_t| hist bins=60 range=(-6.16,-3.37) mean=-5.40 p50=-5.45 p05=-5.77 p95=-4.60
  [diag] sat-dist hist bins=60 sat<0.05=0.0% mean=0.629 p10=0.629 p90=0.631
Iter 0006240: train nll 0.151, valid error 100.000%, best valid error 100.000%, avg grad norm   0.560, avg grad norm (post clip)   0.000, rho_Whh  1.09, Omega  0.00, alpha  0.000, steps in the past 0.000, valid nll 0.112
  [diag] log10|dL/dh_t| hist bins=60 range=(-6.15,-3.38) mean=-5.37 p50=-5.43 p05=-5.77 p95=-4.60
  [diag] sat-dist hist bins=60 sat<0.05=0.0% mean=0.633 p10=0.632 p90=0.635
Iter 0006260: train nll 0.137, valid error 100.000%, best valid error 100.000%, avg grad norm   0.331, avg grad norm (post clip)   0.000, rho_Whh  1.09, Omega  0.00, alpha  0.000, steps in the past 0.000, valid nll 0.112
  [diag] log10|dL/dh_t| hist bins=60 range=(-6.21,-3.33) mean=-5.55 p50=-5.63 p05=-5.88 p95=-4.61
  [diag] sat-dist hist bins=60 sat<0.05=0.0% mean=0.609 p10=0.607 p90=0.608
Iter 0006280: train nll 0.121, valid error 100.000%, best valid error 100.000%, avg grad norm   0.287, avg grad norm (post clip)   0.000, rho_Whh  1.09, Omega  0.00, alpha  0.000, steps in the past 0.000, valid nll 0.113
  [diag] log10|dL/dh_t| hist bins=60 range=(-6.09,-3.53) mean=-5.03 p50=-5.04 p05=-5.66 p95=-4.60
  [diag] sat-dist hist bins=60 sat<0.05=0.0% mean=0.678 p10=0.665 p90=0.687
Iter 0006300: train nll 0.131, valid error 100.000%, best valid error 100.000%, avg grad norm   0.249, avg grad norm (post clip)   0.000, rho_Whh  1.10, Omega  0.00, alpha  0.000, steps in the past 0.000, valid nll 0.117
  [diag] log10|dL/dh_t| hist bins=60 range=(-6.19,-3.36) mean=-5.46 p50=-5.52 p05=-5.82 p95=-4.61
  [diag] sat-dist hist bins=60 sat<0.05=0.0% mean=0.621 p10=0.621 p90=0.622
Iter 0006320: train nll 0.149, valid error 100.000%, best valid error 100.000%, avg grad norm   0.534, avg grad norm (post clip)   0.000, rho_Whh  1.09, Omega  0.00, alpha  0.000, steps in the past 0.000, valid nll 0.112
  [diag] log10|dL/dh_t| hist bins=60 range=(-6.15,-3.43) mean=-5.25 p50=-5.29 p05=-5.77 p95=-4.61
  [diag] sat-dist hist bins=60 sat<0.05=0.0% mean=0.649 p10=0.644 p90=0.653
Iter 0006340: train nll 0.142, valid error 100.000%, best valid error 100.000%, avg grad norm   0.266, avg grad norm (post clip)   0.000, rho_Whh  1.09, Omega  0.00, alpha  0.000, steps in the past 0.000, valid nll 0.112
  [diag] log10|dL/dh_t| hist bins=60 range=(-6.20,-3.35) mean=-5.49 p50=-5.56 p05=-5.85 p95=-4.62
  [diag] sat-dist hist bins=60 sat<0.05=0.0% mean=0.618 p10=0.617 p90=0.618
Iter 0006360: train nll 0.163, valid error 100.000%, best valid error 100.000%, avg grad norm   0.567, avg grad norm (post clip)   0.000, rho_Whh  1.09, Omega  0.00, alpha  0.000, steps in the past 0.000, valid nll 0.112
  [diag] log10|dL/dh_t| hist bins=60 range=(-6.12,-3.50) mean=-5.13 p50=-5.15 p05=-5.73 p95=-4.61
  [diag] sat-dist hist bins=60 sat<0.05=0.0% mean=0.666 p10=0.658 p90=0.673
Iter 0006380: train nll 0.135, valid error 100.000%, best valid error 100.000%, avg grad norm   0.259, avg grad norm (post clip)   0.000, rho_Whh  1.10, Omega  0.00, alpha  0.000, steps in the past 0.000, valid nll 0.114
  [diag] log10|dL/dh_t| hist bins=60 range=(-6.16,-3.41) mean=-5.33 p50=-5.38 p05=-5.79 p95=-4.62
  [diag] sat-dist hist bins=60 sat<0.05=0.0% mean=0.639 p10=0.637 p90=0.643
Iter 0006400: train nll 0.157, valid error 100.000%, best valid error 100.000%, avg grad norm   0.541, avg grad norm (post clip)   0.000, rho_Whh  1.09, Omega  0.00, alpha  0.000, steps in the past 0.000, valid nll 0.112
  [diag] log10|dL/dh_t| hist bins=60 range=(-6.21,-3.37) mean=-5.47 p50=-5.53 p05=-5.84 p95=-4.63
  [diag] sat-dist hist bins=60 sat<0.05=0.0% mean=0.622 p10=0.622 p90=0.623
Iter 0006420: train nll 0.134, valid error 100.000%, best valid error 100.000%, avg grad norm   0.313, avg grad norm (post clip)   0.000, rho_Whh  1.09, Omega  0.00, alpha  0.000, steps in the past 0.000, valid nll 0.111
  [diag] log10|dL/dh_t| hist bins=60 range=(-6.18,-3.40) mean=-5.38 p50=-5.43 p05=-5.81 p95=-4.63
  [diag] sat-dist hist bins=60 sat<0.05=0.0% mean=0.633 p10=0.631 p90=0.635
Iter 0006440: train nll 0.156, valid error 100.000%, best valid error 100.000%, avg grad norm   0.481, avg grad norm (post clip)   0.000, rho_Whh  1.09, Omega  0.00, alpha  0.000, steps in the past 0.000, valid nll 0.111
  [diag] log10|dL/dh_t| hist bins=60 range=(-6.18,-3.42) mean=-5.32 p50=-5.37 p05=-5.81 p95=-4.63
  [diag] sat-dist hist bins=60 sat<0.05=0.0% mean=0.641 p10=0.636 p90=0.644
Iter 0006460: train nll 0.119, valid error 100.000%, best valid error 100.000%, avg grad norm   0.215, avg grad norm (post clip)   0.000, rho_Whh  1.09, Omega  0.00, alpha  0.000, steps in the past 0.000, valid nll 0.111
  [diag] log10|dL/dh_t| hist bins=60 range=(-6.21,-3.38) mean=-5.44 p50=-5.50 p05=-5.84 p95=-4.64
  [diag] sat-dist hist bins=60 sat<0.05=0.0% mean=0.626 p10=0.626 p90=0.627
Iter 0006480: train nll 0.143, valid error 100.000%, best valid error 100.000%, avg grad norm   0.380, avg grad norm (post clip)   0.000, rho_Whh  1.09, Omega  0.00, alpha  0.000, steps in the past 0.000, valid nll 0.111
  [diag] log10|dL/dh_t| hist bins=60 range=(-6.21,-3.39) mean=-5.42 p50=-5.47 p05=-5.83 p95=-4.64
  [diag] sat-dist hist bins=60 sat<0.05=0.0% mean=0.629 p10=0.629 p90=0.631
Iter 0006500: train nll 0.147, valid error 100.000%, best valid error 100.000%, avg grad norm   0.410, avg grad norm (post clip)   0.000, rho_Whh  1.09, Omega  0.00, alpha  0.000, steps in the past 0.000, valid nll 0.111
  [diag] log10|dL/dh_t| hist bins=60 range=(-6.22,-3.38) mean=-5.44 p50=-5.49 p05=-5.85 p95=-4.64
  [diag] sat-dist hist bins=60 sat<0.05=0.0% mean=0.626 p10=0.627 p90=0.629
Iter 0006520: train nll 0.139, valid error 100.000%, best valid error 100.000%, avg grad norm   0.294, avg grad norm (post clip)   0.000, rho_Whh  1.09, Omega  0.00, alpha  0.000, steps in the past 0.000, valid nll 0.111
  [diag] log10|dL/dh_t| hist bins=60 range=(-6.27,-3.34) mean=-5.61 p50=-5.68 p05=-5.96 p95=-4.65
  [diag] sat-dist hist bins=60 sat<0.05=0.0% mean=0.605 p10=0.604 p90=0.605
Iter 0006540: train nll 0.153, valid error 100.000%, best valid error 100.000%, avg grad norm   0.401, avg grad norm (post clip)   0.000, rho_Whh  1.09, Omega  0.00, alpha  0.000, steps in the past 0.000, valid nll 0.112
  [diag] log10|dL/dh_t| hist bins=60 range=(-6.17,-3.47) mean=-5.23 p50=-5.26 p05=-5.82 p95=-4.65
  [diag] sat-dist hist bins=60 sat<0.05=0.0% mean=0.654 p10=0.647 p90=0.659
Iter 0006560: train nll 0.154, valid error 100.000%, best valid error 100.000%, avg grad norm   0.494, avg grad norm (post clip)   0.000, rho_Whh  1.10, Omega  0.00, alpha  0.000, steps in the past 0.000, valid nll 0.112
  [diag] log10|dL/dh_t| hist bins=60 range=(-6.22,-3.39) mean=-5.43 p50=-5.48 p05=-5.84 p95=-4.65
  [diag] sat-dist hist bins=60 sat<0.05=0.0% mean=0.628 p10=0.629 p90=0.630
Iter 0006580: train nll 0.138, valid error 100.000%, best valid error 100.000%, avg grad norm   0.393, avg grad norm (post clip)   0.000, rho_Whh  1.09, Omega  0.00, alpha  0.000, steps in the past 0.000, valid nll 0.110
  [diag] log10|dL/dh_t| hist bins=60 range=(-6.20,-3.40) mean=-5.41 p50=-5.46 p05=-5.84 p95=-4.66
  [diag] sat-dist hist bins=60 sat<0.05=0.0% mean=0.631 p10=0.629 p90=0.634
Iter 0006600: train nll 0.142, valid error 100.000%, best valid error 100.000%, avg grad norm   0.446, avg grad norm (post clip)   0.000, rho_Whh  1.09, Omega  0.00, alpha  0.000, steps in the past 0.000, valid nll 0.110
  [diag] log10|dL/dh_t| hist bins=60 range=(-6.20,-3.42) mean=-5.36 p50=-5.40 p05=-5.84 p95=-4.66
  [diag] sat-dist hist bins=60 sat<0.05=0.0% mean=0.638 p10=0.633 p90=0.641
Iter 0006620: train nll 0.145, valid error 100.000%, best valid error 100.000%, avg grad norm   0.317, avg grad norm (post clip)   0.000, rho_Whh  1.09, Omega  0.00, alpha  0.000, steps in the past 0.000, valid nll 0.110
  [diag] log10|dL/dh_t| hist bins=60 range=(-6.20,-3.42) mean=-5.36 p50=-5.40 p05=-5.84 p95=-4.66
  [diag] sat-dist hist bins=60 sat<0.05=0.0% mean=0.638 p10=0.634 p90=0.642
Iter 0006640: train nll 0.151, valid error 100.000%, best valid error 100.000%, avg grad norm   0.450, avg grad norm (post clip)   0.000, rho_Whh  1.09, Omega  0.00, alpha  0.000, steps in the past 0.000, valid nll 0.110
  [diag] log10|dL/dh_t| hist bins=60 range=(-6.20,-3.45) mean=-5.29 p50=-5.33 p05=-5.84 p95=-4.66
  [diag] sat-dist hist bins=60 sat<0.05=0.0% mean=0.647 p10=0.640 p90=0.651
Iter 0006660: train nll 0.142, valid error 100.000%, best valid error 100.000%, avg grad norm   0.321, avg grad norm (post clip)   0.000, rho_Whh  1.09, Omega  0.00, alpha  0.000, steps in the past 0.000, valid nll 0.111
  [diag] log10|dL/dh_t| hist bins=60 range=(-6.23,-3.40) mean=-5.44 p50=-5.49 p05=-5.86 p95=-4.67
  [diag] sat-dist hist bins=60 sat<0.05=0.0% mean=0.629 p10=0.627 p90=0.631
Iter 0006680: train nll 0.137, valid error 100.000%, best valid error 100.000%, avg grad norm   0.364, avg grad norm (post clip)   0.000, rho_Whh  1.09, Omega  0.00, alpha  0.000, steps in the past 0.000, valid nll 0.110
  [diag] log10|dL/dh_t| hist bins=60 range=(-6.23,-3.40) mean=-5.43 p50=-5.48 p05=-5.87 p95=-4.67
  [diag] sat-dist hist bins=60 sat<0.05=0.0% mean=0.629 p10=0.625 p90=0.632
Iter 0006700: train nll 0.130, valid error 100.000%, best valid error 100.000%, avg grad norm   0.263, avg grad norm (post clip)   0.000, rho_Whh  1.09, Omega  0.00, alpha  0.000, steps in the past 0.000, valid nll 0.110
  [diag] log10|dL/dh_t| hist bins=60 range=(-6.22,-3.40) mean=-5.43 p50=-5.48 p05=-5.87 p95=-4.67
  [diag] sat-dist hist bins=60 sat<0.05=0.0% mean=0.630 p10=0.627 p90=0.632
Iter 0006720: train nll 0.146, valid error 100.000%, best valid error 100.000%, avg grad norm   0.508, avg grad norm (post clip)   0.000, rho_Whh  1.09, Omega  0.00, alpha  0.000, steps in the past 0.000, valid nll 0.110
  [diag] log10|dL/dh_t| hist bins=60 range=(-6.25,-3.38) mean=-5.49 p50=-5.55 p05=-5.89 p95=-4.68
  [diag] sat-dist hist bins=60 sat<0.05=0.0% mean=0.622 p10=0.622 p90=0.624
Iter 0006740: train nll 0.140, valid error 100.000%, best valid error 100.000%, avg grad norm   0.228, avg grad norm (post clip)   0.000, rho_Whh  1.09, Omega  0.00, alpha  0.000, steps in the past 0.000, valid nll 0.110
  [diag] log10|dL/dh_t| hist bins=60 range=(-6.26,-3.39) mean=-5.48 p50=-5.54 p05=-5.90 p95=-4.68
  [diag] sat-dist hist bins=60 sat<0.05=0.0% mean=0.624 p10=0.623 p90=0.626
Iter 0006760: train nll 0.130, valid error 100.000%, best valid error 100.000%, avg grad norm   0.222, avg grad norm (post clip)   0.000, rho_Whh  1.09, Omega  0.00, alpha  0.000, steps in the past 0.000, valid nll 0.110
  [diag] log10|dL/dh_t| hist bins=60 range=(-6.33,-3.32) mean=-5.72 p50=-5.80 p05=-6.05 p95=-4.69
  [diag] sat-dist hist bins=60 sat<0.05=0.0% mean=0.594 p10=0.592 p90=0.593
Iter 0006780: train nll 0.123, valid error 100.000%, best valid error 100.000%, avg grad norm   0.288, avg grad norm (post clip)   0.000, rho_Whh  1.09, Omega  0.00, alpha  0.000, steps in the past 0.000, valid nll 0.111
  [diag] log10|dL/dh_t| hist bins=60 range=(-6.22,-3.44) mean=-5.35 p50=-5.40 p05=-5.86 p95=-4.69
  [diag] sat-dist hist bins=60 sat<0.05=0.0% mean=0.640 p10=0.634 p90=0.644
Iter 0006800: train nll 0.141, valid error 100.000%, best valid error 100.000%, avg grad norm   0.436, avg grad norm (post clip)   0.000, rho_Whh  1.09, Omega  0.00, alpha  0.000, steps in the past 0.000, valid nll 0.110
  [diag] log10|dL/dh_t| hist bins=60 range=(-6.24,-3.40) mean=-5.46 p50=-5.52 p05=-5.89 p95=-4.69
  [diag] sat-dist hist bins=60 sat<0.05=0.0% mean=0.627 p10=0.625 p90=0.629
Iter 0006820: train nll 0.132, valid error 100.000%, best valid error 100.000%, avg grad norm   0.318, avg grad norm (post clip)   0.000, rho_Whh  1.09, Omega  0.00, alpha  0.000, steps in the past 0.000, valid nll 0.109
  [diag] log10|dL/dh_t| hist bins=60 range=(-6.24,-3.42) mean=-5.42 p50=-5.47 p05=-5.89 p95=-4.69
  [diag] sat-dist hist bins=60 sat<0.05=0.0% mean=0.632 p10=0.627 p90=0.635
Iter 0006840: train nll 0.131, valid error 100.000%, best valid error 100.000%, avg grad norm   0.286, avg grad norm (post clip)   0.000, rho_Whh  1.09, Omega  0.00, alpha  0.000, steps in the past 0.000, valid nll 0.109
  [diag] log10|dL/dh_t| hist bins=60 range=(-6.25,-3.42) mean=-5.42 p50=-5.47 p05=-5.90 p95=-4.70
  [diag] sat-dist hist bins=60 sat<0.05=0.0% mean=0.632 p10=0.626 p90=0.635
Iter 0006860: train nll 0.128, valid error 100.000%, best valid error 100.000%, avg grad norm   0.263, avg grad norm (post clip)   0.000, rho_Whh  1.09, Omega  0.00, alpha  0.000, steps in the past 0.000, valid nll 0.109
  [diag] log10|dL/dh_t| hist bins=60 range=(-6.26,-3.40) mean=-5.47 p50=-5.52 p05=-5.90 p95=-4.70
  [diag] sat-dist hist bins=60 sat<0.05=0.0% mean=0.626 p10=0.623 p90=0.628
Iter 0006880: train nll 0.141, valid error 100.000%, best valid error 100.000%, avg grad norm   0.408, avg grad norm (post clip)   0.000, rho_Whh  1.09, Omega  0.00, alpha  0.000, steps in the past 0.000, valid nll 0.109
  [diag] log10|dL/dh_t| hist bins=60 range=(-6.25,-3.42) mean=-5.44 p50=-5.49 p05=-5.90 p95=-4.70
  [diag] sat-dist hist bins=60 sat<0.05=0.0% mean=0.630 p10=0.625 p90=0.633
Iter 0006900: train nll 0.133, valid error 100.000%, best valid error 100.000%, avg grad norm   0.290, avg grad norm (post clip)   0.000, rho_Whh  1.09, Omega  0.00, alpha  0.000, steps in the past 0.000, valid nll 0.109
  [diag] log10|dL/dh_t| hist bins=60 range=(-6.25,-3.42) mean=-5.44 p50=-5.49 p05=-5.89 p95=-4.71
  [diag] sat-dist hist bins=60 sat<0.05=0.0% mean=0.630 p10=0.625 p90=0.633
Iter 0006920: train nll 0.142, valid error 100.000%, best valid error 100.000%, avg grad norm   0.409, avg grad norm (post clip)   0.000, rho_Whh  1.09, Omega  0.00, alpha  0.000, steps in the past 0.000, valid nll 0.109
  [diag] log10|dL/dh_t| hist bins=60 range=(-6.20,-3.57) mean=-5.12 p50=-5.14 p05=-5.78 p95=-4.70
  [diag] sat-dist hist bins=60 sat<0.05=0.0% mean=0.671 p10=0.655 p90=0.679
Iter 0006940: train nll 0.140, valid error 100.000%, best valid error 100.000%, avg grad norm   0.297, avg grad norm (post clip)   0.000, rho_Whh  1.10, Omega  0.00, alpha  0.000, steps in the past 0.000, valid nll 0.112
  [diag] log10|dL/dh_t| hist bins=60 range=(-6.20,-3.56) mean=-5.16 p50=-5.18 p05=-5.79 p95=-4.71
  [diag] sat-dist hist bins=60 sat<0.05=0.0% mean=0.666 p10=0.654 p90=0.673
Iter 0006960: train nll 0.152, valid error 100.000%, best valid error 100.000%, avg grad norm   0.511, avg grad norm (post clip)   0.000, rho_Whh  1.10, Omega  0.00, alpha  0.000, steps in the past 0.000, valid nll 0.111
  [diag] log10|dL/dh_t| hist bins=60 range=(-6.21,-3.54) mean=-5.20 p50=-5.23 p05=-5.80 p95=-4.71
  [diag] sat-dist hist bins=60 sat<0.05=0.0% mean=0.661 p10=0.653 p90=0.668
Iter 0006980: train nll 0.154, valid error 100.000%, best valid error 100.000%, avg grad norm   0.479, avg grad norm (post clip)   0.000, rho_Whh  1.10, Omega  0.00, alpha  0.000, steps in the past 0.000, valid nll 0.110
  [diag] log10|dL/dh_t| hist bins=60 range=(-6.23,-3.51) mean=-5.27 p50=-5.30 p05=-5.84 p95=-4.71
  [diag] sat-dist hist bins=60 sat<0.05=0.0% mean=0.653 p10=0.644 p90=0.658
Iter 0007000: train nll 0.123, valid error 100.000%, best valid error 100.000%, avg grad norm   0.170, avg grad norm (post clip)   0.000, rho_Whh  1.09, Omega  0.00, alpha  0.000, steps in the past 0.000, valid nll 0.109
  [diag] log10|dL/dh_t| hist bins=60 range=(-6.27,-3.43) mean=-5.43 p50=-5.48 p05=-5.91 p95=-4.72
  [diag] sat-dist hist bins=60 sat<0.05=0.0% mean=0.632 p10=0.625 p90=0.635
Iter 0007020: train nll 0.126, valid error 100.000%, best valid error 100.000%, avg grad norm   0.282, avg grad norm (post clip)   0.000, rho_Whh  1.09, Omega  0.00, alpha  0.000, steps in the past 0.000, valid nll 0.108
  [diag] log10|dL/dh_t| hist bins=60 range=(-6.29,-3.40) mean=-5.50 p50=-5.56 p05=-5.94 p95=-4.72
  [diag] sat-dist hist bins=60 sat<0.05=0.0% mean=0.623 p10=0.621 p90=0.626
Iter 0007040: train nll 0.128, valid error 100.000%, best valid error 100.000%, avg grad norm   0.257, avg grad norm (post clip)   0.000, rho_Whh  1.09, Omega  0.00, alpha  0.000, steps in the past 0.000, valid nll 0.108
  [diag] log10|dL/dh_t| hist bins=60 range=(-6.30,-3.39) mean=-5.54 p50=-5.60 p05=-5.96 p95=-4.73
  [diag] sat-dist hist bins=60 sat<0.05=0.0% mean=0.619 p10=0.618 p90=0.621
Iter 0007060: train nll 0.134, valid error 100.000%, best valid error 100.000%, avg grad norm   0.298, avg grad norm (post clip)   0.000, rho_Whh  1.09, Omega  0.00, alpha  0.000, steps in the past 0.000, valid nll 0.108
  [diag] log10|dL/dh_t| hist bins=60 range=(-6.29,-3.41) mean=-5.50 p50=-5.56 p05=-5.94 p95=-4.73
  [diag] sat-dist hist bins=60 sat<0.05=0.0% mean=0.624 p10=0.620 p90=0.626
Iter 0007080: train nll 0.137, valid error 100.000%, best valid error 100.000%, avg grad norm   0.372, avg grad norm (post clip)   0.000, rho_Whh  1.09, Omega  0.00, alpha  0.000, steps in the past 0.000, valid nll 0.108
  [diag] log10|dL/dh_t| hist bins=60 range=(-6.29,-3.42) mean=-5.48 p50=-5.53 p05=-5.94 p95=-4.73
  [diag] sat-dist hist bins=60 sat<0.05=0.0% mean=0.627 p10=0.620 p90=0.630
Iter 0007100: train nll 0.132, valid error 100.000%, best valid error 100.000%, avg grad norm   0.240, avg grad norm (post clip)   0.000, rho_Whh  1.09, Omega  0.00, alpha  0.000, steps in the past 0.000, valid nll 0.108
  [diag] log10|dL/dh_t| hist bins=60 range=(-6.29,-3.45) mean=-5.43 p50=-5.47 p05=-5.92 p95=-4.73
  [diag] sat-dist hist bins=60 sat<0.05=0.0% mean=0.633 p10=0.625 p90=0.637
Iter 0007120: train nll 0.132, valid error 100.000%, best valid error 100.000%, avg grad norm   0.262, avg grad norm (post clip)   0.000, rho_Whh  1.09, Omega  0.00, alpha  0.000, steps in the past 0.000, valid nll 0.108
  [diag] log10|dL/dh_t| hist bins=60 range=(-6.29,-3.43) mean=-5.46 p50=-5.51 p05=-5.93 p95=-4.74
  [diag] sat-dist hist bins=60 sat<0.05=0.0% mean=0.629 p10=0.622 p90=0.632
Iter 0007140: train nll 0.131, valid error 100.000%, best valid error 100.000%, avg grad norm   0.336, avg grad norm (post clip)   0.000, rho_Whh  1.09, Omega  0.00, alpha  0.000, steps in the past 0.000, valid nll 0.108
  [diag] log10|dL/dh_t| hist bins=60 range=(-6.29,-3.41) mean=-5.51 p50=-5.57 p05=-5.93 p95=-4.74
  [diag] sat-dist hist bins=60 sat<0.05=0.0% mean=0.624 p10=0.621 p90=0.625
Iter 0007160: train nll 0.148, valid error 100.000%, best valid error 100.000%, avg grad norm   0.579, avg grad norm (post clip)   0.000, rho_Whh  1.09, Omega  0.00, alpha  0.000, steps in the past 0.000, valid nll 0.108
  [diag] log10|dL/dh_t| hist bins=60 range=(-6.28,-3.43) mean=-5.47 p50=-5.52 p05=-5.91 p95=-4.74
  [diag] sat-dist hist bins=60 sat<0.05=0.0% mean=0.630 p10=0.624 p90=0.632
Iter 0007180: train nll 0.123, valid error 100.000%, best valid error 100.000%, avg grad norm   0.261, avg grad norm (post clip)   0.000, rho_Whh  1.09, Omega  0.00, alpha  0.000, steps in the past 0.000, valid nll 0.108
  [diag] log10|dL/dh_t| hist bins=60 range=(-6.29,-3.44) mean=-5.45 p50=-5.50 p05=-5.92 p95=-4.75
  [diag] sat-dist hist bins=60 sat<0.05=0.0% mean=0.631 p10=0.624 p90=0.634
Iter 0007200: train nll 0.111, valid error 100.000%, best valid error 100.000%, avg grad norm   0.155, avg grad norm (post clip)   0.000, rho_Whh  1.09, Omega  0.00, alpha  0.000, steps in the past 0.000, valid nll 0.108
  [diag] log10|dL/dh_t| hist bins=60 range=(-6.30,-3.43) mean=-5.47 p50=-5.53 p05=-5.93 p95=-4.75
  [diag] sat-dist hist bins=60 sat<0.05=0.0% mean=0.629 p10=0.622 p90=0.632
Iter 0007220: train nll 0.122, valid error 100.000%, best valid error 100.000%, avg grad norm   0.282, avg grad norm (post clip)   0.000, rho_Whh  1.09, Omega  0.00, alpha  0.000, steps in the past 0.000, valid nll 0.108
  [diag] log10|dL/dh_t| hist bins=60 range=(-6.32,-3.41) mean=-5.54 p50=-5.60 p05=-5.97 p95=-4.75
  [diag] sat-dist hist bins=60 sat<0.05=0.0% mean=0.621 p10=0.620 p90=0.622
Iter 0007240: train nll 0.138, valid error 100.000%, best valid error 100.000%, avg grad norm   0.296, avg grad norm (post clip)   0.000, rho_Whh  1.09, Omega  0.00, alpha  0.000, steps in the past 0.000, valid nll 0.108
  [diag] log10|dL/dh_t| hist bins=60 range=(-6.30,-3.43) mean=-5.48 p50=-5.54 p05=-5.93 p95=-4.75
  [diag] sat-dist hist bins=60 sat<0.05=0.0% mean=0.628 p10=0.621 p90=0.630
Iter 0007260: train nll 0.130, valid error 100.000%, best valid error 100.000%, avg grad norm   0.354, avg grad norm (post clip)   0.000, rho_Whh  1.09, Omega  0.00, alpha  0.000, steps in the past 0.000, valid nll 0.108
  [diag] log10|dL/dh_t| hist bins=60 range=(-6.30,-3.44) mean=-5.48 p50=-5.53 p05=-5.93 p95=-4.76
  [diag] sat-dist hist bins=60 sat<0.05=0.0% mean=0.628 p10=0.622 p90=0.631
Iter 0007280: train nll 0.146, valid error 100.000%, best valid error 100.000%, avg grad norm   0.410, avg grad norm (post clip)   0.000, rho_Whh  1.09, Omega  0.00, alpha  0.000, steps in the past 0.000, valid nll 0.107
  [diag] log10|dL/dh_t| hist bins=60 range=(-6.30,-3.47) mean=-5.42 p50=-5.46 p05=-5.91 p95=-4.76
  [diag] sat-dist hist bins=60 sat<0.05=0.0% mean=0.636 p10=0.627 p90=0.640
Iter 0007300: train nll 0.134, valid error 100.000%, best valid error 100.000%, avg grad norm   0.203, avg grad norm (post clip)   0.000, rho_Whh  1.09, Omega  0.00, alpha  0.000, steps in the past 0.000, valid nll 0.107
  [diag] log10|dL/dh_t| hist bins=60 range=(-6.31,-3.44) mean=-5.49 p50=-5.54 p05=-5.94 p95=-4.76
  [diag] sat-dist hist bins=60 sat<0.05=0.0% mean=0.628 p10=0.622 p90=0.631
Iter 0007320: train nll 0.148, valid error 100.000%, best valid error 100.000%, avg grad norm   0.462, avg grad norm (post clip)   0.000, rho_Whh  1.09, Omega  0.00, alpha  0.000, steps in the past 0.000, valid nll 0.107
  [diag] log10|dL/dh_t| hist bins=60 range=(-6.32,-3.44) mean=-5.49 p50=-5.54 p05=-5.95 p95=-4.77
  [diag] sat-dist hist bins=60 sat<0.05=0.0% mean=0.628 p10=0.621 p90=0.631
Iter 0007340: train nll 0.138, valid error 100.000%, best valid error 100.000%, avg grad norm   0.269, avg grad norm (post clip)   0.000, rho_Whh  1.09, Omega  0.00, alpha  0.000, steps in the past 0.000, valid nll 0.107
  [diag] log10|dL/dh_t| hist bins=60 range=(-6.31,-3.47) mean=-5.43 p50=-5.47 p05=-5.92 p95=-4.77
  [diag] sat-dist hist bins=60 sat<0.05=0.0% mean=0.635 p10=0.627 p90=0.639
Iter 0007360: train nll 0.151, valid error 100.000%, best valid error 100.000%, avg grad norm   0.380, avg grad norm (post clip)   0.000, rho_Whh  1.09, Omega  0.00, alpha  0.000, steps in the past 0.000, valid nll 0.107
  [diag] log10|dL/dh_t| hist bins=60 range=(-6.30,-3.48) mean=-5.43 p50=-5.47 p05=-5.91 p95=-4.77
  [diag] sat-dist hist bins=60 sat<0.05=0.0% mean=0.636 p10=0.629 p90=0.640
Iter 0007380: train nll 0.163, valid error 100.000%, best valid error 100.000%, avg grad norm   0.532, avg grad norm (post clip)   0.000, rho_Whh  1.09, Omega  0.00, alpha  0.000, steps in the past 0.000, valid nll 0.107
  [diag] log10|dL/dh_t| hist bins=60 range=(-6.32,-3.45) mean=-5.48 p50=-5.53 p05=-5.95 p95=-4.78
  [diag] sat-dist hist bins=60 sat<0.05=0.0% mean=0.629 p10=0.622 p90=0.633
Iter 0007400: train nll 0.132, valid error 100.000%, best valid error 100.000%, avg grad norm   0.232, avg grad norm (post clip)   0.000, rho_Whh  1.09, Omega  0.00, alpha  0.000, steps in the past 0.000, valid nll 0.107
  [diag] log10|dL/dh_t| hist bins=60 range=(-6.31,-3.48) mean=-5.43 p50=-5.48 p05=-5.93 p95=-4.78
  [diag] sat-dist hist bins=60 sat<0.05=0.0% mean=0.635 p10=0.627 p90=0.639
Iter 0007420: train nll 0.127, valid error 100.000%, best valid error 100.000%, avg grad norm   0.281, avg grad norm (post clip)   0.000, rho_Whh  1.09, Omega  0.00, alpha  0.000, steps in the past 0.000, valid nll 0.107
  [diag] log10|dL/dh_t| hist bins=60 range=(-6.30,-3.52) mean=-5.35 p50=-5.38 p05=-5.89 p95=-4.78
  [diag] sat-dist hist bins=60 sat<0.05=0.0% mean=0.646 p10=0.635 p90=0.652
Iter 0007440: train nll 0.127, valid error 100.000%, best valid error 100.000%, avg grad norm   0.301, avg grad norm (post clip)   0.000, rho_Whh  1.09, Omega  0.00, alpha  0.000, steps in the past 0.000, valid nll 0.107
  [diag] log10|dL/dh_t| hist bins=60 range=(-6.32,-3.46) mean=-5.47 p50=-5.52 p05=-5.95 p95=-4.78
  [diag] sat-dist hist bins=60 sat<0.05=0.0% mean=0.631 p10=0.624 p90=0.634
Iter 0007460: train nll 0.141, valid error 100.000%, best valid error 100.000%, avg grad norm   0.438, avg grad norm (post clip)   0.000, rho_Whh  1.09, Omega  0.00, alpha  0.000, steps in the past 0.000, valid nll 0.107
  [diag] log10|dL/dh_t| hist bins=60 range=(-6.30,-3.55) mean=-5.31 p50=-5.34 p05=-5.87 p95=-4.78
  [diag] sat-dist hist bins=60 sat<0.05=0.0% mean=0.651 p10=0.640 p90=0.658
Iter 0007480: train nll 0.168, valid error 100.000%, best valid error 100.000%, avg grad norm   0.349, avg grad norm (post clip)   0.000, rho_Whh  1.10, Omega  0.00, alpha  0.000, steps in the past 0.000, valid nll 0.108
  [diag] log10|dL/dh_t| hist bins=60 range=(-6.35,-3.44) mean=-5.53 p50=-5.58 p05=-6.00 p95=-4.79
  [diag] sat-dist hist bins=60 sat<0.05=0.0% mean=0.624 p10=0.616 p90=0.627
Iter 0007500: train nll 0.146, valid error 100.000%, best valid error 100.000%, avg grad norm   0.284, avg grad norm (post clip)   0.000, rho_Whh  1.09, Omega  0.00, alpha  0.000, steps in the past 0.000, valid nll 0.107
  [diag] log10|dL/dh_t| hist bins=60 range=(-6.30,-3.57) mean=-5.29 p50=-5.32 p05=-5.87 p95=-4.79
  [diag] sat-dist hist bins=60 sat<0.05=0.0% mean=0.654 p10=0.640 p90=0.660
Iter 0007520: train nll 0.147, valid error 100.000%, best valid error 100.000%, avg grad norm   0.411, avg grad norm (post clip)   0.000, rho_Whh  1.10, Omega  0.00, alpha  0.000, steps in the past 0.000, valid nll 0.108
  [diag] log10|dL/dh_t| hist bins=60 range=(-6.29,-3.62) mean=-5.19 p50=-5.21 p05=-5.85 p95=-4.79
  [diag] sat-dist hist bins=60 sat<0.05=0.0% mean=0.666 p10=0.643 p90=0.674
Iter 0007540: train nll 0.140, valid error 100.000%, best valid error 100.000%, avg grad norm   0.268, avg grad norm (post clip)   0.000, rho_Whh  1.10, Omega  0.00, alpha  0.000, steps in the past 0.000, valid nll 0.109
  [diag] log10|dL/dh_t| hist bins=60 range=(-6.31,-3.54) mean=-5.35 p50=-5.38 p05=-5.90 p95=-4.80
  [diag] sat-dist hist bins=60 sat<0.05=0.0% mean=0.647 p10=0.636 p90=0.652
Iter 0007560: train nll 0.137, valid error 100.000%, best valid error 100.000%, avg grad norm   0.374, avg grad norm (post clip)   0.000, rho_Whh  1.09, Omega  0.00, alpha  0.000, steps in the past 0.000, valid nll 0.107
  [diag] log10|dL/dh_t| hist bins=60 range=(-6.34,-3.47) mean=-5.49 p50=-5.54 p05=-5.97 p95=-4.80
  [diag] sat-dist hist bins=60 sat<0.05=0.0% mean=0.630 p10=0.622 p90=0.633
Iter 0007580: train nll 0.151, valid error 100.000%, best valid error 100.000%, avg grad norm   0.396, avg grad norm (post clip)   0.000, rho_Whh  1.09, Omega  0.00, alpha  0.000, steps in the past 0.000, valid nll 0.106
  [diag] log10|dL/dh_t| hist bins=60 range=(-6.36,-3.46) mean=-5.52 p50=-5.57 p05=-6.00 p95=-4.81
  [diag] sat-dist hist bins=60 sat<0.05=0.0% mean=0.626 p10=0.618 p90=0.629
Iter 0007600: train nll 0.144, valid error 100.000%, best valid error 100.000%, avg grad norm   0.222, avg grad norm (post clip)   0.000, rho_Whh  1.09, Omega  0.00, alpha  0.000, steps in the past 0.000, valid nll 0.106
  [diag] log10|dL/dh_t| hist bins=60 range=(-6.35,-3.46) mean=-5.51 p50=-5.56 p05=-5.99 p95=-4.81
  [diag] sat-dist hist bins=60 sat<0.05=0.0% mean=0.627 p10=0.620 p90=0.630
Iter 0007620: train nll 0.143, valid error 100.000%, best valid error 100.000%, avg grad norm   0.464, avg grad norm (post clip)   0.000, rho_Whh  1.09, Omega  0.00, alpha  0.000, steps in the past 0.000, valid nll 0.106
  [diag] log10|dL/dh_t| hist bins=60 range=(-6.35,-3.47) mean=-5.50 p50=-5.55 p05=-5.98 p95=-4.81
  [diag] sat-dist hist bins=60 sat<0.05=0.0% mean=0.629 p10=0.621 p90=0.632
Iter 0007640: train nll 0.136, valid error 100.000%, best valid error 100.000%, avg grad norm   0.355, avg grad norm (post clip)   0.000, rho_Whh  1.09, Omega  0.00, alpha  0.000, steps in the past 0.000, valid nll 0.106
  [diag] log10|dL/dh_t| hist bins=60 range=(-6.35,-3.46) mean=-5.52 p50=-5.57 p05=-5.99 p95=-4.81
  [diag] sat-dist hist bins=60 sat<0.05=0.0% mean=0.627 p10=0.620 p90=0.630
Iter 0007660: train nll 0.141, valid error 100.000%, best valid error 100.000%, avg grad norm   0.350, avg grad norm (post clip)   0.000, rho_Whh  1.09, Omega  0.00, alpha  0.000, steps in the past 0.000, valid nll 0.106
  [diag] log10|dL/dh_t| hist bins=60 range=(-6.34,-3.51) mean=-5.44 p50=-5.48 p05=-5.95 p95=-4.82
  [diag] sat-dist hist bins=60 sat<0.05=0.0% mean=0.637 p10=0.627 p90=0.641
Iter 0007680: train nll 0.121, valid error 100.000%, best valid error 100.000%, avg grad norm   0.193, avg grad norm (post clip)   0.000, rho_Whh  1.09, Omega  0.00, alpha  0.000, steps in the past 0.000, valid nll 0.106
  [diag] log10|dL/dh_t| hist bins=60 range=(-6.36,-3.48) mean=-5.49 p50=-5.53 p05=-5.98 p95=-4.82
  [diag] sat-dist hist bins=60 sat<0.05=0.0% mean=0.631 p10=0.622 p90=0.635
Iter 0007700: train nll 0.159, valid error 100.000%, best valid error 100.000%, avg grad norm   0.340, avg grad norm (post clip)   0.000, rho_Whh  1.09, Omega  0.00, alpha  0.000, steps in the past 0.000, valid nll 0.106
  [diag] log10|dL/dh_t| hist bins=60 range=(-6.37,-3.48) mean=-5.50 p50=-5.55 p05=-6.00 p95=-4.82
  [diag] sat-dist hist bins=60 sat<0.05=0.0% mean=0.629 p10=0.620 p90=0.632
Iter 0007720: train nll 0.125, valid error 100.000%, best valid error 100.000%, avg grad norm   0.254, avg grad norm (post clip)   0.000, rho_Whh  1.09, Omega  0.00, alpha  0.000, steps in the past 0.000, valid nll 0.106
  [diag] log10|dL/dh_t| hist bins=60 range=(-6.38,-3.46) mean=-5.54 p50=-5.59 p05=-6.03 p95=-4.83
  [diag] sat-dist hist bins=60 sat<0.05=0.0% mean=0.625 p10=0.616 p90=0.628
Iter 0007740: train nll 0.130, valid error 100.000%, best valid error 100.000%, avg grad norm   0.211, avg grad norm (post clip)   0.000, rho_Whh  1.09, Omega  0.00, alpha  0.000, steps in the past 0.000, valid nll 0.106
  [diag] log10|dL/dh_t| hist bins=60 range=(-6.37,-3.49) mean=-5.49 p50=-5.54 p05=-5.99 p95=-4.83
  [diag] sat-dist hist bins=60 sat<0.05=0.0% mean=0.631 p10=0.622 p90=0.635
Iter 0007760: train nll 0.139, valid error 100.000%, best valid error 100.000%, avg grad norm   0.331, avg grad norm (post clip)   0.000, rho_Whh  1.09, Omega  0.00, alpha  0.000, steps in the past 0.000, valid nll 0.106
  [diag] log10|dL/dh_t| hist bins=60 range=(-6.40,-3.42) mean=-5.63 p50=-5.69 p05=-6.07 p95=-4.83
  [diag] sat-dist hist bins=60 sat<0.05=0.0% mean=0.614 p10=0.612 p90=0.616
Iter 0007780: train nll 0.138, valid error 100.000%, best valid error 100.000%, avg grad norm   0.324, avg grad norm (post clip)   0.000, rho_Whh  1.09, Omega  0.00, alpha  0.000, steps in the past 0.000, valid nll 0.106
  [diag] log10|dL/dh_t| hist bins=60 range=(-6.36,-3.52) mean=-5.44 p50=-5.48 p05=-5.97 p95=-4.83
  [diag] sat-dist hist bins=60 sat<0.05=0.0% mean=0.637 p10=0.627 p90=0.642
Iter 0007800: train nll 0.135, valid error 100.000%, best valid error 100.000%, avg grad norm   0.362, avg grad norm (post clip)   0.000, rho_Whh  1.09, Omega  0.00, alpha  0.000, steps in the past 0.000, valid nll 0.106
  [diag] log10|dL/dh_t| hist bins=60 range=(-6.39,-3.47) mean=-5.54 p50=-5.60 p05=-6.03 p95=-4.84
  [diag] sat-dist hist bins=60 sat<0.05=0.0% mean=0.625 p10=0.616 p90=0.628
Iter 0007820: train nll 0.118, valid error 100.000%, best valid error 100.000%, avg grad norm   0.194, avg grad norm (post clip)   0.000, rho_Whh  1.09, Omega  0.00, alpha  0.000, steps in the past 0.000, valid nll 0.106
  [diag] log10|dL/dh_t| hist bins=60 range=(-6.36,-3.57) mean=-5.36 p50=-5.39 p05=-5.94 p95=-4.84
  [diag] sat-dist hist bins=60 sat<0.05=0.0% mean=0.648 p10=0.633 p90=0.654
Iter 0007840: train nll 0.143, valid error 100.000%, best valid error 100.000%, avg grad norm   0.294, avg grad norm (post clip)   0.000, rho_Whh  1.10, Omega  0.00, alpha  0.000, steps in the past 0.000, valid nll 0.106
  [diag] log10|dL/dh_t| hist bins=60 range=(-6.40,-3.47) mean=-5.56 p50=-5.62 p05=-6.05 p95=-4.84
  [diag] sat-dist hist bins=60 sat<0.05=0.0% mean=0.623 p10=0.614 p90=0.626
Iter 0007860: train nll 0.132, valid error 100.000%, best valid error 100.000%, avg grad norm   0.298, avg grad norm (post clip)   0.000, rho_Whh  1.09, Omega  0.00, alpha  0.000, steps in the past 0.000, valid nll 0.106
  [diag] log10|dL/dh_t| hist bins=60 range=(-6.40,-3.46) mean=-5.57 p50=-5.63 p05=-6.06 p95=-4.85
  [diag] sat-dist hist bins=60 sat<0.05=0.0% mean=0.622 p10=0.613 p90=0.624
Iter 0007880: train nll 0.136, valid error 100.000%, best valid error 100.000%, avg grad norm   0.305, avg grad norm (post clip)   0.000, rho_Whh  1.09, Omega  0.00, alpha  0.000, steps in the past 0.000, valid nll 0.105
  [diag] log10|dL/dh_t| hist bins=60 range=(-6.38,-3.50) mean=-5.50 p50=-5.54 p05=-6.01 p95=-4.85
  [diag] sat-dist hist bins=60 sat<0.05=0.0% mean=0.631 p10=0.621 p90=0.635
Iter 0007900: train nll 0.130, valid error 100.000%, best valid error 100.000%, avg grad norm   0.282, avg grad norm (post clip)   0.000, rho_Whh  1.09, Omega  0.00, alpha  0.000, steps in the past 0.000, valid nll 0.105
  [diag] log10|dL/dh_t| hist bins=60 range=(-6.39,-3.49) mean=-5.54 p50=-5.59 p05=-6.03 p95=-4.85
  [diag] sat-dist hist bins=60 sat<0.05=0.0% mean=0.627 p10=0.618 p90=0.630
Iter 0007920: train nll 0.126, valid error 100.000%, best valid error 100.000%, avg grad norm   0.305, avg grad norm (post clip)   0.000, rho_Whh  1.09, Omega  0.00, alpha  0.000, steps in the past 0.000, valid nll 0.105
  [diag] log10|dL/dh_t| hist bins=60 range=(-6.37,-3.57) mean=-5.38 p50=-5.42 p05=-5.96 p95=-4.85
  [diag] sat-dist hist bins=60 sat<0.05=0.0% mean=0.645 p10=0.632 p90=0.651
Iter 0007940: train nll 0.135, valid error 100.000%, best valid error 100.000%, avg grad norm   0.253, avg grad norm (post clip)   0.000, rho_Whh  1.10, Omega  0.00, alpha  0.000, steps in the past 0.000, valid nll 0.106
  [diag] log10|dL/dh_t| hist bins=60 range=(-6.39,-3.51) mean=-5.49 p50=-5.54 p05=-6.02 p95=-4.85
  [diag] sat-dist hist bins=60 sat<0.05=0.0% mean=0.632 p10=0.622 p90=0.636
Iter 0007960: train nll 0.130, valid error 100.000%, best valid error 100.000%, avg grad norm   0.300, avg grad norm (post clip)   0.000, rho_Whh  1.09, Omega  0.00, alpha  0.000, steps in the past 0.000, valid nll 0.105
  [diag] log10|dL/dh_t| hist bins=60 range=(-6.37,-3.58) mean=-5.38 p50=-5.41 p05=-5.96 p95=-4.86
  [diag] sat-dist hist bins=60 sat<0.05=0.0% mean=0.646 p10=0.631 p90=0.652
Iter 0007980: train nll 0.136, valid error 100.000%, best valid error 100.000%, avg grad norm   0.301, avg grad norm (post clip)   0.000, rho_Whh  1.10, Omega  0.00, alpha  0.000, steps in the past 0.000, valid nll 0.106
  [diag] log10|dL/dh_t| hist bins=60 range=(-6.41,-3.48) mean=-5.57 p50=-5.62 p05=-6.07 p95=-4.86
  [diag] sat-dist hist bins=60 sat<0.05=0.0% mean=0.623 p10=0.613 p90=0.626
Iter 0008000: train nll 0.135, valid error 100.000%, best valid error 100.000%, avg grad norm   0.284, avg grad norm (post clip)   0.000, rho_Whh  1.09, Omega  0.00, alpha  0.000, steps in the past 0.000, valid nll 0.105
  [diag] log10|dL/dh_t| hist bins=60 range=(-6.42,-3.47) mean=-5.58 p50=-5.64 p05=-6.07 p95=-4.86
  [diag] sat-dist hist bins=60 sat<0.05=0.0% mean=0.622 p10=0.613 p90=0.624
Iter 0008020: train nll 0.133, valid error 100.000%, best valid error 100.000%, avg grad norm   0.322, avg grad norm (post clip)   0.000, rho_Whh  1.09, Omega  0.00, alpha  0.000, steps in the past 0.000, valid nll 0.105
  [diag] log10|dL/dh_t| hist bins=60 range=(-6.36,-3.60) mean=-5.35 p50=-5.38 p05=-5.93 p95=-4.86
  [diag] sat-dist hist bins=60 sat<0.05=0.0% mean=0.649 p10=0.636 p90=0.655
Iter 0008040: train nll 0.140, valid error 100.000%, best valid error 100.000%, avg grad norm   0.404, avg grad norm (post clip)   0.000, rho_Whh  1.10, Omega  0.00, alpha  0.000, steps in the past 0.000, valid nll 0.106
  [diag] log10|dL/dh_t| hist bins=60 range=(-6.42,-3.46) mean=-5.61 p50=-5.67 p05=-6.08 p95=-4.87
  [diag] sat-dist hist bins=60 sat<0.05=0.0% mean=0.619 p10=0.611 p90=0.622
Iter 0008060: train nll 0.135, valid error 100.000%, best valid error 100.000%, avg grad norm   0.252, avg grad norm (post clip)   0.000, rho_Whh  1.09, Omega  0.00, alpha  0.000, steps in the past 0.000, valid nll 0.105
  [diag] log10|dL/dh_t| hist bins=60 range=(-6.39,-3.54) mean=-5.46 p50=-5.51 p05=-6.00 p95=-4.87
  [diag] sat-dist hist bins=60 sat<0.05=0.0% mean=0.636 p10=0.625 p90=0.641
Iter 0008080: train nll 0.130, valid error 100.000%, best valid error 100.000%, avg grad norm   0.294, avg grad norm (post clip)   0.000, rho_Whh  1.09, Omega  0.00, alpha  0.000, steps in the past 0.000, valid nll 0.105
  [diag] log10|dL/dh_t| hist bins=60 range=(-6.37,-3.61) mean=-5.34 p50=-5.37 p05=-5.94 p95=-4.87
  [diag] sat-dist hist bins=60 sat<0.05=0.0% mean=0.651 p10=0.633 p90=0.658
Iter 0008100: train nll 0.134, valid error 100.000%, best valid error 100.000%, avg grad norm   0.250, avg grad norm (post clip)   0.000, rho_Whh  1.10, Omega  0.00, alpha  0.000, steps in the past 0.000, valid nll 0.106
  [diag] log10|dL/dh_t| hist bins=60 range=(-6.39,-3.57) mean=-5.42 p50=-5.46 p05=-5.99 p95=-4.87
  [diag] sat-dist hist bins=60 sat<0.05=0.0% mean=0.642 p10=0.629 p90=0.647
Iter 0008120: train nll 0.122, valid error 100.000%, best valid error 100.000%, avg grad norm   0.258, avg grad norm (post clip)   0.000, rho_Whh  1.10, Omega  0.00, alpha  0.000, steps in the past 0.000, valid nll 0.105
  [diag] log10|dL/dh_t| hist bins=60 range=(-6.44,-3.47) mean=-5.62 p50=-5.67 p05=-6.11 p95=-4.88
  [diag] sat-dist hist bins=60 sat<0.05=0.0% mean=0.618 p10=0.609 p90=0.621
Iter 0008140: train nll 0.130, valid error 100.000%, best valid error 100.000%, avg grad norm   0.201, avg grad norm (post clip)   0.000, rho_Whh  1.09, Omega  0.00, alpha  0.000, steps in the past 0.000, valid nll 0.105
  [diag] log10|dL/dh_t| hist bins=60 range=(-6.43,-3.49) mean=-5.58 p50=-5.64 p05=-6.09 p95=-4.88
  [diag] sat-dist hist bins=60 sat<0.05=0.0% mean=0.622 p10=0.612 p90=0.625
Iter 0008160: train nll 0.136, valid error 100.000%, best valid error 100.000%, avg grad norm   0.297, avg grad norm (post clip)   0.000, rho_Whh  1.09, Omega  0.00, alpha  0.000, steps in the past 0.000, valid nll 0.105
  [diag] log10|dL/dh_t| hist bins=60 range=(-6.40,-3.60) mean=-5.39 p50=-5.42 p05=-5.99 p95=-4.88
  [diag] sat-dist hist bins=60 sat<0.05=0.0% mean=0.646 p10=0.628 p90=0.652
Iter 0008180: train nll 0.119, valid error 100.000%, best valid error 100.000%, avg grad norm   0.204, avg grad norm (post clip)   0.000, rho_Whh  1.10, Omega  0.00, alpha  0.000, steps in the past 0.000, valid nll 0.105
  [diag] log10|dL/dh_t| hist bins=60 range=(-6.44,-3.49) mean=-5.59 p50=-5.65 p05=-6.09 p95=-4.89
  [diag] sat-dist hist bins=60 sat<0.05=0.0% mean=0.622 p10=0.612 p90=0.625
Iter 0008200: train nll 0.128, valid error 100.000%, best valid error 100.000%, avg grad norm   0.342, avg grad norm (post clip)   0.000, rho_Whh  1.09, Omega  0.00, alpha  0.000, steps in the past 0.000, valid nll 0.105
  [diag] log10|dL/dh_t| hist bins=60 range=(-6.44,-3.51) mean=-5.56 p50=-5.61 p05=-6.09 p95=-4.89
  [diag] sat-dist hist bins=60 sat<0.05=0.0% mean=0.625 p10=0.614 p90=0.629
Iter 0008220: train nll 0.130, valid error 100.000%, best valid error 100.000%, avg grad norm   0.193, avg grad norm (post clip)   0.000, rho_Whh  1.09, Omega  0.00, alpha  0.000, steps in the past 0.000, valid nll 0.105
  [diag] log10|dL/dh_t| hist bins=60 range=(-6.43,-3.53) mean=-5.52 p50=-5.56 p05=-6.07 p95=-4.89
  [diag] sat-dist hist bins=60 sat<0.05=0.0% mean=0.631 p10=0.618 p90=0.635
Iter 0008240: train nll 0.128, valid error 100.000%, best valid error 100.000%, avg grad norm   0.199, avg grad norm (post clip)   0.000, rho_Whh  1.10, Omega  0.00, alpha  0.000, steps in the past 0.000, valid nll 0.105
  [diag] log10|dL/dh_t| hist bins=60 range=(-6.44,-3.51) mean=-5.57 p50=-5.62 p05=-6.09 p95=-4.89
  [diag] sat-dist hist bins=60 sat<0.05=0.0% mean=0.625 p10=0.614 p90=0.628
Iter 0008260: train nll 0.129, valid error 100.000%, best valid error 100.000%, avg grad norm   0.310, avg grad norm (post clip)   0.000, rho_Whh  1.09, Omega  0.00, alpha  0.000, steps in the past 0.000, valid nll 0.104
  [diag] log10|dL/dh_t| hist bins=60 range=(-6.44,-3.50) mean=-5.58 p50=-5.63 p05=-6.09 p95=-4.90
  [diag] sat-dist hist bins=60 sat<0.05=0.0% mean=0.624 p10=0.614 p90=0.627
Iter 0008280: train nll 0.124, valid error 100.000%, best valid error 100.000%, avg grad norm   0.315, avg grad norm (post clip)   0.000, rho_Whh  1.09, Omega  0.00, alpha  0.000, steps in the past 0.000, valid nll 0.104
  [diag] log10|dL/dh_t| hist bins=60 range=(-6.44,-3.51) mean=-5.57 p50=-5.62 p05=-6.09 p95=-4.90
  [diag] sat-dist hist bins=60 sat<0.05=0.0% mean=0.625 p10=0.614 p90=0.629
Iter 0008300: train nll 0.113, valid error 100.000%, best valid error 100.000%, avg grad norm   0.180, avg grad norm (post clip)   0.000, rho_Whh  1.09, Omega  0.00, alpha  0.000, steps in the past 0.000, valid nll 0.104
  [diag] log10|dL/dh_t| hist bins=60 range=(-6.43,-3.54) mean=-5.52 p50=-5.57 p05=-6.06 p95=-4.90
  [diag] sat-dist hist bins=60 sat<0.05=0.0% mean=0.630 p10=0.619 p90=0.635
Iter 0008320: train nll 0.129, valid error 100.000%, best valid error 100.000%, avg grad norm   0.268, avg grad norm (post clip)   0.000, rho_Whh  1.10, Omega  0.00, alpha  0.000, steps in the past 0.000, valid nll 0.104
  [diag] log10|dL/dh_t| hist bins=60 range=(-6.45,-3.49) mean=-5.62 p50=-5.68 p05=-6.12 p95=-4.91
  [diag] sat-dist hist bins=60 sat<0.05=0.0% mean=0.619 p10=0.610 p90=0.622
Iter 0008340: train nll 0.132, valid error 100.000%, best valid error 100.000%, avg grad norm   0.303, avg grad norm (post clip)   0.000, rho_Whh  1.09, Omega  0.00, alpha  0.000, steps in the past 0.000, valid nll 0.104
  [diag] log10|dL/dh_t| hist bins=60 range=(-6.43,-3.57) mean=-5.47 p50=-5.51 p05=-6.04 p95=-4.91
  [diag] sat-dist hist bins=60 sat<0.05=0.0% mean=0.637 p10=0.624 p90=0.642
Iter 0008360: train nll 0.138, valid error 100.000%, best valid error 100.000%, avg grad norm   0.301, avg grad norm (post clip)   0.000, rho_Whh  1.10, Omega  0.00, alpha  0.000, steps in the past 0.000, valid nll 0.104
  [diag] log10|dL/dh_t| hist bins=60 range=(-6.41,-3.64) mean=-5.36 p50=-5.38 p05=-5.98 p95=-4.91
  [diag] sat-dist hist bins=60 sat<0.05=0.0% mean=0.650 p10=0.630 p90=0.658
Iter 0008380: train nll 0.133, valid error 100.000%, best valid error 100.000%, avg grad norm   0.273, avg grad norm (post clip)   0.000, rho_Whh  1.10, Omega  0.00, alpha  0.000, steps in the past 0.000, valid nll 0.105
  [diag] log10|dL/dh_t| hist bins=60 range=(-6.45,-3.52) mean=-5.58 p50=-5.63 p05=-6.10 p95=-4.91
  [diag] sat-dist hist bins=60 sat<0.05=0.0% mean=0.625 p10=0.614 p90=0.628
Iter 0008400: train nll 0.130, valid error 100.000%, best valid error 100.000%, avg grad norm   0.267, avg grad norm (post clip)   0.000, rho_Whh  1.09, Omega  0.00, alpha  0.000, steps in the past 0.000, valid nll 0.104
  [diag] log10|dL/dh_t| hist bins=60 range=(-6.41,-3.66) mean=-5.32 p50=-5.34 p05=-5.98 p95=-4.91
  [diag] sat-dist hist bins=60 sat<0.05=0.0% mean=0.654 p10=0.629 p90=0.662
Iter 0008420: train nll 0.140, valid error 100.000%, best valid error 100.000%, avg grad norm   0.219, avg grad norm (post clip)   0.000, rho_Whh  1.10, Omega  0.00, alpha  0.000, steps in the past 0.000, valid nll 0.106
  [diag] log10|dL/dh_t| hist bins=60 range=(-6.48,-3.47) mean=-5.68 p50=-5.74 p05=-6.17 p95=-4.92
  [diag] sat-dist hist bins=60 sat<0.05=0.0% mean=0.613 p10=0.604 p90=0.615
Iter 0008440: train nll 0.145, valid error 100.000%, best valid error 100.000%, avg grad norm   0.345, avg grad norm (post clip)   0.000, rho_Whh  1.09, Omega  0.00, alpha  0.000, steps in the past 0.000, valid nll 0.104
  [diag] log10|dL/dh_t| hist bins=60 range=(-6.45,-3.58) mean=-5.49 p50=-5.53 p05=-6.07 p95=-4.92
  [diag] sat-dist hist bins=60 sat<0.05=0.0% mean=0.635 p10=0.621 p90=0.641
Iter 0008460: train nll 0.127, valid error 100.000%, best valid error 100.000%, avg grad norm   0.214, avg grad norm (post clip)   0.000, rho_Whh  1.10, Omega  0.00, alpha  0.000, steps in the past 0.000, valid nll 0.104
  [diag] log10|dL/dh_t| hist bins=60 range=(-6.44,-3.61) mean=-5.43 p50=-5.46 p05=-6.04 p95=-4.92
  [diag] sat-dist hist bins=60 sat<0.05=0.0% mean=0.642 p10=0.624 p90=0.649
Iter 0008480: train nll 0.137, valid error 100.000%, best valid error 100.000%, avg grad norm   0.278, avg grad norm (post clip)   0.000, rho_Whh  1.10, Omega  0.00, alpha  0.000, steps in the past 0.000, valid nll 0.104
  [diag] log10|dL/dh_t| hist bins=60 range=(-6.46,-3.56) mean=-5.53 p50=-5.58 p05=-6.10 p95=-4.92
  [diag] sat-dist hist bins=60 sat<0.05=0.0% mean=0.630 p10=0.617 p90=0.635
Iter 0008500: train nll 0.126, valid error 100.000%, best valid error 100.000%, avg grad norm   0.240, avg grad norm (post clip)   0.000, rho_Whh  1.10, Omega  0.00, alpha  0.000, steps in the past 0.000, valid nll 0.104
  [diag] log10|dL/dh_t| hist bins=60 range=(-6.49,-3.50) mean=-5.63 p50=-5.69 p05=-6.16 p95=-4.93
  [diag] sat-dist hist bins=60 sat<0.05=0.0% mean=0.619 p10=0.607 p90=0.622
Iter 0008520: train nll 0.136, valid error 100.000%, best valid error 100.000%, avg grad norm   0.258, avg grad norm (post clip)   0.000, rho_Whh  1.09, Omega  0.00, alpha  0.000, steps in the past 0.000, valid nll 0.104
  [diag] log10|dL/dh_t| hist bins=60 range=(-6.43,-3.66) mean=-5.34 p50=-5.36 p05=-6.01 p95=-4.93
  [diag] sat-dist hist bins=60 sat<0.05=0.0% mean=0.653 p10=0.626 p90=0.661
Iter 0008540: train nll 0.134, valid error 100.000%, best valid error 100.000%, avg grad norm   0.291, avg grad norm (post clip)   0.000, rho_Whh  1.10, Omega  0.00, alpha  0.000, steps in the past 0.000, valid nll 0.105
  [diag] log10|dL/dh_t| hist bins=60 range=(-6.49,-3.51) mean=-5.62 p50=-5.67 p05=-6.15 p95=-4.93
  [diag] sat-dist hist bins=60 sat<0.05=0.0% mean=0.621 p10=0.609 p90=0.624
Iter 0008560: train nll 0.115, valid error 100.000%, best valid error 100.000%, avg grad norm   0.221, avg grad norm (post clip)   0.000, rho_Whh  1.10, Omega  0.00, alpha  0.000, steps in the past 0.000, valid nll 0.104
  [diag] log10|dL/dh_t| hist bins=60 range=(-6.45,-3.66) mean=-5.37 p50=-5.39 p05=-6.03 p95=-4.93
  [diag] sat-dist hist bins=60 sat<0.05=0.0% mean=0.650 p10=0.624 p90=0.658
Iter 0008580: train nll 0.124, valid error 100.000%, best valid error 100.000%, avg grad norm   0.205, avg grad norm (post clip)   0.000, rho_Whh  1.10, Omega  0.00, alpha  0.000, steps in the past 0.000, valid nll 0.105
  [diag] log10|dL/dh_t| hist bins=60 range=(-6.49,-3.52) mean=-5.63 p50=-5.68 p05=-6.16 p95=-4.94
  [diag] sat-dist hist bins=60 sat<0.05=0.0% mean=0.620 p10=0.608 p90=0.623
Iter 0008600: train nll 0.139, valid error 100.000%, best valid error 100.000%, avg grad norm   0.277, avg grad norm (post clip)   0.000, rho_Whh  1.10, Omega  0.00, alpha  0.000, steps in the past 0.000, valid nll 0.104
  [diag] log10|dL/dh_t| hist bins=60 range=(-6.52,-3.47) mean=-5.71 p50=-5.77 p05=-6.21 p95=-4.94
  [diag] sat-dist hist bins=60 sat<0.05=0.0% mean=0.611 p10=0.602 p90=0.613
Iter 0008620: train nll 0.137, valid error 100.000%, best valid error 100.000%, avg grad norm   0.240, avg grad norm (post clip)   0.000, rho_Whh  1.09, Omega  0.00, alpha  0.000, steps in the past 0.000, valid nll 0.104
  [diag] log10|dL/dh_t| hist bins=60 range=(-6.49,-3.55) mean=-5.58 p50=-5.62 p05=-6.15 p95=-4.94
  [diag] sat-dist hist bins=60 sat<0.05=0.0% mean=0.626 p10=0.611 p90=0.630
Iter 0008640: train nll 0.119, valid error 100.000%, best valid error 100.000%, avg grad norm   0.189, avg grad norm (post clip)   0.000, rho_Whh  1.10, Omega  0.00, alpha  0.000, steps in the past 0.000, valid nll 0.104
  [diag] log10|dL/dh_t| hist bins=60 range=(-6.50,-3.57) mean=-5.55 p50=-5.59 p05=-6.14 p95=-4.94
  [diag] sat-dist hist bins=60 sat<0.05=0.0% mean=0.629 p10=0.613 p90=0.634
Iter 0008660: train nll 0.134, valid error 100.000%, best valid error 100.000%, avg grad norm   0.198, avg grad norm (post clip)   0.000, rho_Whh  1.10, Omega  0.00, alpha  0.000, steps in the past 0.000, valid nll 0.104
  [diag] log10|dL/dh_t| hist bins=60 range=(-6.51,-3.51) mean=-5.66 p50=-5.71 p05=-6.19 p95=-4.95
  [diag] sat-dist hist bins=60 sat<0.05=0.0% mean=0.617 p10=0.605 p90=0.620
Iter 0008680: train nll 0.142, valid error 100.000%, best valid error 100.000%, avg grad norm   0.363, avg grad norm (post clip)   0.000, rho_Whh  1.10, Omega  0.00, alpha  0.000, steps in the past 0.000, valid nll 0.104
  [diag] log10|dL/dh_t| hist bins=60 range=(-6.48,-3.61) mean=-5.48 p50=-5.51 p05=-6.10 p95=-4.95
  [diag] sat-dist hist bins=60 sat<0.05=0.0% mean=0.637 p10=0.618 p90=0.644
Iter 0008700: train nll 0.120, valid error 100.000%, best valid error 100.000%, avg grad norm   0.203, avg grad norm (post clip)   0.000, rho_Whh  1.10, Omega  0.00, alpha  0.000, steps in the past 0.000, valid nll 0.104
  [diag] log10|dL/dh_t| hist bins=60 range=(-6.52,-3.50) mean=-5.68 p50=-5.74 p05=-6.20 p95=-4.95
  [diag] sat-dist hist bins=60 sat<0.05=0.0% mean=0.614 p10=0.603 p90=0.617
Iter 0008720: train nll 0.143, valid error 100.000%, best valid error 100.000%, avg grad norm   0.261, avg grad norm (post clip)   0.000, rho_Whh  1.10, Omega  0.00, alpha  0.000, steps in the past 0.000, valid nll 0.103
  [diag] log10|dL/dh_t| hist bins=60 range=(-6.46,-3.70) mean=-5.32 p50=-5.33 p05=-6.03 p95=-4.95
  [diag] sat-dist hist bins=60 sat<0.05=0.0% mean=0.656 p10=0.624 p90=0.664
Iter 0008740: train nll 0.138, valid error 100.000%, best valid error 100.000%, avg grad norm   0.298, avg grad norm (post clip)   0.000, rho_Whh  1.10, Omega  0.00, alpha  0.000, steps in the past 0.000, valid nll 0.105
  [diag] log10|dL/dh_t| hist bins=60 range=(-6.46,-3.71) mean=-5.30 p50=-5.31 p05=-6.02 p95=-4.95
  [diag] sat-dist hist bins=60 sat<0.05=0.0% mean=0.658 p10=0.626 p90=0.667
Iter 0008760: train nll 0.136, valid error 100.000%, best valid error 100.000%, avg grad norm   0.267, avg grad norm (post clip)   0.000, rho_Whh  1.10, Omega  0.00, alpha  0.000, steps in the past 0.000, valid nll 0.105
  [diag] log10|dL/dh_t| hist bins=60 range=(-6.52,-3.53) mean=-5.65 p50=-5.70 p05=-6.19 p95=-4.96
  [diag] sat-dist hist bins=60 sat<0.05=0.0% mean=0.619 p10=0.606 p90=0.622
Iter 0008780: train nll 0.145, valid error 100.000%, best valid error 100.000%, avg grad norm   0.289, avg grad norm (post clip)   0.000, rho_Whh  1.10, Omega  0.00, alpha  0.000, steps in the past 0.000, valid nll 0.103
  [diag] log10|dL/dh_t| hist bins=60 range=(-6.52,-3.51) mean=-5.68 p50=-5.73 p05=-6.20 p95=-4.96
  [diag] sat-dist hist bins=60 sat<0.05=0.0% mean=0.615 p10=0.604 p90=0.618
Iter 0008800: train nll 0.138, valid error 100.000%, best valid error 100.000%, avg grad norm   0.298, avg grad norm (post clip)   0.000, rho_Whh  1.10, Omega  0.00, alpha  0.000, steps in the past 0.000, valid nll 0.103
  [diag] log10|dL/dh_t| hist bins=60 range=(-6.53,-3.52) mean=-5.67 p50=-5.72 p05=-6.21 p95=-4.97
  [diag] sat-dist hist bins=60 sat<0.05=0.0% mean=0.616 p10=0.604 p90=0.620
Iter 0008820: train nll 0.137, valid error 100.000%, best valid error 100.000%, avg grad norm   0.187, avg grad norm (post clip)   0.000, rho_Whh  1.10, Omega  0.00, alpha  0.000, steps in the past 0.000, valid nll 0.103
  [diag] log10|dL/dh_t| hist bins=60 range=(-6.50,-3.61) mean=-5.51 p50=-5.55 p05=-6.13 p95=-4.97
  [diag] sat-dist hist bins=60 sat<0.05=0.0% mean=0.634 p10=0.616 p90=0.640
Iter 0008840: train nll 0.143, valid error 100.000%, best valid error 100.000%, avg grad norm   0.270, avg grad norm (post clip)   0.000, rho_Whh  1.10, Omega  0.00, alpha  0.000, steps in the past 0.000, valid nll 0.103
  [diag] log10|dL/dh_t| hist bins=60 range=(-6.52,-3.57) mean=-5.59 p50=-5.64 p05=-6.17 p95=-4.97
  [diag] sat-dist hist bins=60 sat<0.05=0.0% mean=0.625 p10=0.610 p90=0.630
Iter 0008860: train nll 0.146, valid error 100.000%, best valid error 100.000%, avg grad norm   0.242, avg grad norm (post clip)   0.000, rho_Whh  1.10, Omega  0.00, alpha  0.000, steps in the past 0.000, valid nll 0.103
  [diag] log10|dL/dh_t| hist bins=60 range=(-6.51,-3.64) mean=-5.47 p50=-5.50 p05=-6.12 p95=-4.97
  [diag] sat-dist hist bins=60 sat<0.05=0.0% mean=0.639 p10=0.615 p90=0.646
Iter 0008880: train nll 0.149, valid error 100.000%, best valid error 100.000%, avg grad norm   0.219, avg grad norm (post clip)   0.000, rho_Whh  1.10, Omega  0.00, alpha  0.000, steps in the past 0.000, valid nll 0.104
  [diag] log10|dL/dh_t| hist bins=60 range=(-6.55,-3.51) mean=-5.70 p50=-5.76 p05=-6.23 p95=-4.98
  [diag] sat-dist hist bins=60 sat<0.05=0.0% mean=0.613 p10=0.601 p90=0.616
Iter 0008900: train nll 0.138, valid error 100.000%, best valid error 100.000%, avg grad norm   0.312, avg grad norm (post clip)   0.000, rho_Whh  1.10, Omega  0.00, alpha  0.000, steps in the past 0.000, valid nll 0.103
  [diag] log10|dL/dh_t| hist bins=60 range=(-6.55,-3.52) mean=-5.68 p50=-5.73 p05=-6.23 p95=-4.98
  [diag] sat-dist hist bins=60 sat<0.05=0.0% mean=0.615 p10=0.602 p90=0.619
Iter 0008920: train nll 0.133, valid error 100.000%, best valid error 100.000%, avg grad norm   0.227, avg grad norm (post clip)   0.000, rho_Whh  1.10, Omega  0.00, alpha  0.000, steps in the past 0.000, valid nll 0.103
  [diag] log10|dL/dh_t| hist bins=60 range=(-6.55,-3.53) mean=-5.68 p50=-5.73 p05=-6.23 p95=-4.98
  [diag] sat-dist hist bins=60 sat<0.05=0.0% mean=0.615 p10=0.602 p90=0.619
Iter 0008940: train nll 0.119, valid error 100.000%, best valid error 100.000%, avg grad norm   0.221, avg grad norm (post clip)   0.000, rho_Whh  1.10, Omega  0.00, alpha  0.000, steps in the past 0.000, valid nll 0.103
  [diag] log10|dL/dh_t| hist bins=60 range=(-6.55,-3.55) mean=-5.64 p50=-5.69 p05=-6.22 p95=-4.98
  [diag] sat-dist hist bins=60 sat<0.05=0.0% mean=0.620 p10=0.604 p90=0.624
Iter 0008960: train nll 0.111, valid error 100.000%, best valid error 100.000%, avg grad norm   0.155, avg grad norm (post clip)   0.000, rho_Whh  1.10, Omega  0.00, alpha  0.000, steps in the past 0.000, valid nll 0.103
  [diag] log10|dL/dh_t| hist bins=60 range=(-6.49,-3.70) mean=-5.36 p50=-5.37 p05=-6.07 p95=-4.98
  [diag] sat-dist hist bins=60 sat<0.05=0.0% mean=0.652 p10=0.620 p90=0.661
Iter 0008980: train nll 0.133, valid error 100.000%, best valid error 100.000%, avg grad norm   0.333, avg grad norm (post clip)   0.000, rho_Whh  1.10, Omega  0.00, alpha  0.000, steps in the past 0.000, valid nll 0.104
  [diag] log10|dL/dh_t| hist bins=60 range=(-6.49,-3.72) mean=-5.33 p50=-5.34 p05=-6.07 p95=-4.98
  [diag] sat-dist hist bins=60 sat<0.05=0.0% mean=0.656 p10=0.621 p90=0.665
Iter 0009000: train nll 0.130, valid error 100.000%, best valid error 100.000%, avg grad norm   0.175, avg grad norm (post clip)   0.000, rho_Whh  1.10, Omega  0.00, alpha  0.000, steps in the past 0.000, valid nll 0.105
  [diag] log10|dL/dh_t| hist bins=60 range=(-6.56,-3.52) mean=-5.70 p50=-5.76 p05=-6.24 p95=-4.99
  [diag] sat-dist hist bins=60 sat<0.05=0.0% mean=0.613 p10=0.601 p90=0.617
Iter 0009020: train nll 0.132, valid error 100.000%, best valid error 100.000%, avg grad norm   0.278, avg grad norm (post clip)   0.000, rho_Whh  1.10, Omega  0.00, alpha  0.000, steps in the past 0.000, valid nll 0.103
  [diag] log10|dL/dh_t| hist bins=60 range=(-6.52,-3.66) mean=-5.46 p50=-5.49 p05=-6.13 p95=-4.99
  [diag] sat-dist hist bins=60 sat<0.05=0.0% mean=0.641 p10=0.615 p90=0.649
Iter 0009040: train nll 0.144, valid error 100.000%, best valid error 100.000%, avg grad norm   0.266, avg grad norm (post clip)   0.000, rho_Whh  1.10, Omega  0.00, alpha  0.000, steps in the past 0.000, valid nll 0.103
  [diag] log10|dL/dh_t| hist bins=60 range=(-6.54,-3.62) mean=-5.54 p50=-5.58 p05=-6.17 p95=-4.99
  [diag] sat-dist hist bins=60 sat<0.05=0.0% mean=0.631 p10=0.611 p90=0.638
Iter 0009060: train nll 0.134, valid error 100.000%, best valid error 100.000%, avg grad norm   0.182, avg grad norm (post clip)   0.000, rho_Whh  1.10, Omega  0.00, alpha  0.000, steps in the past 0.000, valid nll 0.103
  [diag] log10|dL/dh_t| hist bins=60 range=(-6.56,-3.53) mean=-5.70 p50=-5.75 p05=-6.24 p95=-5.00
  [diag] sat-dist hist bins=60 sat<0.05=0.0% mean=0.614 p10=0.601 p90=0.618
Iter 0009080: train nll 0.135, valid error 100.000%, best valid error 100.000%, avg grad norm   0.301, avg grad norm (post clip)   0.000, rho_Whh  1.10, Omega  0.00, alpha  0.000, steps in the past 0.000, valid nll 0.103
  [diag] log10|dL/dh_t| hist bins=60 range=(-6.54,-3.60) mean=-5.58 p50=-5.62 p05=-6.19 p95=-5.00
  [diag] sat-dist hist bins=60 sat<0.05=0.0% mean=0.627 p10=0.611 p90=0.633
Iter 0009100: train nll 0.121, valid error 100.000%, best valid error 100.000%, avg grad norm   0.209, avg grad norm (post clip)   0.000, rho_Whh  1.10, Omega  0.00, alpha  0.000, steps in the past 0.000, valid nll 0.103
  [diag] log10|dL/dh_t| hist bins=60 range=(-6.55,-3.58) mean=-5.62 p50=-5.67 p05=-6.20 p95=-5.00
  [diag] sat-dist hist bins=60 sat<0.05=0.0% mean=0.623 p10=0.608 p90=0.627
Iter 0009120: train nll 0.121, valid error 100.000%, best valid error 100.000%, avg grad norm   0.232, avg grad norm (post clip)   0.000, rho_Whh  1.10, Omega  0.00, alpha  0.000, steps in the past 0.000, valid nll 0.103
  [diag] log10|dL/dh_t| hist bins=60 range=(-6.54,-3.59) mean=-5.61 p50=-5.66 p05=-6.19 p95=-5.00
  [diag] sat-dist hist bins=60 sat<0.05=0.0% mean=0.625 p10=0.610 p90=0.629
Iter 0009140: train nll 0.124, valid error 100.000%, best valid error 100.000%, avg grad norm   0.276, avg grad norm (post clip)   0.000, rho_Whh  1.10, Omega  0.00, alpha  0.000, steps in the past 0.000, valid nll 0.103
  [diag] log10|dL/dh_t| hist bins=60 range=(-6.57,-3.51) mean=-5.74 p50=-5.80 p05=-6.24 p95=-5.01
  [diag] sat-dist hist bins=60 sat<0.05=0.0% mean=0.610 p10=0.599 p90=0.613
Iter 0009160: train nll 0.122, valid error 100.000%, best valid error 100.000%, avg grad norm   0.208, avg grad norm (post clip)   0.000, rho_Whh  1.10, Omega  0.00, alpha  0.000, steps in the past 0.000, valid nll 0.103
  [diag] log10|dL/dh_t| hist bins=60 range=(-6.56,-3.55) mean=-5.68 p50=-5.74 p05=-6.23 p95=-5.01
  [diag] sat-dist hist bins=60 sat<0.05=0.0% mean=0.617 p10=0.603 p90=0.620
Iter 0009180: train nll 0.130, valid error 100.000%, best valid error 100.000%, avg grad norm   0.183, avg grad norm (post clip)   0.000, rho_Whh  1.10, Omega  0.00, alpha  0.000, steps in the past 0.000, valid nll 0.103
  [diag] log10|dL/dh_t| hist bins=60 range=(-6.55,-3.58) mean=-5.63 p50=-5.68 p05=-6.21 p95=-5.01
  [diag] sat-dist hist bins=60 sat<0.05=0.0% mean=0.622 p10=0.607 p90=0.627
Iter 0009200: train nll 0.133, valid error 100.000%, best valid error 100.000%, avg grad norm   0.243, avg grad norm (post clip)   0.000, rho_Whh  1.10, Omega  0.00, alpha  0.000, steps in the past 0.000, valid nll 0.103
  [diag] log10|dL/dh_t| hist bins=60 range=(-6.57,-3.53) mean=-5.72 p50=-5.78 p05=-6.24 p95=-5.01
  [diag] sat-dist hist bins=60 sat<0.05=0.0% mean=0.612 p10=0.600 p90=0.616
Iter 0009220: train nll 0.142, valid error 100.000%, best valid error 100.000%, avg grad norm   0.277, avg grad norm (post clip)   0.000, rho_Whh  1.10, Omega  0.00, alpha  0.000, steps in the past 0.000, valid nll 0.103
  [diag] log10|dL/dh_t| hist bins=60 range=(-6.56,-3.57) mean=-5.65 p50=-5.70 p05=-6.22 p95=-5.02
  [diag] sat-dist hist bins=60 sat<0.05=0.0% mean=0.620 p10=0.606 p90=0.625
Iter 0009240: train nll 0.124, valid error 100.000%, best valid error 100.000%, avg grad norm   0.204, avg grad norm (post clip)   0.000, rho_Whh  1.10, Omega  0.00, alpha  0.000, steps in the past 0.000, valid nll 0.102
  [diag] log10|dL/dh_t| hist bins=60 range=(-6.53,-3.70) mean=-5.43 p50=-5.45 p05=-6.13 p95=-5.02
  [diag] sat-dist hist bins=60 sat<0.05=0.0% mean=0.646 p10=0.615 p90=0.654
Iter 0009260: train nll 0.141, valid error 100.000%, best valid error 100.000%, avg grad norm   0.184, avg grad norm (post clip)   0.000, rho_Whh  1.10, Omega  0.00, alpha  0.000, steps in the past 0.000, valid nll 0.103
  [diag] log10|dL/dh_t| hist bins=60 range=(-6.55,-3.63) mean=-5.57 p50=-5.60 p05=-6.19 p95=-5.02
  [diag] sat-dist hist bins=60 sat<0.05=0.0% mean=0.630 p10=0.611 p90=0.636
Iter 0009280: train nll 0.128, valid error 100.000%, best valid error 100.000%, avg grad norm   0.225, avg grad norm (post clip)   0.000, rho_Whh  1.10, Omega  0.00, alpha  0.000, steps in the past 0.000, valid nll 0.103
  [diag] log10|dL/dh_t| hist bins=60 range=(-6.55,-3.64) mean=-5.54 p50=-5.58 p05=-6.18 p95=-5.02
  [diag] sat-dist hist bins=60 sat<0.05=0.0% mean=0.633 p10=0.612 p90=0.639
Iter 0009300: train nll 0.143, valid error 100.000%, best valid error 100.000%, avg grad norm   0.284, avg grad norm (post clip)   0.000, rho_Whh  1.10, Omega  0.00, alpha  0.000, steps in the past 0.000, valid nll 0.103
  [diag] log10|dL/dh_t| hist bins=60 range=(-6.57,-3.57) mean=-5.68 p50=-5.73 p05=-6.23 p95=-5.03
  [diag] sat-dist hist bins=60 sat<0.05=0.0% mean=0.618 p10=0.604 p90=0.622
Iter 0009320: train nll 0.130, valid error 100.000%, best valid error 100.000%, avg grad norm   0.277, avg grad norm (post clip)   0.000, rho_Whh  1.10, Omega  0.00, alpha  0.000, steps in the past 0.000, valid nll 0.102
  [diag] log10|dL/dh_t| hist bins=60 range=(-6.57,-3.61) mean=-5.61 p50=-5.66 p05=-6.22 p95=-5.03
  [diag] sat-dist hist bins=60 sat<0.05=0.0% mean=0.625 p10=0.609 p90=0.630
Iter 0009340: train nll 0.138, valid error 100.000%, best valid error 100.000%, avg grad norm   0.201, avg grad norm (post clip)   0.000, rho_Whh  1.10, Omega  0.00, alpha  0.000, steps in the past 0.000, valid nll 0.102
  [diag] log10|dL/dh_t| hist bins=60 range=(-6.58,-3.57) mean=-5.68 p50=-5.73 p05=-6.24 p95=-5.03
  [diag] sat-dist hist bins=60 sat<0.05=0.0% mean=0.618 p10=0.603 p90=0.622
Iter 0009360: train nll 0.134, valid error 100.000%, best valid error 100.000%, avg grad norm   0.257, avg grad norm (post clip)   0.000, rho_Whh  1.10, Omega  0.00, alpha  0.000, steps in the past 0.000, valid nll 0.102
  [diag] log10|dL/dh_t| hist bins=60 range=(-6.57,-3.62) mean=-5.61 p50=-5.65 p05=-6.22 p95=-5.03
  [diag] sat-dist hist bins=60 sat<0.05=0.0% mean=0.626 p10=0.608 p90=0.631
Iter 0009380: train nll 0.130, valid error 100.000%, best valid error 100.000%, avg grad norm   0.203, avg grad norm (post clip)   0.000, rho_Whh  1.10, Omega  0.00, alpha  0.000, steps in the past 0.000, valid nll 0.102
  [diag] log10|dL/dh_t| hist bins=60 range=(-6.57,-3.62) mean=-5.61 p50=-5.65 p05=-6.22 p95=-5.03
  [diag] sat-dist hist bins=60 sat<0.05=0.0% mean=0.626 p10=0.608 p90=0.631
Iter 0009400: train nll 0.127, valid error 100.000%, best valid error 100.000%, avg grad norm   0.217, avg grad norm (post clip)   0.000, rho_Whh  1.10, Omega  0.00, alpha  0.000, steps in the past 0.000, valid nll 0.102
  [diag] log10|dL/dh_t| hist bins=60 range=(-6.59,-3.57) mean=-5.70 p50=-5.75 p05=-6.25 p95=-5.04
  [diag] sat-dist hist bins=60 sat<0.05=0.0% mean=0.616 p10=0.601 p90=0.620
Iter 0009420: train nll 0.132, valid error 100.000%, best valid error 100.000%, avg grad norm   0.277, avg grad norm (post clip)   0.000, rho_Whh  1.10, Omega  0.00, alpha  0.000, steps in the past 0.000, valid nll 0.102
  [diag] log10|dL/dh_t| hist bins=60 range=(-6.59,-3.58) mean=-5.67 p50=-5.72 p05=-6.24 p95=-5.04
  [diag] sat-dist hist bins=60 sat<0.05=0.0% mean=0.619 p10=0.604 p90=0.623
Iter 0009440: train nll 0.119, valid error 100.000%, best valid error 100.000%, avg grad norm   0.191, avg grad norm (post clip)   0.000, rho_Whh  1.10, Omega  0.00, alpha  0.000, steps in the past 0.000, valid nll 0.102
  [diag] log10|dL/dh_t| hist bins=60 range=(-6.58,-3.62) mean=-5.61 p50=-5.65 p05=-6.22 p95=-5.04
  [diag] sat-dist hist bins=60 sat<0.05=0.0% mean=0.626 p10=0.609 p90=0.631
Iter 0009460: train nll 0.142, valid error 100.000%, best valid error 100.000%, avg grad norm   0.309, avg grad norm (post clip)   0.000, rho_Whh  1.10, Omega  0.00, alpha  0.000, steps in the past 0.000, valid nll 0.102
  [diag] log10|dL/dh_t| hist bins=60 range=(-6.57,-3.65) mean=-5.56 p50=-5.59 p05=-6.20 p95=-5.04
  [diag] sat-dist hist bins=60 sat<0.05=0.0% mean=0.632 p10=0.610 p90=0.638
Iter 0009480: train nll 0.126, valid error 100.000%, best valid error 100.000%, avg grad norm   0.208, avg grad norm (post clip)   0.000, rho_Whh  1.10, Omega  0.00, alpha  0.000, steps in the past 0.000, valid nll 0.102
  [diag] log10|dL/dh_t| hist bins=60 range=(-6.59,-3.62) mean=-5.61 p50=-5.65 p05=-6.23 p95=-5.04
  [diag] sat-dist hist bins=60 sat<0.05=0.0% mean=0.626 p10=0.607 p90=0.631
Iter 0009500: train nll 0.127, valid error 100.000%, best valid error 100.000%, avg grad norm   0.149, avg grad norm (post clip)   0.000, rho_Whh  1.10, Omega  0.00, alpha  0.000, steps in the past 0.000, valid nll 0.102
  [diag] log10|dL/dh_t| hist bins=60 range=(-6.60,-3.59) mean=-5.68 p50=-5.73 p05=-6.25 p95=-5.05
  [diag] sat-dist hist bins=60 sat<0.05=0.0% mean=0.618 p10=0.602 p90=0.622
Iter 0009520: train nll 0.154, valid error 100.000%, best valid error 100.000%, avg grad norm   0.281, avg grad norm (post clip)   0.000, rho_Whh  1.10, Omega  0.00, alpha  0.000, steps in the past 0.000, valid nll 0.102
  [diag] log10|dL/dh_t| hist bins=60 range=(-6.61,-3.58) mean=-5.70 p50=-5.75 p05=-6.27 p95=-5.05
  [diag] sat-dist hist bins=60 sat<0.05=0.0% mean=0.616 p10=0.600 p90=0.620
Iter 0009540: train nll 0.116, valid error 100.000%, best valid error 100.000%, avg grad norm   0.117, avg grad norm (post clip)   0.000, rho_Whh  1.10, Omega  0.00, alpha  0.000, steps in the past 0.000, valid nll 0.102
  [diag] log10|dL/dh_t| hist bins=60 range=(-6.60,-3.61) mean=-5.64 p50=-5.69 p05=-6.25 p95=-5.05
  [diag] sat-dist hist bins=60 sat<0.05=0.0% mean=0.622 p10=0.603 p90=0.628
Iter 0009560: train nll 0.136, valid error 100.000%, best valid error 100.000%, avg grad norm   0.187, avg grad norm (post clip)   0.000, rho_Whh  1.10, Omega  0.00, alpha  0.000, steps in the past 0.000, valid nll 0.102
  [diag] log10|dL/dh_t| hist bins=60 range=(-6.67,-3.51) mean=-5.82 p50=-5.89 p05=-6.31 p95=-5.06
  [diag] sat-dist hist bins=60 sat<0.05=0.0% mean=0.603 p10=0.595 p90=0.605
Iter 0009580: train nll 0.128, valid error 100.000%, best valid error 100.000%, avg grad norm   0.272, avg grad norm (post clip)   0.000, rho_Whh  1.10, Omega  0.00, alpha  0.000, steps in the past 0.000, valid nll 0.102
  [diag] log10|dL/dh_t| hist bins=60 range=(-6.63,-3.57) mean=-5.72 p50=-5.78 p05=-6.28 p95=-5.06
  [diag] sat-dist hist bins=60 sat<0.05=0.0% mean=0.614 p10=0.598 p90=0.618
Iter 0009600: train nll 0.119, valid error 100.000%, best valid error 100.000%, avg grad norm   0.150, avg grad norm (post clip)   0.000, rho_Whh  1.10, Omega  0.00, alpha  0.000, steps in the past 0.000, valid nll 0.102
  [diag] log10|dL/dh_t| hist bins=60 range=(-6.63,-3.57) mean=-5.73 p50=-5.78 p05=-6.28 p95=-5.06
  [diag] sat-dist hist bins=60 sat<0.05=0.0% mean=0.614 p10=0.598 p90=0.618
Iter 0009620: train nll 0.143, valid error 100.000%, best valid error 100.000%, avg grad norm   0.276, avg grad norm (post clip)   0.000, rho_Whh  1.10, Omega  0.00, alpha  0.000, steps in the past 0.000, valid nll 0.102
  [diag] log10|dL/dh_t| hist bins=60 range=(-6.61,-3.62) mean=-5.65 p50=-5.69 p05=-6.25 p95=-5.06
  [diag] sat-dist hist bins=60 sat<0.05=0.0% mean=0.622 p10=0.603 p90=0.627
Iter 0009640: train nll 0.138, valid error 100.000%, best valid error 100.000%, avg grad norm   0.219, avg grad norm (post clip)   0.000, rho_Whh  1.10, Omega  0.00, alpha  0.000, steps in the past 0.000, valid nll 0.102
  [diag] log10|dL/dh_t| hist bins=60 range=(-6.61,-3.62) mean=-5.66 p50=-5.70 p05=-6.26 p95=-5.06
  [diag] sat-dist hist bins=60 sat<0.05=0.0% mean=0.621 p10=0.602 p90=0.627
Iter 0009660: train nll 0.146, valid error 100.000%, best valid error 100.000%, avg grad norm   0.195, avg grad norm (post clip)   0.000, rho_Whh  1.10, Omega  0.00, alpha  0.000, steps in the past 0.000, valid nll 0.102
  [diag] log10|dL/dh_t| hist bins=60 range=(-6.70,-3.50) mean=-5.85 p50=-5.92 p05=-6.33 p95=-5.07
  [diag] sat-dist hist bins=60 sat<0.05=0.0% mean=0.600 p10=0.592 p90=0.602
Iter 0009680: train nll 0.136, valid error 100.000%, best valid error 100.000%, avg grad norm   0.199, avg grad norm (post clip)   0.000, rho_Whh  1.10, Omega  0.00, alpha  0.000, steps in the past 0.000, valid nll 0.102
  [diag] log10|dL/dh_t| hist bins=60 range=(-6.62,-3.62) mean=-5.66 p50=-5.70 p05=-6.26 p95=-5.07
  [diag] sat-dist hist bins=60 sat<0.05=0.0% mean=0.621 p10=0.602 p90=0.627
Iter 0009700: train nll 0.139, valid error 100.000%, best valid error 100.000%, avg grad norm   0.247, avg grad norm (post clip)   0.000, rho_Whh  1.10, Omega  0.00, alpha  0.000, steps in the past 0.000, valid nll 0.102
  [diag] log10|dL/dh_t| hist bins=60 range=(-6.62,-3.64) mean=-5.63 p50=-5.67 p05=-6.26 p95=-5.07
  [diag] sat-dist hist bins=60 sat<0.05=0.0% mean=0.624 p10=0.603 p90=0.630
Iter 0009720: train nll 0.115, valid error 100.000%, best valid error 100.000%, avg grad norm   0.175, avg grad norm (post clip)   0.000, rho_Whh  1.10, Omega  0.00, alpha  0.000, steps in the past 0.000, valid nll 0.102
  [diag] log10|dL/dh_t| hist bins=60 range=(-6.63,-3.60) mean=-5.71 p50=-5.75 p05=-6.28 p95=-5.07
  [diag] sat-dist hist bins=60 sat<0.05=0.0% mean=0.616 p10=0.599 p90=0.621
Iter 0009740: train nll 0.118, valid error 100.000%, best valid error 100.000%, avg grad norm   0.174, avg grad norm (post clip)   0.000, rho_Whh  1.10, Omega  0.00, alpha  0.000, steps in the past 0.000, valid nll 0.102
  [diag] log10|dL/dh_t| hist bins=60 range=(-6.64,-3.59) mean=-5.71 p50=-5.76 p05=-6.29 p95=-5.08
  [diag] sat-dist hist bins=60 sat<0.05=0.0% mean=0.615 p10=0.598 p90=0.620
Iter 0009760: train nll 0.111, valid error 100.000%, best valid error 100.000%, avg grad norm   0.126, avg grad norm (post clip)   0.000, rho_Whh  1.10, Omega  0.00, alpha  0.000, steps in the past 0.000, valid nll 0.102
  [diag] log10|dL/dh_t| hist bins=60 range=(-6.63,-3.64) mean=-5.64 p50=-5.68 p05=-6.27 p95=-5.08
  [diag] sat-dist hist bins=60 sat<0.05=0.0% mean=0.623 p10=0.601 p90=0.629
Iter 0009780: train nll 0.115, valid error 100.000%, best valid error 100.000%, avg grad norm   0.173, avg grad norm (post clip)   0.000, rho_Whh  1.10, Omega  0.00, alpha  0.000, steps in the past 0.000, valid nll 0.102
  [diag] log10|dL/dh_t| hist bins=60 range=(-6.66,-3.59) mean=-5.74 p50=-5.79 p05=-6.30 p95=-5.08
  [diag] sat-dist hist bins=60 sat<0.05=0.0% mean=0.613 p10=0.596 p90=0.617
Iter 0009800: train nll 0.127, valid error 100.000%, best valid error 100.000%, avg grad norm   0.214, avg grad norm (post clip)   0.000, rho_Whh  1.10, Omega  0.00, alpha  0.000, steps in the past 0.000, valid nll 0.102
  [diag] log10|dL/dh_t| hist bins=60 range=(-6.62,-3.67) mean=-5.58 p50=-5.61 p05=-6.25 p95=-5.08
  [diag] sat-dist hist bins=60 sat<0.05=0.0% mean=0.630 p10=0.603 p90=0.637
Iter 0009820: train nll 0.116, valid error 100.000%, best valid error 100.000%, avg grad norm   0.183, avg grad norm (post clip)   0.000, rho_Whh  1.10, Omega  0.00, alpha  0.000, steps in the past 0.000, valid nll 0.102
  [diag] log10|dL/dh_t| hist bins=60 range=(-6.65,-3.60) mean=-5.72 p50=-5.77 p05=-6.29 p95=-5.08
  [diag] sat-dist hist bins=60 sat<0.05=0.0% mean=0.615 p10=0.598 p90=0.619
Iter 0009840: train nll 0.140, valid error 100.000%, best valid error 100.000%, avg grad norm   0.289, avg grad norm (post clip)   0.000, rho_Whh  1.10, Omega  0.00, alpha  0.000, steps in the past 0.000, valid nll 0.102
  [diag] log10|dL/dh_t| hist bins=60 range=(-6.59,-3.74) mean=-5.43 p50=-5.44 p05=-6.18 p95=-5.08
  [diag] sat-dist hist bins=60 sat<0.05=0.0% mean=0.648 p10=0.612 p90=0.657
Iter 0009860: train nll 0.127, valid error 100.000%, best valid error 100.000%, avg grad norm   0.305, avg grad norm (post clip)   0.000, rho_Whh  1.10, Omega  0.00, alpha  0.000, steps in the past 0.000, valid nll 0.103
  [diag] log10|dL/dh_t| hist bins=60 range=(-6.66,-3.58) mean=-5.77 p50=-5.82 p05=-6.30 p95=-5.09
  [diag] sat-dist hist bins=60 sat<0.05=0.0% mean=0.610 p10=0.595 p90=0.614
Iter 0009880: train nll 0.133, valid error 100.000%, best valid error 100.000%, avg grad norm   0.194, avg grad norm (post clip)   0.000, rho_Whh  1.10, Omega  0.00, alpha  0.000, steps in the past 0.000, valid nll 0.102
  [diag] log10|dL/dh_t| hist bins=60 range=(-6.71,-3.51) mean=-5.87 p50=-5.94 p05=-6.34 p95=-5.09
  [diag] sat-dist hist bins=60 sat<0.05=0.0% mean=0.599 p10=0.591 p90=0.601
Iter 0009900: train nll 0.132, valid error 100.000%, best valid error 100.000%, avg grad norm   0.272, avg grad norm (post clip)   0.000, rho_Whh  1.10, Omega  0.00, alpha  0.000, steps in the past 0.000, valid nll 0.102
  [diag] log10|dL/dh_t| hist bins=60 range=(-6.62,-3.70) mean=-5.55 p50=-5.58 p05=-6.23 p95=-5.09
  [diag] sat-dist hist bins=60 sat<0.05=0.0% mean=0.634 p10=0.606 p90=0.642
Iter 0009920: train nll 0.125, valid error 100.000%, best valid error 100.000%, avg grad norm   0.162, avg grad norm (post clip)   0.000, rho_Whh  1.10, Omega  0.00, alpha  0.000, steps in the past 0.000, valid nll 0.102
  [diag] log10|dL/dh_t| hist bins=60 range=(-6.65,-3.60) mean=-5.73 p50=-5.78 p05=-6.29 p95=-5.09
  [diag] sat-dist hist bins=60 sat<0.05=0.0% mean=0.615 p10=0.598 p90=0.619
Iter 0009940: train nll 0.136, valid error 100.000%, best valid error 100.000%, avg grad norm   0.195, avg grad norm (post clip)   0.000, rho_Whh  1.10, Omega  0.00, alpha  0.000, steps in the past 0.000, valid nll 0.101
  [diag] log10|dL/dh_t| hist bins=60 range=(-6.64,-3.64) mean=-5.67 p50=-5.72 p05=-6.27 p95=-5.10
  [diag] sat-dist hist bins=60 sat<0.05=0.0% mean=0.621 p10=0.601 p90=0.626
Iter 0009960: train nll 0.131, valid error 100.000%, best valid error 100.000%, avg grad norm   0.210, avg grad norm (post clip)   0.000, rho_Whh  1.10, Omega  0.00, alpha  0.000, steps in the past 0.000, valid nll 0.101
  [diag] log10|dL/dh_t| hist bins=60 range=(-6.67,-3.59) mean=-5.75 p50=-5.80 p05=-6.31 p95=-5.10
  [diag] sat-dist hist bins=60 sat<0.05=0.0% mean=0.612 p10=0.595 p90=0.616
Iter 0009980: train nll 0.142, valid error 100.000%, best valid error 100.000%, avg grad norm   0.189, avg grad norm (post clip)   0.000, rho_Whh  1.10, Omega  0.00, alpha  0.000, steps in the past 0.000, valid nll 0.101
  [diag] log10|dL/dh_t| hist bins=60 range=(-6.63,-3.70) mean=-5.55 p50=-5.57 p05=-6.24 p95=-5.10
  [diag] sat-dist hist bins=60 sat<0.05=0.0% mean=0.634 p10=0.604 p90=0.642
Iter 0010000: train nll 0.140, valid error 100.000%, best valid error 100.000%, avg grad norm   0.253, avg grad norm (post clip)   0.000, rho_Whh  1.10, Omega  0.00, alpha  0.000, steps in the past 0.000, valid nll 0.102
  [diag] log10|dL/dh_t| hist bins=60 range=(-6.70,-3.57) mean=-5.79 p50=-5.85 p05=-6.32 p95=-5.10
  [diag] sat-dist hist bins=60 sat<0.05=0.0% mean=0.608 p10=0.592 p90=0.611
Iter 0010020: train nll 0.148, valid error 100.000%, best valid error 100.000%, avg grad norm   0.259, avg grad norm (post clip)   0.000, rho_Whh  1.10, Omega  0.00, alpha  0.000, steps in the past 0.000, valid nll 0.101
  [diag] log10|dL/dh_t| hist bins=60 range=(-6.63,-3.73) mean=-5.50 p50=-5.52 p05=-6.23 p95=-5.10
  [diag] sat-dist hist bins=60 sat<0.05=0.0% mean=0.640 p10=0.606 p90=0.649
Iter 0010040: train nll 0.138, valid error 100.000%, best valid error 100.000%, avg grad norm   0.255, avg grad norm (post clip)   0.000, rho_Whh  1.10, Omega  0.00, alpha  0.000, steps in the past 0.000, valid nll 0.102
  [diag] log10|dL/dh_t| hist bins=60 range=(-6.68,-3.59) mean=-5.78 p50=-5.83 p05=-6.31 p95=-5.11
  [diag] sat-dist hist bins=60 sat<0.05=0.0% mean=0.610 p10=0.594 p90=0.614
Iter 0010060: train nll 0.124, valid error 100.000%, best valid error 100.000%, avg grad norm   0.255, avg grad norm (post clip)   0.000, rho_Whh  1.10, Omega  0.00, alpha  0.000, steps in the past 0.000, valid nll 0.101
  [diag] log10|dL/dh_t| hist bins=60 range=(-6.65,-3.67) mean=-5.64 p50=-5.67 p05=-6.27 p95=-5.11
  [diag] sat-dist hist bins=60 sat<0.05=0.0% mean=0.625 p10=0.602 p90=0.631
Iter 0010080: train nll 0.118, valid error 100.000%, best valid error 100.000%, avg grad norm   0.171, avg grad norm (post clip)   0.000, rho_Whh  1.10, Omega  0.00, alpha  0.000, steps in the past 0.000, valid nll 0.101
  [diag] log10|dL/dh_t| hist bins=60 range=(-6.63,-3.73) mean=-5.50 p50=-5.52 p05=-6.24 p95=-5.11
  [diag] sat-dist hist bins=60 sat<0.05=0.0% mean=0.640 p10=0.605 p90=0.649
Iter 0010100: train nll 0.156, valid error 100.000%, best valid error 100.000%, avg grad norm   0.210, avg grad norm (post clip)   0.000, rho_Whh  1.10, Omega  0.00, alpha  0.000, steps in the past 0.000, valid nll 0.102
  [diag] log10|dL/dh_t| hist bins=60 range=(-6.67,-3.65) mean=-5.69 p50=-5.73 p05=-6.29 p95=-5.11
  [diag] sat-dist hist bins=60 sat<0.05=0.0% mean=0.620 p10=0.598 p90=0.625
Iter 0010120: train nll 0.132, valid error 100.000%, best valid error 100.000%, avg grad norm   0.203, avg grad norm (post clip)   0.000, rho_Whh  1.10, Omega  0.00, alpha  0.000, steps in the past 0.000, valid nll 0.101
  [diag] log10|dL/dh_t| hist bins=60 range=(-6.68,-3.63) mean=-5.71 p50=-5.75 p05=-6.31 p95=-5.12
  [diag] sat-dist hist bins=60 sat<0.05=0.0% mean=0.617 p10=0.597 p90=0.623
Iter 0010140: train nll 0.125, valid error 100.000%, best valid error 100.000%, avg grad norm   0.158, avg grad norm (post clip)   0.000, rho_Whh  1.10, Omega  0.00, alpha  0.000, steps in the past 0.000, valid nll 0.101
  [diag] log10|dL/dh_t| hist bins=60 range=(-6.71,-3.60) mean=-5.78 p50=-5.83 p05=-6.33 p95=-5.12
  [diag] sat-dist hist bins=60 sat<0.05=0.0% mean=0.610 p10=0.592 p90=0.614
Iter 0010160: train nll 0.105, valid error 100.000%, best valid error 100.000%, avg grad norm   0.124, avg grad norm (post clip)   0.000, rho_Whh  1.10, Omega  0.00, alpha  0.000, steps in the past 0.000, valid nll 0.101
  [diag] log10|dL/dh_t| hist bins=60 range=(-6.75,-3.53) mean=-5.89 p50=-5.96 p05=-6.37 p95=-5.12
  [diag] sat-dist hist bins=60 sat<0.05=0.0% mean=0.598 p10=0.589 p90=0.600
Iter 0010180: train nll 0.135, valid error 100.000%, best valid error 100.000%, avg grad norm   0.298, avg grad norm (post clip)   0.000, rho_Whh  1.10, Omega  0.00, alpha  0.000, steps in the past 0.000, valid nll 0.101
  [diag] log10|dL/dh_t| hist bins=60 range=(-6.69,-3.61) mean=-5.76 p50=-5.81 p05=-6.31 p95=-5.12
  [diag] sat-dist hist bins=60 sat<0.05=0.0% mean=0.613 p10=0.596 p90=0.617
Iter 0010200: train nll 0.142, valid error 100.000%, best valid error 100.000%, avg grad norm   0.253, avg grad norm (post clip)   0.000, rho_Whh  1.10, Omega  0.00, alpha  0.000, steps in the past 0.000, valid nll 0.101
  [diag] log10|dL/dh_t| hist bins=60 range=(-6.68,-3.62) mean=-5.74 p50=-5.79 p05=-6.31 p95=-5.12
  [diag] sat-dist hist bins=60 sat<0.05=0.0% mean=0.614 p10=0.597 p90=0.619
Iter 0010220: train nll 0.129, valid error 100.000%, best valid error 100.000%, avg grad norm   0.207, avg grad norm (post clip)   0.000, rho_Whh  1.10, Omega  0.00, alpha  0.000, steps in the past 0.000, valid nll 0.101
  [diag] log10|dL/dh_t| hist bins=60 range=(-6.71,-3.60) mean=-5.79 p50=-5.85 p05=-6.32 p95=-5.13
  [diag] sat-dist hist bins=60 sat<0.05=0.0% mean=0.609 p10=0.593 p90=0.613
Iter 0010240: train nll 0.112, valid error 100.000%, best valid error 100.000%, avg grad norm   0.168, avg grad norm (post clip)   0.000, rho_Whh  1.10, Omega  0.00, alpha  0.000, steps in the past 0.000, valid nll 0.101
  [diag] log10|dL/dh_t| hist bins=60 range=(-6.67,-3.68) mean=-5.65 p50=-5.69 p05=-6.28 p95=-5.13
  [diag] sat-dist hist bins=60 sat<0.05=0.0% mean=0.624 p10=0.600 p90=0.630
Iter 0010260: train nll 0.136, valid error 100.000%, best valid error 100.000%, avg grad norm   0.227, avg grad norm (post clip)   0.000, rho_Whh  1.10, Omega  0.00, alpha  0.000, steps in the past 0.000, valid nll 0.101
  [diag] log10|dL/dh_t| hist bins=60 range=(-6.71,-3.60) mean=-5.79 p50=-5.85 p05=-6.33 p95=-5.13
  [diag] sat-dist hist bins=60 sat<0.05=0.0% mean=0.609 p10=0.593 p90=0.613
Iter 0010280: train nll 0.142, valid error 100.000%, best valid error 100.000%, avg grad norm   0.221, avg grad norm (post clip)   0.000, rho_Whh  1.10, Omega  0.00, alpha  0.000, steps in the past 0.000, valid nll 0.101
  [diag] log10|dL/dh_t| hist bins=60 range=(-6.68,-3.64) mean=-5.73 p50=-5.77 p05=-6.30 p95=-5.13
  [diag] sat-dist hist bins=60 sat<0.05=0.0% mean=0.616 p10=0.598 p90=0.621
Iter 0010300: train nll 0.133, valid error 100.000%, best valid error 100.000%, avg grad norm   0.203, avg grad norm (post clip)   0.000, rho_Whh  1.10, Omega  0.00, alpha  0.000, steps in the past 0.000, valid nll 0.101
  [diag] log10|dL/dh_t| hist bins=60 range=(-6.69,-3.65) mean=-5.70 p50=-5.75 p05=-6.31 p95=-5.13
  [diag] sat-dist hist bins=60 sat<0.05=0.0% mean=0.619 p10=0.597 p90=0.624
Iter 0010320: train nll 0.116, valid error 100.000%, best valid error 100.000%, avg grad norm   0.084, avg grad norm (post clip)   0.000, rho_Whh  1.10, Omega  0.00, alpha  0.000, steps in the past 0.000, valid nll 0.101
  [diag] log10|dL/dh_t| hist bins=60 range=(-6.72,-3.61) mean=-5.79 p50=-5.84 p05=-6.33 p95=-5.14
  [diag] sat-dist hist bins=60 sat<0.05=0.0% mean=0.610 p10=0.593 p90=0.614
Iter 0010340: train nll 0.125, valid error 100.000%, best valid error 100.000%, avg grad norm   0.201, avg grad norm (post clip)   0.000, rho_Whh  1.10, Omega  0.00, alpha  0.000, steps in the past 0.000, valid nll 0.101
  [diag] log10|dL/dh_t| hist bins=60 range=(-6.72,-3.62) mean=-5.77 p50=-5.82 p05=-6.33 p95=-5.14
  [diag] sat-dist hist bins=60 sat<0.05=0.0% mean=0.611 p10=0.593 p90=0.616
Iter 0010360: train nll 0.133, valid error 100.000%, best valid error 100.000%, avg grad norm   0.201, avg grad norm (post clip)   0.000, rho_Whh  1.10, Omega  0.00, alpha  0.000, steps in the past 0.000, valid nll 0.101
  [diag] log10|dL/dh_t| hist bins=60 range=(-6.66,-3.75) mean=-5.49 p50=-5.50 p05=-6.25 p95=-5.14
  [diag] sat-dist hist bins=60 sat<0.05=0.0% mean=0.642 p10=0.604 p90=0.652
Iter 0010380: train nll 0.127, valid error 100.000%, best valid error 100.000%, avg grad norm   0.211, avg grad norm (post clip)   0.000, rho_Whh  1.10, Omega  0.00, alpha  0.000, steps in the past 0.000, valid nll 0.102
  [diag] log10|dL/dh_t| hist bins=60 range=(-6.73,-3.62) mean=-5.78 p50=-5.83 p05=-6.34 p95=-5.14
  [diag] sat-dist hist bins=60 sat<0.05=0.0% mean=0.610 p10=0.592 p90=0.615
Iter 0010400: train nll 0.142, valid error 100.000%, best valid error 100.000%, avg grad norm   0.202, avg grad norm (post clip)   0.000, rho_Whh  1.10, Omega  0.00, alpha  0.000, steps in the past 0.000, valid nll 0.101
  [diag] log10|dL/dh_t| hist bins=60 range=(-6.69,-3.68) mean=-5.66 p50=-5.70 p05=-6.30 p95=-5.14
  [diag] sat-dist hist bins=60 sat<0.05=0.0% mean=0.623 p10=0.597 p90=0.630
Iter 0010420: train nll 0.136, valid error 100.000%, best valid error 100.000%, avg grad norm   0.202, avg grad norm (post clip)   0.000, rho_Whh  1.10, Omega  0.00, alpha  0.000, steps in the past 0.000, valid nll 0.101
  [diag] log10|dL/dh_t| hist bins=60 range=(-6.72,-3.65) mean=-5.74 p50=-5.78 p05=-6.33 p95=-5.15
  [diag] sat-dist hist bins=60 sat<0.05=0.0% mean=0.615 p10=0.594 p90=0.620
Iter 0010440: train nll 0.134, valid error 100.000%, best valid error 100.000%, avg grad norm   0.183, avg grad norm (post clip)   0.000, rho_Whh  1.10, Omega  0.00, alpha  0.000, steps in the past 0.000, valid nll 0.101
  [diag] log10|dL/dh_t| hist bins=60 range=(-6.68,-3.74) mean=-5.54 p50=-5.55 p05=-6.28 p95=-5.15
  [diag] sat-dist hist bins=60 sat<0.05=0.0% mean=0.637 p10=0.600 p90=0.646
Iter 0010460: train nll 0.119, valid error 100.000%, best valid error 100.000%, avg grad norm   0.155, avg grad norm (post clip)   0.000, rho_Whh  1.10, Omega  0.00, alpha  0.000, steps in the past 0.000, valid nll 0.102
  [diag] log10|dL/dh_t| hist bins=60 range=(-6.73,-3.63) mean=-5.76 p50=-5.81 p05=-6.33 p95=-5.15
  [diag] sat-dist hist bins=60 sat<0.05=0.0% mean=0.613 p10=0.594 p90=0.617
Iter 0010480: train nll 0.141, valid error 100.000%, best valid error 100.000%, avg grad norm   0.319, avg grad norm (post clip)   0.000, rho_Whh  1.10, Omega  0.00, alpha  0.000, steps in the past 0.000, valid nll 0.101
  [diag] log10|dL/dh_t| hist bins=60 range=(-6.72,-3.64) mean=-5.75 p50=-5.80 p05=-6.33 p95=-5.15
  [diag] sat-dist hist bins=60 sat<0.05=0.0% mean=0.614 p10=0.595 p90=0.619
Iter 0010500: train nll 0.137, valid error 100.000%, best valid error 100.000%, avg grad norm   0.258, avg grad norm (post clip)   0.000, rho_Whh  1.10, Omega  0.00, alpha  0.000, steps in the past 0.000, valid nll 0.101
  [diag] log10|dL/dh_t| hist bins=60 range=(-6.72,-3.64) mean=-5.75 p50=-5.80 p05=-6.33 p95=-5.16
  [diag] sat-dist hist bins=60 sat<0.05=0.0% mean=0.614 p10=0.594 p90=0.619
Iter 0010520: train nll 0.118, valid error 100.000%, best valid error 100.000%, avg grad norm   0.168, avg grad norm (post clip)   0.000, rho_Whh  1.10, Omega  0.00, alpha  0.000, steps in the past 0.000, valid nll 0.101
  [diag] log10|dL/dh_t| hist bins=60 range=(-6.67,-3.77) mean=-5.47 p50=-5.48 p05=-6.26 p95=-5.15
  [diag] sat-dist hist bins=60 sat<0.05=0.0% mean=0.645 p10=0.604 p90=0.655
Iter 0010540: train nll 0.137, valid error 100.000%, best valid error 100.000%, avg grad norm   0.178, avg grad norm (post clip)   0.000, rho_Whh  1.10, Omega  0.00, alpha  0.000, steps in the past 0.000, valid nll 0.102
  [diag] log10|dL/dh_t| hist bins=60 range=(-6.70,-3.68) mean=-5.69 p50=-5.73 p05=-6.31 p95=-5.16
  [diag] sat-dist hist bins=60 sat<0.05=0.0% mean=0.621 p10=0.596 p90=0.627
Iter 0010560: train nll 0.127, valid error 100.000%, best valid error 100.000%, avg grad norm   0.187, avg grad norm (post clip)   0.000, rho_Whh  1.10, Omega  0.00, alpha  0.000, steps in the past 0.000, valid nll 0.101
  [diag] log10|dL/dh_t| hist bins=60 range=(-6.75,-3.64) mean=-5.78 p50=-5.83 p05=-6.35 p95=-5.16
  [diag] sat-dist hist bins=60 sat<0.05=0.0% mean=0.611 p10=0.592 p90=0.616
Iter 0010580: train nll 0.130, valid error 100.000%, best valid error 100.000%, avg grad norm   0.138, avg grad norm (post clip)   0.000, rho_Whh  1.10, Omega  0.00, alpha  0.000, steps in the past 0.000, valid nll 0.101
  [diag] log10|dL/dh_t| hist bins=60 range=(-6.70,-3.71) mean=-5.64 p50=-5.67 p05=-6.30 p95=-5.16
  [diag] sat-dist hist bins=60 sat<0.05=0.0% mean=0.626 p10=0.596 p90=0.633
Iter 0010600: train nll 0.128, valid error 100.000%, best valid error 100.000%, avg grad norm   0.238, avg grad norm (post clip)   0.000, rho_Whh  1.10, Omega  0.00, alpha  0.000, steps in the past 0.000, valid nll 0.101
  [diag] log10|dL/dh_t| hist bins=60 range=(-6.77,-3.61) mean=-5.83 p50=-5.89 p05=-6.36 p95=-5.17
  [diag] sat-dist hist bins=60 sat<0.05=0.0% mean=0.606 p10=0.589 p90=0.610
Iter 0010620: train nll 0.127, valid error 100.000%, best valid error 100.000%, avg grad norm   0.209, avg grad norm (post clip)   0.000, rho_Whh  1.10, Omega  0.00, alpha  0.000, steps in the past 0.000, valid nll 0.101
  [diag] log10|dL/dh_t| hist bins=60 range=(-6.75,-3.64) mean=-5.78 p50=-5.83 p05=-6.35 p95=-5.17
  [diag] sat-dist hist bins=60 sat<0.05=0.0% mean=0.611 p10=0.591 p90=0.616
Iter 0010640: train nll 0.124, valid error 100.000%, best valid error 100.000%, avg grad norm   0.164, avg grad norm (post clip)   0.000, rho_Whh  1.10, Omega  0.00, alpha  0.000, steps in the past 0.000, valid nll 0.101
  [diag] log10|dL/dh_t| hist bins=60 range=(-6.70,-3.73) mean=-5.60 p50=-5.63 p05=-6.30 p95=-5.17
  [diag] sat-dist hist bins=60 sat<0.05=0.0% mean=0.631 p10=0.597 p90=0.639
Iter 0010660: train nll 0.129, valid error 100.000%, best valid error 100.000%, avg grad norm   0.218, avg grad norm (post clip)   0.000, rho_Whh  1.10, Omega  0.00, alpha  0.000, steps in the past 0.000, valid nll 0.101
  [diag] log10|dL/dh_t| hist bins=60 range=(-6.75,-3.64) mean=-5.78 p50=-5.83 p05=-6.34 p95=-5.17
  [diag] sat-dist hist bins=60 sat<0.05=0.0% mean=0.612 p10=0.593 p90=0.617
Iter 0010680: train nll 0.133, valid error 100.000%, best valid error 100.000%, avg grad norm   0.267, avg grad norm (post clip)   0.000, rho_Whh  1.10, Omega  0.00, alpha  0.000, steps in the past 0.000, valid nll 0.101
  [diag] log10|dL/dh_t| hist bins=60 range=(-6.77,-3.62) mean=-5.82 p50=-5.88 p05=-6.37 p95=-5.17
  [diag] sat-dist hist bins=60 sat<0.05=0.0% mean=0.607 p10=0.589 p90=0.611
Iter 0010700: train nll 0.118, valid error 100.000%, best valid error 100.000%, avg grad norm   0.123, avg grad norm (post clip)   0.000, rho_Whh  1.10, Omega  0.00, alpha  0.000, steps in the past 0.000, valid nll 0.101
  [diag] log10|dL/dh_t| hist bins=60 range=(-6.71,-3.71) mean=-5.65 p50=-5.68 p05=-6.31 p95=-5.17
  [diag] sat-dist hist bins=60 sat<0.05=0.0% mean=0.626 p10=0.595 p90=0.633
Iter 0010720: train nll 0.127, valid error 100.000%, best valid error 100.000%, avg grad norm   0.182, avg grad norm (post clip)   0.000, rho_Whh  1.10, Omega  0.00, alpha  0.000, steps in the past 0.000, valid nll 0.101
  [diag] log10|dL/dh_t| hist bins=60 range=(-6.77,-3.63) mean=-5.81 p50=-5.87 p05=-6.36 p95=-5.18
  [diag] sat-dist hist bins=60 sat<0.05=0.0% mean=0.608 p10=0.590 p90=0.613
Iter 0010740: train nll 0.145, valid error 100.000%, best valid error 100.000%, avg grad norm   0.226, avg grad norm (post clip)   0.000, rho_Whh  1.10, Omega  0.00, alpha  0.000, steps in the past 0.000, valid nll 0.101
  [diag] log10|dL/dh_t| hist bins=60 range=(-6.74,-3.68) mean=-5.73 p50=-5.77 p05=-6.34 p95=-5.18
  [diag] sat-dist hist bins=60 sat<0.05=0.0% mean=0.617 p10=0.593 p90=0.623
Iter 0010760: train nll 0.116, valid error 100.000%, best valid error 100.000%, avg grad norm   0.172, avg grad norm (post clip)   0.000, rho_Whh  1.10, Omega  0.00, alpha  0.000, steps in the past 0.000, valid nll 0.101
  [diag] log10|dL/dh_t| hist bins=60 range=(-6.77,-3.64) mean=-5.81 p50=-5.86 p05=-6.36 p95=-5.18
  [diag] sat-dist hist bins=60 sat<0.05=0.0% mean=0.609 p10=0.590 p90=0.614
Iter 0010780: train nll 0.138, valid error 100.000%, best valid error 100.000%, avg grad norm   0.197, avg grad norm (post clip)   0.000, rho_Whh  1.10, Omega  0.00, alpha  0.000, steps in the past 0.000, valid nll 0.101
  [diag] log10|dL/dh_t| hist bins=60 range=(-6.78,-3.63) mean=-5.82 p50=-5.87 p05=-6.37 p95=-5.18
  [diag] sat-dist hist bins=60 sat<0.05=0.0% mean=0.608 p10=0.590 p90=0.613
Iter 0010800: train nll 0.118, valid error 100.000%, best valid error 100.000%, avg grad norm   0.193, avg grad norm (post clip)   0.000, rho_Whh  1.10, Omega  0.00, alpha  0.000, steps in the past 0.000, valid nll 0.101
  [diag] log10|dL/dh_t| hist bins=60 range=(-6.77,-3.64) mean=-5.80 p50=-5.85 p05=-6.36 p95=-5.18
  [diag] sat-dist hist bins=60 sat<0.05=0.0% mean=0.610 p10=0.590 p90=0.614
Iter 0010820: train nll 0.138, valid error 100.000%, best valid error 100.000%, avg grad norm   0.231, avg grad norm (post clip)   0.000, rho_Whh  1.10, Omega  0.00, alpha  0.000, steps in the past 0.000, valid nll 0.101
  [diag] log10|dL/dh_t| hist bins=60 range=(-6.78,-3.64) mean=-5.81 p50=-5.86 p05=-6.36 p95=-5.19
  [diag] sat-dist hist bins=60 sat<0.05=0.0% mean=0.609 p10=0.590 p90=0.614
Iter 0010840: train nll 0.125, valid error 100.000%, best valid error 100.000%, avg grad norm   0.182, avg grad norm (post clip)   0.000, rho_Whh  1.10, Omega  0.00, alpha  0.000, steps in the past 0.000, valid nll 0.101
  [diag] log10|dL/dh_t| hist bins=60 range=(-6.74,-3.68) mean=-5.74 p50=-5.78 p05=-6.34 p95=-5.19
  [diag] sat-dist hist bins=60 sat<0.05=0.0% mean=0.617 p10=0.593 p90=0.622
Iter 0010860: train nll 0.141, valid error 100.000%, best valid error 100.000%, avg grad norm   0.274, avg grad norm (post clip)   0.000, rho_Whh  1.10, Omega  0.00, alpha  0.000, steps in the past 0.000, valid nll 0.101
  [diag] log10|dL/dh_t| hist bins=60 range=(-6.77,-3.64) mean=-5.81 p50=-5.87 p05=-6.36 p95=-5.19
  [diag] sat-dist hist bins=60 sat<0.05=0.0% mean=0.609 p10=0.591 p90=0.613
Iter 0010880: train nll 0.129, valid error 100.000%, best valid error 100.000%, avg grad norm   0.207, avg grad norm (post clip)   0.000, rho_Whh  1.10, Omega  0.00, alpha  0.000, steps in the past 0.000, valid nll 0.100
  [diag] log10|dL/dh_t| hist bins=60 range=(-6.74,-3.70) mean=-5.69 p50=-5.73 p05=-6.33 p95=-5.19
  [diag] sat-dist hist bins=60 sat<0.05=0.0% mean=0.622 p10=0.593 p90=0.628
Iter 0010900: train nll 0.123, valid error 100.000%, best valid error 100.000%, avg grad norm   0.100, avg grad norm (post clip)   0.000, rho_Whh  1.10, Omega  0.00, alpha  0.000, steps in the past 0.000, valid nll 0.101
  [diag] log10|dL/dh_t| hist bins=60 range=(-6.78,-3.64) mean=-5.82 p50=-5.87 p05=-6.37 p95=-5.19
  [diag] sat-dist hist bins=60 sat<0.05=0.0% mean=0.609 p10=0.590 p90=0.613
Iter 0010920: train nll 0.137, valid error 100.000%, best valid error 100.000%, avg grad norm   0.224, avg grad norm (post clip)   0.000, rho_Whh  1.10, Omega  0.00, alpha  0.000, steps in the past 0.000, valid nll 0.100
  [diag] log10|dL/dh_t| hist bins=60 range=(-6.80,-3.64) mean=-5.83 p50=-5.89 p05=-6.38 p95=-5.20
  [diag] sat-dist hist bins=60 sat<0.05=0.0% mean=0.607 p10=0.589 p90=0.611
Iter 0010940: train nll 0.114, valid error 100.000%, best valid error 100.000%, avg grad norm   0.116, avg grad norm (post clip)   0.000, rho_Whh  1.10, Omega  0.00, alpha  0.000, steps in the past 0.000, valid nll 0.100
  [diag] log10|dL/dh_t| hist bins=60 range=(-6.79,-3.65) mean=-5.81 p50=-5.86 p05=-6.37 p95=-5.20
  [diag] sat-dist hist bins=60 sat<0.05=0.0% mean=0.609 p10=0.589 p90=0.614
Iter 0010960: train nll 0.111, valid error 100.000%, best valid error 100.000%, avg grad norm   0.127, avg grad norm (post clip)   0.000, rho_Whh  1.10, Omega  0.00, alpha  0.000, steps in the past 0.000, valid nll 0.100
  [diag] log10|dL/dh_t| hist bins=60 range=(-6.76,-3.69) mean=-5.75 p50=-5.79 p05=-6.35 p95=-5.20
  [diag] sat-dist hist bins=60 sat<0.05=0.0% mean=0.616 p10=0.591 p90=0.622
Iter 0010980: train nll 0.135, valid error 100.000%, best valid error 100.000%, avg grad norm   0.201, avg grad norm (post clip)   0.000, rho_Whh  1.10, Omega  0.00, alpha  0.000, steps in the past 0.000, valid nll 0.100
  [diag] log10|dL/dh_t| hist bins=60 range=(-6.78,-3.66) mean=-5.79 p50=-5.84 p05=-6.36 p95=-5.20
  [diag] sat-dist hist bins=60 sat<0.05=0.0% mean=0.612 p10=0.590 p90=0.617
Iter 0011000: train nll 0.144, valid error 100.000%, best valid error 100.000%, avg grad norm   0.247, avg grad norm (post clip)   0.000, rho_Whh  1.10, Omega  0.00, alpha  0.000, steps in the past 0.000, valid nll 0.100
  [diag] log10|dL/dh_t| hist bins=60 range=(-6.73,-3.74) mean=-5.63 p50=-5.65 p05=-6.31 p95=-5.20
  [diag] sat-dist hist bins=60 sat<0.05=0.0% mean=0.629 p10=0.595 p90=0.637
Iter 0011020: train nll 0.129, valid error 100.000%, best valid error 100.000%, avg grad norm   0.229, avg grad norm (post clip)   0.000, rho_Whh  1.10, Omega  0.00, alpha  0.000, steps in the past 0.000, valid nll 0.101
  [diag] log10|dL/dh_t| hist bins=60 range=(-6.74,-3.73) mean=-5.66 p50=-5.69 p05=-6.32 p95=-5.20
  [diag] sat-dist hist bins=60 sat<0.05=0.0% mean=0.625 p10=0.594 p90=0.633
Iter 0011040: train nll 0.140, valid error 100.000%, best valid error 100.000%, avg grad norm   0.211, avg grad norm (post clip)   0.000, rho_Whh  1.10, Omega  0.00, alpha  0.000, steps in the past 0.000, valid nll 0.101
  [diag] log10|dL/dh_t| hist bins=60 range=(-6.78,-3.66) mean=-5.80 p50=-5.85 p05=-6.36 p95=-5.21
  [diag] sat-dist hist bins=60 sat<0.05=0.0% mean=0.611 p10=0.590 p90=0.616
Iter 0011060: train nll 0.129, valid error 100.000%, best valid error 100.000%, avg grad norm   0.168, avg grad norm (post clip)   0.000, rho_Whh  1.10, Omega  0.00, alpha  0.000, steps in the past 0.000, valid nll 0.100
  [diag] log10|dL/dh_t| hist bins=60 range=(-6.77,-3.69) mean=-5.75 p50=-5.79 p05=-6.35 p95=-5.21
  [diag] sat-dist hist bins=60 sat<0.05=0.0% mean=0.616 p10=0.591 p90=0.622
Iter 0011080: train nll 0.136, valid error 100.000%, best valid error 100.000%, avg grad norm   0.237, avg grad norm (post clip)   0.000, rho_Whh  1.10, Omega  0.00, alpha  0.000, steps in the past 0.000, valid nll 0.100
  [diag] log10|dL/dh_t| hist bins=60 range=(-6.79,-3.68) mean=-5.78 p50=-5.83 p05=-6.37 p95=-5.21
  [diag] sat-dist hist bins=60 sat<0.05=0.0% mean=0.613 p10=0.589 p90=0.618
Iter 0011100: train nll 0.117, valid error 100.000%, best valid error 100.000%, avg grad norm   0.126, avg grad norm (post clip)   0.000, rho_Whh  1.10, Omega  0.00, alpha  0.000, steps in the past 0.000, valid nll 0.100
  [diag] log10|dL/dh_t| hist bins=60 range=(-6.78,-3.69) mean=-5.76 p50=-5.80 p05=-6.36 p95=-5.21
  [diag] sat-dist hist bins=60 sat<0.05=0.0% mean=0.615 p10=0.589 p90=0.621
Iter 0011120: train nll 0.124, valid error 100.000%, best valid error 100.000%, avg grad norm   0.140, avg grad norm (post clip)   0.000, rho_Whh  1.10, Omega  0.00, alpha  0.000, steps in the past 0.000, valid nll 0.100
  [diag] log10|dL/dh_t| hist bins=60 range=(-6.81,-3.66) mean=-5.83 p50=-5.88 p05=-6.39 p95=-5.21
  [diag] sat-dist hist bins=60 sat<0.05=0.0% mean=0.608 p10=0.587 p90=0.613
Iter 0011140: train nll 0.116, valid error 100.000%, best valid error 100.000%, avg grad norm   0.164, avg grad norm (post clip)   0.000, rho_Whh  1.10, Omega  0.00, alpha  0.000, steps in the past 0.000, valid nll 0.100
  [diag] log10|dL/dh_t| hist bins=60 range=(-6.82,-3.66) mean=-5.82 p50=-5.87 p05=-6.39 p95=-5.22
  [diag] sat-dist hist bins=60 sat<0.05=0.0% mean=0.609 p10=0.587 p90=0.614
Iter 0011160: train nll 0.133, valid error 100.000%, best valid error 100.000%, avg grad norm   0.155, avg grad norm (post clip)   0.000, rho_Whh  1.10, Omega  0.00, alpha  0.000, steps in the past 0.000, valid nll 0.100
  [diag] log10|dL/dh_t| hist bins=60 range=(-6.89,-3.55) mean=-6.00 p50=-6.08 p05=-6.48 p95=-5.22
  [diag] sat-dist hist bins=60 sat<0.05=0.0% mean=0.590 p10=0.580 p90=0.592
Iter 0011180: train nll 0.124, valid error 100.000%, best valid error 100.000%, avg grad norm   0.231, avg grad norm (post clip)   0.000, rho_Whh  1.10, Omega  0.00, alpha  0.000, steps in the past 0.000, valid nll 0.101
  [diag] log10|dL/dh_t| hist bins=60 range=(-6.81,-3.66) mean=-5.83 p50=-5.88 p05=-6.38 p95=-5.22
  [diag] sat-dist hist bins=60 sat<0.05=0.0% mean=0.608 p10=0.588 p90=0.613
Iter 0011200: train nll 0.139, valid error 100.000%, best valid error 100.000%, avg grad norm   0.253, avg grad norm (post clip)   0.000, rho_Whh  1.10, Omega  0.00, alpha  0.000, steps in the past 0.000, valid nll 0.100
  [diag] log10|dL/dh_t| hist bins=60 range=(-6.81,-3.66) mean=-5.83 p50=-5.88 p05=-6.38 p95=-5.22
  [diag] sat-dist hist bins=60 sat<0.05=0.0% mean=0.609 p10=0.588 p90=0.614
Iter 0011220: train nll 0.122, valid error 100.000%, best valid error 100.000%, avg grad norm   0.164, avg grad norm (post clip)   0.000, rho_Whh  1.10, Omega  0.00, alpha  0.000, steps in the past 0.000, valid nll 0.100
  [diag] log10|dL/dh_t| hist bins=60 range=(-6.81,-3.67) mean=-5.81 p50=-5.86 p05=-6.38 p95=-5.22
  [diag] sat-dist hist bins=60 sat<0.05=0.0% mean=0.610 p10=0.588 p90=0.616
Iter 0011240: train nll 0.110, valid error 100.000%, best valid error 100.000%, avg grad norm   0.113, avg grad norm (post clip)   0.000, rho_Whh  1.10, Omega  0.00, alpha  0.000, steps in the past 0.000, valid nll 0.100
  [diag] log10|dL/dh_t| hist bins=60 range=(-6.84,-3.64) mean=-5.87 p50=-5.93 p05=-6.41 p95=-5.23
  [diag] sat-dist hist bins=60 sat<0.05=0.0% mean=0.604 p10=0.586 p90=0.608
Iter 0011260: train nll 0.133, valid error 100.000%, best valid error 100.000%, avg grad norm   0.221, avg grad norm (post clip)   0.000, rho_Whh  1.10, Omega  0.00, alpha  0.000, steps in the past 0.000, valid nll 0.100
  [diag] log10|dL/dh_t| hist bins=60 range=(-6.78,-3.73) mean=-5.70 p50=-5.73 p05=-6.36 p95=-5.23
  [diag] sat-dist hist bins=60 sat<0.05=0.0% mean=0.623 p10=0.590 p90=0.630
Iter 0011280: train nll 0.131, valid error 100.000%, best valid error 100.000%, avg grad norm   0.155, avg grad norm (post clip)   0.000, rho_Whh  1.10, Omega  0.00, alpha  0.000, steps in the past 0.000, valid nll 0.100
  [diag] log10|dL/dh_t| hist bins=60 range=(-6.83,-3.66) mean=-5.84 p50=-5.89 p05=-6.40 p95=-5.23
  [diag] sat-dist hist bins=60 sat<0.05=0.0% mean=0.608 p10=0.587 p90=0.613
Iter 0011300: train nll 0.132, valid error 100.000%, best valid error 100.000%, avg grad norm   0.261, avg grad norm (post clip)   0.000, rho_Whh  1.10, Omega  0.00, alpha  0.000, steps in the past 0.000, valid nll 0.100
  [diag] log10|dL/dh_t| hist bins=60 range=(-6.84,-3.65) mean=-5.86 p50=-5.91 p05=-6.41 p95=-5.23
  [diag] sat-dist hist bins=60 sat<0.05=0.0% mean=0.605 p10=0.585 p90=0.610
Iter 0011320: train nll 0.132, valid error 100.000%, best valid error 100.000%, avg grad norm   0.151, avg grad norm (post clip)   0.000, rho_Whh  1.10, Omega  0.00, alpha  0.000, steps in the past 0.000, valid nll 0.100
  [diag] log10|dL/dh_t| hist bins=60 range=(-6.77,-3.75) mean=-5.66 p50=-5.69 p05=-6.35 p95=-5.23
  [diag] sat-dist hist bins=60 sat<0.05=0.0% mean=0.626 p10=0.591 p90=0.634
Iter 0011340: train nll 0.122, valid error 100.000%, best valid error 100.000%, avg grad norm   0.151, avg grad norm (post clip)   0.000, rho_Whh  1.10, Omega  0.00, alpha  0.000, steps in the past 0.000, valid nll 0.100
  [diag] log10|dL/dh_t| hist bins=60 range=(-6.84,-3.65) mean=-5.86 p50=-5.91 p05=-6.41 p95=-5.24
  [diag] sat-dist hist bins=60 sat<0.05=0.0% mean=0.605 p10=0.586 p90=0.610
Iter 0011360: train nll 0.133, valid error 100.000%, best valid error 100.000%, avg grad norm   0.243, avg grad norm (post clip)   0.000, rho_Whh  1.10, Omega  0.00, alpha  0.000, steps in the past 0.000, valid nll 0.100
  [diag] log10|dL/dh_t| hist bins=60 range=(-6.81,-3.70) mean=-5.77 p50=-5.81 p05=-6.38 p95=-5.24
  [diag] sat-dist hist bins=60 sat<0.05=0.0% mean=0.615 p10=0.589 p90=0.621
Iter 0011380: train nll 0.130, valid error 100.000%, best valid error 100.000%, avg grad norm   0.180, avg grad norm (post clip)   0.000, rho_Whh  1.10, Omega  0.00, alpha  0.000, steps in the past 0.000, valid nll 0.100
  [diag] log10|dL/dh_t| hist bins=60 range=(-6.84,-3.66) mean=-5.85 p50=-5.90 p05=-6.41 p95=-5.24
  [diag] sat-dist hist bins=60 sat<0.05=0.0% mean=0.606 p10=0.586 p90=0.611
Iter 0011400: train nll 0.118, valid error 100.000%, best valid error 100.000%, avg grad norm   0.161, avg grad norm (post clip)   0.000, rho_Whh  1.10, Omega  0.00, alpha  0.000, steps in the past 0.000, valid nll 0.100
  [diag] log10|dL/dh_t| hist bins=60 range=(-6.81,-3.71) mean=-5.77 p50=-5.81 p05=-6.38 p95=-5.24
  [diag] sat-dist hist bins=60 sat<0.05=0.0% mean=0.615 p10=0.588 p90=0.621
Iter 0011420: train nll 0.112, valid error 100.000%, best valid error 100.000%, avg grad norm   0.137, avg grad norm (post clip)   0.000, rho_Whh  1.10, Omega  0.00, alpha  0.000, steps in the past 0.000, valid nll 0.100
  [diag] log10|dL/dh_t| hist bins=60 range=(-6.77,-3.77) mean=-5.60 p50=-5.61 p05=-6.33 p95=-5.24
  [diag] sat-dist hist bins=60 sat<0.05=0.0% mean=0.634 p10=0.594 p90=0.643
Iter 0011440: train nll 0.138, valid error 100.000%, best valid error 100.000%, avg grad norm   0.230, avg grad norm (post clip)   0.000, rho_Whh  1.11, Omega  0.00, alpha  0.000, steps in the past 0.000, valid nll 0.101
  [diag] log10|dL/dh_t| hist bins=60 range=(-6.86,-3.66) mean=-5.87 p50=-5.92 p05=-6.43 p95=-5.24
  [diag] sat-dist hist bins=60 sat<0.05=0.0% mean=0.605 p10=0.585 p90=0.609
Iter 0011460: train nll 0.127, valid error 100.000%, best valid error 100.000%, avg grad norm   0.149, avg grad norm (post clip)   0.000, rho_Whh  1.10, Omega  0.00, alpha  0.000, steps in the past 0.000, valid nll 0.100
  [diag] log10|dL/dh_t| hist bins=60 range=(-6.78,-3.78) mean=-5.59 p50=-5.60 p05=-6.34 p95=-5.24
  [diag] sat-dist hist bins=60 sat<0.05=0.0% mean=0.634 p10=0.594 p90=0.644
Iter 0011480: train nll 0.126, valid error 100.000%, best valid error 100.000%, avg grad norm   0.156, avg grad norm (post clip)   0.000, rho_Whh  1.11, Omega  0.00, alpha  0.000, steps in the past 0.000, valid nll 0.101
  [diag] log10|dL/dh_t| hist bins=60 range=(-6.81,-3.72) mean=-5.75 p50=-5.79 p05=-6.38 p95=-5.25
  [diag] sat-dist hist bins=60 sat<0.05=0.0% mean=0.617 p10=0.589 p90=0.624
Iter 0011500: train nll 0.128, valid error 100.000%, best valid error 100.000%, avg grad norm   0.207, avg grad norm (post clip)   0.000, rho_Whh  1.10, Omega  0.00, alpha  0.000, steps in the past 0.000, valid nll 0.100
  [diag] log10|dL/dh_t| hist bins=60 range=(-6.87,-3.65) mean=-5.89 p50=-5.95 p05=-6.44 p95=-5.25
  [diag] sat-dist hist bins=60 sat<0.05=0.0% mean=0.602 p10=0.584 p90=0.607
Iter 0011520: train nll 0.149, valid error 100.000%, best valid error 100.000%, avg grad norm   0.228, avg grad norm (post clip)   0.000, rho_Whh  1.10, Omega  0.00, alpha  0.000, steps in the past 0.000, valid nll 0.100
  [diag] log10|dL/dh_t| hist bins=60 range=(-6.86,-3.67) mean=-5.86 p50=-5.91 p05=-6.42 p95=-5.25
  [diag] sat-dist hist bins=60 sat<0.05=0.0% mean=0.606 p10=0.586 p90=0.611
Iter 0011540: train nll 0.125, valid error 100.000%, best valid error 100.000%, avg grad norm   0.172, avg grad norm (post clip)   0.000, rho_Whh  1.10, Omega  0.00, alpha  0.000, steps in the past 0.000, valid nll 0.100
  [diag] log10|dL/dh_t| hist bins=60 range=(-6.86,-3.67) mean=-5.87 p50=-5.92 p05=-6.43 p95=-5.25
  [diag] sat-dist hist bins=60 sat<0.05=0.0% mean=0.605 p10=0.585 p90=0.610
Iter 0011560: train nll 0.115, valid error 100.000%, best valid error 100.000%, avg grad norm   0.126, avg grad norm (post clip)   0.000, rho_Whh  1.10, Omega  0.00, alpha  0.000, steps in the past 0.000, valid nll 0.100
  [diag] log10|dL/dh_t| hist bins=60 range=(-6.80,-3.75) mean=-5.69 p50=-5.72 p05=-6.37 p95=-5.25
  [diag] sat-dist hist bins=60 sat<0.05=0.0% mean=0.624 p10=0.590 p90=0.631
Iter 0011580: train nll 0.124, valid error 100.000%, best valid error 100.000%, avg grad norm   0.139, avg grad norm (post clip)   0.000, rho_Whh  1.11, Omega  0.00, alpha  0.000, steps in the past 0.000, valid nll 0.100
  [diag] log10|dL/dh_t| hist bins=60 range=(-6.85,-3.70) mean=-5.81 p50=-5.86 p05=-6.41 p95=-5.26
  [diag] sat-dist hist bins=60 sat<0.05=0.0% mean=0.611 p10=0.586 p90=0.617
Iter 0011600: train nll 0.112, valid error 100.000%, best valid error 100.000%, avg grad norm   0.137, avg grad norm (post clip)   0.000, rho_Whh  1.10, Omega  0.00, alpha  0.000, steps in the past 0.000, valid nll 0.100
  [diag] log10|dL/dh_t| hist bins=60 range=(-6.87,-3.67) mean=-5.87 p50=-5.92 p05=-6.44 p95=-5.26
  [diag] sat-dist hist bins=60 sat<0.05=0.0% mean=0.606 p10=0.585 p90=0.610
Iter 0011620: train nll 0.132, valid error 100.000%, best valid error 100.000%, avg grad norm   0.232, avg grad norm (post clip)   0.000, rho_Whh  1.10, Omega  0.00, alpha  0.000, steps in the past 0.000, valid nll 0.100
  [diag] log10|dL/dh_t| hist bins=60 range=(-6.86,-3.69) mean=-5.83 p50=-5.88 p05=-6.42 p95=-5.26
  [diag] sat-dist hist bins=60 sat<0.05=0.0% mean=0.609 p10=0.586 p90=0.615
Iter 0011640: train nll 0.128, valid error 100.000%, best valid error 100.000%, avg grad norm   0.170, avg grad norm (post clip)   0.000, rho_Whh  1.10, Omega  0.00, alpha  0.000, steps in the past 0.000, valid nll 0.100
  [diag] log10|dL/dh_t| hist bins=60 range=(-6.85,-3.71) mean=-5.80 p50=-5.84 p05=-6.41 p95=-5.26
  [diag] sat-dist hist bins=60 sat<0.05=0.0% mean=0.613 p10=0.587 p90=0.619
Iter 0011660: train nll 0.128, valid error 100.000%, best valid error 100.000%, avg grad norm   0.132, avg grad norm (post clip)   0.000, rho_Whh  1.10, Omega  0.00, alpha  0.000, steps in the past 0.000, valid nll 0.100
  [diag] log10|dL/dh_t| hist bins=60 range=(-6.90,-3.65) mean=-5.90 p50=-5.96 p05=-6.46 p95=-5.26
  [diag] sat-dist hist bins=60 sat<0.05=0.0% mean=0.602 p10=0.582 p90=0.606
Iter 0011680: train nll 0.129, valid error 100.000%, best valid error 100.000%, avg grad norm   0.154, avg grad norm (post clip)   0.000, rho_Whh  1.10, Omega  0.00, alpha  0.000, steps in the past 0.000, valid nll 0.100
  [diag] log10|dL/dh_t| hist bins=60 range=(-6.87,-3.69) mean=-5.84 p50=-5.89 p05=-6.43 p95=-5.27
  [diag] sat-dist hist bins=60 sat<0.05=0.0% mean=0.608 p10=0.585 p90=0.614
Iter 0011700: train nll 0.129, valid error 100.000%, best valid error 100.000%, avg grad norm   0.190, avg grad norm (post clip)   0.000, rho_Whh  1.10, Omega  0.00, alpha  0.000, steps in the past 0.000, valid nll 0.100
  [diag] log10|dL/dh_t| hist bins=60 range=(-6.88,-3.69) mean=-5.84 p50=-5.88 p05=-6.44 p95=-5.27
  [diag] sat-dist hist bins=60 sat<0.05=0.0% mean=0.609 p10=0.585 p90=0.614
Iter 0011720: train nll 0.114, valid error 100.000%, best valid error 100.000%, avg grad norm   0.109, avg grad norm (post clip)   0.000, rho_Whh  1.10, Omega  0.00, alpha  0.000, steps in the past 0.000, valid nll 0.100
  [diag] log10|dL/dh_t| hist bins=60 range=(-6.89,-3.69) mean=-5.85 p50=-5.89 p05=-6.45 p95=-5.27
  [diag] sat-dist hist bins=60 sat<0.05=0.0% mean=0.608 p10=0.584 p90=0.613
Iter 0011740: train nll 0.130, valid error 100.000%, best valid error 100.000%, avg grad norm   0.124, avg grad norm (post clip)   0.000, rho_Whh  1.10, Omega  0.00, alpha  0.000, steps in the past 0.000, valid nll 0.100
  [diag] log10|dL/dh_t| hist bins=60 range=(-6.86,-3.73) mean=-5.75 p50=-5.78 p05=-6.41 p95=-5.27
  [diag] sat-dist hist bins=60 sat<0.05=0.0% mean=0.618 p10=0.586 p90=0.625
Iter 0011760: train nll 0.133, valid error 100.000%, best valid error 100.000%, avg grad norm   0.163, avg grad norm (post clip)   0.000, rho_Whh  1.11, Omega  0.00, alpha  0.000, steps in the past 0.000, valid nll 0.100
  [diag] log10|dL/dh_t| hist bins=60 range=(-6.90,-3.67) mean=-5.88 p50=-5.93 p05=-6.47 p95=-5.27
  [diag] sat-dist hist bins=60 sat<0.05=0.0% mean=0.604 p10=0.582 p90=0.609
Iter 0011780: train nll 0.129, valid error 100.000%, best valid error 100.000%, avg grad norm   0.193, avg grad norm (post clip)   0.000, rho_Whh  1.10, Omega  0.00, alpha  0.000, steps in the past 0.000, valid nll 0.100
  [diag] log10|dL/dh_t| hist bins=60 range=(-6.84,-3.74) mean=-5.74 p50=-5.77 p05=-6.40 p95=-5.27
  [diag] sat-dist hist bins=60 sat<0.05=0.0% mean=0.619 p10=0.588 p90=0.626
Iter 0011800: train nll 0.114, valid error 100.000%, best valid error 100.000%, avg grad norm   0.187, avg grad norm (post clip)   0.000, rho_Whh  1.11, Omega  0.00, alpha  0.000, steps in the past 0.000, valid nll 0.100
  [diag] log10|dL/dh_t| hist bins=60 range=(-6.89,-3.68) mean=-5.87 p50=-5.92 p05=-6.45 p95=-5.28
  [diag] sat-dist hist bins=60 sat<0.05=0.0% mean=0.605 p10=0.584 p90=0.610
Iter 0011820: train nll 0.125, valid error 100.000%, best valid error 100.000%, avg grad norm   0.222, avg grad norm (post clip)   0.000, rho_Whh  1.10, Omega  0.00, alpha  0.000, steps in the past 0.000, valid nll 0.100
  [diag] log10|dL/dh_t| hist bins=60 range=(-6.88,-3.70) mean=-5.83 p50=-5.88 p05=-6.44 p95=-5.28
  [diag] sat-dist hist bins=60 sat<0.05=0.0% mean=0.609 p10=0.586 p90=0.615
Iter 0011840: train nll 0.130, valid error 100.000%, best valid error 100.000%, avg grad norm   0.110, avg grad norm (post clip)   0.000, rho_Whh  1.10, Omega  0.00, alpha  0.000, steps in the past 0.000, valid nll 0.100
  [diag] log10|dL/dh_t| hist bins=60 range=(-6.89,-3.69) mean=-5.85 p50=-5.90 p05=-6.45 p95=-5.28
  [diag] sat-dist hist bins=60 sat<0.05=0.0% mean=0.607 p10=0.585 p90=0.613
Iter 0011860: train nll 0.124, valid error 100.000%, best valid error 100.000%, avg grad norm   0.182, avg grad norm (post clip)   0.000, rho_Whh  1.10, Omega  0.00, alpha  0.000, steps in the past 0.000, valid nll 0.100
  [diag] log10|dL/dh_t| hist bins=60 range=(-6.89,-3.69) mean=-5.86 p50=-5.91 p05=-6.45 p95=-5.28
  [diag] sat-dist hist bins=60 sat<0.05=0.0% mean=0.607 p10=0.585 p90=0.612
Iter 0011880: train nll 0.119, valid error 100.000%, best valid error 100.000%, avg grad norm   0.186, avg grad norm (post clip)   0.000, rho_Whh  1.10, Omega  0.00, alpha  0.000, steps in the past 0.000, valid nll 0.100
  [diag] log10|dL/dh_t| hist bins=60 range=(-6.85,-3.75) mean=-5.73 p50=-5.75 p05=-6.40 p95=-5.28
  [diag] sat-dist hist bins=60 sat<0.05=0.0% mean=0.621 p10=0.589 p90=0.628
Iter 0011900: train nll 0.118, valid error 100.000%, best valid error 100.000%, avg grad norm   0.091, avg grad norm (post clip)   0.000, rho_Whh  1.11, Omega  0.00, alpha  0.000, steps in the past 0.000, valid nll 0.100
  [diag] log10|dL/dh_t| hist bins=60 range=(-6.91,-3.67) mean=-5.90 p50=-5.95 p05=-6.48 p95=-5.28
  [diag] sat-dist hist bins=60 sat<0.05=0.0% mean=0.603 p10=0.582 p90=0.607
Iter 0011920: train nll 0.121, valid error 100.000%, best valid error 100.000%, avg grad norm   0.168, avg grad norm (post clip)   0.000, rho_Whh  1.10, Omega  0.00, alpha  0.000, steps in the past 0.000, valid nll 0.100
  [diag] log10|dL/dh_t| hist bins=60 range=(-6.94,-3.64) mean=-5.96 p50=-6.02 p05=-6.51 p95=-5.29
  [diag] sat-dist hist bins=60 sat<0.05=0.0% mean=0.597 p10=0.578 p90=0.600
Iter 0011940: train nll 0.128, valid error 100.000%, best valid error 100.000%, avg grad norm   0.191, avg grad norm (post clip)   0.000, rho_Whh  1.10, Omega  0.00, alpha  0.000, steps in the past 0.000, valid nll 0.100
  [diag] log10|dL/dh_t| hist bins=60 range=(-6.85,-3.75) mean=-5.73 p50=-5.75 p05=-6.41 p95=-5.29
  [diag] sat-dist hist bins=60 sat<0.05=0.0% mean=0.621 p10=0.588 p90=0.628
Iter 0011960: train nll 0.111, valid error 100.000%, best valid error 100.000%, avg grad norm   0.118, avg grad norm (post clip)   0.000, rho_Whh  1.11, Omega  0.00, alpha  0.000, steps in the past 0.000, valid nll 0.100
  [diag] log10|dL/dh_t| hist bins=60 range=(-6.88,-3.73) mean=-5.79 p50=-5.82 p05=-6.43 p95=-5.29
  [diag] sat-dist hist bins=60 sat<0.05=0.0% mean=0.615 p10=0.587 p90=0.621
Iter 0011980: train nll 0.131, valid error 100.000%, best valid error 100.000%, avg grad norm   0.194, avg grad norm (post clip)   0.000, rho_Whh  1.11, Omega  0.00, alpha  0.000, steps in the past 0.000, valid nll 0.100
  [diag] log10|dL/dh_t| hist bins=60 range=(-6.96,-3.62) mean=-6.00 p50=-6.07 p05=-6.54 p95=-5.29
  [diag] sat-dist hist bins=60 sat<0.05=0.0% mean=0.592 p10=0.579 p90=0.595
Iter 0012000: train nll 0.131, valid error 100.000%, best valid error 100.000%, avg grad norm   0.178, avg grad norm (post clip)   0.000, rho_Whh  1.10, Omega  0.00, alpha  0.000, steps in the past 0.000, valid nll 0.100
  [diag] log10|dL/dh_t| hist bins=60 range=(-6.92,-3.69) mean=-5.89 p50=-5.94 p05=-6.48 p95=-5.29
  [diag] sat-dist hist bins=60 sat<0.05=0.0% mean=0.604 p10=0.582 p90=0.609
Iter 0012020: train nll 0.112, valid error 100.000%, best valid error 100.000%, avg grad norm   0.121, avg grad norm (post clip)   0.000, rho_Whh  1.10, Omega  0.00, alpha  0.000, steps in the past 0.000, valid nll 0.100
  [diag] log10|dL/dh_t| hist bins=60 range=(-6.92,-3.69) mean=-5.88 p50=-5.93 p05=-6.48 p95=-5.29
  [diag] sat-dist hist bins=60 sat<0.05=0.0% mean=0.605 p10=0.582 p90=0.610
Iter 0012040: train nll 0.110, valid error 100.000%, best valid error 100.000%, avg grad norm   0.108, avg grad norm (post clip)   0.000, rho_Whh  1.11, Omega  0.00, alpha  0.000, steps in the past 0.000, valid nll 0.100
  [diag] log10|dL/dh_t| hist bins=60 range=(-6.92,-3.68) mean=-5.90 p50=-5.95 p05=-6.49 p95=-5.30
  [diag] sat-dist hist bins=60 sat<0.05=0.0% mean=0.603 p10=0.581 p90=0.608
Iter 0012060: train nll 0.135, valid error 100.000%, best valid error 100.000%, avg grad norm   0.238, avg grad norm (post clip)   0.000, rho_Whh  1.10, Omega  0.00, alpha  0.000, steps in the past 0.000, valid nll 0.100
  [diag] log10|dL/dh_t| hist bins=60 range=(-6.89,-3.73) mean=-5.81 p50=-5.85 p05=-6.45 p95=-5.30
  [diag] sat-dist hist bins=60 sat<0.05=0.0% mean=0.612 p10=0.586 p90=0.618
Iter 0012080: train nll 0.126, valid error 100.000%, best valid error 100.000%, avg grad norm   0.168, avg grad norm (post clip)   0.000, rho_Whh  1.11, Omega  0.00, alpha  0.000, steps in the past 0.000, valid nll 0.100
  [diag] log10|dL/dh_t| hist bins=60 range=(-6.83,-3.80) mean=-5.60 p50=-5.60 p05=-6.37 p95=-5.30
  [diag] sat-dist hist bins=60 sat<0.05=0.0% mean=0.635 p10=0.593 p90=0.645
Iter 0012100: train nll 0.122, valid error 100.000%, best valid error 100.000%, avg grad norm   0.186, avg grad norm (post clip)   0.000, rho_Whh  1.11, Omega  0.00, alpha  0.000, steps in the past 0.000, valid nll 0.100
  [diag] log10|dL/dh_t| hist bins=60 range=(-6.92,-3.68) mean=-5.92 p50=-5.97 p05=-6.49 p95=-5.30
  [diag] sat-dist hist bins=60 sat<0.05=0.0% mean=0.601 p10=0.581 p90=0.606
Iter 0012120: train nll 0.119, valid error 100.000%, best valid error 100.000%, avg grad norm   0.174, avg grad norm (post clip)   0.000, rho_Whh  1.10, Omega  0.00, alpha  0.000, steps in the past 0.000, valid nll 0.100
  [diag] log10|dL/dh_t| hist bins=60 range=(-6.85,-3.76) mean=-5.72 p50=-5.75 p05=-6.40 p95=-5.30
  [diag] sat-dist hist bins=60 sat<0.05=0.0% mean=0.622 p10=0.591 p90=0.630
Iter 0012140: train nll 0.130, valid error 100.000%, best valid error 100.000%, avg grad norm   0.215, avg grad norm (post clip)   0.000, rho_Whh  1.11, Omega  0.00, alpha  0.000, steps in the past 0.000, valid nll 0.100
  [diag] log10|dL/dh_t| hist bins=60 range=(-6.88,-3.74) mean=-5.80 p50=-5.84 p05=-6.44 p95=-5.30
  [diag] sat-dist hist bins=60 sat<0.05=0.0% mean=0.614 p10=0.588 p90=0.620
Iter 0012160: train nll 0.126, valid error 100.000%, best valid error 100.000%, avg grad norm   0.131, avg grad norm (post clip)   0.000, rho_Whh  1.11, Omega  0.00, alpha  0.000, steps in the past 0.000, valid nll 0.100
  [diag] log10|dL/dh_t| hist bins=60 range=(-6.86,-3.76) mean=-5.74 p50=-5.77 p05=-6.41 p95=-5.30
  [diag] sat-dist hist bins=60 sat<0.05=0.0% mean=0.620 p10=0.590 p90=0.628
Iter 0012180: train nll 0.156, valid error 100.000%, best valid error 100.000%, avg grad norm   0.249, avg grad norm (post clip)   0.000, rho_Whh  1.11, Omega  0.00, alpha  0.000, steps in the past 0.000, valid nll 0.100
  [diag] log10|dL/dh_t| hist bins=60 range=(-6.92,-3.70) mean=-5.88 p50=-5.92 p05=-6.48 p95=-5.31
  [diag] sat-dist hist bins=60 sat<0.05=0.0% mean=0.606 p10=0.583 p90=0.611
Iter 0012200: train nll 0.137, valid error 100.000%, best valid error 100.000%, avg grad norm   0.154, avg grad norm (post clip)   0.000, rho_Whh  1.11, Omega  0.00, alpha  0.000, steps in the past 0.000, valid nll 0.100
  [diag] log10|dL/dh_t| hist bins=60 range=(-6.94,-3.68) mean=-5.92 p50=-5.97 p05=-6.50 p95=-5.31
  [diag] sat-dist hist bins=60 sat<0.05=0.0% mean=0.601 p10=0.580 p90=0.606
Iter 0012220: train nll 0.130, valid error 100.000%, best valid error 100.000%, avg grad norm   0.185, avg grad norm (post clip)   0.000, rho_Whh  1.10, Omega  0.00, alpha  0.000, steps in the past 0.000, valid nll 0.100
  [diag] log10|dL/dh_t| hist bins=60 range=(-6.94,-3.69) mean=-5.91 p50=-5.96 p05=-6.50 p95=-5.31
  [diag] sat-dist hist bins=60 sat<0.05=0.0% mean=0.603 p10=0.581 p90=0.608
Iter 0012240: train nll 0.131, valid error 100.000%, best valid error 100.000%, avg grad norm   0.111, avg grad norm (post clip)   0.000, rho_Whh  1.11, Omega  0.00, alpha  0.000, steps in the past 0.000, valid nll 0.099
  [diag] log10|dL/dh_t| hist bins=60 range=(-6.92,-3.72) mean=-5.86 p50=-5.90 p05=-6.48 p95=-5.31
  [diag] sat-dist hist bins=60 sat<0.05=0.0% mean=0.608 p10=0.583 p90=0.614
Iter 0012260: train nll 0.118, valid error 100.000%, best valid error 100.000%, avg grad norm   0.134, avg grad norm (post clip)   0.000, rho_Whh  1.11, Omega  0.00, alpha  0.000, steps in the past 0.000, valid nll 0.099
  [diag] log10|dL/dh_t| hist bins=60 range=(-6.85,-3.80) mean=-5.60 p50=-5.60 p05=-6.39 p95=-5.31
  [diag] sat-dist hist bins=60 sat<0.05=0.0% mean=0.635 p10=0.592 p90=0.645
Iter 0012280: train nll 0.142, valid error 100.000%, best valid error 100.000%, avg grad norm   0.187, avg grad norm (post clip)   0.000, rho_Whh  1.11, Omega  0.00, alpha  0.000, steps in the past 0.000, valid nll 0.100
  [diag] log10|dL/dh_t| hist bins=60 range=(-6.94,-3.70) mean=-5.91 p50=-5.96 p05=-6.50 p95=-5.32
  [diag] sat-dist hist bins=60 sat<0.05=0.0% mean=0.603 p10=0.580 p90=0.608
Iter 0012300: train nll 0.133, valid error 100.000%, best valid error 100.000%, avg grad norm   0.168, avg grad norm (post clip)   0.000, rho_Whh  1.11, Omega  0.00, alpha  0.000, steps in the past 0.000, valid nll 0.099
  [diag] log10|dL/dh_t| hist bins=60 range=(-6.88,-3.78) mean=-5.70 p50=-5.72 p05=-6.42 p95=-5.32
  [diag] sat-dist hist bins=60 sat<0.05=0.0% mean=0.624 p10=0.589 p90=0.633
Iter 0012320: train nll 0.137, valid error 100.000%, best valid error 100.000%, avg grad norm   0.150, avg grad norm (post clip)   0.000, rho_Whh  1.11, Omega  0.00, alpha  0.000, steps in the past 0.000, valid nll 0.100
  [diag] log10|dL/dh_t| hist bins=60 range=(-6.89,-3.77) mean=-5.72 p50=-5.74 p05=-6.44 p95=-5.32
  [diag] sat-dist hist bins=60 sat<0.05=0.0% mean=0.622 p10=0.588 p90=0.631
Iter 0012340: train nll 0.117, valid error 100.000%, best valid error 100.000%, avg grad norm   0.095, avg grad norm (post clip)   0.000, rho_Whh  1.11, Omega  0.00, alpha  0.000, steps in the past 0.000, valid nll 0.100
  [diag] log10|dL/dh_t| hist bins=60 range=(-6.95,-3.71) mean=-5.89 p50=-5.94 p05=-6.51 p95=-5.32
  [diag] sat-dist hist bins=60 sat<0.05=0.0% mean=0.605 p10=0.580 p90=0.610
Iter 0012360: train nll 0.113, valid error 100.000%, best valid error 100.000%, avg grad norm   0.117, avg grad norm (post clip)   0.000, rho_Whh  1.11, Omega  0.00, alpha  0.000, steps in the past 0.000, valid nll 0.099
  [diag] log10|dL/dh_t| hist bins=60 range=(-6.94,-3.72) mean=-5.86 p50=-5.90 p05=-6.50 p95=-5.32
  [diag] sat-dist hist bins=60 sat<0.05=0.0% mean=0.608 p10=0.582 p90=0.614
Iter 0012380: train nll 0.130, valid error 100.000%, best valid error 100.000%, avg grad norm   0.159, avg grad norm (post clip)   0.000, rho_Whh  1.11, Omega  0.00, alpha  0.000, steps in the past 0.000, valid nll 0.099
  [diag] log10|dL/dh_t| hist bins=60 range=(-6.91,-3.76) mean=-5.78 p50=-5.80 p05=-6.46 p95=-5.32
  [diag] sat-dist hist bins=60 sat<0.05=0.0% mean=0.617 p10=0.586 p90=0.624
Iter 0012400: train nll 0.128, valid error 100.000%, best valid error 100.000%, avg grad norm   0.191, avg grad norm (post clip)   0.000, rho_Whh  1.11, Omega  0.00, alpha  0.000, steps in the past 0.000, valid nll 0.100
  [diag] log10|dL/dh_t| hist bins=60 range=(-6.98,-3.69) mean=-5.94 p50=-5.99 p05=-6.53 p95=-5.33
  [diag] sat-dist hist bins=60 sat<0.05=0.0% mean=0.600 p10=0.577 p90=0.605
Iter 0012420: train nll 0.118, valid error 100.000%, best valid error 100.000%, avg grad norm   0.128, avg grad norm (post clip)   0.000, rho_Whh  1.11, Omega  0.00, alpha  0.000, steps in the past 0.000, valid nll 0.099
  [diag] log10|dL/dh_t| hist bins=60 range=(-6.90,-3.78) mean=-5.71 p50=-5.73 p05=-6.44 p95=-5.33
  [diag] sat-dist hist bins=60 sat<0.05=0.0% mean=0.624 p10=0.588 p90=0.632
Iter 0012440: train nll 0.138, valid error 100.000%, best valid error 100.000%, avg grad norm   0.211, avg grad norm (post clip)   0.000, rho_Whh  1.11, Omega  0.00, alpha  0.000, steps in the past 0.000, valid nll 0.100
  [diag] log10|dL/dh_t| hist bins=60 range=(-6.91,-3.77) mean=-5.76 p50=-5.78 p05=-6.45 p95=-5.33
  [diag] sat-dist hist bins=60 sat<0.05=0.0% mean=0.619 p10=0.588 p90=0.626
Iter 0012460: train nll 0.133, valid error 100.000%, best valid error 100.000%, avg grad norm   0.230, avg grad norm (post clip)   0.000, rho_Whh  1.11, Omega  0.00, alpha  0.000, steps in the past 0.000, valid nll 0.100
  [diag] log10|dL/dh_t| hist bins=60 range=(-6.95,-3.72) mean=-5.88 p50=-5.92 p05=-6.50 p95=-5.33
  [diag] sat-dist hist bins=60 sat<0.05=0.0% mean=0.607 p10=0.582 p90=0.612
Iter 0012480: train nll 0.137, valid error 100.000%, best valid error 100.000%, avg grad norm   0.178, avg grad norm (post clip)   0.000, rho_Whh  1.11, Omega  0.00, alpha  0.000, steps in the past 0.000, valid nll 0.099
  [diag] log10|dL/dh_t| hist bins=60 range=(-6.95,-3.72) mean=-5.88 p50=-5.93 p05=-6.51 p95=-5.33
  [diag] sat-dist hist bins=60 sat<0.05=0.0% mean=0.606 p10=0.581 p90=0.612
Iter 0012500: train nll 0.124, valid error 100.000%, best valid error 100.000%, avg grad norm   0.146, avg grad norm (post clip)   0.000, rho_Whh  1.11, Omega  0.00, alpha  0.000, steps in the past 0.000, valid nll 0.099
  [diag] log10|dL/dh_t| hist bins=60 range=(-6.99,-3.68) mean=-5.96 p50=-6.02 p05=-6.55 p95=-5.33
  [diag] sat-dist hist bins=60 sat<0.05=0.0% mean=0.598 p10=0.576 p90=0.602
Iter 0012520: train nll 0.124, valid error 100.000%, best valid error 100.000%, avg grad norm   0.150, avg grad norm (post clip)   0.000, rho_Whh  1.11, Omega  0.00, alpha  0.000, steps in the past 0.000, valid nll 0.099
  [diag] log10|dL/dh_t| hist bins=60 range=(-6.93,-3.75) mean=-5.81 p50=-5.84 p05=-6.48 p95=-5.33
  [diag] sat-dist hist bins=60 sat<0.05=0.0% mean=0.614 p10=0.585 p90=0.621
Iter 0012540: train nll 0.132, valid error 100.000%, best valid error 100.000%, avg grad norm   0.174, avg grad norm (post clip)   0.000, rho_Whh  1.11, Omega  0.00, alpha  0.000, steps in the past 0.000, valid nll 0.099
  [diag] log10|dL/dh_t| hist bins=60 range=(-6.95,-3.74) mean=-5.85 p50=-5.88 p05=-6.50 p95=-5.34
  [diag] sat-dist hist bins=60 sat<0.05=0.0% mean=0.610 p10=0.582 p90=0.616
Iter 0012560: train nll 0.129, valid error 100.000%, best valid error 100.000%, avg grad norm   0.132, avg grad norm (post clip)   0.000, rho_Whh  1.11, Omega  0.00, alpha  0.000, steps in the past 0.000, valid nll 0.099
  [diag] log10|dL/dh_t| hist bins=60 range=(-6.93,-3.76) mean=-5.78 p50=-5.81 p05=-6.48 p95=-5.34
  [diag] sat-dist hist bins=60 sat<0.05=0.0% mean=0.617 p10=0.586 p90=0.624
Iter 0012580: train nll 0.124, valid error 100.000%, best valid error 100.000%, avg grad norm   0.173, avg grad norm (post clip)   0.000, rho_Whh  1.11, Omega  0.00, alpha  0.000, steps in the past 0.000, valid nll 0.099
  [diag] log10|dL/dh_t| hist bins=60 range=(-6.95,-3.74) mean=-5.84 p50=-5.88 p05=-6.50 p95=-5.34
  [diag] sat-dist hist bins=60 sat<0.05=0.0% mean=0.610 p10=0.582 p90=0.617
Iter 0012600: train nll 0.130, valid error 100.000%, best valid error 100.000%, avg grad norm   0.143, avg grad norm (post clip)   0.000, rho_Whh  1.11, Omega  0.00, alpha  0.000, steps in the past 0.000, valid nll 0.099
  [diag] log10|dL/dh_t| hist bins=60 range=(-6.95,-3.73) mean=-5.88 p50=-5.92 p05=-6.51 p95=-5.34
  [diag] sat-dist hist bins=60 sat<0.05=0.0% mean=0.607 p10=0.582 p90=0.613
Iter 0012620: train nll 0.125, valid error 100.000%, best valid error 100.000%, avg grad norm   0.216, avg grad norm (post clip)   0.000, rho_Whh  1.11, Omega  0.00, alpha  0.000, steps in the past 0.000, valid nll 0.099
  [diag] log10|dL/dh_t| hist bins=60 range=(-6.91,-3.78) mean=-5.72 p50=-5.74 p05=-6.45 p95=-5.34
  [diag] sat-dist hist bins=60 sat<0.05=0.0% mean=0.623 p10=0.589 p90=0.632
Iter 0012640: train nll 0.125, valid error 100.000%, best valid error 100.000%, avg grad norm   0.156, avg grad norm (post clip)   0.000, rho_Whh  1.11, Omega  0.00, alpha  0.000, steps in the past 0.000, valid nll 0.100
  [diag] log10|dL/dh_t| hist bins=60 range=(-7.05,-3.61) mean=-6.10 p50=-6.18 p05=-6.62 p95=-5.35
  [diag] sat-dist hist bins=60 sat<0.05=0.0% mean=0.584 p10=0.573 p90=0.586
Iter 0012660: train nll 0.130, valid error 100.000%, best valid error 100.000%, avg grad norm   0.202, avg grad norm (post clip)   0.000, rho_Whh  1.10, Omega  0.00, alpha  0.000, steps in the past 0.000, valid nll 0.100
  [diag] log10|dL/dh_t| hist bins=60 range=(-6.94,-3.75) mean=-5.83 p50=-5.86 p05=-6.49 p95=-5.35
  [diag] sat-dist hist bins=60 sat<0.05=0.0% mean=0.612 p10=0.585 p90=0.619
Iter 0012680: train nll 0.118, valid error 100.000%, best valid error 100.000%, avg grad norm   0.144, avg grad norm (post clip)   0.000, rho_Whh  1.11, Omega  0.00, alpha  0.000, steps in the past 0.000, valid nll 0.099
  [diag] log10|dL/dh_t| hist bins=60 range=(-6.98,-3.70) mean=-5.94 p50=-5.99 p05=-6.53 p95=-5.35
  [diag] sat-dist hist bins=60 sat<0.05=0.0% mean=0.601 p10=0.579 p90=0.606
Iter 0012700: train nll 0.137, valid error 100.000%, best valid error 100.000%, avg grad norm   0.197, avg grad norm (post clip)   0.000, rho_Whh  1.11, Omega  0.00, alpha  0.000, steps in the past 0.000, valid nll 0.099
  [diag] log10|dL/dh_t| hist bins=60 range=(-6.95,-3.73) mean=-5.88 p50=-5.92 p05=-6.50 p95=-5.35
  [diag] sat-dist hist bins=60 sat<0.05=0.0% mean=0.608 p10=0.583 p90=0.613
Iter 0012720: train nll 0.137, valid error 100.000%, best valid error 100.000%, avg grad norm   0.197, avg grad norm (post clip)   0.000, rho_Whh  1.11, Omega  0.00, alpha  0.000, steps in the past 0.000, valid nll 0.099
  [diag] log10|dL/dh_t| hist bins=60 range=(-6.92,-3.77) mean=-5.77 p50=-5.80 p05=-6.46 p95=-5.35
  [diag] sat-dist hist bins=60 sat<0.05=0.0% mean=0.618 p10=0.588 p90=0.626
Iter 0012740: train nll 0.137, valid error 100.000%, best valid error 100.000%, avg grad norm   0.177, avg grad norm (post clip)   0.000, rho_Whh  1.11, Omega  0.00, alpha  0.000, steps in the past 0.000, valid nll 0.099
  [diag] log10|dL/dh_t| hist bins=60 range=(-6.97,-3.72) mean=-5.91 p50=-5.96 p05=-6.52 p95=-5.35
  [diag] sat-dist hist bins=60 sat<0.05=0.0% mean=0.604 p10=0.581 p90=0.609
Iter 0012760: train nll 0.128, valid error 100.000%, best valid error 100.000%, avg grad norm   0.160, avg grad norm (post clip)   0.000, rho_Whh  1.11, Omega  0.00, alpha  0.000, steps in the past 0.000, valid nll 0.099
  [diag] log10|dL/dh_t| hist bins=60 range=(-6.98,-3.71) mean=-5.93 p50=-5.98 p05=-6.53 p95=-5.35
  [diag] sat-dist hist bins=60 sat<0.05=0.0% mean=0.602 p10=0.579 p90=0.607
Iter 0012780: train nll 0.120, valid error 100.000%, best valid error 100.000%, avg grad norm   0.150, avg grad norm (post clip)   0.000, rho_Whh  1.11, Omega  0.00, alpha  0.000, steps in the past 0.000, valid nll 0.099
  [diag] log10|dL/dh_t| hist bins=60 range=(-6.98,-3.71) mean=-5.94 p50=-5.99 p05=-6.54 p95=-5.36
  [diag] sat-dist hist bins=60 sat<0.05=0.0% mean=0.601 p10=0.579 p90=0.606
Iter 0012800: train nll 0.120, valid error 100.000%, best valid error 100.000%, avg grad norm   0.124, avg grad norm (post clip)   0.000, rho_Whh  1.11, Omega  0.00, alpha  0.000, steps in the past 0.000, valid nll 0.099
  [diag] log10|dL/dh_t| hist bins=60 range=(-6.90,-3.80) mean=-5.67 p50=-5.68 p05=-6.44 p95=-5.35
  [diag] sat-dist hist bins=60 sat<0.05=0.0% mean=0.629 p10=0.591 p90=0.638
Iter 0012820: train nll 0.136, valid error 100.000%, best valid error 100.000%, avg grad norm   0.161, avg grad norm (post clip)   0.000, rho_Whh  1.11, Omega  0.00, alpha  0.000, steps in the past 0.000, valid nll 0.100
  [diag] log10|dL/dh_t| hist bins=60 range=(-6.95,-3.76) mean=-5.81 p50=-5.84 p05=-6.49 p95=-5.36
  [diag] sat-dist hist bins=60 sat<0.05=0.0% mean=0.615 p10=0.585 p90=0.622
Iter 0012840: train nll 0.129, valid error 100.000%, best valid error 100.000%, avg grad norm   0.121, avg grad norm (post clip)   0.000, rho_Whh  1.11, Omega  0.00, alpha  0.000, steps in the past 0.000, valid nll 0.099
  [diag] log10|dL/dh_t| hist bins=60 range=(-7.00,-3.71) mean=-5.94 p50=-5.99 p05=-6.55 p95=-5.36
  [diag] sat-dist hist bins=60 sat<0.05=0.0% mean=0.601 p10=0.578 p90=0.606
Iter 0012860: train nll 0.128, valid error 100.000%, best valid error 100.000%, avg grad norm   0.159, avg grad norm (post clip)   0.000, rho_Whh  1.11, Omega  0.00, alpha  0.000, steps in the past 0.000, valid nll 0.099
  [diag] log10|dL/dh_t| hist bins=60 range=(-6.93,-3.79) mean=-5.74 p50=-5.76 p05=-6.47 p95=-5.36
  [diag] sat-dist hist bins=60 sat<0.05=0.0% mean=0.622 p10=0.588 p90=0.630
Iter 0012880: train nll 0.131, valid error 100.000%, best valid error 100.000%, avg grad norm   0.136, avg grad norm (post clip)   0.000, rho_Whh  1.11, Omega  0.00, alpha  0.000, steps in the past 0.000, valid nll 0.099
  [diag] log10|dL/dh_t| hist bins=60 range=(-6.98,-3.73) mean=-5.90 p50=-5.94 p05=-6.53 p95=-5.36
  [diag] sat-dist hist bins=60 sat<0.05=0.0% mean=0.606 p10=0.580 p90=0.612
Iter 0012900: train nll 0.123, valid error 100.000%, best valid error 100.000%, avg grad norm   0.145, avg grad norm (post clip)   0.000, rho_Whh  1.11, Omega  0.00, alpha  0.000, steps in the past 0.000, valid nll 0.099
  [diag] log10|dL/dh_t| hist bins=60 range=(-6.99,-3.73) mean=-5.90 p50=-5.94 p05=-6.54 p95=-5.37
  [diag] sat-dist hist bins=60 sat<0.05=0.0% mean=0.606 p10=0.580 p90=0.612
Iter 0012920: train nll 0.126, valid error 100.000%, best valid error 100.000%, avg grad norm   0.153, avg grad norm (post clip)   0.000, rho_Whh  1.11, Omega  0.00, alpha  0.000, steps in the past 0.000, valid nll 0.099
  [diag] log10|dL/dh_t| hist bins=60 range=(-7.02,-3.71) mean=-5.96 p50=-6.02 p05=-6.57 p95=-5.37
  [diag] sat-dist hist bins=60 sat<0.05=0.0% mean=0.599 p10=0.576 p90=0.604
Iter 0012940: train nll 0.122, valid error 100.000%, best valid error 100.000%, avg grad norm   0.103, avg grad norm (post clip)   0.000, rho_Whh  1.11, Omega  0.00, alpha  0.000, steps in the past 0.000, valid nll 0.099
  [diag] log10|dL/dh_t| hist bins=60 range=(-7.06,-3.65) mean=-6.07 p50=-6.13 p05=-6.62 p95=-5.37
  [diag] sat-dist hist bins=60 sat<0.05=0.0% mean=0.589 p10=0.574 p90=0.592
Iter 0012960: train nll 0.122, valid error 100.000%, best valid error 100.000%, avg grad norm   0.182, avg grad norm (post clip)   0.000, rho_Whh  1.11, Omega  0.00, alpha  0.000, steps in the past 0.000, valid nll 0.099
  [diag] log10|dL/dh_t| hist bins=60 range=(-6.99,-3.74) mean=-5.89 p50=-5.93 p05=-6.54 p95=-5.37
  [diag] sat-dist hist bins=60 sat<0.05=0.0% mean=0.606 p10=0.580 p90=0.613
Iter 0012980: train nll 0.128, valid error 100.000%, best valid error 100.000%, avg grad norm   0.128, avg grad norm (post clip)   0.000, rho_Whh  1.11, Omega  0.00, alpha  0.000, steps in the past 0.000, valid nll 0.099
  [diag] log10|dL/dh_t| hist bins=60 range=(-6.96,-3.77) mean=-5.80 p50=-5.82 p05=-6.51 p95=-5.37
  [diag] sat-dist hist bins=60 sat<0.05=0.0% mean=0.616 p10=0.585 p90=0.624
Iter 0013000: train nll 0.143, valid error 100.000%, best valid error 100.000%, avg grad norm   0.172, avg grad norm (post clip)   0.000, rho_Whh  1.11, Omega  0.00, alpha  0.000, steps in the past 0.000, valid nll 0.099
  [diag] log10|dL/dh_t| hist bins=60 range=(-6.95,-3.79) mean=-5.75 p50=-5.77 p05=-6.49 p95=-5.37
  [diag] sat-dist hist bins=60 sat<0.05=0.0% mean=0.621 p10=0.587 p90=0.629
Iter 0013020: train nll 0.136, valid error 100.000%, best valid error 100.000%, avg grad norm   0.192, avg grad norm (post clip)   0.000, rho_Whh  1.11, Omega  0.00, alpha  0.000, steps in the past 0.000, valid nll 0.099
  [diag] log10|dL/dh_t| hist bins=60 range=(-6.93,-3.81) mean=-5.66 p50=-5.66 p05=-6.46 p95=-5.37
  [diag] sat-dist hist bins=60 sat<0.05=0.0% mean=0.631 p10=0.590 p90=0.641
Iter 0013040: train nll 0.120, valid error 100.000%, best valid error 100.000%, avg grad norm   0.134, avg grad norm (post clip)   0.000, rho_Whh  1.11, Omega  0.00, alpha  0.000, steps in the past 0.000, valid nll 0.100
  [diag] log10|dL/dh_t| hist bins=60 range=(-6.96,-3.78) mean=-5.78 p50=-5.80 p05=-6.50 p95=-5.37
  [diag] sat-dist hist bins=60 sat<0.05=0.0% mean=0.618 p10=0.585 p90=0.626
Iter 0013060: train nll 0.119, valid error 100.000%, best valid error 100.000%, avg grad norm   0.153, avg grad norm (post clip)   0.000, rho_Whh  1.11, Omega  0.00, alpha  0.000, steps in the past 0.000, valid nll 0.099
  [diag] log10|dL/dh_t| hist bins=60 range=(-7.02,-3.71) mean=-5.96 p50=-6.01 p05=-6.57 p95=-5.38
  [diag] sat-dist hist bins=60 sat<0.05=0.0% mean=0.600 p10=0.576 p90=0.605
Iter 0013080: train nll 0.121, valid error 100.000%, best valid error 100.000%, avg grad norm   0.144, avg grad norm (post clip)   0.000, rho_Whh  1.11, Omega  0.00, alpha  0.000, steps in the past 0.000, valid nll 0.099
  [diag] log10|dL/dh_t| hist bins=60 range=(-7.02,-3.72) mean=-5.95 p50=-5.99 p05=-6.57 p95=-5.38
  [diag] sat-dist hist bins=60 sat<0.05=0.0% mean=0.601 p10=0.577 p90=0.607
Iter 0013100: train nll 0.136, valid error 100.000%, best valid error 100.000%, avg grad norm   0.164, avg grad norm (post clip)   0.000, rho_Whh  1.11, Omega  0.00, alpha  0.000, steps in the past 0.000, valid nll 0.099
  [diag] log10|dL/dh_t| hist bins=60 range=(-6.98,-3.77) mean=-5.81 p50=-5.84 p05=-6.52 p95=-5.38
  [diag] sat-dist hist bins=60 sat<0.05=0.0% mean=0.615 p10=0.584 p90=0.623
Iter 0013120: train nll 0.136, valid error 100.000%, best valid error 100.000%, avg grad norm   0.148, avg grad norm (post clip)   0.000, rho_Whh  1.11, Omega  0.00, alpha  0.000, steps in the past 0.000, valid nll 0.099
  [diag] log10|dL/dh_t| hist bins=60 range=(-7.02,-3.73) mean=-5.93 p50=-5.97 p05=-6.56 p95=-5.38
  [diag] sat-dist hist bins=60 sat<0.05=0.0% mean=0.603 p10=0.578 p90=0.609
Iter 0013140: train nll 0.119, valid error 100.000%, best valid error 100.000%, avg grad norm   0.151, avg grad norm (post clip)   0.000, rho_Whh  1.11, Omega  0.00, alpha  0.000, steps in the past 0.000, valid nll 0.099
  [diag] log10|dL/dh_t| hist bins=60 range=(-7.03,-3.72) mean=-5.96 p50=-6.01 p05=-6.58 p95=-5.38
  [diag] sat-dist hist bins=60 sat<0.05=0.0% mean=0.600 p10=0.576 p90=0.605
Iter 0013160: train nll 0.116, valid error 100.000%, best valid error 100.000%, avg grad norm   0.144, avg grad norm (post clip)   0.000, rho_Whh  1.11, Omega  0.00, alpha  0.000, steps in the past 0.000, valid nll 0.099
  [diag] log10|dL/dh_t| hist bins=60 range=(-6.94,-3.81) mean=-5.64 p50=-5.63 p05=-6.47 p95=-5.38
  [diag] sat-dist hist bins=60 sat<0.05=0.0% mean=0.633 p10=0.590 p90=0.644
Iter 0013180: train nll 0.139, valid error 100.000%, best valid error 100.000%, avg grad norm   0.174, avg grad norm (post clip)   0.000, rho_Whh  1.11, Omega  0.00, alpha  0.000, steps in the past 0.000, valid nll 0.100
  [diag] log10|dL/dh_t| hist bins=60 range=(-6.99,-3.76) mean=-5.86 p50=-5.89 p05=-6.54 p95=-5.39
  [diag] sat-dist hist bins=60 sat<0.05=0.0% mean=0.610 p10=0.582 p90=0.617
Iter 0013200: train nll 0.127, valid error 100.000%, best valid error 100.000%, avg grad norm   0.183, avg grad norm (post clip)   0.000, rho_Whh  1.11, Omega  0.00, alpha  0.000, steps in the past 0.000, valid nll 0.099
  [diag] log10|dL/dh_t| hist bins=60 range=(-6.97,-3.79) mean=-5.76 p50=-5.78 p05=-6.50 p95=-5.39
  [diag] sat-dist hist bins=60 sat<0.05=0.0% mean=0.620 p10=0.586 p90=0.629
Iter 0013220: train nll 0.135, valid error 100.000%, best valid error 100.000%, avg grad norm   0.139, avg grad norm (post clip)   0.000, rho_Whh  1.11, Omega  0.00, alpha  0.000, steps in the past 0.000, valid nll 0.099
  [diag] log10|dL/dh_t| hist bins=60 range=(-7.03,-3.73) mean=-5.95 p50=-6.00 p05=-6.58 p95=-5.39
  [diag] sat-dist hist bins=60 sat<0.05=0.0% mean=0.601 p10=0.576 p90=0.607
Iter 0013240: train nll 0.132, valid error 100.000%, best valid error 100.000%, avg grad norm   0.131, avg grad norm (post clip)   0.000, rho_Whh  1.11, Omega  0.00, alpha  0.000, steps in the past 0.000, valid nll 0.099
  [diag] log10|dL/dh_t| hist bins=60 range=(-6.95,-3.81) mean=-5.64 p50=-5.63 p05=-6.47 p95=-5.39
  [diag] sat-dist hist bins=60 sat<0.05=0.0% mean=0.633 p10=0.590 p90=0.644
Iter 0013260: train nll 0.125, valid error 100.000%, best valid error 100.000%, avg grad norm   0.146, avg grad norm (post clip)   0.000, rho_Whh  1.11, Omega  0.00, alpha  0.000, steps in the past 0.000, valid nll 0.100
  [diag] log10|dL/dh_t| hist bins=60 range=(-7.03,-3.73) mean=-5.95 p50=-5.99 p05=-6.58 p95=-5.39
  [diag] sat-dist hist bins=60 sat<0.05=0.0% mean=0.601 p10=0.576 p90=0.607
Iter 0013280: train nll 0.126, valid error 100.000%, best valid error 100.000%, avg grad norm   0.195, avg grad norm (post clip)   0.000, rho_Whh  1.11, Omega  0.00, alpha  0.000, steps in the past 0.000, valid nll 0.099
  [diag] log10|dL/dh_t| hist bins=60 range=(-7.00,-3.76) mean=-5.87 p50=-5.90 p05=-6.54 p95=-5.39
  [diag] sat-dist hist bins=60 sat<0.05=0.0% mean=0.610 p10=0.581 p90=0.617
Iter 0013300: train nll 0.146, valid error 100.000%, best valid error 100.000%, avg grad norm   0.191, avg grad norm (post clip)   0.000, rho_Whh  1.11, Omega  0.00, alpha  0.000, steps in the past 0.000, valid nll 0.099
  [diag] log10|dL/dh_t| hist bins=60 range=(-7.03,-3.74) mean=-5.93 p50=-5.97 p05=-6.57 p95=-5.40
  [diag] sat-dist hist bins=60 sat<0.05=0.0% mean=0.604 p10=0.577 p90=0.609
Iter 0013320: train nll 0.128, valid error 100.000%, best valid error 100.000%, avg grad norm   0.121, avg grad norm (post clip)   0.000, rho_Whh  1.11, Omega  0.00, alpha  0.000, steps in the past 0.000, valid nll 0.099
  [diag] log10|dL/dh_t| hist bins=60 range=(-7.04,-3.73) mean=-5.95 p50=-6.00 p05=-6.58 p95=-5.40
  [diag] sat-dist hist bins=60 sat<0.05=0.0% mean=0.601 p10=0.576 p90=0.607
Iter 0013340: train nll 0.106, valid error 100.000%, best valid error 100.000%, avg grad norm   0.104, avg grad norm (post clip)   0.000, rho_Whh  1.11, Omega  0.00, alpha  0.000, steps in the past 0.000, valid nll 0.099
  [diag] log10|dL/dh_t| hist bins=60 range=(-7.05,-3.72) mean=-5.98 p50=-6.03 p05=-6.60 p95=-5.40
  [diag] sat-dist hist bins=60 sat<0.05=0.0% mean=0.598 p10=0.575 p90=0.603
Iter 0013360: train nll 0.131, valid error 100.000%, best valid error 100.000%, avg grad norm   0.198, avg grad norm (post clip)   0.000, rho_Whh  1.11, Omega  0.00, alpha  0.000, steps in the past 0.000, valid nll 0.099
  [diag] log10|dL/dh_t| hist bins=60 range=(-7.01,-3.75) mean=-5.90 p50=-5.94 p05=-6.56 p95=-5.40
  [diag] sat-dist hist bins=60 sat<0.05=0.0% mean=0.607 p10=0.580 p90=0.613
Iter 0013380: train nll 0.134, valid error 100.000%, best valid error 100.000%, avg grad norm   0.224, avg grad norm (post clip)   0.000, rho_Whh  1.11, Omega  0.00, alpha  0.000, steps in the past 0.000, valid nll 0.099
  [diag] log10|dL/dh_t| hist bins=60 range=(-7.04,-3.73) mean=-5.97 p50=-6.02 p05=-6.59 p95=-5.40
  [diag] sat-dist hist bins=60 sat<0.05=0.0% mean=0.600 p10=0.576 p90=0.605
Iter 0013400: train nll 0.119, valid error 100.000%, best valid error 100.000%, avg grad norm   0.102, avg grad norm (post clip)   0.000, rho_Whh  1.11, Omega  0.00, alpha  0.000, steps in the past 0.000, valid nll 0.099
  [diag] log10|dL/dh_t| hist bins=60 range=(-7.05,-3.72) mean=-5.98 p50=-6.04 p05=-6.60 p95=-5.40
  [diag] sat-dist hist bins=60 sat<0.05=0.0% mean=0.598 p10=0.575 p90=0.603
Iter 0013420: train nll 0.124, valid error 100.000%, best valid error 100.000%, avg grad norm   0.137, avg grad norm (post clip)   0.000, rho_Whh  1.11, Omega  0.00, alpha  0.000, steps in the past 0.000, valid nll 0.099
  [diag] log10|dL/dh_t| hist bins=60 range=(-7.06,-3.72) mean=-6.00 p50=-6.05 p05=-6.61 p95=-5.41
  [diag] sat-dist hist bins=60 sat<0.05=0.0% mean=0.597 p10=0.574 p90=0.602
Iter 0013440: train nll 0.110, valid error 100.000%, best valid error 100.000%, avg grad norm   0.089, avg grad norm (post clip)   0.000, rho_Whh  1.11, Omega  0.00, alpha  0.000, steps in the past 0.000, valid nll 0.099
  [diag] log10|dL/dh_t| hist bins=60 range=(-7.03,-3.76) mean=-5.90 p50=-5.93 p05=-6.57 p95=-5.41
  [diag] sat-dist hist bins=60 sat<0.05=0.0% mean=0.607 p10=0.579 p90=0.614
Iter 0013460: train nll 0.122, valid error 100.000%, best valid error 100.000%, avg grad norm   0.105, avg grad norm (post clip)   0.000, rho_Whh  1.11, Omega  0.00, alpha  0.000, steps in the past 0.000, valid nll 0.099
  [diag] log10|dL/dh_t| hist bins=60 range=(-7.07,-3.71) mean=-6.02 p50=-6.07 p05=-6.62 p95=-5.41
  [diag] sat-dist hist bins=60 sat<0.05=0.0% mean=0.595 p10=0.572 p90=0.599
Iter 0013480: train nll 0.123, valid error 100.000%, best valid error 100.000%, avg grad norm   0.181, avg grad norm (post clip)   0.000, rho_Whh  1.11, Omega  0.00, alpha  0.000, steps in the past 0.000, valid nll 0.099
  [diag] log10|dL/dh_t| hist bins=60 range=(-7.06,-3.71) mean=-6.01 p50=-6.06 p05=-6.61 p95=-5.41
  [diag] sat-dist hist bins=60 sat<0.05=0.0% mean=0.596 p10=0.574 p90=0.601
Iter 0013500: train nll 0.140, valid error 100.000%, best valid error 100.000%, avg grad norm   0.235, avg grad norm (post clip)   0.000, rho_Whh  1.11, Omega  0.00, alpha  0.000, steps in the past 0.000, valid nll 0.099
  [diag] log10|dL/dh_t| hist bins=60 range=(-7.04,-3.75) mean=-5.93 p50=-5.97 p05=-6.58 p95=-5.41
  [diag] sat-dist hist bins=60 sat<0.05=0.0% mean=0.604 p10=0.577 p90=0.610
Iter 0013520: train nll 0.136, valid error 100.000%, best valid error 100.000%, avg grad norm   0.135, avg grad norm (post clip)   0.000, rho_Whh  1.11, Omega  0.00, alpha  0.000, steps in the past 0.000, valid nll 0.099
  [diag] log10|dL/dh_t| hist bins=60 range=(-7.02,-3.77) mean=-5.88 p50=-5.91 p05=-6.56 p95=-5.41
  [diag] sat-dist hist bins=60 sat<0.05=0.0% mean=0.609 p10=0.580 p90=0.616
Iter 0013540: train nll 0.121, valid error 100.000%, best valid error 100.000%, avg grad norm   0.082, avg grad norm (post clip)   0.000, rho_Whh  1.11, Omega  0.00, alpha  0.000, steps in the past 0.000, valid nll 0.099
  [diag] log10|dL/dh_t| hist bins=60 range=(-7.00,-3.79) mean=-5.80 p50=-5.82 p05=-6.54 p95=-5.41
  [diag] sat-dist hist bins=60 sat<0.05=0.0% mean=0.617 p10=0.583 p90=0.626
Iter 0013560: train nll 0.114, valid error 100.000%, best valid error 100.000%, avg grad norm   0.097, avg grad norm (post clip)   0.000, rho_Whh  1.11, Omega  0.00, alpha  0.000, steps in the past 0.000, valid nll 0.099
  [diag] log10|dL/dh_t| hist bins=60 range=(-7.05,-3.74) mean=-5.95 p50=-6.00 p05=-6.60 p95=-5.41
  [diag] sat-dist hist bins=60 sat<0.05=0.0% mean=0.602 p10=0.575 p90=0.607
Iter 0013580: train nll 0.133, valid error 100.000%, best valid error 100.000%, avg grad norm   0.174, avg grad norm (post clip)   0.000, rho_Whh  1.11, Omega  0.00, alpha  0.000, steps in the past 0.000, valid nll 0.099
  [diag] log10|dL/dh_t| hist bins=60 range=(-7.06,-3.73) mean=-5.97 p50=-6.02 p05=-6.61 p95=-5.42
  [diag] sat-dist hist bins=60 sat<0.05=0.0% mean=0.600 p10=0.574 p90=0.605
Iter 0013600: train nll 0.117, valid error 100.000%, best valid error 100.000%, avg grad norm   0.124, avg grad norm (post clip)   0.000, rho_Whh  1.11, Omega  0.00, alpha  0.000, steps in the past 0.000, valid nll 0.099
  [diag] log10|dL/dh_t| hist bins=60 range=(-7.08,-3.71) mean=-6.02 p50=-6.07 p05=-6.63 p95=-5.42
  [diag] sat-dist hist bins=60 sat<0.05=0.0% mean=0.595 p10=0.572 p90=0.600
Iter 0013620: train nll 0.124, valid error 100.000%, best valid error 100.000%, avg grad norm   0.182, avg grad norm (post clip)   0.000, rho_Whh  1.11, Omega  0.00, alpha  0.000, steps in the past 0.000, valid nll 0.099
  [diag] log10|dL/dh_t| hist bins=60 range=(-7.03,-3.77) mean=-5.88 p50=-5.91 p05=-6.57 p95=-5.42
  [diag] sat-dist hist bins=60 sat<0.05=0.0% mean=0.609 p10=0.579 p90=0.616
Iter 0013640: train nll 0.130, valid error 100.000%, best valid error 100.000%, avg grad norm   0.151, avg grad norm (post clip)   0.000, rho_Whh  1.11, Omega  0.00, alpha  0.000, steps in the past 0.000, valid nll 0.099
  [diag] log10|dL/dh_t| hist bins=60 range=(-7.07,-3.72) mean=-6.01 p50=-6.07 p05=-6.62 p95=-5.42
  [diag] sat-dist hist bins=60 sat<0.05=0.0% mean=0.596 p10=0.573 p90=0.600
Iter 0013660: train nll 0.133, valid error 100.000%, best valid error 100.000%, avg grad norm   0.197, avg grad norm (post clip)   0.000, rho_Whh  1.11, Omega  0.00, alpha  0.000, steps in the past 0.000, valid nll 0.099
  [diag] log10|dL/dh_t| hist bins=60 range=(-7.03,-3.77) mean=-5.88 p50=-5.91 p05=-6.57 p95=-5.42
  [diag] sat-dist hist bins=60 sat<0.05=0.0% mean=0.609 p10=0.580 p90=0.616
Iter 0013680: train nll 0.122, valid error 100.000%, best valid error 100.000%, avg grad norm   0.127, avg grad norm (post clip)   0.000, rho_Whh  1.11, Omega  0.00, alpha  0.000, steps in the past 0.000, valid nll 0.099
  [diag] log10|dL/dh_t| hist bins=60 range=(-7.03,-3.77) mean=-5.88 p50=-5.92 p05=-6.57 p95=-5.42
  [diag] sat-dist hist bins=60 sat<0.05=0.0% mean=0.609 p10=0.579 p90=0.616
Iter 0013700: train nll 0.145, valid error 100.000%, best valid error 100.000%, avg grad norm   0.156, avg grad norm (post clip)   0.000, rho_Whh  1.11, Omega  0.00, alpha  0.000, steps in the past 0.000, valid nll 0.099
  [diag] log10|dL/dh_t| hist bins=60 range=(-7.05,-3.76) mean=-5.93 p50=-5.97 p05=-6.59 p95=-5.42
  [diag] sat-dist hist bins=60 sat<0.05=0.0% mean=0.604 p10=0.577 p90=0.610
Iter 0013720: train nll 0.119, valid error 100.000%, best valid error 100.000%, avg grad norm   0.154, avg grad norm (post clip)   0.000, rho_Whh  1.11, Omega  0.00, alpha  0.000, steps in the past 0.000, valid nll 0.099
  [diag] log10|dL/dh_t| hist bins=60 range=(-7.06,-3.75) mean=-5.95 p50=-6.00 p05=-6.60 p95=-5.43
  [diag] sat-dist hist bins=60 sat<0.05=0.0% mean=0.602 p10=0.575 p90=0.608
Iter 0013740: train nll 0.112, valid error 100.000%, best valid error 100.000%, avg grad norm   0.077, avg grad norm (post clip)   0.000, rho_Whh  1.11, Omega  0.00, alpha  0.000, steps in the past 0.000, valid nll 0.099
  [diag] log10|dL/dh_t| hist bins=60 range=(-7.05,-3.76) mean=-5.93 p50=-5.97 p05=-6.59 p95=-5.43
  [diag] sat-dist hist bins=60 sat<0.05=0.0% mean=0.604 p10=0.577 p90=0.610
Iter 0013760: train nll 0.121, valid error 100.000%, best valid error 100.000%, avg grad norm   0.139, avg grad norm (post clip)   0.000, rho_Whh  1.11, Omega  0.00, alpha  0.000, steps in the past 0.000, valid nll 0.099
  [diag] log10|dL/dh_t| hist bins=60 range=(-7.06,-3.75) mean=-5.95 p50=-5.99 p05=-6.61 p95=-5.43
  [diag] sat-dist hist bins=60 sat<0.05=0.0% mean=0.602 p10=0.575 p90=0.608
Iter 0013780: train nll 0.126, valid error 100.000%, best valid error 100.000%, avg grad norm   0.136, avg grad norm (post clip)   0.000, rho_Whh  1.11, Omega  0.00, alpha  0.000, steps in the past 0.000, valid nll 0.099
  [diag] log10|dL/dh_t| hist bins=60 range=(-7.02,-3.79) mean=-5.81 p50=-5.83 p05=-6.56 p95=-5.43
  [diag] sat-dist hist bins=60 sat<0.05=0.0% mean=0.616 p10=0.582 p90=0.625
Iter 0013800: train nll 0.128, valid error 100.000%, best valid error 100.000%, avg grad norm   0.120, avg grad norm (post clip)   0.000, rho_Whh  1.11, Omega  0.00, alpha  0.000, steps in the past 0.000, valid nll 0.099
  [diag] log10|dL/dh_t| hist bins=60 range=(-7.05,-3.78) mean=-5.86 p50=-5.89 p05=-6.58 p95=-5.43
  [diag] sat-dist hist bins=60 sat<0.05=0.0% mean=0.611 p10=0.579 p90=0.619
Iter 0013820: train nll 0.149, valid error 100.000%, best valid error 100.000%, avg grad norm   0.132, avg grad norm (post clip)   0.000, rho_Whh  1.11, Omega  0.00, alpha  0.000, steps in the past 0.000, valid nll 0.099
  [diag] log10|dL/dh_t| hist bins=60 range=(-7.09,-3.73) mean=-6.01 p50=-6.05 p05=-6.64 p95=-5.43
  [diag] sat-dist hist bins=60 sat<0.05=0.0% mean=0.597 p10=0.572 p90=0.602
Iter 0013840: train nll 0.122, valid error 100.000%, best valid error 100.000%, avg grad norm   0.159, avg grad norm (post clip)   0.000, rho_Whh  1.11, Omega  0.00, alpha  0.000, steps in the past 0.000, valid nll 0.099
  [diag] log10|dL/dh_t| hist bins=60 range=(-7.08,-3.73) mean=-6.00 p50=-6.05 p05=-6.63 p95=-5.44
  [diag] sat-dist hist bins=60 sat<0.05=0.0% mean=0.598 p10=0.573 p90=0.603
Iter 0013860: train nll 0.133, valid error 100.000%, best valid error 100.000%, avg grad norm   0.219, avg grad norm (post clip)   0.000, rho_Whh  1.11, Omega  0.00, alpha  0.000, steps in the past 0.000, valid nll 0.099
  [diag] log10|dL/dh_t| hist bins=60 range=(-7.13,-3.67) mean=-6.13 p50=-6.19 p05=-6.69 p95=-5.44
  [diag] sat-dist hist bins=60 sat<0.05=0.0% mean=0.585 p10=0.570 p90=0.588
Iter 0013880: train nll 0.129, valid error 100.000%, best valid error 100.000%, avg grad norm   0.153, avg grad norm (post clip)   0.000, rho_Whh  1.11, Omega  0.00, alpha  0.000, steps in the past 0.000, valid nll 0.099
  [diag] log10|dL/dh_t| hist bins=60 range=(-7.09,-3.73) mean=-6.01 p50=-6.06 p05=-6.64 p95=-5.44
  [diag] sat-dist hist bins=60 sat<0.05=0.0% mean=0.597 p10=0.572 p90=0.602
Iter 0013900: train nll 0.120, valid error 100.000%, best valid error 100.000%, avg grad norm   0.099, avg grad norm (post clip)   0.000, rho_Whh  1.11, Omega  0.00, alpha  0.000, steps in the past 0.000, valid nll 0.099
  [diag] log10|dL/dh_t| hist bins=60 range=(-7.11,-3.72) mean=-6.04 p50=-6.09 p05=-6.65 p95=-5.44
  [diag] sat-dist hist bins=60 sat<0.05=0.0% mean=0.594 p10=0.570 p90=0.598
Iter 0013920: train nll 0.128, valid error 100.000%, best valid error 100.000%, avg grad norm   0.144, avg grad norm (post clip)   0.000, rho_Whh  1.11, Omega  0.00, alpha  0.000, steps in the past 0.000, valid nll 0.099
  [diag] log10|dL/dh_t| hist bins=60 range=(-7.07,-3.77) mean=-5.91 p50=-5.95 p05=-6.60 p95=-5.44
  [diag] sat-dist hist bins=60 sat<0.05=0.0% mean=0.606 p10=0.576 p90=0.613
Iter 0013940: train nll 0.131, valid error 100.000%, best valid error 100.000%, avg grad norm   0.111, avg grad norm (post clip)   0.000, rho_Whh  1.11, Omega  0.00, alpha  0.000, steps in the past 0.000, valid nll 0.099
  [diag] log10|dL/dh_t| hist bins=60 range=(-7.02,-3.81) mean=-5.73 p50=-5.73 p05=-6.54 p95=-5.44
  [diag] sat-dist hist bins=60 sat<0.05=0.0% mean=0.625 p10=0.585 p90=0.636
Iter 0013960: train nll 0.123, valid error 100.000%, best valid error 100.000%, avg grad norm   0.152, avg grad norm (post clip)   0.000, rho_Whh  1.11, Omega  0.00, alpha  0.000, steps in the past 0.000, valid nll 0.099
  [diag] log10|dL/dh_t| hist bins=60 range=(-7.09,-3.75) mean=-5.97 p50=-6.01 p05=-6.63 p95=-5.44
  [diag] sat-dist hist bins=60 sat<0.05=0.0% mean=0.601 p10=0.573 p90=0.607
Iter 0013980: train nll 0.126, valid error 100.000%, best valid error 100.000%, avg grad norm   0.101, avg grad norm (post clip)   0.000, rho_Whh  1.11, Omega  0.00, alpha  0.000, steps in the past 0.000, valid nll 0.099
  [diag] log10|dL/dh_t| hist bins=60 range=(-7.11,-3.74) mean=-6.01 p50=-6.06 p05=-6.65 p95=-5.45
  [diag] sat-dist hist bins=60 sat<0.05=0.0% mean=0.597 p10=0.571 p90=0.602
Iter 0014000: train nll 0.114, valid error 100.000%, best valid error 100.000%, avg grad norm   0.104, avg grad norm (post clip)   0.000, rho_Whh  1.11, Omega  0.00, alpha  0.000, steps in the past 0.000, valid nll 0.099
  [diag] log10|dL/dh_t| hist bins=60 range=(-7.12,-3.74) mean=-6.02 p50=-6.06 p05=-6.66 p95=-5.45
  [diag] sat-dist hist bins=60 sat<0.05=0.0% mean=0.596 p10=0.570 p90=0.601
Iter 0014020: train nll 0.120, valid error 100.000%, best valid error 100.000%, avg grad norm   0.115, avg grad norm (post clip)   0.000, rho_Whh  1.11, Omega  0.00, alpha  0.000, steps in the past 0.000, valid nll 0.099
  [diag] log10|dL/dh_t| hist bins=60 range=(-7.11,-3.73) mean=-6.03 p50=-6.08 p05=-6.66 p95=-5.45
  [diag] sat-dist hist bins=60 sat<0.05=0.0% mean=0.595 p10=0.570 p90=0.600
Iter 0014040: train nll 0.128, valid error 100.000%, best valid error 100.000%, avg grad norm   0.207, avg grad norm (post clip)   0.000, rho_Whh  1.11, Omega  0.00, alpha  0.000, steps in the past 0.000, valid nll 0.099
  [diag] log10|dL/dh_t| hist bins=60 range=(-7.09,-3.77) mean=-5.94 p50=-5.97 p05=-6.63 p95=-5.45
  [diag] sat-dist hist bins=60 sat<0.05=0.0% mean=0.604 p10=0.575 p90=0.611
Iter 0014060: train nll 0.126, valid error 100.000%, best valid error 100.000%, avg grad norm   0.106, avg grad norm (post clip)   0.000, rho_Whh  1.11, Omega  0.00, alpha  0.000, steps in the past 0.000, valid nll 0.099
  [diag] log10|dL/dh_t| hist bins=60 range=(-7.10,-3.75) mean=-5.98 p50=-6.02 p05=-6.64 p95=-5.45
  [diag] sat-dist hist bins=60 sat<0.05=0.0% mean=0.600 p10=0.573 p90=0.606
Iter 0014080: train nll 0.130, valid error 100.000%, best valid error 100.000%, avg grad norm   0.155, avg grad norm (post clip)   0.000, rho_Whh  1.11, Omega  0.00, alpha  0.000, steps in the past 0.000, valid nll 0.099
  [diag] log10|dL/dh_t| hist bins=60 range=(-7.08,-3.77) mean=-5.92 p50=-5.96 p05=-6.62 p95=-5.45
  [diag] sat-dist hist bins=60 sat<0.05=0.0% mean=0.605 p10=0.575 p90=0.612
Iter 0014100: train nll 0.120, valid error 100.000%, best valid error 100.000%, avg grad norm   0.153, avg grad norm (post clip)   0.000, rho_Whh  1.11, Omega  0.00, alpha  0.000, steps in the past 0.000, valid nll 0.099
  [diag] log10|dL/dh_t| hist bins=60 range=(-7.06,-3.79) mean=-5.84 p50=-5.86 p05=-6.59 p95=-5.45
  [diag] sat-dist hist bins=60 sat<0.05=0.0% mean=0.614 p10=0.580 p90=0.622
Iter 0014120: train nll 0.118, valid error 100.000%, best valid error 100.000%, avg grad norm   0.152, avg grad norm (post clip)   0.000, rho_Whh  1.11, Omega  0.00, alpha  0.000, steps in the past 0.000, valid nll 0.099
  [diag] log10|dL/dh_t| hist bins=60 range=(-7.04,-3.81) mean=-5.77 p50=-5.77 p05=-6.57 p95=-5.45
  [diag] sat-dist hist bins=60 sat<0.05=0.0% mean=0.621 p10=0.582 p90=0.631
Iter 0014140: train nll 0.139, valid error 100.000%, best valid error 100.000%, avg grad norm   0.121, avg grad norm (post clip)   0.000, rho_Whh  1.11, Omega  0.00, alpha  0.000, steps in the past 0.000, valid nll 0.099
  [diag] log10|dL/dh_t| hist bins=60 range=(-7.08,-3.77) mean=-5.92 p50=-5.96 p05=-6.62 p95=-5.46
  [diag] sat-dist hist bins=60 sat<0.05=0.0% mean=0.606 p10=0.576 p90=0.613
Iter 0014160: train nll 0.118, valid error 100.000%, best valid error 100.000%, avg grad norm   0.145, avg grad norm (post clip)   0.000, rho_Whh  1.11, Omega  0.00, alpha  0.000, steps in the past 0.000, valid nll 0.099
  [diag] log10|dL/dh_t| hist bins=60 range=(-7.05,-3.80) mean=-5.81 p50=-5.83 p05=-6.58 p95=-5.46
  [diag] sat-dist hist bins=60 sat<0.05=0.0% mean=0.617 p10=0.581 p90=0.626
Iter 0014180: train nll 0.124, valid error 100.000%, best valid error 100.000%, avg grad norm   0.125, avg grad norm (post clip)   0.000, rho_Whh  1.11, Omega  0.00, alpha  0.000, steps in the past 0.000, valid nll 0.099
  [diag] log10|dL/dh_t| hist bins=60 range=(-7.08,-3.78) mean=-5.90 p50=-5.93 p05=-6.61 p95=-5.46
  [diag] sat-dist hist bins=60 sat<0.05=0.0% mean=0.608 p10=0.577 p90=0.615
Iter 0014200: train nll 0.130, valid error 100.000%, best valid error 100.000%, avg grad norm   0.157, avg grad norm (post clip)   0.000, rho_Whh  1.11, Omega  0.00, alpha  0.000, steps in the past 0.000, valid nll 0.099
  [diag] log10|dL/dh_t| hist bins=60 range=(-7.11,-3.75) mean=-6.00 p50=-6.04 p05=-6.65 p95=-5.46
  [diag] sat-dist hist bins=60 sat<0.05=0.0% mean=0.599 p10=0.572 p90=0.604
Iter 0014220: train nll 0.117, valid error 100.000%, best valid error 100.000%, avg grad norm   0.135, avg grad norm (post clip)   0.000, rho_Whh  1.11, Omega  0.00, alpha  0.000, steps in the past 0.000, valid nll 0.099
  [diag] log10|dL/dh_t| hist bins=60 range=(-7.05,-3.81) mean=-5.78 p50=-5.79 p05=-6.58 p95=-5.46
  [diag] sat-dist hist bins=60 sat<0.05=0.0% mean=0.620 p10=0.582 p90=0.629
Iter 0014240: train nll 0.129, valid error 100.000%, best valid error 100.000%, avg grad norm   0.130, avg grad norm (post clip)   0.000, rho_Whh  1.11, Omega  0.00, alpha  0.000, steps in the past 0.000, valid nll 0.099
  [diag] log10|dL/dh_t| hist bins=60 range=(-7.02,-3.82) mean=-5.69 p50=-5.68 p05=-6.55 p95=-5.46
  [diag] sat-dist hist bins=60 sat<0.05=0.0% mean=0.630 p10=0.586 p90=0.641
Iter 0014260: train nll 0.145, valid error 100.000%, best valid error 100.000%, avg grad norm   0.194, avg grad norm (post clip)   0.000, rho_Whh  1.11, Omega  0.00, alpha  0.000, steps in the past 0.000, valid nll 0.099
  [diag] log10|dL/dh_t| hist bins=60 range=(-7.16,-3.69) mean=-6.13 p50=-6.20 p05=-6.71 p95=-5.47
  [diag] sat-dist hist bins=60 sat<0.05=0.0% mean=0.585 p10=0.569 p90=0.589
Iter 0014280: train nll 0.135, valid error 100.000%, best valid error 100.000%, avg grad norm   0.184, avg grad norm (post clip)   0.000, rho_Whh  1.11, Omega  0.00, alpha  0.000, steps in the past 0.000, valid nll 0.099
  [diag] log10|dL/dh_t| hist bins=60 range=(-7.12,-3.75) mean=-6.02 p50=-6.06 p05=-6.66 p95=-5.47
  [diag] sat-dist hist bins=60 sat<0.05=0.0% mean=0.597 p10=0.571 p90=0.602
Iter 0014300: train nll 0.129, valid error 100.000%, best valid error 100.000%, avg grad norm   0.120, avg grad norm (post clip)   0.000, rho_Whh  1.11, Omega  0.00, alpha  0.000, steps in the past 0.000, valid nll 0.099
  [diag] log10|dL/dh_t| hist bins=60 range=(-7.13,-3.74) mean=-6.03 p50=-6.08 p05=-6.67 p95=-5.47
  [diag] sat-dist hist bins=60 sat<0.05=0.0% mean=0.596 p10=0.570 p90=0.601
Iter 0014320: train nll 0.148, valid error 100.000%, best valid error 100.000%, avg grad norm   0.168, avg grad norm (post clip)   0.000, rho_Whh  1.11, Omega  0.00, alpha  0.000, steps in the past 0.000, valid nll 0.099
  [diag] log10|dL/dh_t| hist bins=60 range=(-7.12,-3.76) mean=-5.99 p50=-6.03 p05=-6.65 p95=-5.47
  [diag] sat-dist hist bins=60 sat<0.05=0.0% mean=0.599 p10=0.572 p90=0.605
Iter 0014340: train nll 0.122, valid error 100.000%, best valid error 100.000%, avg grad norm   0.132, avg grad norm (post clip)   0.000, rho_Whh  1.11, Omega  0.00, alpha  0.000, steps in the past 0.000, valid nll 0.099
  [diag] log10|dL/dh_t| hist bins=60 range=(-7.12,-3.75) mean=-6.02 p50=-6.07 p05=-6.67 p95=-5.47
  [diag] sat-dist hist bins=60 sat<0.05=0.0% mean=0.596 p10=0.571 p90=0.602
Iter 0014360: train nll 0.117, valid error 100.000%, best valid error 100.000%, avg grad norm   0.136, avg grad norm (post clip)   0.000, rho_Whh  1.11, Omega  0.00, alpha  0.000, steps in the past 0.000, valid nll 0.099
  [diag] log10|dL/dh_t| hist bins=60 range=(-7.09,-3.78) mean=-5.91 p50=-5.94 p05=-6.62 p95=-5.47
  [diag] sat-dist hist bins=60 sat<0.05=0.0% mean=0.608 p10=0.577 p90=0.615
Iter 0014380: train nll 0.126, valid error 100.000%, best valid error 100.000%, avg grad norm   0.145, avg grad norm (post clip)   0.000, rho_Whh  1.11, Omega  0.00, alpha  0.000, steps in the past 0.000, valid nll 0.099
  [diag] log10|dL/dh_t| hist bins=60 range=(-7.10,-3.78) mean=-5.93 p50=-5.96 p05=-6.63 p95=-5.47
  [diag] sat-dist hist bins=60 sat<0.05=0.0% mean=0.606 p10=0.575 p90=0.613
Iter 0014400: train nll 0.135, valid error 100.000%, best valid error 100.000%, avg grad norm   0.136, avg grad norm (post clip)   0.000, rho_Whh  1.11, Omega  0.00, alpha  0.000, steps in the past 0.000, valid nll 0.099
  [diag] log10|dL/dh_t| hist bins=60 range=(-7.16,-3.70) mean=-6.12 p50=-6.18 p05=-6.71 p95=-5.48
  [diag] sat-dist hist bins=60 sat<0.05=0.0% mean=0.587 p10=0.569 p90=0.591
Iter 0014420: train nll 0.127, valid error 100.000%, best valid error 100.000%, avg grad norm   0.179, avg grad norm (post clip)   0.000, rho_Whh  1.11, Omega  0.00, alpha  0.000, steps in the past 0.000, valid nll 0.099
  [diag] log10|dL/dh_t| hist bins=60 range=(-7.11,-3.77) mean=-5.97 p50=-6.02 p05=-6.65 p95=-5.48
  [diag] sat-dist hist bins=60 sat<0.05=0.0% mean=0.601 p10=0.573 p90=0.607
Iter 0014440: train nll 0.128, valid error 100.000%, best valid error 100.000%, avg grad norm   0.146, avg grad norm (post clip)   0.000, rho_Whh  1.11, Omega  0.00, alpha  0.000, steps in the past 0.000, valid nll 0.099
  [diag] log10|dL/dh_t| hist bins=60 range=(-7.13,-3.74) mean=-6.04 p50=-6.09 p05=-6.68 p95=-5.48
  [diag] sat-dist hist bins=60 sat<0.05=0.0% mean=0.595 p10=0.570 p90=0.600
Iter 0014460: train nll 0.144, valid error 100.000%, best valid error 100.000%, avg grad norm   0.155, avg grad norm (post clip)   0.000, rho_Whh  1.11, Omega  0.00, alpha  0.000, steps in the past 0.000, valid nll 0.099
  [diag] log10|dL/dh_t| hist bins=60 range=(-7.10,-3.78) mean=-5.94 p50=-5.98 p05=-6.64 p95=-5.48
  [diag] sat-dist hist bins=60 sat<0.05=0.0% mean=0.605 p10=0.575 p90=0.611
Iter 0014480: train nll 0.120, valid error 100.000%, best valid error 100.000%, avg grad norm   0.138, avg grad norm (post clip)   0.000, rho_Whh  1.11, Omega  0.00, alpha  0.000, steps in the past 0.000, valid nll 0.099
  [diag] log10|dL/dh_t| hist bins=60 range=(-7.10,-3.78) mean=-5.95 p50=-5.98 p05=-6.64 p95=-5.48
  [diag] sat-dist hist bins=60 sat<0.05=0.0% mean=0.604 p10=0.575 p90=0.611
Iter 0014500: train nll 0.114, valid error 100.000%, best valid error 100.000%, avg grad norm   0.089, avg grad norm (post clip)   0.000, rho_Whh  1.11, Omega  0.00, alpha  0.000, steps in the past 0.000, valid nll 0.099
  [diag] log10|dL/dh_t| hist bins=60 range=(-7.13,-3.76) mean=-6.01 p50=-6.05 p05=-6.66 p95=-5.48
  [diag] sat-dist hist bins=60 sat<0.05=0.0% mean=0.598 p10=0.572 p90=0.604
Iter 0014520: train nll 0.129, valid error 100.000%, best valid error 100.000%, avg grad norm   0.158, avg grad norm (post clip)   0.000, rho_Whh  1.11, Omega  0.00, alpha  0.000, steps in the past 0.000, valid nll 0.098
  [diag] log10|dL/dh_t| hist bins=60 range=(-7.12,-3.77) mean=-5.98 p50=-6.02 p05=-6.66 p95=-5.48
  [diag] sat-dist hist bins=60 sat<0.05=0.0% mean=0.601 p10=0.573 p90=0.607
Iter 0014540: train nll 0.129, valid error 100.000%, best valid error 100.000%, avg grad norm   0.130, avg grad norm (post clip)   0.000, rho_Whh  1.11, Omega  0.00, alpha  0.000, steps in the past 0.000, valid nll 0.098
  [diag] log10|dL/dh_t| hist bins=60 range=(-7.16,-3.73) mean=-6.07 p50=-6.13 p05=-6.70 p95=-5.49
  [diag] sat-dist hist bins=60 sat<0.05=0.0% mean=0.592 p10=0.568 p90=0.596
Iter 0014560: train nll 0.128, valid error 100.000%, best valid error 100.000%, avg grad norm   0.142, avg grad norm (post clip)   0.000, rho_Whh  1.11, Omega  0.00, alpha  0.000, steps in the past 0.000, valid nll 0.099
  [diag] log10|dL/dh_t| hist bins=60 range=(-7.15,-3.74) mean=-6.07 p50=-6.12 p05=-6.70 p95=-5.49
  [diag] sat-dist hist bins=60 sat<0.05=0.0% mean=0.592 p10=0.568 p90=0.597
Iter 0014580: train nll 0.108, valid error 100.000%, best valid error 100.000%, avg grad norm   0.120, avg grad norm (post clip)   0.000, rho_Whh  1.11, Omega  0.00, alpha  0.000, steps in the past 0.000, valid nll 0.098
  [diag] log10|dL/dh_t| hist bins=60 range=(-7.10,-3.79) mean=-5.92 p50=-5.95 p05=-6.64 p95=-5.49
  [diag] sat-dist hist bins=60 sat<0.05=0.0% mean=0.607 p10=0.576 p90=0.614
Iter 0014600: train nll 0.141, valid error 100.000%, best valid error 100.000%, avg grad norm   0.185, avg grad norm (post clip)   0.000, rho_Whh  1.11, Omega  0.00, alpha  0.000, steps in the past 0.000, valid nll 0.099
  [diag] log10|dL/dh_t| hist bins=60 range=(-7.12,-3.78) mean=-5.95 p50=-5.99 p05=-6.65 p95=-5.49
  [diag] sat-dist hist bins=60 sat<0.05=0.0% mean=0.604 p10=0.574 p90=0.611
Iter 0014620: train nll 0.122, valid error 100.000%, best valid error 100.000%, avg grad norm   0.095, avg grad norm (post clip)   0.000, rho_Whh  1.11, Omega  0.00, alpha  0.000, steps in the past 0.000, valid nll 0.098
  [diag] log10|dL/dh_t| hist bins=60 range=(-7.14,-3.76) mean=-6.01 p50=-6.05 p05=-6.68 p95=-5.49
  [diag] sat-dist hist bins=60 sat<0.05=0.0% mean=0.599 p10=0.571 p90=0.605
Iter 0014640: train nll 0.122, valid error 100.000%, best valid error 100.000%, avg grad norm   0.108, avg grad norm (post clip)   0.000, rho_Whh  1.11, Omega  0.00, alpha  0.000, steps in the past 0.000, valid nll 0.098
  [diag] log10|dL/dh_t| hist bins=60 range=(-7.13,-3.77) mean=-5.97 p50=-6.01 p05=-6.67 p95=-5.49
  [diag] sat-dist hist bins=60 sat<0.05=0.0% mean=0.602 p10=0.572 p90=0.608
Iter 0014660: train nll 0.128, valid error 100.000%, best valid error 100.000%, avg grad norm   0.118, avg grad norm (post clip)   0.000, rho_Whh  1.11, Omega  0.00, alpha  0.000, steps in the past 0.000, valid nll 0.098
  [diag] log10|dL/dh_t| hist bins=60 range=(-7.17,-3.74) mean=-6.06 p50=-6.11 p05=-6.70 p95=-5.49
  [diag] sat-dist hist bins=60 sat<0.05=0.0% mean=0.593 p10=0.568 p90=0.598
Iter 0014680: train nll 0.114, valid error 100.000%, best valid error 100.000%, avg grad norm   0.115, avg grad norm (post clip)   0.000, rho_Whh  1.11, Omega  0.00, alpha  0.000, steps in the past 0.000, valid nll 0.098
  [diag] log10|dL/dh_t| hist bins=60 range=(-7.13,-3.79) mean=-5.92 p50=-5.95 p05=-6.66 p95=-5.49
  [diag] sat-dist hist bins=60 sat<0.05=0.0% mean=0.607 p10=0.574 p90=0.614
Iter 0014700: train nll 0.145, valid error 100.000%, best valid error 100.000%, avg grad norm   0.131, avg grad norm (post clip)   0.000, rho_Whh  1.11, Omega  0.00, alpha  0.000, steps in the past 0.000, valid nll 0.098
  [diag] log10|dL/dh_t| hist bins=60 range=(-7.16,-3.76) mean=-6.01 p50=-6.05 p05=-6.69 p95=-5.49
  [diag] sat-dist hist bins=60 sat<0.05=0.0% mean=0.598 p10=0.570 p90=0.604
Iter 0014720: train nll 0.118, valid error 100.000%, best valid error 100.000%, avg grad norm   0.120, avg grad norm (post clip)   0.000, rho_Whh  1.11, Omega  0.00, alpha  0.000, steps in the past 0.000, valid nll 0.098
  [diag] log10|dL/dh_t| hist bins=60 range=(-7.14,-3.78) mean=-5.96 p50=-5.99 p05=-6.67 p95=-5.50
  [diag] sat-dist hist bins=60 sat<0.05=0.0% mean=0.603 p10=0.572 p90=0.610
Iter 0014740: train nll 0.120, valid error 100.000%, best valid error 100.000%, avg grad norm   0.141, avg grad norm (post clip)   0.000, rho_Whh  1.11, Omega  0.00, alpha  0.000, steps in the past 0.000, valid nll 0.098
  [diag] log10|dL/dh_t| hist bins=60 range=(-7.17,-3.75) mean=-6.05 p50=-6.09 p05=-6.71 p95=-5.50
  [diag] sat-dist hist bins=60 sat<0.05=0.0% mean=0.595 p10=0.568 p90=0.600
Iter 0014760: train nll 0.122, valid error 100.000%, best valid error 100.000%, avg grad norm   0.154, avg grad norm (post clip)   0.000, rho_Whh  1.11, Omega  0.00, alpha  0.000, steps in the past 0.000, valid nll 0.098
  [diag] log10|dL/dh_t| hist bins=60 range=(-7.15,-3.77) mean=-6.00 p50=-6.04 p05=-6.69 p95=-5.50
  [diag] sat-dist hist bins=60 sat<0.05=0.0% mean=0.599 p10=0.570 p90=0.605
Iter 0014780: train nll 0.121, valid error 100.000%, best valid error 100.000%, avg grad norm   0.145, avg grad norm (post clip)   0.000, rho_Whh  1.11, Omega  0.00, alpha  0.000, steps in the past 0.000, valid nll 0.098
  [diag] log10|dL/dh_t| hist bins=60 range=(-7.14,-3.78) mean=-5.96 p50=-5.99 p05=-6.67 p95=-5.50
  [diag] sat-dist hist bins=60 sat<0.05=0.0% mean=0.603 p10=0.572 p90=0.610
Iter 0014800: train nll 0.131, valid error 100.000%, best valid error 100.000%, avg grad norm   0.148, avg grad norm (post clip)   0.000, rho_Whh  1.11, Omega  0.00, alpha  0.000, steps in the past 0.000, valid nll 0.098
  [diag] log10|dL/dh_t| hist bins=60 range=(-7.16,-3.76) mean=-6.02 p50=-6.06 p05=-6.70 p95=-5.50
  [diag] sat-dist hist bins=60 sat<0.05=0.0% mean=0.597 p10=0.569 p90=0.603
Iter 0014820: train nll 0.109, valid error 100.000%, best valid error 100.000%, avg grad norm   0.108, avg grad norm (post clip)   0.000, rho_Whh  1.11, Omega  0.00, alpha  0.000, steps in the past 0.000, valid nll 0.098
  [diag] log10|dL/dh_t| hist bins=60 range=(-7.17,-3.76) mean=-6.04 p50=-6.09 p05=-6.71 p95=-5.50
  [diag] sat-dist hist bins=60 sat<0.05=0.0% mean=0.595 p10=0.568 p90=0.601
Iter 0014840: train nll 0.135, valid error 100.000%, best valid error 100.000%, avg grad norm   0.187, avg grad norm (post clip)   0.000, rho_Whh  1.11, Omega  0.00, alpha  0.000, steps in the past 0.000, valid nll 0.098
  [diag] log10|dL/dh_t| hist bins=60 range=(-7.14,-3.79) mean=-5.92 p50=-5.95 p05=-6.66 p95=-5.50
  [diag] sat-dist hist bins=60 sat<0.05=0.0% mean=0.607 p10=0.573 p90=0.615
Iter 0014860: train nll 0.116, valid error 100.000%, best valid error 100.000%, avg grad norm   0.096, avg grad norm (post clip)   0.000, rho_Whh  1.11, Omega  0.00, alpha  0.000, steps in the past 0.000, valid nll 0.098
  [diag] log10|dL/dh_t| hist bins=60 range=(-7.09,-3.82) mean=-5.76 p50=-5.75 p05=-6.61 p95=-5.50
  [diag] sat-dist hist bins=60 sat<0.05=0.0% mean=0.624 p10=0.581 p90=0.635
Iter 0014880: train nll 0.149, valid error 100.000%, best valid error 100.000%, avg grad norm   0.213, avg grad norm (post clip)   0.000, rho_Whh  1.11, Omega  0.00, alpha  0.000, steps in the past 0.000, valid nll 0.099
  [diag] log10|dL/dh_t| hist bins=60 range=(-7.19,-3.74) mean=-6.08 p50=-6.13 p05=-6.72 p95=-5.51
  [diag] sat-dist hist bins=60 sat<0.05=0.0% mean=0.592 p10=0.566 p90=0.597
Iter 0014900: train nll 0.127, valid error 100.000%, best valid error 100.000%, avg grad norm   0.099, avg grad norm (post clip)   0.000, rho_Whh  1.11, Omega  0.00, alpha  0.000, steps in the past 0.000, valid nll 0.098
  [diag] log10|dL/dh_t| hist bins=60 range=(-7.23,-3.70) mean=-6.19 p50=-6.25 p05=-6.77 p95=-5.51
  [diag] sat-dist hist bins=60 sat<0.05=0.0% mean=0.581 p10=0.565 p90=0.585
Iter 0014920: train nll 0.120, valid error 100.000%, best valid error 100.000%, avg grad norm   0.116, avg grad norm (post clip)   0.000, rho_Whh  1.11, Omega  0.00, alpha  0.000, steps in the past 0.000, valid nll 0.099
  [diag] log10|dL/dh_t| hist bins=60 range=(-7.17,-3.77) mean=-6.01 p50=-6.06 p05=-6.70 p95=-5.51
  [diag] sat-dist hist bins=60 sat<0.05=0.0% mean=0.598 p10=0.569 p90=0.604
Iter 0014940: train nll 0.121, valid error 100.000%, best valid error 100.000%, avg grad norm   0.118, avg grad norm (post clip)   0.000, rho_Whh  1.11, Omega  0.00, alpha  0.000, steps in the past 0.000, valid nll 0.098
  [diag] log10|dL/dh_t| hist bins=60 range=(-7.09,-3.82) mean=-5.75 p50=-5.74 p05=-6.61 p95=-5.51
  [diag] sat-dist hist bins=60 sat<0.05=0.0% mean=0.625 p10=0.581 p90=0.636
Iter 0014960: train nll 0.145, valid error 100.000%, best valid error 100.000%, avg grad norm   0.219, avg grad norm (post clip)   0.000, rho_Whh  1.11, Omega  0.00, alpha  0.000, steps in the past 0.000, valid nll 0.099
  [diag] log10|dL/dh_t| hist bins=60 range=(-7.14,-3.79) mean=-5.94 p50=-5.97 p05=-6.67 p95=-5.51
  [diag] sat-dist hist bins=60 sat<0.05=0.0% mean=0.606 p10=0.574 p90=0.613
Iter 0014980: train nll 0.129, valid error 100.000%, best valid error 100.000%, avg grad norm   0.134, avg grad norm (post clip)   0.000, rho_Whh  1.11, Omega  0.00, alpha  0.000, steps in the past 0.000, valid nll 0.098
  [diag] log10|dL/dh_t| hist bins=60 range=(-7.17,-3.76) mean=-6.04 p50=-6.09 p05=-6.71 p95=-5.51
  [diag] sat-dist hist bins=60 sat<0.05=0.0% mean=0.596 p10=0.569 p90=0.602
Iter 0015000: train nll 0.109, valid error 100.000%, best valid error 100.000%, avg grad norm   0.094, avg grad norm (post clip)   0.000, rho_Whh  1.11, Omega  0.00, alpha  0.000, steps in the past 0.000, valid nll 0.098
  [diag] log10|dL/dh_t| hist bins=60 range=(-7.16,-3.78) mean=-5.99 p50=-6.03 p05=-6.69 p95=-5.51
  [diag] sat-dist hist bins=60 sat<0.05=0.0% mean=0.601 p10=0.571 p90=0.608
Iter 0015020: train nll 0.125, valid error 100.000%, best valid error 100.000%, avg grad norm   0.114, avg grad norm (post clip)   0.000, rho_Whh  1.11, Omega  0.00, alpha  0.000, steps in the past 0.000, valid nll 0.098
  [diag] log10|dL/dh_t| hist bins=60 range=(-7.11,-3.81) mean=-5.83 p50=-5.83 p05=-6.64 p95=-5.51
  [diag] sat-dist hist bins=60 sat<0.05=0.0% mean=0.617 p10=0.578 p90=0.627
Iter 0015040: train nll 0.116, valid error 100.000%, best valid error 100.000%, avg grad norm   0.085, avg grad norm (post clip)   0.000, rho_Whh  1.11, Omega  0.00, alpha  0.000, steps in the past 0.000, valid nll 0.099
  [diag] log10|dL/dh_t| hist bins=60 range=(-7.14,-3.80) mean=-5.91 p50=-5.93 p05=-6.66 p95=-5.52
  [diag] sat-dist hist bins=60 sat<0.05=0.0% mean=0.609 p10=0.575 p90=0.617
Iter 0015060: train nll 0.129, valid error 100.000%, best valid error 100.000%, avg grad norm   0.124, avg grad norm (post clip)   0.000, rho_Whh  1.11, Omega  0.00, alpha  0.000, steps in the past 0.000, valid nll 0.098
  [diag] log10|dL/dh_t| hist bins=60 range=(-7.25,-3.68) mean=-6.22 p50=-6.29 p05=-6.79 p95=-5.52
  [diag] sat-dist hist bins=60 sat<0.05=0.0% mean=0.578 p10=0.564 p90=0.581
Iter 0015080: train nll 0.105, valid error 100.000%, best valid error 100.000%, avg grad norm   0.104, avg grad norm (post clip)   0.000, rho_Whh  1.11, Omega  0.00, alpha  0.000, steps in the past 0.000, valid nll 0.099
  [diag] log10|dL/dh_t| hist bins=60 range=(-7.19,-3.75) mean=-6.08 p50=-6.13 p05=-6.73 p95=-5.52
  [diag] sat-dist hist bins=60 sat<0.05=0.0% mean=0.592 p10=0.566 p90=0.598
Iter 0015100: train nll 0.125, valid error 100.000%, best valid error 100.000%, avg grad norm   0.114, avg grad norm (post clip)   0.000, rho_Whh  1.11, Omega  0.00, alpha  0.000, steps in the past 0.000, valid nll 0.098
  [diag] log10|dL/dh_t| hist bins=60 range=(-7.17,-3.78) mean=-5.99 p50=-6.03 p05=-6.70 p95=-5.52
  [diag] sat-dist hist bins=60 sat<0.05=0.0% mean=0.601 p10=0.570 p90=0.608
Iter 0015120: train nll 0.136, valid error 100.000%, best valid error 100.000%, avg grad norm   0.129, avg grad norm (post clip)   0.000, rho_Whh  1.11, Omega  0.00, alpha  0.000, steps in the past 0.000, valid nll 0.098
  [diag] log10|dL/dh_t| hist bins=60 range=(-7.18,-3.77) mean=-6.04 p50=-6.08 p05=-6.72 p95=-5.52
  [diag] sat-dist hist bins=60 sat<0.05=0.0% mean=0.596 p10=0.568 p90=0.602
Iter 0015140: train nll 0.132, valid error 100.000%, best valid error 100.000%, avg grad norm   0.161, avg grad norm (post clip)   0.000, rho_Whh  1.11, Omega  0.00, alpha  0.000, steps in the past 0.000, valid nll 0.098
  [diag] log10|dL/dh_t| hist bins=60 range=(-7.19,-3.76) mean=-6.06 p50=-6.10 p05=-6.72 p95=-5.52
  [diag] sat-dist hist bins=60 sat<0.05=0.0% mean=0.595 p10=0.567 p90=0.600
Iter 0015160: train nll 0.126, valid error 100.000%, best valid error 100.000%, avg grad norm   0.131, avg grad norm (post clip)   0.000, rho_Whh  1.11, Omega  0.00, alpha  0.000, steps in the past 0.000, valid nll 0.098
  [diag] log10|dL/dh_t| hist bins=60 range=(-7.13,-3.82) mean=-5.82 p50=-5.82 p05=-6.65 p95=-5.52
  [diag] sat-dist hist bins=60 sat<0.05=0.0% mean=0.618 p10=0.577 p90=0.628
Iter 0015180: train nll 0.140, valid error 100.000%, best valid error 100.000%, avg grad norm   0.136, avg grad norm (post clip)   0.000, rho_Whh  1.11, Omega  0.00, alpha  0.000, steps in the past 0.000, valid nll 0.099
  [diag] log10|dL/dh_t| hist bins=60 range=(-7.25,-3.69) mean=-6.22 p50=-6.29 p05=-6.79 p95=-5.53
  [diag] sat-dist hist bins=60 sat<0.05=0.0% mean=0.579 p10=0.563 p90=0.581
Iter 0015200: train nll 0.136, valid error 100.000%, best valid error 100.000%, avg grad norm   0.233, avg grad norm (post clip)   0.000, rho_Whh  1.11, Omega  0.00, alpha  0.000, steps in the past 0.000, valid nll 0.098
  [diag] log10|dL/dh_t| hist bins=60 range=(-7.19,-3.76) mean=-6.06 p50=-6.10 p05=-6.72 p95=-5.53
  [diag] sat-dist hist bins=60 sat<0.05=0.0% mean=0.595 p10=0.568 p90=0.600
Iter 0015220: train nll 0.124, valid error 100.000%, best valid error 100.000%, avg grad norm   0.109, avg grad norm (post clip)   0.000, rho_Whh  1.11, Omega  0.00, alpha  0.000, steps in the past 0.000, valid nll 0.098
  [diag] log10|dL/dh_t| hist bins=60 range=(-7.20,-3.75) mean=-6.10 p50=-6.15 p05=-6.74 p95=-5.53
  [diag] sat-dist hist bins=60 sat<0.05=0.0% mean=0.591 p10=0.566 p90=0.596
Iter 0015240: train nll 0.119, valid error 100.000%, best valid error 100.000%, avg grad norm   0.126, avg grad norm (post clip)   0.000, rho_Whh  1.11, Omega  0.00, alpha  0.000, steps in the past 0.000, valid nll 0.098
  [diag] log10|dL/dh_t| hist bins=60 range=(-7.19,-3.77) mean=-6.05 p50=-6.10 p05=-6.72 p95=-5.53
  [diag] sat-dist hist bins=60 sat<0.05=0.0% mean=0.595 p10=0.568 p90=0.601
Iter 0015260: train nll 0.121, valid error 100.000%, best valid error 100.000%, avg grad norm   0.097, avg grad norm (post clip)   0.000, rho_Whh  1.11, Omega  0.00, alpha  0.000, steps in the past 0.000, valid nll 0.098
  [diag] log10|dL/dh_t| hist bins=60 range=(-7.22,-3.74) mean=-6.12 p50=-6.18 p05=-6.75 p95=-5.53
  [diag] sat-dist hist bins=60 sat<0.05=0.0% mean=0.588 p10=0.564 p90=0.593
Iter 0015280: train nll 0.121, valid error 100.000%, best valid error 100.000%, avg grad norm   0.129, avg grad norm (post clip)   0.000, rho_Whh  1.11, Omega  0.00, alpha  0.000, steps in the past 0.000, valid nll 0.098
  [diag] log10|dL/dh_t| hist bins=60 range=(-7.12,-3.82) mean=-5.81 p50=-5.81 p05=-6.64 p95=-5.53
  [diag] sat-dist hist bins=60 sat<0.05=0.0% mean=0.620 p10=0.579 p90=0.630
Iter 0015300: train nll 0.122, valid error 100.000%, best valid error 100.000%, avg grad norm   0.134, avg grad norm (post clip)   0.000, rho_Whh  1.11, Omega  0.00, alpha  0.000, steps in the past 0.000, valid nll 0.099
  [diag] log10|dL/dh_t| hist bins=60 range=(-7.19,-3.77) mean=-6.05 p50=-6.09 p05=-6.73 p95=-5.53
  [diag] sat-dist hist bins=60 sat<0.05=0.0% mean=0.596 p10=0.568 p90=0.601
Iter 0015320: train nll 0.136, valid error 100.000%, best valid error 100.000%, avg grad norm   0.129, avg grad norm (post clip)   0.000, rho_Whh  1.11, Omega  0.00, alpha  0.000, steps in the past 0.000, valid nll 0.098
  [diag] log10|dL/dh_t| hist bins=60 range=(-7.17,-3.80) mean=-5.95 p50=-5.97 p05=-6.69 p95=-5.53
  [diag] sat-dist hist bins=60 sat<0.05=0.0% mean=0.606 p10=0.572 p90=0.613
Iter 0015340: train nll 0.120, valid error 100.000%, best valid error 100.000%, avg grad norm   0.088, avg grad norm (post clip)   0.000, rho_Whh  1.11, Omega  0.00, alpha  0.000, steps in the past 0.000, valid nll 0.098
  [diag] log10|dL/dh_t| hist bins=60 range=(-7.17,-3.79) mean=-5.96 p50=-5.99 p05=-6.70 p95=-5.54
  [diag] sat-dist hist bins=60 sat<0.05=0.0% mean=0.604 p10=0.571 p90=0.611
Iter 0015360: train nll 0.142, valid error 100.000%, best valid error 100.000%, avg grad norm   0.162, avg grad norm (post clip)   0.000, rho_Whh  1.11, Omega  0.00, alpha  0.000, steps in the past 0.000, valid nll 0.098
  [diag] log10|dL/dh_t| hist bins=60 range=(-7.13,-3.82) mean=-5.78 p50=-5.78 p05=-6.65 p95=-5.53
  [diag] sat-dist hist bins=60 sat<0.05=0.0% mean=0.622 p10=0.578 p90=0.633
Iter 0015380: train nll 0.127, valid error 100.000%, best valid error 100.000%, avg grad norm   0.106, avg grad norm (post clip)   0.000, rho_Whh  1.11, Omega  0.00, alpha  0.000, steps in the past 0.000, valid nll 0.099
  [diag] log10|dL/dh_t| hist bins=60 range=(-7.19,-3.79) mean=-6.00 p50=-6.04 p05=-6.71 p95=-5.54
  [diag] sat-dist hist bins=60 sat<0.05=0.0% mean=0.600 p10=0.570 p90=0.607
Iter 0015400: train nll 0.119, valid error 100.000%, best valid error 100.000%, avg grad norm   0.149, avg grad norm (post clip)   0.000, rho_Whh  1.11, Omega  0.00, alpha  0.000, steps in the past 0.000, valid nll 0.098
  [diag] log10|dL/dh_t| hist bins=60 range=(-7.21,-3.76) mean=-6.08 p50=-6.13 p05=-6.74 p95=-5.54
  [diag] sat-dist hist bins=60 sat<0.05=0.0% mean=0.592 p10=0.566 p90=0.598
Iter 0015420: train nll 0.121, valid error 100.000%, best valid error 100.000%, avg grad norm   0.152, avg grad norm (post clip)   0.000, rho_Whh  1.11, Omega  0.00, alpha  0.000, steps in the past 0.000, valid nll 0.098
  [diag] log10|dL/dh_t| hist bins=60 range=(-7.22,-3.76) mean=-6.10 p50=-6.15 p05=-6.75 p95=-5.54
  [diag] sat-dist hist bins=60 sat<0.05=0.0% mean=0.591 p10=0.565 p90=0.596
Iter 0015440: train nll 0.106, valid error 100.000%, best valid error 100.000%, avg grad norm   0.093, avg grad norm (post clip)   0.000, rho_Whh  1.11, Omega  0.00, alpha  0.000, steps in the past 0.000, valid nll 0.098
  [diag] log10|dL/dh_t| hist bins=60 range=(-7.19,-3.78) mean=-6.02 p50=-6.06 p05=-6.72 p95=-5.54
  [diag] sat-dist hist bins=60 sat<0.05=0.0% mean=0.598 p10=0.569 p90=0.605
Iter 0015460: train nll 0.129, valid error 100.000%, best valid error 100.000%, avg grad norm   0.144, avg grad norm (post clip)   0.000, rho_Whh  1.11, Omega  0.00, alpha  0.000, steps in the past 0.000, valid nll 0.098
  [diag] log10|dL/dh_t| hist bins=60 range=(-7.22,-3.76) mean=-6.10 p50=-6.15 p05=-6.75 p95=-5.54
  [diag] sat-dist hist bins=60 sat<0.05=0.0% mean=0.591 p10=0.565 p90=0.596
Iter 0015480: train nll 0.117, valid error 100.000%, best valid error 100.000%, avg grad norm   0.106, avg grad norm (post clip)   0.000, rho_Whh  1.11, Omega  0.00, alpha  0.000, steps in the past 0.000, valid nll 0.098
  [diag] log10|dL/dh_t| hist bins=60 range=(-7.18,-3.80) mean=-5.97 p50=-6.00 p05=-6.71 p95=-5.54
  [diag] sat-dist hist bins=60 sat<0.05=0.0% mean=0.604 p10=0.571 p90=0.611
Iter 0015500: train nll 0.128, valid error 100.000%, best valid error 100.000%, avg grad norm   0.112, avg grad norm (post clip)   0.000, rho_Whh  1.11, Omega  0.00, alpha  0.000, steps in the past 0.000, valid nll 0.098
  [diag] log10|dL/dh_t| hist bins=60 range=(-7.19,-3.79) mean=-5.99 p50=-6.02 p05=-6.71 p95=-5.55
  [diag] sat-dist hist bins=60 sat<0.05=0.0% mean=0.602 p10=0.570 p90=0.609
Iter 0015520: train nll 0.121, valid error 100.000%, best valid error 100.000%, avg grad norm   0.149, avg grad norm (post clip)   0.000, rho_Whh  1.11, Omega  0.00, alpha  0.000, steps in the past 0.000, valid nll 0.098
  [diag] log10|dL/dh_t| hist bins=60 range=(-7.30,-3.66) mean=-6.30 p50=-6.38 p05=-6.85 p95=-5.55
  [diag] sat-dist hist bins=60 sat<0.05=0.0% mean=0.571 p10=0.561 p90=0.573
Iter 0015540: train nll 0.129, valid error 100.000%, best valid error 100.000%, avg grad norm   0.130, avg grad norm (post clip)   0.000, rho_Whh  1.11, Omega  0.00, alpha  0.000, steps in the past 0.000, valid nll 0.099
  [diag] log10|dL/dh_t| hist bins=60 range=(-7.21,-3.77) mean=-6.06 p50=-6.10 p05=-6.74 p95=-5.55
  [diag] sat-dist hist bins=60 sat<0.05=0.0% mean=0.595 p10=0.567 p90=0.601
Iter 0015560: train nll 0.123, valid error 100.000%, best valid error 100.000%, avg grad norm   0.097, avg grad norm (post clip)   0.000, rho_Whh  1.11, Omega  0.00, alpha  0.000, steps in the past 0.000, valid nll 0.098
  [diag] log10|dL/dh_t| hist bins=60 range=(-7.21,-3.77) mean=-6.06 p50=-6.11 p05=-6.74 p95=-5.55
  [diag] sat-dist hist bins=60 sat<0.05=0.0% mean=0.595 p10=0.567 p90=0.600
Iter 0015580: train nll 0.123, valid error 100.000%, best valid error 100.000%, avg grad norm   0.114, avg grad norm (post clip)   0.000, rho_Whh  1.11, Omega  0.00, alpha  0.000, steps in the past 0.000, valid nll 0.098
  [diag] log10|dL/dh_t| hist bins=60 range=(-7.22,-3.77) mean=-6.08 p50=-6.13 p05=-6.75 p95=-5.55
  [diag] sat-dist hist bins=60 sat<0.05=0.0% mean=0.593 p10=0.565 p90=0.598
Iter 0015600: train nll 0.111, valid error 100.000%, best valid error 100.000%, avg grad norm   0.088, avg grad norm (post clip)   0.000, rho_Whh  1.11, Omega  0.00, alpha  0.000, steps in the past 0.000, valid nll 0.098
  [diag] log10|dL/dh_t| hist bins=60 range=(-7.20,-3.79) mean=-6.02 p50=-6.05 p05=-6.73 p95=-5.55
  [diag] sat-dist hist bins=60 sat<0.05=0.0% mean=0.599 p10=0.568 p90=0.606
Iter 0015620: train nll 0.113, valid error 100.000%, best valid error 100.000%, avg grad norm   0.097, avg grad norm (post clip)   0.000, rho_Whh  1.11, Omega  0.00, alpha  0.000, steps in the past 0.000, valid nll 0.098
  [diag] log10|dL/dh_t| hist bins=60 range=(-7.23,-3.76) mean=-6.10 p50=-6.15 p05=-6.76 p95=-5.55
  [diag] sat-dist hist bins=60 sat<0.05=0.0% mean=0.591 p10=0.564 p90=0.596
Iter 0015640: train nll 0.114, valid error 100.000%, best valid error 100.000%, avg grad norm   0.094, avg grad norm (post clip)   0.000, rho_Whh  1.11, Omega  0.00, alpha  0.000, steps in the past 0.000, valid nll 0.098
  [diag] log10|dL/dh_t| hist bins=60 range=(-7.24,-3.76) mean=-6.11 p50=-6.16 p05=-6.77 p95=-5.56
  [diag] sat-dist hist bins=60 sat<0.05=0.0% mean=0.590 p10=0.564 p90=0.596
Iter 0015660: train nll 0.125, valid error 100.000%, best valid error 100.000%, avg grad norm   0.092, avg grad norm (post clip)   0.000, rho_Whh  1.11, Omega  0.00, alpha  0.000, steps in the past 0.000, valid nll 0.098
  [diag] log10|dL/dh_t| hist bins=60 range=(-7.21,-3.79) mean=-6.02 p50=-6.05 p05=-6.74 p95=-5.56
  [diag] sat-dist hist bins=60 sat<0.05=0.0% mean=0.599 p10=0.568 p90=0.606
Iter 0015680: train nll 0.121, valid error 100.000%, best valid error 100.000%, avg grad norm   0.097, avg grad norm (post clip)   0.000, rho_Whh  1.11, Omega  0.00, alpha  0.000, steps in the past 0.000, valid nll 0.098
  [diag] log10|dL/dh_t| hist bins=60 range=(-7.21,-3.79) mean=-6.00 p50=-6.03 p05=-6.74 p95=-5.56
  [diag] sat-dist hist bins=60 sat<0.05=0.0% mean=0.601 p10=0.568 p90=0.608
Iter 0015700: train nll 0.120, valid error 100.000%, best valid error 100.000%, avg grad norm   0.123, avg grad norm (post clip)   0.000, rho_Whh  1.11, Omega  0.00, alpha  0.000, steps in the past 0.000, valid nll 0.098
  [diag] log10|dL/dh_t| hist bins=60 range=(-7.23,-3.78) mean=-6.05 p50=-6.09 p05=-6.76 p95=-5.56
  [diag] sat-dist hist bins=60 sat<0.05=0.0% mean=0.596 p10=0.566 p90=0.602
Iter 0015720: train nll 0.118, valid error 100.000%, best valid error 100.000%, avg grad norm   0.120, avg grad norm (post clip)   0.000, rho_Whh  1.11, Omega  0.00, alpha  0.000, steps in the past 0.000, valid nll 0.098
  [diag] log10|dL/dh_t| hist bins=60 range=(-7.24,-3.78) mean=-6.06 p50=-6.10 p05=-6.76 p95=-5.56
  [diag] sat-dist hist bins=60 sat<0.05=0.0% mean=0.595 p10=0.565 p90=0.601
Iter 0015740: train nll 0.127, valid error 100.000%, best valid error 100.000%, avg grad norm   0.113, avg grad norm (post clip)   0.000, rho_Whh  1.11, Omega  0.00, alpha  0.000, steps in the past 0.000, valid nll 0.098
  [diag] log10|dL/dh_t| hist bins=60 range=(-7.24,-3.78) mean=-6.07 p50=-6.11 p05=-6.76 p95=-5.56
  [diag] sat-dist hist bins=60 sat<0.05=0.0% mean=0.595 p10=0.565 p90=0.601
Iter 0015760: train nll 0.133, valid error 100.000%, best valid error 100.000%, avg grad norm   0.138, avg grad norm (post clip)   0.000, rho_Whh  1.11, Omega  0.00, alpha  0.000, steps in the past 0.000, valid nll 0.098
  [diag] log10|dL/dh_t| hist bins=60 range=(-7.25,-3.77) mean=-6.09 p50=-6.14 p05=-6.78 p95=-5.56
  [diag] sat-dist hist bins=60 sat<0.05=0.0% mean=0.592 p10=0.564 p90=0.598
Iter 0015780: train nll 0.125, valid error 100.000%, best valid error 100.000%, avg grad norm   0.146, avg grad norm (post clip)   0.000, rho_Whh  1.11, Omega  0.00, alpha  0.000, steps in the past 0.000, valid nll 0.098
  [diag] log10|dL/dh_t| hist bins=60 range=(-7.25,-3.77) mean=-6.09 p50=-6.14 p05=-6.77 p95=-5.56
  [diag] sat-dist hist bins=60 sat<0.05=0.0% mean=0.592 p10=0.564 p90=0.598
Iter 0015800: train nll 0.145, valid error 100.000%, best valid error 100.000%, avg grad norm   0.167, avg grad norm (post clip)   0.000, rho_Whh  1.11, Omega  0.00, alpha  0.000, steps in the past 0.000, valid nll 0.098
  [diag] log10|dL/dh_t| hist bins=60 range=(-7.25,-3.77) mean=-6.09 p50=-6.14 p05=-6.78 p95=-5.56
  [diag] sat-dist hist bins=60 sat<0.05=0.0% mean=0.592 p10=0.564 p90=0.598
Iter 0015820: train nll 0.129, valid error 100.000%, best valid error 100.000%, avg grad norm   0.110, avg grad norm (post clip)   0.000, rho_Whh  1.11, Omega  0.00, alpha  0.000, steps in the past 0.000, valid nll 0.098
  [diag] log10|dL/dh_t| hist bins=60 range=(-7.19,-3.81) mean=-5.90 p50=-5.92 p05=-6.71 p95=-5.56
  [diag] sat-dist hist bins=60 sat<0.05=0.0% mean=0.611 p10=0.572 p90=0.620
Iter 0015840: train nll 0.126, valid error 100.000%, best valid error 100.000%, avg grad norm   0.170, avg grad norm (post clip)   0.000, rho_Whh  1.11, Omega  0.00, alpha  0.000, steps in the past 0.000, valid nll 0.098
  [diag] log10|dL/dh_t| hist bins=60 range=(-7.22,-3.80) mean=-6.00 p50=-6.03 p05=-6.74 p95=-5.57
  [diag] sat-dist hist bins=60 sat<0.05=0.0% mean=0.601 p10=0.568 p90=0.608
Iter 0015860: train nll 0.115, valid error 100.000%, best valid error 100.000%, avg grad norm   0.112, avg grad norm (post clip)   0.000, rho_Whh  1.11, Omega  0.00, alpha  0.000, steps in the past 0.000, valid nll 0.098
  [diag] log10|dL/dh_t| hist bins=60 range=(-7.18,-3.82) mean=-5.84 p50=-5.84 p05=-6.69 p95=-5.57
  [diag] sat-dist hist bins=60 sat<0.05=0.0% mean=0.617 p10=0.574 p90=0.628
Iter 0015880: train nll 0.125, valid error 100.000%, best valid error 100.000%, avg grad norm   0.129, avg grad norm (post clip)   0.000, rho_Whh  1.11, Omega  0.00, alpha  0.000, steps in the past 0.000, valid nll 0.098
  [diag] log10|dL/dh_t| hist bins=60 range=(-7.26,-3.77) mean=-6.10 p50=-6.15 p05=-6.78 p95=-5.57
  [diag] sat-dist hist bins=60 sat<0.05=0.0% mean=0.591 p10=0.563 p90=0.597
Iter 0015900: train nll 0.121, valid error 100.000%, best valid error 100.000%, avg grad norm   0.108, avg grad norm (post clip)   0.000, rho_Whh  1.11, Omega  0.00, alpha  0.000, steps in the past 0.000, valid nll 0.098
  [diag] log10|dL/dh_t| hist bins=60 range=(-7.26,-3.77) mean=-6.09 p50=-6.13 p05=-6.78 p95=-5.57
  [diag] sat-dist hist bins=60 sat<0.05=0.0% mean=0.593 p10=0.564 p90=0.599
Iter 0015920: train nll 0.117, valid error 100.000%, best valid error 100.000%, avg grad norm   0.086, avg grad norm (post clip)   0.000, rho_Whh  1.11, Omega  0.00, alpha  0.000, steps in the past 0.000, valid nll 0.098
  [diag] log10|dL/dh_t| hist bins=60 range=(-7.32,-3.70) mean=-6.26 p50=-6.33 p05=-6.86 p95=-5.57
  [diag] sat-dist hist bins=60 sat<0.05=0.0% mean=0.576 p10=0.560 p90=0.579
Iter 0015940: train nll 0.123, valid error 100.000%, best valid error 100.000%, avg grad norm   0.116, avg grad norm (post clip)   0.000, rho_Whh  1.11, Omega  0.00, alpha  0.000, steps in the past 0.000, valid nll 0.098
  [diag] log10|dL/dh_t| hist bins=60 range=(-7.26,-3.78) mean=-6.09 p50=-6.13 p05=-6.78 p95=-5.57
  [diag] sat-dist hist bins=60 sat<0.05=0.0% mean=0.593 p10=0.564 p90=0.599
Iter 0015960: train nll 0.106, valid error 100.000%, best valid error 100.000%, avg grad norm   0.100, avg grad norm (post clip)   0.000, rho_Whh  1.11, Omega  0.00, alpha  0.000, steps in the past 0.000, valid nll 0.098
  [diag] log10|dL/dh_t| hist bins=60 range=(-7.26,-3.77) mean=-6.10 p50=-6.15 p05=-6.79 p95=-5.57
  [diag] sat-dist hist bins=60 sat<0.05=0.0% mean=0.591 p10=0.563 p90=0.597
Iter 0015980: train nll 0.125, valid error 100.000%, best valid error 100.000%, avg grad norm   0.123, avg grad norm (post clip)   0.000, rho_Whh  1.11, Omega  0.00, alpha  0.000, steps in the past 0.000, valid nll 0.098
  [diag] log10|dL/dh_t| hist bins=60 range=(-7.26,-3.78) mean=-6.09 p50=-6.13 p05=-6.78 p95=-5.58
  [diag] sat-dist hist bins=60 sat<0.05=0.0% mean=0.593 p10=0.564 p90=0.599
Iter 0016000: train nll 0.139, valid error 100.000%, best valid error 100.000%, avg grad norm   0.178, avg grad norm (post clip)   0.000, rho_Whh  1.11, Omega  0.00, alpha  0.000, steps in the past 0.000, valid nll 0.098
  [diag] log10|dL/dh_t| hist bins=60 range=(-7.20,-3.82) mean=-5.84 p50=-5.84 p05=-6.71 p95=-5.57
  [diag] sat-dist hist bins=60 sat<0.05=0.0% mean=0.617 p10=0.573 p90=0.628
Iter 0016020: train nll 0.136, valid error 100.000%, best valid error 100.000%, avg grad norm   0.092, avg grad norm (post clip)   0.000, rho_Whh  1.11, Omega  0.00, alpha  0.000, steps in the past 0.000, valid nll 0.098
  [diag] log10|dL/dh_t| hist bins=60 range=(-7.27,-3.77) mean=-6.11 p50=-6.16 p05=-6.80 p95=-5.58
  [diag] sat-dist hist bins=60 sat<0.05=0.0% mean=0.590 p10=0.562 p90=0.596
Iter 0016040: train nll 0.113, valid error 100.000%, best valid error 100.000%, avg grad norm   0.115, avg grad norm (post clip)   0.000, rho_Whh  1.11, Omega  0.00, alpha  0.000, steps in the past 0.000, valid nll 0.098
  [diag] log10|dL/dh_t| hist bins=60 range=(-7.28,-3.77) mean=-6.12 p50=-6.17 p05=-6.80 p95=-5.58
  [diag] sat-dist hist bins=60 sat<0.05=0.0% mean=0.589 p10=0.562 p90=0.595
Iter 0016060: train nll 0.108, valid error 100.000%, best valid error 100.000%, avg grad norm   0.107, avg grad norm (post clip)   0.000, rho_Whh  1.11, Omega  0.00, alpha  0.000, steps in the past 0.000, valid nll 0.098
  [diag] log10|dL/dh_t| hist bins=60 range=(-7.23,-3.80) mean=-6.00 p50=-6.03 p05=-6.75 p95=-5.58
  [diag] sat-dist hist bins=60 sat<0.05=0.0% mean=0.601 p10=0.568 p90=0.609
Iter 0016080: train nll 0.137, valid error 100.000%, best valid error 100.000%, avg grad norm   0.193, avg grad norm (post clip)   0.000, rho_Whh  1.11, Omega  0.00, alpha  0.000, steps in the past 0.000, valid nll 0.098
  [diag] log10|dL/dh_t| hist bins=60 range=(-7.20,-3.82) mean=-5.85 p50=-5.85 p05=-6.71 p95=-5.58
  [diag] sat-dist hist bins=60 sat<0.05=0.0% mean=0.617 p10=0.573 p90=0.627
Iter 0016100: train nll 0.128, valid error 100.000%, best valid error 100.000%, avg grad norm   0.117, avg grad norm (post clip)   0.000, rho_Whh  1.11, Omega  0.00, alpha  0.000, steps in the past 0.000, valid nll 0.098
  [diag] log10|dL/dh_t| hist bins=60 range=(-7.20,-3.82) mean=-5.83 p50=-5.83 p05=-6.71 p95=-5.58
  [diag] sat-dist hist bins=60 sat<0.05=0.0% mean=0.618 p10=0.573 p90=0.629
Iter 0016120: train nll 0.116, valid error 100.000%, best valid error 100.000%, avg grad norm   0.084, avg grad norm (post clip)   0.000, rho_Whh  1.11, Omega  0.00, alpha  0.000, steps in the past 0.000, valid nll 0.098
  [diag] log10|dL/dh_t| hist bins=60 range=(-7.23,-3.81) mean=-5.96 p50=-5.98 p05=-6.75 p95=-5.58
  [diag] sat-dist hist bins=60 sat<0.05=0.0% mean=0.605 p10=0.569 p90=0.614
Iter 0016140: train nll 0.123, valid error 100.000%, best valid error 100.000%, avg grad norm   0.115, avg grad norm (post clip)   0.000, rho_Whh  1.11, Omega  0.00, alpha  0.000, steps in the past 0.000, valid nll 0.098
  [diag] log10|dL/dh_t| hist bins=60 range=(-7.28,-3.76) mean=-6.15 p50=-6.21 p05=-6.81 p95=-5.59
  [diag] sat-dist hist bins=60 sat<0.05=0.0% mean=0.587 p10=0.561 p90=0.592
Iter 0016160: train nll 0.127, valid error 100.000%, best valid error 100.000%, avg grad norm   0.164, avg grad norm (post clip)   0.000, rho_Whh  1.11, Omega  0.00, alpha  0.000, steps in the past 0.000, valid nll 0.098
  [diag] log10|dL/dh_t| hist bins=60 range=(-7.24,-3.80) mean=-6.03 p50=-6.06 p05=-6.76 p95=-5.58
  [diag] sat-dist hist bins=60 sat<0.05=0.0% mean=0.599 p10=0.567 p90=0.606
Iter 0016180: train nll 0.132, valid error 100.000%, best valid error 100.000%, avg grad norm   0.130, avg grad norm (post clip)   0.000, rho_Whh  1.11, Omega  0.00, alpha  0.000, steps in the past 0.000, valid nll 0.098
  [diag] log10|dL/dh_t| hist bins=60 range=(-7.21,-3.81) mean=-5.92 p50=-5.94 p05=-6.73 p95=-5.58
  [diag] sat-dist hist bins=60 sat<0.05=0.0% mean=0.609 p10=0.571 p90=0.618
Iter 0016200: train nll 0.131, valid error 100.000%, best valid error 100.000%, avg grad norm   0.162, avg grad norm (post clip)   0.000, rho_Whh  1.11, Omega  0.00, alpha  0.000, steps in the past 0.000, valid nll 0.098
  [diag] log10|dL/dh_t| hist bins=60 range=(-7.24,-3.80) mean=-6.02 p50=-6.05 p05=-6.76 p95=-5.59
  [diag] sat-dist hist bins=60 sat<0.05=0.0% mean=0.600 p10=0.567 p90=0.607
Iter 0016220: train nll 0.125, valid error 100.000%, best valid error 100.000%, avg grad norm   0.112, avg grad norm (post clip)   0.000, rho_Whh  1.11, Omega  0.00, alpha  0.000, steps in the past 0.000, valid nll 0.098
  [diag] log10|dL/dh_t| hist bins=60 range=(-7.27,-3.77) mean=-6.12 p50=-6.17 p05=-6.80 p95=-5.59
  [diag] sat-dist hist bins=60 sat<0.05=0.0% mean=0.590 p10=0.563 p90=0.596
Iter 0016240: train nll 0.108, valid error 100.000%, best valid error 100.000%, avg grad norm   0.091, avg grad norm (post clip)   0.000, rho_Whh  1.11, Omega  0.00, alpha  0.000, steps in the past 0.000, valid nll 0.098
  [diag] log10|dL/dh_t| hist bins=60 range=(-7.28,-3.78) mean=-6.11 p50=-6.16 p05=-6.80 p95=-5.59
  [diag] sat-dist hist bins=60 sat<0.05=0.0% mean=0.591 p10=0.563 p90=0.597
Iter 0016260: train nll 0.155, valid error 100.000%, best valid error 100.000%, avg grad norm   0.122, avg grad norm (post clip)   0.000, rho_Whh  1.11, Omega  0.00, alpha  0.000, steps in the past 0.000, valid nll 0.098
  [diag] log10|dL/dh_t| hist bins=60 range=(-7.27,-3.78) mean=-6.09 p50=-6.14 p05=-6.79 p95=-5.59
  [diag] sat-dist hist bins=60 sat<0.05=0.0% mean=0.593 p10=0.563 p90=0.599
Iter 0016280: train nll 0.116, valid error 100.000%, best valid error 100.000%, avg grad norm   0.116, avg grad norm (post clip)   0.000, rho_Whh  1.11, Omega  0.00, alpha  0.000, steps in the past 0.000, valid nll 0.098
  [diag] log10|dL/dh_t| hist bins=60 range=(-7.36,-3.68) mean=-6.33 p50=-6.41 p05=-6.90 p95=-5.60
  [diag] sat-dist hist bins=60 sat<0.05=0.0% mean=0.570 p10=0.558 p90=0.572
Iter 0016300: train nll 0.127, valid error 100.000%, best valid error 100.000%, avg grad norm   0.131, avg grad norm (post clip)   0.000, rho_Whh  1.11, Omega  0.00, alpha  0.000, steps in the past 0.000, valid nll 0.098
  [diag] log10|dL/dh_t| hist bins=60 range=(-7.28,-3.77) mean=-6.12 p50=-6.17 p05=-6.81 p95=-5.59
  [diag] sat-dist hist bins=60 sat<0.05=0.0% mean=0.590 p10=0.562 p90=0.596
Iter 0016320: train nll 0.127, valid error 100.000%, best valid error 100.000%, avg grad norm   0.113, avg grad norm (post clip)   0.000, rho_Whh  1.11, Omega  0.00, alpha  0.000, steps in the past 0.000, valid nll 0.098
  [diag] log10|dL/dh_t| hist bins=60 range=(-7.29,-3.77) mean=-6.12 p50=-6.17 p05=-6.81 p95=-5.60
  [diag] sat-dist hist bins=60 sat<0.05=0.0% mean=0.590 p10=0.562 p90=0.596
Iter 0016340: train nll 0.130, valid error 100.000%, best valid error 100.000%, avg grad norm   0.119, avg grad norm (post clip)   0.000, rho_Whh  1.11, Omega  0.00, alpha  0.000, steps in the past 0.000, valid nll 0.098
  [diag] log10|dL/dh_t| hist bins=60 range=(-7.27,-3.79) mean=-6.05 p50=-6.09 p05=-6.79 p95=-5.60
  [diag] sat-dist hist bins=60 sat<0.05=0.0% mean=0.597 p10=0.564 p90=0.604
Iter 0016360: train nll 0.116, valid error 100.000%, best valid error 100.000%, avg grad norm   0.088, avg grad norm (post clip)   0.000, rho_Whh  1.11, Omega  0.00, alpha  0.000, steps in the past 0.000, valid nll 0.098
  [diag] log10|dL/dh_t| hist bins=60 range=(-7.21,-3.83) mean=-5.74 p50=-5.70 p05=-6.71 p95=-5.59
  [diag] sat-dist hist bins=60 sat<0.05=0.0% mean=0.627 p10=0.574 p90=0.642
Iter 0016380: train nll 0.139, valid error 100.000%, best valid error 100.000%, avg grad norm   0.104, avg grad norm (post clip)   0.000, rho_Whh  1.11, Omega  0.00, alpha  0.000, steps in the past 0.000, valid nll 0.099
  [diag] log10|dL/dh_t| hist bins=60 range=(-7.23,-3.82) mean=-5.93 p50=-5.94 p05=-6.74 p95=-5.60
  [diag] sat-dist hist bins=60 sat<0.05=0.0% mean=0.609 p10=0.570 p90=0.619
Iter 0016400: train nll 0.112, valid error 100.000%, best valid error 100.000%, avg grad norm   0.171, avg grad norm (post clip)   0.000, rho_Whh  1.11, Omega  0.00, alpha  0.000, steps in the past 0.000, valid nll 0.098
  [diag] log10|dL/dh_t| hist bins=60 range=(-7.27,-3.79) mean=-6.09 p50=-6.13 p05=-6.79 p95=-5.60
  [diag] sat-dist hist bins=60 sat<0.05=0.0% mean=0.594 p10=0.564 p90=0.600
Iter 0016420: train nll 0.129, valid error 100.000%, best valid error 100.000%, avg grad norm   0.149, avg grad norm (post clip)   0.000, rho_Whh  1.11, Omega  0.00, alpha  0.000, steps in the past 0.000, valid nll 0.098
  [diag] log10|dL/dh_t| hist bins=60 range=(-7.26,-3.80) mean=-6.02 p50=-6.05 p05=-6.77 p95=-5.60
  [diag] sat-dist hist bins=60 sat<0.05=0.0% mean=0.600 p10=0.567 p90=0.608
Iter 0016440: train nll 0.117, valid error 100.000%, best valid error 100.000%, avg grad norm   0.104, avg grad norm (post clip)   0.000, rho_Whh  1.11, Omega  0.00, alpha  0.000, steps in the past 0.000, valid nll 0.098
  [diag] log10|dL/dh_t| hist bins=60 range=(-7.29,-3.78) mean=-6.12 p50=-6.17 p05=-6.81 p95=-5.60
  [diag] sat-dist hist bins=60 sat<0.05=0.0% mean=0.590 p10=0.562 p90=0.596
Iter 0016460: train nll 0.103, valid error 100.000%, best valid error 100.000%, avg grad norm   0.074, avg grad norm (post clip)   0.000, rho_Whh  1.11, Omega  0.00, alpha  0.000, steps in the past 0.000, valid nll 0.098
  [diag] log10|dL/dh_t| hist bins=60 range=(-7.35,-3.71) mean=-6.29 p50=-6.36 p05=-6.88 p95=-5.61
  [diag] sat-dist hist bins=60 sat<0.05=0.0% mean=0.574 p10=0.559 p90=0.578
Iter 0016480: train nll 0.126, valid error 100.000%, best valid error 100.000%, avg grad norm   0.155, avg grad norm (post clip)   0.000, rho_Whh  1.11, Omega  0.00, alpha  0.000, steps in the past 0.000, valid nll 0.098
  [diag] log10|dL/dh_t| hist bins=60 range=(-7.30,-3.77) mean=-6.13 p50=-6.18 p05=-6.82 p95=-5.60
  [diag] sat-dist hist bins=60 sat<0.05=0.0% mean=0.589 p10=0.561 p90=0.595
Iter 0016500: train nll 0.122, valid error 100.000%, best valid error 100.000%, avg grad norm   0.114, avg grad norm (post clip)   0.000, rho_Whh  1.11, Omega  0.00, alpha  0.000, steps in the past 0.000, valid nll 0.098
  [diag] log10|dL/dh_t| hist bins=60 range=(-7.32,-3.75) mean=-6.21 p50=-6.27 p05=-6.85 p95=-5.61
  [diag] sat-dist hist bins=60 sat<0.05=0.0% mean=0.582 p10=0.562 p90=0.587
Iter 0016520: train nll 0.128, valid error 100.000%, best valid error 100.000%, avg grad norm   0.117, avg grad norm (post clip)   0.000, rho_Whh  1.11, Omega  0.00, alpha  0.000, steps in the past 0.000, valid nll 0.098
  [diag] log10|dL/dh_t| hist bins=60 range=(-7.23,-3.82) mean=-5.87 p50=-5.87 p05=-6.74 p95=-5.60
  [diag] sat-dist hist bins=60 sat<0.05=0.0% mean=0.615 p10=0.571 p90=0.626
Iter 0016540: train nll 0.126, valid error 100.000%, best valid error 100.000%, avg grad norm   0.103, avg grad norm (post clip)   0.000, rho_Whh  1.11, Omega  0.00, alpha  0.000, steps in the past 0.000, valid nll 0.098
  [diag] log10|dL/dh_t| hist bins=60 range=(-7.26,-3.81) mean=-5.97 p50=-5.99 p05=-6.77 p95=-5.61
  [diag] sat-dist hist bins=60 sat<0.05=0.0% mean=0.605 p10=0.567 p90=0.614
Iter 0016560: train nll 0.123, valid error 100.000%, best valid error 100.000%, avg grad norm   0.084, avg grad norm (post clip)   0.000, rho_Whh  1.11, Omega  0.00, alpha  0.000, steps in the past 0.000, valid nll 0.098
  [diag] log10|dL/dh_t| hist bins=60 range=(-7.30,-3.78) mean=-6.11 p50=-6.15 p05=-6.82 p95=-5.61
  [diag] sat-dist hist bins=60 sat<0.05=0.0% mean=0.592 p10=0.562 p90=0.598
Iter 0016580: train nll 0.119, valid error 100.000%, best valid error 100.000%, avg grad norm   0.097, avg grad norm (post clip)   0.000, rho_Whh  1.11, Omega  0.00, alpha  0.000, steps in the past 0.000, valid nll 0.098
  [diag] log10|dL/dh_t| hist bins=60 range=(-7.31,-3.78) mean=-6.12 p50=-6.17 p05=-6.83 p95=-5.61
  [diag] sat-dist hist bins=60 sat<0.05=0.0% mean=0.591 p10=0.561 p90=0.597
Iter 0016600: train nll 0.116, valid error 100.000%, best valid error 100.000%, avg grad norm   0.104, avg grad norm (post clip)   0.000, rho_Whh  1.11, Omega  0.00, alpha  0.000, steps in the past 0.000, valid nll 0.098
  [diag] log10|dL/dh_t| hist bins=60 range=(-7.31,-3.78) mean=-6.13 p50=-6.17 p05=-6.83 p95=-5.61
  [diag] sat-dist hist bins=60 sat<0.05=0.0% mean=0.590 p10=0.561 p90=0.596
Iter 0016620: train nll 0.124, valid error 100.000%, best valid error 100.000%, avg grad norm   0.121, avg grad norm (post clip)   0.000, rho_Whh  1.11, Omega  0.00, alpha  0.000, steps in the past 0.000, valid nll 0.098
  [diag] log10|dL/dh_t| hist bins=60 range=(-7.31,-3.77) mean=-6.15 p50=-6.20 p05=-6.83 p95=-5.61
  [diag] sat-dist hist bins=60 sat<0.05=0.0% mean=0.588 p10=0.560 p90=0.594
Iter 0016640: train nll 0.135, valid error 100.000%, best valid error 100.000%, avg grad norm   0.167, avg grad norm (post clip)   0.000, rho_Whh  1.11, Omega  0.00, alpha  0.000, steps in the past 0.000, valid nll 0.098
  [diag] log10|dL/dh_t| hist bins=60 range=(-7.27,-3.80) mean=-6.02 p50=-6.05 p05=-6.79 p95=-5.61
  [diag] sat-dist hist bins=60 sat<0.05=0.0% mean=0.600 p10=0.566 p90=0.608
Iter 0016660: train nll 0.131, valid error 100.000%, best valid error 100.000%, avg grad norm   0.160, avg grad norm (post clip)   0.000, rho_Whh  1.11, Omega  0.00, alpha  0.000, steps in the past 0.000, valid nll 0.098
  [diag] log10|dL/dh_t| hist bins=60 range=(-7.31,-3.77) mean=-6.15 p50=-6.20 p05=-6.83 p95=-5.61
  [diag] sat-dist hist bins=60 sat<0.05=0.0% mean=0.588 p10=0.560 p90=0.594
Iter 0016680: train nll 0.136, valid error 100.000%, best valid error 100.000%, avg grad norm   0.121, avg grad norm (post clip)   0.000, rho_Whh  1.11, Omega  0.00, alpha  0.000, steps in the past 0.000, valid nll 0.098
  [diag] log10|dL/dh_t| hist bins=60 range=(-7.31,-3.78) mean=-6.13 p50=-6.17 p05=-6.83 p95=-5.62
  [diag] sat-dist hist bins=60 sat<0.05=0.0% mean=0.590 p10=0.561 p90=0.596
Iter 0016700: train nll 0.124, valid error 100.000%, best valid error 100.000%, avg grad norm   0.105, avg grad norm (post clip)   0.000, rho_Whh  1.11, Omega  0.00, alpha  0.000, steps in the past 0.000, valid nll 0.098
  [diag] log10|dL/dh_t| hist bins=60 range=(-7.25,-3.82) mean=-5.89 p50=-5.89 p05=-6.75 p95=-5.61
  [diag] sat-dist hist bins=60 sat<0.05=0.0% mean=0.613 p10=0.570 p90=0.624
Iter 0016720: train nll 0.129, valid error 100.000%, best valid error 100.000%, avg grad norm   0.122, avg grad norm (post clip)   0.000, rho_Whh  1.11, Omega  0.00, alpha  0.000, steps in the past 0.000, valid nll 0.098
  [diag] log10|dL/dh_t| hist bins=60 range=(-7.31,-3.79) mean=-6.11 p50=-6.16 p05=-6.82 p95=-5.62
  [diag] sat-dist hist bins=60 sat<0.05=0.0% mean=0.592 p10=0.562 p90=0.598
Iter 0016740: train nll 0.113, valid error 100.000%, best valid error 100.000%, avg grad norm   0.098, avg grad norm (post clip)   0.000, rho_Whh  1.11, Omega  0.00, alpha  0.000, steps in the past 0.000, valid nll 0.098
  [diag] log10|dL/dh_t| hist bins=60 range=(-7.29,-3.80) mean=-6.05 p50=-6.08 p05=-6.80 p95=-5.62
  [diag] sat-dist hist bins=60 sat<0.05=0.0% mean=0.598 p10=0.564 p90=0.606
Iter 0016760: train nll 0.120, valid error 100.000%, best valid error 100.000%, avg grad norm   0.094, avg grad norm (post clip)   0.000, rho_Whh  1.11, Omega  0.00, alpha  0.000, steps in the past 0.000, valid nll 0.098
  [diag] log10|dL/dh_t| hist bins=60 range=(-7.30,-3.80) mean=-6.06 p50=-6.10 p05=-6.81 p95=-5.62
  [diag] sat-dist hist bins=60 sat<0.05=0.0% mean=0.596 p10=0.563 p90=0.604
Iter 0016780: train nll 0.120, valid error 100.000%, best valid error 100.000%, avg grad norm   0.107, avg grad norm (post clip)   0.000, rho_Whh  1.11, Omega  0.00, alpha  0.000, steps in the past 0.000, valid nll 0.098
  [diag] log10|dL/dh_t| hist bins=60 range=(-7.32,-3.78) mean=-6.12 p50=-6.17 p05=-6.83 p95=-5.62
  [diag] sat-dist hist bins=60 sat<0.05=0.0% mean=0.591 p10=0.561 p90=0.597
Iter 0016800: train nll 0.127, valid error 100.000%, best valid error 100.000%, avg grad norm   0.117, avg grad norm (post clip)   0.000, rho_Whh  1.11, Omega  0.00, alpha  0.000, steps in the past 0.000, valid nll 0.098
  [diag] log10|dL/dh_t| hist bins=60 range=(-7.33,-3.77) mean=-6.16 p50=-6.21 p05=-6.85 p95=-5.62
  [diag] sat-dist hist bins=60 sat<0.05=0.0% mean=0.587 p10=0.559 p90=0.593
Iter 0016820: train nll 0.111, valid error 100.000%, best valid error 100.000%, avg grad norm   0.082, avg grad norm (post clip)   0.000, rho_Whh  1.11, Omega  0.00, alpha  0.000, steps in the past 0.000, valid nll 0.098
  [diag] log10|dL/dh_t| hist bins=60 range=(-7.36,-3.75) mean=-6.23 p50=-6.29 p05=-6.88 p95=-5.62
  [diag] sat-dist hist bins=60 sat<0.05=0.0% mean=0.580 p10=0.560 p90=0.585
Iter 0016840: train nll 0.125, valid error 100.000%, best valid error 100.000%, avg grad norm   0.141, avg grad norm (post clip)   0.000, rho_Whh  1.11, Omega  0.00, alpha  0.000, steps in the past 0.000, valid nll 0.098
  [diag] log10|dL/dh_t| hist bins=60 range=(-7.34,-3.77) mean=-6.18 p50=-6.23 p05=-6.86 p95=-5.63
  [diag] sat-dist hist bins=60 sat<0.05=0.0% mean=0.585 p10=0.559 p90=0.590
Iter 0016860: train nll 0.117, valid error 100.000%, best valid error 100.000%, avg grad norm   0.073, avg grad norm (post clip)   0.000, rho_Whh  1.11, Omega  0.00, alpha  0.000, steps in the past 0.000, valid nll 0.098
  [diag] log10|dL/dh_t| hist bins=60 range=(-7.28,-3.82) mean=-5.93 p50=-5.94 p05=-6.78 p95=-5.62
  [diag] sat-dist hist bins=60 sat<0.05=0.0% mean=0.609 p10=0.567 p90=0.619
Iter 0016880: train nll 0.141, valid error 100.000%, best valid error 100.000%, avg grad norm   0.129, avg grad norm (post clip)   0.000, rho_Whh  1.11, Omega  0.00, alpha  0.000, steps in the past 0.000, valid nll 0.098
  [diag] log10|dL/dh_t| hist bins=60 range=(-7.27,-3.82) mean=-5.91 p50=-5.91 p05=-6.78 p95=-5.62
  [diag] sat-dist hist bins=60 sat<0.05=0.0% mean=0.611 p10=0.568 p90=0.622
Iter 0016900: train nll 0.120, valid error 100.000%, best valid error 100.000%, avg grad norm   0.117, avg grad norm (post clip)   0.000, rho_Whh  1.11, Omega  0.00, alpha  0.000, steps in the past 0.000, valid nll 0.098
  [diag] log10|dL/dh_t| hist bins=60 range=(-7.34,-3.77) mean=-6.17 p50=-6.22 p05=-6.86 p95=-5.63
  [diag] sat-dist hist bins=60 sat<0.05=0.0% mean=0.587 p10=0.558 p90=0.592
Iter 0016920: train nll 0.116, valid error 100.000%, best valid error 100.000%, avg grad norm   0.129, avg grad norm (post clip)   0.000, rho_Whh  1.11, Omega  0.00, alpha  0.000, steps in the past 0.000, valid nll 0.098
  [diag] log10|dL/dh_t| hist bins=60 range=(-7.28,-3.82) mean=-5.95 p50=-5.96 p05=-6.79 p95=-5.63
  [diag] sat-dist hist bins=60 sat<0.05=0.0% mean=0.608 p10=0.567 p90=0.617
Iter 0016940: train nll 0.140, valid error 100.000%, best valid error 100.000%, avg grad norm   0.145, avg grad norm (post clip)   0.000, rho_Whh  1.11, Omega  0.00, alpha  0.000, steps in the past 0.000, valid nll 0.098
  [diag] log10|dL/dh_t| hist bins=60 range=(-7.38,-3.74) mean=-6.27 p50=-6.34 p05=-6.90 p95=-5.63
  [diag] sat-dist hist bins=60 sat<0.05=0.0% mean=0.577 p10=0.558 p90=0.581
Iter 0016960: train nll 0.120, valid error 100.000%, best valid error 100.000%, avg grad norm   0.140, avg grad norm (post clip)   0.000, rho_Whh  1.11, Omega  0.00, alpha  0.000, steps in the past 0.000, valid nll 0.098
  [diag] log10|dL/dh_t| hist bins=60 range=(-7.34,-3.78) mean=-6.15 p50=-6.20 p05=-6.85 p95=-5.63
  [diag] sat-dist hist bins=60 sat<0.05=0.0% mean=0.589 p10=0.559 p90=0.594
Iter 0016980: train nll 0.136, valid error 100.000%, best valid error 100.000%, avg grad norm   0.148, avg grad norm (post clip)   0.000, rho_Whh  1.11, Omega  0.00, alpha  0.000, steps in the past 0.000, valid nll 0.098
  [diag] log10|dL/dh_t| hist bins=60 range=(-7.29,-3.81) mean=-6.00 p50=-6.01 p05=-6.80 p95=-5.63
  [diag] sat-dist hist bins=60 sat<0.05=0.0% mean=0.603 p10=0.565 p90=0.612
Iter 0017000: train nll 0.137, valid error 100.000%, best valid error 100.000%, avg grad norm   0.123, avg grad norm (post clip)   0.000, rho_Whh  1.11, Omega  0.00, alpha  0.000, steps in the past 0.000, valid nll 0.098
  [diag] log10|dL/dh_t| hist bins=60 range=(-7.34,-3.78) mean=-6.14 p50=-6.18 p05=-6.85 p95=-5.63
  [diag] sat-dist hist bins=60 sat<0.05=0.0% mean=0.589 p10=0.559 p90=0.595
Iter 0017020: train nll 0.133, valid error 100.000%, best valid error 100.000%, avg grad norm   0.129, avg grad norm (post clip)   0.000, rho_Whh  1.11, Omega  0.00, alpha  0.000, steps in the past 0.000, valid nll 0.098
  [diag] log10|dL/dh_t| hist bins=60 range=(-7.32,-3.79) mean=-6.10 p50=-6.14 p05=-6.84 p95=-5.63
  [diag] sat-dist hist bins=60 sat<0.05=0.0% mean=0.593 p10=0.561 p90=0.600
Iter 0017040: train nll 0.118, valid error 100.000%, best valid error 100.000%, avg grad norm   0.135, avg grad norm (post clip)   0.000, rho_Whh  1.11, Omega  0.00, alpha  0.000, steps in the past 0.000, valid nll 0.098
  [diag] log10|dL/dh_t| hist bins=60 range=(-7.33,-3.79) mean=-6.14 p50=-6.18 p05=-6.85 p95=-5.64
  [diag] sat-dist hist bins=60 sat<0.05=0.0% mean=0.590 p10=0.560 p90=0.596
Iter 0017060: train nll 0.112, valid error 100.000%, best valid error 100.000%, avg grad norm   0.102, avg grad norm (post clip)   0.000, rho_Whh  1.11, Omega  0.00, alpha  0.000, steps in the past 0.000, valid nll 0.098
  [diag] log10|dL/dh_t| hist bins=60 range=(-7.34,-3.77) mean=-6.18 p50=-6.23 p05=-6.86 p95=-5.64
  [diag] sat-dist hist bins=60 sat<0.05=0.0% mean=0.586 p10=0.558 p90=0.591
Iter 0017080: train nll 0.121, valid error 100.000%, best valid error 100.000%, avg grad norm   0.164, avg grad norm (post clip)   0.000, rho_Whh  1.11, Omega  0.00, alpha  0.000, steps in the past 0.000, valid nll 0.098
  [diag] log10|dL/dh_t| hist bins=60 range=(-7.31,-3.80) mean=-6.07 p50=-6.10 p05=-6.82 p95=-5.64
  [diag] sat-dist hist bins=60 sat<0.05=0.0% mean=0.597 p10=0.563 p90=0.604
Iter 0017100: train nll 0.135, valid error 100.000%, best valid error 100.000%, avg grad norm   0.128, avg grad norm (post clip)   0.000, rho_Whh  1.11, Omega  0.00, alpha  0.000, steps in the past 0.000, valid nll 0.098
  [diag] log10|dL/dh_t| hist bins=60 range=(-7.32,-3.80) mean=-6.10 p50=-6.13 p05=-6.83 p95=-5.64
  [diag] sat-dist hist bins=60 sat<0.05=0.0% mean=0.594 p10=0.562 p90=0.601
Iter 0017120: train nll 0.116, valid error 100.000%, best valid error 100.000%, avg grad norm   0.075, avg grad norm (post clip)   0.000, rho_Whh  1.11, Omega  0.00, alpha  0.000, steps in the past 0.000, valid nll 0.098
  [diag] log10|dL/dh_t| hist bins=60 range=(-7.30,-3.81) mean=-6.01 p50=-6.04 p05=-6.81 p95=-5.64
  [diag] sat-dist hist bins=60 sat<0.05=0.0% mean=0.602 p10=0.565 p90=0.610
Iter 0017140: train nll 0.123, valid error 100.000%, best valid error 100.000%, avg grad norm   0.117, avg grad norm (post clip)   0.000, rho_Whh  1.11, Omega  0.00, alpha  0.000, steps in the past 0.000, valid nll 0.098
  [diag] log10|dL/dh_t| hist bins=60 range=(-7.32,-3.80) mean=-6.10 p50=-6.14 p05=-6.84 p95=-5.64
  [diag] sat-dist hist bins=60 sat<0.05=0.0% mean=0.594 p10=0.562 p90=0.601
Iter 0017160: train nll 0.132, valid error 100.000%, best valid error 100.000%, avg grad norm   0.120, avg grad norm (post clip)   0.000, rho_Whh  1.11, Omega  0.00, alpha  0.000, steps in the past 0.000, valid nll 0.098
  [diag] log10|dL/dh_t| hist bins=60 range=(-7.30,-3.81) mean=-6.04 p50=-6.06 p05=-6.81 p95=-5.64
  [diag] sat-dist hist bins=60 sat<0.05=0.0% mean=0.600 p10=0.565 p90=0.608
Iter 0017180: train nll 0.131, valid error 100.000%, best valid error 100.000%, avg grad norm   0.139, avg grad norm (post clip)   0.000, rho_Whh  1.11, Omega  0.00, alpha  0.000, steps in the past 0.000, valid nll 0.098
  [diag] log10|dL/dh_t| hist bins=60 range=(-7.32,-3.80) mean=-6.08 p50=-6.11 p05=-6.83 p95=-5.64
  [diag] sat-dist hist bins=60 sat<0.05=0.0% mean=0.596 p10=0.563 p90=0.603
Iter 0017200: train nll 0.131, valid error 100.000%, best valid error 100.000%, avg grad norm   0.110, avg grad norm (post clip)   0.000, rho_Whh  1.11, Omega  0.00, alpha  0.000, steps in the past 0.000, valid nll 0.098
  [diag] log10|dL/dh_t| hist bins=60 range=(-7.33,-3.80) mean=-6.11 p50=-6.15 p05=-6.84 p95=-5.64
  [diag] sat-dist hist bins=60 sat<0.05=0.0% mean=0.593 p10=0.562 p90=0.599
Iter 0017220: train nll 0.122, valid error 100.000%, best valid error 100.000%, avg grad norm   0.147, avg grad norm (post clip)   0.000, rho_Whh  1.11, Omega  0.00, alpha  0.000, steps in the past 0.000, valid nll 0.098
  [diag] log10|dL/dh_t| hist bins=60 range=(-7.34,-3.79) mean=-6.15 p50=-6.19 p05=-6.86 p95=-5.65
  [diag] sat-dist hist bins=60 sat<0.05=0.0% mean=0.589 p10=0.559 p90=0.595
Iter 0017240: train nll 0.111, valid error 100.000%, best valid error 100.000%, avg grad norm   0.084, avg grad norm (post clip)   0.000, rho_Whh  1.11, Omega  0.00, alpha  0.000, steps in the past 0.000, valid nll 0.098
  [diag] log10|dL/dh_t| hist bins=60 range=(-7.34,-3.79) mean=-6.15 p50=-6.19 p05=-6.86 p95=-5.65
  [diag] sat-dist hist bins=60 sat<0.05=0.0% mean=0.589 p10=0.559 p90=0.595
Iter 0017260: train nll 0.112, valid error 100.000%, best valid error 100.000%, avg grad norm   0.089, avg grad norm (post clip)   0.000, rho_Whh  1.11, Omega  0.00, alpha  0.000, steps in the past 0.000, valid nll 0.098
  [diag] log10|dL/dh_t| hist bins=60 range=(-7.36,-3.77) mean=-6.20 p50=-6.25 p05=-6.88 p95=-5.65
  [diag] sat-dist hist bins=60 sat<0.05=0.0% mean=0.585 p10=0.558 p90=0.590
Iter 0017280: train nll 0.129, valid error 100.000%, best valid error 100.000%, avg grad norm   0.130, avg grad norm (post clip)   0.000, rho_Whh  1.11, Omega  0.00, alpha  0.000, steps in the past 0.000, valid nll 0.098
  [diag] log10|dL/dh_t| hist bins=60 range=(-7.35,-3.78) mean=-6.18 p50=-6.22 p05=-6.87 p95=-5.65
  [diag] sat-dist hist bins=60 sat<0.05=0.0% mean=0.587 p10=0.558 p90=0.592
Iter 0017300: train nll 0.125, valid error 100.000%, best valid error 100.000%, avg grad norm   0.112, avg grad norm (post clip)   0.000, rho_Whh  1.11, Omega  0.00, alpha  0.000, steps in the past 0.000, valid nll 0.098
  [diag] log10|dL/dh_t| hist bins=60 range=(-7.35,-3.78) mean=-6.17 p50=-6.21 p05=-6.86 p95=-5.65
  [diag] sat-dist hist bins=60 sat<0.05=0.0% mean=0.588 p10=0.559 p90=0.593
Iter 0017320: train nll 0.125, valid error 100.000%, best valid error 100.000%, avg grad norm   0.146, avg grad norm (post clip)   0.000, rho_Whh  1.11, Omega  0.00, alpha  0.000, steps in the past 0.000, valid nll 0.098
  [diag] log10|dL/dh_t| hist bins=60 range=(-7.30,-3.82) mean=-5.98 p50=-6.00 p05=-6.81 p95=-5.65
  [diag] sat-dist hist bins=60 sat<0.05=0.0% mean=0.605 p10=0.566 p90=0.614
Iter 0017340: train nll 0.110, valid error 100.000%, best valid error 100.000%, avg grad norm   0.078, avg grad norm (post clip)   0.000, rho_Whh  1.11, Omega  0.00, alpha  0.000, steps in the past 0.000, valid nll 0.098
  [diag] log10|dL/dh_t| hist bins=60 range=(-7.35,-3.79) mean=-6.16 p50=-6.21 p05=-6.86 p95=-5.65
  [diag] sat-dist hist bins=60 sat<0.05=0.0% mean=0.588 p10=0.559 p90=0.594
Iter 0017360: train nll 0.135, valid error 100.000%, best valid error 100.000%, avg grad norm   0.118, avg grad norm (post clip)   0.000, rho_Whh  1.11, Omega  0.00, alpha  0.000, steps in the past 0.000, valid nll 0.098
  [diag] log10|dL/dh_t| hist bins=60 range=(-7.34,-3.80) mean=-6.11 p50=-6.15 p05=-6.85 p95=-5.65
  [diag] sat-dist hist bins=60 sat<0.05=0.0% mean=0.593 p10=0.561 p90=0.600
Iter 0017380: train nll 0.121, valid error 100.000%, best valid error 100.000%, avg grad norm   0.086, avg grad norm (post clip)   0.000, rho_Whh  1.11, Omega  0.00, alpha  0.000, steps in the past 0.000, valid nll 0.098
  [diag] log10|dL/dh_t| hist bins=60 range=(-7.32,-3.81) mean=-6.04 p50=-6.07 p05=-6.83 p95=-5.65
  [diag] sat-dist hist bins=60 sat<0.05=0.0% mean=0.600 p10=0.563 p90=0.608
Iter 0017400: train nll 0.122, valid error 100.000%, best valid error 100.000%, avg grad norm   0.105, avg grad norm (post clip)   0.000, rho_Whh  1.11, Omega  0.00, alpha  0.000, steps in the past 0.000, valid nll 0.098
  [diag] log10|dL/dh_t| hist bins=60 range=(-7.28,-3.83) mean=-5.82 p50=-5.79 p05=-6.78 p95=-5.65
  [diag] sat-dist hist bins=60 sat<0.05=0.0% mean=0.621 p10=0.570 p90=0.635
Iter 0017420: train nll 0.141, valid error 100.000%, best valid error 100.000%, avg grad norm   0.117, avg grad norm (post clip)   0.000, rho_Whh  1.11, Omega  0.00, alpha  0.000, steps in the past 0.000, valid nll 0.098
  [diag] log10|dL/dh_t| hist bins=60 range=(-7.31,-3.83) mean=-5.94 p50=-5.94 p05=-6.81 p95=-5.65
  [diag] sat-dist hist bins=60 sat<0.05=0.0% mean=0.610 p10=0.566 p90=0.620
Iter 0017440: train nll 0.137, valid error 100.000%, best valid error 100.000%, avg grad norm   0.110, avg grad norm (post clip)   0.000, rho_Whh  1.11, Omega  0.00, alpha  0.000, steps in the past 0.000, valid nll 0.098
  [diag] log10|dL/dh_t| hist bins=60 range=(-7.35,-3.80) mean=-6.12 p50=-6.15 p05=-6.86 p95=-5.66
  [diag] sat-dist hist bins=60 sat<0.05=0.0% mean=0.592 p10=0.560 p90=0.599
Iter 0017460: train nll 0.119, valid error 100.000%, best valid error 100.000%, avg grad norm   0.105, avg grad norm (post clip)   0.000, rho_Whh  1.11, Omega  0.00, alpha  0.000, steps in the past 0.000, valid nll 0.098
  [diag] log10|dL/dh_t| hist bins=60 range=(-7.36,-3.79) mean=-6.15 p50=-6.19 p05=-6.88 p95=-5.66
  [diag] sat-dist hist bins=60 sat<0.05=0.0% mean=0.590 p10=0.558 p90=0.596
Iter 0017480: train nll 0.122, valid error 100.000%, best valid error 100.000%, avg grad norm   0.082, avg grad norm (post clip)   0.000, rho_Whh  1.11, Omega  0.00, alpha  0.000, steps in the past 0.000, valid nll 0.098
  [diag] log10|dL/dh_t| hist bins=60 range=(-7.38,-3.78) mean=-6.19 p50=-6.24 p05=-6.89 p95=-5.66
  [diag] sat-dist hist bins=60 sat<0.05=0.0% mean=0.585 p10=0.557 p90=0.591
Iter 0017500: train nll 0.117, valid error 100.000%, best valid error 100.000%, avg grad norm   0.090, avg grad norm (post clip)   0.000, rho_Whh  1.11, Omega  0.00, alpha  0.000, steps in the past 0.000, valid nll 0.098
  [diag] log10|dL/dh_t| hist bins=60 range=(-7.37,-3.79) mean=-6.16 p50=-6.21 p05=-6.88 p95=-5.66
  [diag] sat-dist hist bins=60 sat<0.05=0.0% mean=0.588 p10=0.558 p90=0.594
Iter 0017520: train nll 0.132, valid error 100.000%, best valid error 100.000%, avg grad norm   0.131, avg grad norm (post clip)   0.000, rho_Whh  1.11, Omega  0.00, alpha  0.000, steps in the past 0.000, valid nll 0.098
  [diag] log10|dL/dh_t| hist bins=60 range=(-7.34,-3.81) mean=-6.06 p50=-6.08 p05=-6.84 p95=-5.66
  [diag] sat-dist hist bins=60 sat<0.05=0.0% mean=0.598 p10=0.563 p90=0.606
Iter 0017540: train nll 0.146, valid error 100.000%, best valid error 100.000%, avg grad norm   0.197, avg grad norm (post clip)   0.000, rho_Whh  1.11, Omega  0.00, alpha  0.000, steps in the past 0.000, valid nll 0.098
  [diag] log10|dL/dh_t| hist bins=60 range=(-7.34,-3.80) mean=-6.11 p50=-6.15 p05=-6.85 p95=-5.66
  [diag] sat-dist hist bins=60 sat<0.05=0.0% mean=0.593 p10=0.561 p90=0.600
Iter 0017560: train nll 0.141, valid error 100.000%, best valid error 100.000%, avg grad norm   0.171, avg grad norm (post clip)   0.000, rho_Whh  1.11, Omega  0.00, alpha  0.000, steps in the past 0.000, valid nll 0.098
  [diag] log10|dL/dh_t| hist bins=60 range=(-7.35,-3.80) mean=-6.10 p50=-6.13 p05=-6.86 p95=-5.66
  [diag] sat-dist hist bins=60 sat<0.05=0.0% mean=0.594 p10=0.561 p90=0.601
Iter 0017580: train nll 0.117, valid error 100.000%, best valid error 100.000%, avg grad norm   0.067, avg grad norm (post clip)   0.000, rho_Whh  1.11, Omega  0.00, alpha  0.000, steps in the past 0.000, valid nll 0.098
  [diag] log10|dL/dh_t| hist bins=60 range=(-7.34,-3.81) mean=-6.08 p50=-6.11 p05=-6.85 p95=-5.66
  [diag] sat-dist hist bins=60 sat<0.05=0.0% mean=0.596 p10=0.562 p90=0.604
Iter 0017600: train nll 0.133, valid error 100.000%, best valid error 100.000%, avg grad norm   0.144, avg grad norm (post clip)   0.000, rho_Whh  1.11, Omega  0.00, alpha  0.000, steps in the past 0.000, valid nll 0.098
  [diag] log10|dL/dh_t| hist bins=60 range=(-7.35,-3.81) mean=-6.10 p50=-6.13 p05=-6.86 p95=-5.67
  [diag] sat-dist hist bins=60 sat<0.05=0.0% mean=0.595 p10=0.561 p90=0.602
Iter 0017620: train nll 0.126, valid error 100.000%, best valid error 100.000%, avg grad norm   0.098, avg grad norm (post clip)   0.000, rho_Whh  1.11, Omega  0.00, alpha  0.000, steps in the past 0.000, valid nll 0.098
  [diag] log10|dL/dh_t| hist bins=60 range=(-7.36,-3.80) mean=-6.12 p50=-6.16 p05=-6.87 p95=-5.67
  [diag] sat-dist hist bins=60 sat<0.05=0.0% mean=0.592 p10=0.560 p90=0.599
Iter 0017640: train nll 0.115, valid error 100.000%, best valid error 100.000%, avg grad norm   0.098, avg grad norm (post clip)   0.000, rho_Whh  1.11, Omega  0.00, alpha  0.000, steps in the past 0.000, valid nll 0.098
  [diag] log10|dL/dh_t| hist bins=60 range=(-7.36,-3.80) mean=-6.13 p50=-6.17 p05=-6.87 p95=-5.67
  [diag] sat-dist hist bins=60 sat<0.05=0.0% mean=0.592 p10=0.560 p90=0.599
Iter 0017660: train nll 0.131, valid error 100.000%, best valid error 100.000%, avg grad norm   0.143, avg grad norm (post clip)   0.000, rho_Whh  1.11, Omega  0.00, alpha  0.000, steps in the past 0.000, valid nll 0.098
  [diag] log10|dL/dh_t| hist bins=60 range=(-7.36,-3.80) mean=-6.13 p50=-6.16 p05=-6.87 p95=-5.67
  [diag] sat-dist hist bins=60 sat<0.05=0.0% mean=0.592 p10=0.560 p90=0.599
Iter 0017680: train nll 0.115, valid error 100.000%, best valid error 100.000%, avg grad norm   0.096, avg grad norm (post clip)   0.000, rho_Whh  1.11, Omega  0.00, alpha  0.000, steps in the past 0.000, valid nll 0.098
  [diag] log10|dL/dh_t| hist bins=60 range=(-7.38,-3.79) mean=-6.18 p50=-6.23 p05=-6.89 p95=-5.67
  [diag] sat-dist hist bins=60 sat<0.05=0.0% mean=0.587 p10=0.557 p90=0.593
Iter 0017700: train nll 0.125, valid error 100.000%, best valid error 100.000%, avg grad norm   0.111, avg grad norm (post clip)   0.000, rho_Whh  1.11, Omega  0.00, alpha  0.000, steps in the past 0.000, valid nll 0.098
  [diag] log10|dL/dh_t| hist bins=60 range=(-7.36,-3.80) mean=-6.11 p50=-6.15 p05=-6.87 p95=-5.67
  [diag] sat-dist hist bins=60 sat<0.05=0.0% mean=0.593 p10=0.560 p90=0.600
Iter 0017720: train nll 0.127, valid error 100.000%, best valid error 100.000%, avg grad norm   0.113, avg grad norm (post clip)   0.000, rho_Whh  1.11, Omega  0.00, alpha  0.000, steps in the past 0.000, valid nll 0.098
  [diag] log10|dL/dh_t| hist bins=60 range=(-7.35,-3.81) mean=-6.06 p50=-6.09 p05=-6.86 p95=-5.67
  [diag] sat-dist hist bins=60 sat<0.05=0.0% mean=0.598 p10=0.562 p90=0.606
Iter 0017740: train nll 0.125, valid error 100.000%, best valid error 100.000%, avg grad norm   0.099, avg grad norm (post clip)   0.000, rho_Whh  1.11, Omega  0.00, alpha  0.000, steps in the past 0.000, valid nll 0.098
  [diag] log10|dL/dh_t| hist bins=60 range=(-7.33,-3.82) mean=-6.02 p50=-6.03 p05=-6.83 p95=-5.67
  [diag] sat-dist hist bins=60 sat<0.05=0.0% mean=0.603 p10=0.565 p90=0.612
Iter 0017760: train nll 0.124, valid error 100.000%, best valid error 100.000%, avg grad norm   0.181, avg grad norm (post clip)   0.000, rho_Whh  1.11, Omega  0.00, alpha  0.000, steps in the past 0.000, valid nll 0.098
  [diag] log10|dL/dh_t| hist bins=60 range=(-7.37,-3.80) mean=-6.15 p50=-6.19 p05=-6.88 p95=-5.67
  [diag] sat-dist hist bins=60 sat<0.05=0.0% mean=0.590 p10=0.559 p90=0.596
Iter 0017780: train nll 0.135, valid error 100.000%, best valid error 100.000%, avg grad norm   0.086, avg grad norm (post clip)   0.000, rho_Whh  1.11, Omega  0.00, alpha  0.000, steps in the past 0.000, valid nll 0.098
  [diag] log10|dL/dh_t| hist bins=60 range=(-7.35,-3.81) mean=-6.09 p50=-6.12 p05=-6.86 p95=-5.67
  [diag] sat-dist hist bins=60 sat<0.05=0.0% mean=0.595 p10=0.561 p90=0.603
Iter 0017800: train nll 0.120, valid error 100.000%, best valid error 100.000%, avg grad norm   0.087, avg grad norm (post clip)   0.000, rho_Whh  1.11, Omega  0.00, alpha  0.000, steps in the past 0.000, valid nll 0.098
  [diag] log10|dL/dh_t| hist bins=60 range=(-7.37,-3.80) mean=-6.15 p50=-6.20 p05=-6.88 p95=-5.68
  [diag] sat-dist hist bins=60 sat<0.05=0.0% mean=0.590 p10=0.559 p90=0.596
Iter 0017820: train nll 0.129, valid error 100.000%, best valid error 100.000%, avg grad norm   0.164, avg grad norm (post clip)   0.000, rho_Whh  1.11, Omega  0.00, alpha  0.000, steps in the past 0.000, valid nll 0.098
  [diag] log10|dL/dh_t| hist bins=60 range=(-7.37,-3.80) mean=-6.15 p50=-6.19 p05=-6.88 p95=-5.68
  [diag] sat-dist hist bins=60 sat<0.05=0.0% mean=0.590 p10=0.559 p90=0.597
Iter 0017840: train nll 0.131, valid error 100.000%, best valid error 100.000%, avg grad norm   0.133, avg grad norm (post clip)   0.000, rho_Whh  1.11, Omega  0.00, alpha  0.000, steps in the past 0.000, valid nll 0.098
  [diag] log10|dL/dh_t| hist bins=60 range=(-7.38,-3.79) mean=-6.16 p50=-6.21 p05=-6.88 p95=-5.68
  [diag] sat-dist hist bins=60 sat<0.05=0.0% mean=0.589 p10=0.559 p90=0.595
Iter 0017860: train nll 0.132, valid error 100.000%, best valid error 100.000%, avg grad norm   0.122, avg grad norm (post clip)   0.000, rho_Whh  1.11, Omega  0.00, alpha  0.000, steps in the past 0.000, valid nll 0.098
  [diag] log10|dL/dh_t| hist bins=60 range=(-7.32,-3.83) mean=-5.91 p50=-5.90 p05=-6.81 p95=-5.68
  [diag] sat-dist hist bins=60 sat<0.05=0.0% mean=0.613 p10=0.567 p90=0.625
Iter 0017880: train nll 0.133, valid error 100.000%, best valid error 100.000%, avg grad norm   0.098, avg grad norm (post clip)   0.000, rho_Whh  1.11, Omega  0.00, alpha  0.000, steps in the past 0.000, valid nll 0.098
  [diag] log10|dL/dh_t| hist bins=60 range=(-7.39,-3.79) mean=-6.20 p50=-6.25 p05=-6.90 p95=-5.68
  [diag] sat-dist hist bins=60 sat<0.05=0.0% mean=0.586 p10=0.557 p90=0.591
Iter 0017900: train nll 0.130, valid error 100.000%, best valid error 100.000%, avg grad norm   0.139, avg grad norm (post clip)   0.000, rho_Whh  1.11, Omega  0.00, alpha  0.000, steps in the past 0.000, valid nll 0.098
  [diag] log10|dL/dh_t| hist bins=60 range=(-7.40,-3.78) mean=-6.23 p50=-6.28 p05=-6.91 p95=-5.68
  [diag] sat-dist hist bins=60 sat<0.05=0.0% mean=0.583 p10=0.558 p90=0.588
Iter 0017920: train nll 0.133, valid error 100.000%, best valid error 100.000%, avg grad norm   0.130, avg grad norm (post clip)   0.000, rho_Whh  1.11, Omega  0.00, alpha  0.000, steps in the past 0.000, valid nll 0.098
  [diag] log10|dL/dh_t| hist bins=60 range=(-7.39,-3.79) mean=-6.20 p50=-6.25 p05=-6.90 p95=-5.68
  [diag] sat-dist hist bins=60 sat<0.05=0.0% mean=0.585 p10=0.557 p90=0.591
Iter 0017940: train nll 0.115, valid error 100.000%, best valid error 100.000%, avg grad norm   0.095, avg grad norm (post clip)   0.000, rho_Whh  1.11, Omega  0.00, alpha  0.000, steps in the past 0.000, valid nll 0.098
  [diag] log10|dL/dh_t| hist bins=60 range=(-7.39,-3.79) mean=-6.19 p50=-6.24 p05=-6.90 p95=-5.68
  [diag] sat-dist hist bins=60 sat<0.05=0.0% mean=0.587 p10=0.558 p90=0.592
Iter 0017960: train nll 0.113, valid error 100.000%, best valid error 100.000%, avg grad norm   0.083, avg grad norm (post clip)   0.000, rho_Whh  1.11, Omega  0.00, alpha  0.000, steps in the past 0.000, valid nll 0.098
  [diag] log10|dL/dh_t| hist bins=60 range=(-7.36,-3.81) mean=-6.08 p50=-6.10 p05=-6.86 p95=-5.68
  [diag] sat-dist hist bins=60 sat<0.05=0.0% mean=0.597 p10=0.562 p90=0.605
Iter 0017980: train nll 0.123, valid error 100.000%, best valid error 100.000%, avg grad norm   0.082, avg grad norm (post clip)   0.000, rho_Whh  1.11, Omega  0.00, alpha  0.000, steps in the past 0.000, valid nll 0.098
  [diag] log10|dL/dh_t| hist bins=60 range=(-7.36,-3.82) mean=-6.06 p50=-6.08 p05=-6.86 p95=-5.68
  [diag] sat-dist hist bins=60 sat<0.05=0.0% mean=0.599 p10=0.563 p90=0.608
Iter 0018000: train nll 0.127, valid error 100.000%, best valid error 100.000%, avg grad norm   0.108, avg grad norm (post clip)   0.000, rho_Whh  1.11, Omega  0.00, alpha  0.000, steps in the past 0.000, valid nll 0.098
  [diag] log10|dL/dh_t| hist bins=60 range=(-7.39,-3.80) mean=-6.17 p50=-6.21 p05=-6.90 p95=-5.69
  [diag] sat-dist hist bins=60 sat<0.05=0.0% mean=0.588 p10=0.558 p90=0.595
Iter 0018020: train nll 0.144, valid error 100.000%, best valid error 100.000%, avg grad norm   0.135, avg grad norm (post clip)   0.000, rho_Whh  1.11, Omega  0.00, alpha  0.000, steps in the past 0.000, valid nll 0.098
  [diag] log10|dL/dh_t| hist bins=60 range=(-7.39,-3.80) mean=-6.17 p50=-6.21 p05=-6.90 p95=-5.69
  [diag] sat-dist hist bins=60 sat<0.05=0.0% mean=0.588 p10=0.558 p90=0.595
Iter 0018040: train nll 0.130, valid error 100.000%, best valid error 100.000%, avg grad norm   0.103, avg grad norm (post clip)   0.000, rho_Whh  1.11, Omega  0.00, alpha  0.000, steps in the past 0.000, valid nll 0.098
  [diag] log10|dL/dh_t| hist bins=60 range=(-7.38,-3.81) mean=-6.13 p50=-6.16 p05=-6.88 p95=-5.69
  [diag] sat-dist hist bins=60 sat<0.05=0.0% mean=0.592 p10=0.559 p90=0.600
Iter 0018060: train nll 0.115, valid error 100.000%, best valid error 100.000%, avg grad norm   0.073, avg grad norm (post clip)   0.000, rho_Whh  1.11, Omega  0.00, alpha  0.000, steps in the past 0.000, valid nll 0.098
  [diag] log10|dL/dh_t| hist bins=60 range=(-7.44,-3.76) mean=-6.30 p50=-6.36 p05=-6.95 p95=-5.69
  [diag] sat-dist hist bins=60 sat<0.05=0.0% mean=0.577 p10=0.556 p90=0.581
Iter 0018080: train nll 0.124, valid error 100.000%, best valid error 100.000%, avg grad norm   0.101, avg grad norm (post clip)   0.000, rho_Whh  1.11, Omega  0.00, alpha  0.000, steps in the past 0.000, valid nll 0.098
  [diag] log10|dL/dh_t| hist bins=60 range=(-7.35,-3.82) mean=-5.99 p50=-6.00 p05=-6.85 p95=-5.69
  [diag] sat-dist hist bins=60 sat<0.05=0.0% mean=0.605 p10=0.564 p90=0.615
Iter 0018100: train nll 0.111, valid error 100.000%, best valid error 100.000%, avg grad norm   0.093, avg grad norm (post clip)   0.000, rho_Whh  1.11, Omega  0.00, alpha  0.000, steps in the past 0.000, valid nll 0.098
  [diag] log10|dL/dh_t| hist bins=60 range=(-7.36,-3.82) mean=-6.03 p50=-6.05 p05=-6.86 p95=-5.69
  [diag] sat-dist hist bins=60 sat<0.05=0.0% mean=0.602 p10=0.563 p90=0.611
Iter 0018120: train nll 0.143, valid error 100.000%, best valid error 100.000%, avg grad norm   0.164, avg grad norm (post clip)   0.000, rho_Whh  1.11, Omega  0.00, alpha  0.000, steps in the past 0.000, valid nll 0.098
  [diag] log10|dL/dh_t| hist bins=60 range=(-7.39,-3.80) mean=-6.15 p50=-6.19 p05=-6.89 p95=-5.69
  [diag] sat-dist hist bins=60 sat<0.05=0.0% mean=0.591 p10=0.558 p90=0.597
Iter 0018140: train nll 0.119, valid error 100.000%, best valid error 100.000%, avg grad norm   0.113, avg grad norm (post clip)   0.000, rho_Whh  1.11, Omega  0.00, alpha  0.000, steps in the past 0.000, valid nll 0.098
  [diag] log10|dL/dh_t| hist bins=60 range=(-7.36,-3.82) mean=-6.02 p50=-6.03 p05=-6.86 p95=-5.69
  [diag] sat-dist hist bins=60 sat<0.05=0.0% mean=0.603 p10=0.563 p90=0.613
Iter 0018160: train nll 0.113, valid error 100.000%, best valid error 100.000%, avg grad norm   0.051, avg grad norm (post clip)   0.000, rho_Whh  1.11, Omega  0.00, alpha  0.000, steps in the past 0.000, valid nll 0.098
  [diag] log10|dL/dh_t| hist bins=60 range=(-7.38,-3.81) mean=-6.11 p50=-6.14 p05=-6.88 p95=-5.69
  [diag] sat-dist hist bins=60 sat<0.05=0.0% mean=0.594 p10=0.560 p90=0.602
Iter 0018180: train nll 0.128, valid error 100.000%, best valid error 100.000%, avg grad norm   0.130, avg grad norm (post clip)   0.000, rho_Whh  1.11, Omega  0.00, alpha  0.000, steps in the past 0.000, valid nll 0.098
  [diag] log10|dL/dh_t| hist bins=60 range=(-7.40,-3.80) mean=-6.16 p50=-6.20 p05=-6.90 p95=-5.70
  [diag] sat-dist hist bins=60 sat<0.05=0.0% mean=0.590 p10=0.558 p90=0.596
Iter 0018200: train nll 0.127, valid error 100.000%, best valid error 100.000%, avg grad norm   0.108, avg grad norm (post clip)   0.000, rho_Whh  1.11, Omega  0.00, alpha  0.000, steps in the past 0.000, valid nll 0.098
  [diag] log10|dL/dh_t| hist bins=60 range=(-7.40,-3.80) mean=-6.15 p50=-6.19 p05=-6.90 p95=-5.70
  [diag] sat-dist hist bins=60 sat<0.05=0.0% mean=0.590 p10=0.558 p90=0.597
Iter 0018220: train nll 0.129, valid error 100.000%, best valid error 100.000%, avg grad norm   0.085, avg grad norm (post clip)   0.000, rho_Whh  1.11, Omega  0.00, alpha  0.000, steps in the past 0.000, valid nll 0.098
  [diag] log10|dL/dh_t| hist bins=60 range=(-7.41,-3.79) mean=-6.19 p50=-6.23 p05=-6.92 p95=-5.70
  [diag] sat-dist hist bins=60 sat<0.05=0.0% mean=0.587 p10=0.556 p90=0.593
Iter 0018240: train nll 0.138, valid error 100.000%, best valid error 100.000%, avg grad norm   0.138, avg grad norm (post clip)   0.000, rho_Whh  1.11, Omega  0.00, alpha  0.000, steps in the past 0.000, valid nll 0.098
  [diag] log10|dL/dh_t| hist bins=60 range=(-7.39,-3.81) mean=-6.10 p50=-6.13 p05=-6.89 p95=-5.70
  [diag] sat-dist hist bins=60 sat<0.05=0.0% mean=0.595 p10=0.560 p90=0.603
Iter 0018260: train nll 0.118, valid error 100.000%, best valid error 100.000%, avg grad norm   0.094, avg grad norm (post clip)   0.000, rho_Whh  1.11, Omega  0.00, alpha  0.000, steps in the past 0.000, valid nll 0.098
  [diag] log10|dL/dh_t| hist bins=60 range=(-7.35,-3.83) mean=-5.90 p50=-5.88 p05=-6.84 p95=-5.70
  [diag] sat-dist hist bins=60 sat<0.05=0.0% mean=0.614 p10=0.566 p90=0.627
Iter 0018280: train nll 0.140, valid error 100.000%, best valid error 100.000%, avg grad norm   0.124, avg grad norm (post clip)   0.000, rho_Whh  1.11, Omega  0.00, alpha  0.000, steps in the past 0.000, valid nll 0.098
  [diag] log10|dL/dh_t| hist bins=60 range=(-7.41,-3.80) mean=-6.19 p50=-6.23 p05=-6.91 p95=-5.70
  [diag] sat-dist hist bins=60 sat<0.05=0.0% mean=0.587 p10=0.557 p90=0.593
Iter 0018300: train nll 0.117, valid error 100.000%, best valid error 100.000%, avg grad norm   0.147, avg grad norm (post clip)   0.000, rho_Whh  1.11, Omega  0.00, alpha  0.000, steps in the past 0.000, valid nll 0.098
  [diag] log10|dL/dh_t| hist bins=60 range=(-7.38,-3.81) mean=-6.11 p50=-6.15 p05=-6.88 p95=-5.70
  [diag] sat-dist hist bins=60 sat<0.05=0.0% mean=0.594 p10=0.561 p90=0.602
Iter 0018320: train nll 0.128, valid error 100.000%, best valid error 100.000%, avg grad norm   0.154, avg grad norm (post clip)   0.000, rho_Whh  1.11, Omega  0.00, alpha  0.000, steps in the past 0.000, valid nll 0.098
  [diag] log10|dL/dh_t| hist bins=60 range=(-7.35,-3.83) mean=-5.98 p50=-5.98 p05=-6.84 p95=-5.70
  [diag] sat-dist hist bins=60 sat<0.05=0.0% mean=0.607 p10=0.565 p90=0.617
Iter 0018340: train nll 0.125, valid error 100.000%, best valid error 100.000%, avg grad norm   0.103, avg grad norm (post clip)   0.000, rho_Whh  1.11, Omega  0.00, alpha  0.000, steps in the past 0.000, valid nll 0.098
  [diag] log10|dL/dh_t| hist bins=60 range=(-7.39,-3.81) mean=-6.12 p50=-6.15 p05=-6.89 p95=-5.70
  [diag] sat-dist hist bins=60 sat<0.05=0.0% mean=0.594 p10=0.560 p90=0.601
Iter 0018360: train nll 0.124, valid error 100.000%, best valid error 100.000%, avg grad norm   0.081, avg grad norm (post clip)   0.000, rho_Whh  1.11, Omega  0.00, alpha  0.000, steps in the past 0.000, valid nll 0.098
  [diag] log10|dL/dh_t| hist bins=60 range=(-7.38,-3.81) mean=-6.10 p50=-6.13 p05=-6.88 p95=-5.70
  [diag] sat-dist hist bins=60 sat<0.05=0.0% mean=0.595 p10=0.561 p90=0.603
Iter 0018380: train nll 0.131, valid error 100.000%, best valid error 100.000%, avg grad norm   0.139, avg grad norm (post clip)   0.000, rho_Whh  1.11, Omega  0.00, alpha  0.000, steps in the past 0.000, valid nll 0.098
  [diag] log10|dL/dh_t| hist bins=60 range=(-7.41,-3.80) mean=-6.17 p50=-6.21 p05=-6.91 p95=-5.71
  [diag] sat-dist hist bins=60 sat<0.05=0.0% mean=0.589 p10=0.558 p90=0.596
Iter 0018400: train nll 0.107, valid error 100.000%, best valid error 100.000%, avg grad norm   0.059, avg grad norm (post clip)   0.000, rho_Whh  1.11, Omega  0.00, alpha  0.000, steps in the past 0.000, valid nll 0.098
  [diag] log10|dL/dh_t| hist bins=60 range=(-7.35,-3.83) mean=-5.91 p50=-5.90 p05=-6.84 p95=-5.70
  [diag] sat-dist hist bins=60 sat<0.05=0.0% mean=0.614 p10=0.566 p90=0.626
Iter 0018420: train nll 0.148, valid error 100.000%, best valid error 100.000%, avg grad norm   0.123, avg grad norm (post clip)   0.000, rho_Whh  1.11, Omega  0.00, alpha  0.000, steps in the past 0.000, valid nll 0.098
  [diag] log10|dL/dh_t| hist bins=60 range=(-7.41,-3.80) mean=-6.16 p50=-6.20 p05=-6.91 p95=-5.71
  [diag] sat-dist hist bins=60 sat<0.05=0.0% mean=0.590 p10=0.557 p90=0.597
Iter 0018440: train nll 0.110, valid error 100.000%, best valid error 100.000%, avg grad norm   0.068, avg grad norm (post clip)   0.000, rho_Whh  1.11, Omega  0.00, alpha  0.000, steps in the past 0.000, valid nll 0.098
  [diag] log10|dL/dh_t| hist bins=60 range=(-7.40,-3.81) mean=-6.12 p50=-6.15 p05=-6.90 p95=-5.71
  [diag] sat-dist hist bins=60 sat<0.05=0.0% mean=0.594 p10=0.560 p90=0.602
Iter 0018460: train nll 0.130, valid error 100.000%, best valid error 100.000%, avg grad norm   0.144, avg grad norm (post clip)   0.000, rho_Whh  1.11, Omega  0.00, alpha  0.000, steps in the past 0.000, valid nll 0.098
  [diag] log10|dL/dh_t| hist bins=60 range=(-7.41,-3.81) mean=-6.13 p50=-6.16 p05=-6.90 p95=-5.71
  [diag] sat-dist hist bins=60 sat<0.05=0.0% mean=0.593 p10=0.559 p90=0.600
Iter 0018480: train nll 0.119, valid error 100.000%, best valid error 100.000%, avg grad norm   0.075, avg grad norm (post clip)   0.000, rho_Whh  1.11, Omega  0.00, alpha  0.000, steps in the past 0.000, valid nll 0.098
  [diag] log10|dL/dh_t| hist bins=60 range=(-7.43,-3.79) mean=-6.21 p50=-6.26 p05=-6.93 p95=-5.71
  [diag] sat-dist hist bins=60 sat<0.05=0.0% mean=0.585 p10=0.556 p90=0.591
Iter 0018500: train nll 0.127, valid error 100.000%, best valid error 100.000%, avg grad norm   0.107, avg grad norm (post clip)   0.000, rho_Whh  1.11, Omega  0.00, alpha  0.000, steps in the past 0.000, valid nll 0.098
  [diag] log10|dL/dh_t| hist bins=60 range=(-7.39,-3.82) mean=-6.09 p50=-6.11 p05=-6.89 p95=-5.71
  [diag] sat-dist hist bins=60 sat<0.05=0.0% mean=0.597 p10=0.561 p90=0.605
Iter 0018520: train nll 0.124, valid error 100.000%, best valid error 100.000%, avg grad norm   0.120, avg grad norm (post clip)   0.000, rho_Whh  1.11, Omega  0.00, alpha  0.000, steps in the past 0.000, valid nll 0.098
  [diag] log10|dL/dh_t| hist bins=60 range=(-7.40,-3.82) mean=-6.09 p50=-6.12 p05=-6.90 p95=-5.71
  [diag] sat-dist hist bins=60 sat<0.05=0.0% mean=0.596 p10=0.560 p90=0.605
Iter 0018540: train nll 0.113, valid error 100.000%, best valid error 100.000%, avg grad norm   0.064, avg grad norm (post clip)   0.000, rho_Whh  1.11, Omega  0.00, alpha  0.000, steps in the past 0.000, valid nll 0.098
  [diag] log10|dL/dh_t| hist bins=60 range=(-7.44,-3.79) mean=-6.24 p50=-6.29 p05=-6.95 p95=-5.72
  [diag] sat-dist hist bins=60 sat<0.05=0.0% mean=0.582 p10=0.555 p90=0.588
Iter 0018560: train nll 0.128, valid error 100.000%, best valid error 100.000%, avg grad norm   0.118, avg grad norm (post clip)   0.000, rho_Whh  1.11, Omega  0.00, alpha  0.000, steps in the past 0.000, valid nll 0.098
  [diag] log10|dL/dh_t| hist bins=60 range=(-7.44,-3.79) mean=-6.21 p50=-6.26 p05=-6.94 p95=-5.72
  [diag] sat-dist hist bins=60 sat<0.05=0.0% mean=0.585 p10=0.556 p90=0.591
Iter 0018580: train nll 0.123, valid error 100.000%, best valid error 100.000%, avg grad norm   0.091, avg grad norm (post clip)   0.000, rho_Whh  1.11, Omega  0.00, alpha  0.000, steps in the past 0.000, valid nll 0.098
  [diag] log10|dL/dh_t| hist bins=60 range=(-7.40,-3.81) mean=-6.12 p50=-6.14 p05=-6.90 p95=-5.72
  [diag] sat-dist hist bins=60 sat<0.05=0.0% mean=0.594 p10=0.559 p90=0.602
Iter 0018600: train nll 0.124, valid error 100.000%, best valid error 100.000%, avg grad norm   0.126, avg grad norm (post clip)   0.000, rho_Whh  1.11, Omega  0.00, alpha  0.000, steps in the past 0.000, valid nll 0.098
  [diag] log10|dL/dh_t| hist bins=60 range=(-7.44,-3.79) mean=-6.22 p50=-6.27 p05=-6.94 p95=-5.72
  [diag] sat-dist hist bins=60 sat<0.05=0.0% mean=0.585 p10=0.556 p90=0.591
Iter 0018620: train nll 0.119, valid error 100.000%, best valid error 100.000%, avg grad norm   0.103, avg grad norm (post clip)   0.000, rho_Whh  1.11, Omega  0.00, alpha  0.000, steps in the past 0.000, valid nll 0.098
  [diag] log10|dL/dh_t| hist bins=60 range=(-7.43,-3.80) mean=-6.17 p50=-6.21 p05=-6.92 p95=-5.72
  [diag] sat-dist hist bins=60 sat<0.05=0.0% mean=0.589 p10=0.557 p90=0.596
Iter 0018640: train nll 0.122, valid error 100.000%, best valid error 100.000%, avg grad norm   0.073, avg grad norm (post clip)   0.000, rho_Whh  1.11, Omega  0.00, alpha  0.000, steps in the past 0.000, valid nll 0.098
  [diag] log10|dL/dh_t| hist bins=60 range=(-7.45,-3.79) mean=-6.25 p50=-6.31 p05=-6.95 p95=-5.72
  [diag] sat-dist hist bins=60 sat<0.05=0.0% mean=0.581 p10=0.556 p90=0.587
Iter 0018660: train nll 0.115, valid error 100.000%, best valid error 100.000%, avg grad norm   0.089, avg grad norm (post clip)   0.000, rho_Whh  1.11, Omega  0.00, alpha  0.000, steps in the past 0.000, valid nll 0.098
  [diag] log10|dL/dh_t| hist bins=60 range=(-7.44,-3.80) mean=-6.20 p50=-6.24 p05=-6.94 p95=-5.72
  [diag] sat-dist hist bins=60 sat<0.05=0.0% mean=0.587 p10=0.556 p90=0.593
Iter 0018680: train nll 0.108, valid error 100.000%, best valid error 100.000%, avg grad norm   0.062, avg grad norm (post clip)   0.000, rho_Whh  1.11, Omega  0.00, alpha  0.000, steps in the past 0.000, valid nll 0.098
  [diag] log10|dL/dh_t| hist bins=60 range=(-7.37,-3.83) mean=-5.89 p50=-5.87 p05=-6.86 p95=-5.72
  [diag] sat-dist hist bins=60 sat<0.05=0.0% mean=0.616 p10=0.565 p90=0.629
Iter 0018700: train nll 0.127, valid error 100.000%, best valid error 100.000%, avg grad norm   0.101, avg grad norm (post clip)   0.000, rho_Whh  1.11, Omega  0.00, alpha  0.000, steps in the past 0.000, valid nll 0.098
  [diag] log10|dL/dh_t| hist bins=60 range=(-7.44,-3.80) mean=-6.20 p50=-6.25 p05=-6.94 p95=-5.72
  [diag] sat-dist hist bins=60 sat<0.05=0.0% mean=0.586 p10=0.556 p90=0.592
Iter 0018720: train nll 0.111, valid error 100.000%, best valid error 100.000%, avg grad norm   0.115, avg grad norm (post clip)   0.000, rho_Whh  1.11, Omega  0.00, alpha  0.000, steps in the past 0.000, valid nll 0.098
  [diag] log10|dL/dh_t| hist bins=60 range=(-7.47,-3.77) mean=-6.30 p50=-6.36 p05=-6.97 p95=-5.72
  [diag] sat-dist hist bins=60 sat<0.05=0.0% mean=0.577 p10=0.556 p90=0.582
Iter 0018740: train nll 0.106, valid error 100.000%, best valid error 100.000%, avg grad norm   0.086, avg grad norm (post clip)   0.000, rho_Whh  1.11, Omega  0.00, alpha  0.000, steps in the past 0.000, valid nll 0.098
  [diag] log10|dL/dh_t| hist bins=60 range=(-7.40,-3.82) mean=-6.05 p50=-6.06 p05=-6.89 p95=-5.72
  [diag] sat-dist hist bins=60 sat<0.05=0.0% mean=0.601 p10=0.561 p90=0.610
Iter 0018760: train nll 0.122, valid error 100.000%, best valid error 100.000%, avg grad norm   0.098, avg grad norm (post clip)   0.000, rho_Whh  1.11, Omega  0.00, alpha  0.000, steps in the past 0.000, valid nll 0.098
  [diag] log10|dL/dh_t| hist bins=60 range=(-7.43,-3.81) mean=-6.16 p50=-6.20 p05=-6.92 p95=-5.72
  [diag] sat-dist hist bins=60 sat<0.05=0.0% mean=0.590 p10=0.557 p90=0.598
Iter 0018780: train nll 0.126, valid error 100.000%, best valid error 100.000%, avg grad norm   0.115, avg grad norm (post clip)   0.000, rho_Whh  1.11, Omega  0.00, alpha  0.000, steps in the past 0.000, valid nll 0.098
  [diag] log10|dL/dh_t| hist bins=60 range=(-7.41,-3.82) mean=-6.07 p50=-6.09 p05=-6.90 p95=-5.72
  [diag] sat-dist hist bins=60 sat<0.05=0.0% mean=0.599 p10=0.560 p90=0.608
Iter 0018800: train nll 0.115, valid error 100.000%, best valid error 100.000%, avg grad norm   0.101, avg grad norm (post clip)   0.000, rho_Whh  1.11, Omega  0.00, alpha  0.000, steps in the past 0.000, valid nll 0.098
  [diag] log10|dL/dh_t| hist bins=60 range=(-7.43,-3.80) mean=-6.19 p50=-6.23 p05=-6.93 p95=-5.73
  [diag] sat-dist hist bins=60 sat<0.05=0.0% mean=0.588 p10=0.556 p90=0.595
Iter 0018820: train nll 0.129, valid error 100.000%, best valid error 100.000%, avg grad norm   0.143, avg grad norm (post clip)   0.000, rho_Whh  1.11, Omega  0.00, alpha  0.000, steps in the past 0.000, valid nll 0.098
  [diag] log10|dL/dh_t| hist bins=60 range=(-7.43,-3.80) mean=-6.18 p50=-6.22 p05=-6.93 p95=-5.73
  [diag] sat-dist hist bins=60 sat<0.05=0.0% mean=0.588 p10=0.556 p90=0.595
Iter 0018840: train nll 0.133, valid error 100.000%, best valid error 100.000%, avg grad norm   0.111, avg grad norm (post clip)   0.000, rho_Whh  1.11, Omega  0.00, alpha  0.000, steps in the past 0.000, valid nll 0.098
  [diag] log10|dL/dh_t| hist bins=60 range=(-7.45,-3.80) mean=-6.22 p50=-6.27 p05=-6.95 p95=-5.73
  [diag] sat-dist hist bins=60 sat<0.05=0.0% mean=0.585 p10=0.555 p90=0.591
Iter 0018860: train nll 0.130, valid error 100.000%, best valid error 100.000%, avg grad norm   0.100, avg grad norm (post clip)   0.000, rho_Whh  1.11, Omega  0.00, alpha  0.000, steps in the past 0.000, valid nll 0.098
  [diag] log10|dL/dh_t| hist bins=60 range=(-7.39,-3.83) mean=-5.95 p50=-5.94 p05=-6.88 p95=-5.73
  [diag] sat-dist hist bins=60 sat<0.05=0.0% mean=0.611 p10=0.563 p90=0.623
Iter 0018880: train nll 0.130, valid error 100.000%, best valid error 100.000%, avg grad norm   0.088, avg grad norm (post clip)   0.000, rho_Whh  1.11, Omega  0.00, alpha  0.000, steps in the past 0.000, valid nll 0.098
  [diag] log10|dL/dh_t| hist bins=60 range=(-7.46,-3.80) mean=-6.23 p50=-6.27 p05=-6.96 p95=-5.73
  [diag] sat-dist hist bins=60 sat<0.05=0.0% mean=0.584 p10=0.555 p90=0.590
Iter 0018900: train nll 0.128, valid error 100.000%, best valid error 100.000%, avg grad norm   0.089, avg grad norm (post clip)   0.000, rho_Whh  1.11, Omega  0.00, alpha  0.000, steps in the past 0.000, valid nll 0.098
  [diag] log10|dL/dh_t| hist bins=60 range=(-7.45,-3.80) mean=-6.19 p50=-6.23 p05=-6.94 p95=-5.73
  [diag] sat-dist hist bins=60 sat<0.05=0.0% mean=0.588 p10=0.556 p90=0.594
Iter 0018920: train nll 0.126, valid error 100.000%, best valid error 100.000%, avg grad norm   0.114, avg grad norm (post clip)   0.000, rho_Whh  1.11, Omega  0.00, alpha  0.000, steps in the past 0.000, valid nll 0.098
  [diag] log10|dL/dh_t| hist bins=60 range=(-7.45,-3.80) mean=-6.20 p50=-6.23 p05=-6.95 p95=-5.73
  [diag] sat-dist hist bins=60 sat<0.05=0.0% mean=0.587 p10=0.555 p90=0.594
Iter 0018940: train nll 0.115, valid error 100.000%, best valid error 100.000%, avg grad norm   0.094, avg grad norm (post clip)   0.000, rho_Whh  1.11, Omega  0.00, alpha  0.000, steps in the past 0.000, valid nll 0.098
  [diag] log10|dL/dh_t| hist bins=60 range=(-7.46,-3.80) mean=-6.23 p50=-6.28 p05=-6.96 p95=-5.73
  [diag] sat-dist hist bins=60 sat<0.05=0.0% mean=0.584 p10=0.555 p90=0.590
Iter 0018960: train nll 0.114, valid error 100.000%, best valid error 100.000%, avg grad norm   0.092, avg grad norm (post clip)   0.000, rho_Whh  1.11, Omega  0.00, alpha  0.000, steps in the past 0.000, valid nll 0.098
  [diag] log10|dL/dh_t| hist bins=60 range=(-7.45,-3.81) mean=-6.18 p50=-6.21 p05=-6.94 p95=-5.73
  [diag] sat-dist hist bins=60 sat<0.05=0.0% mean=0.589 p10=0.556 p90=0.596
Iter 0018980: train nll 0.124, valid error 100.000%, best valid error 100.000%, avg grad norm   0.084, avg grad norm (post clip)   0.000, rho_Whh  1.11, Omega  0.00, alpha  0.000, steps in the past 0.000, valid nll 0.098
  [diag] log10|dL/dh_t| hist bins=60 range=(-7.44,-3.82) mean=-6.12 p50=-6.14 p05=-6.93 p95=-5.73
  [diag] sat-dist hist bins=60 sat<0.05=0.0% mean=0.594 p10=0.558 p90=0.603
Iter 0019000: train nll 0.112, valid error 100.000%, best valid error 100.000%, avg grad norm   0.071, avg grad norm (post clip)   0.000, rho_Whh  1.11, Omega  0.00, alpha  0.000, steps in the past 0.000, valid nll 0.098
  [diag] log10|dL/dh_t| hist bins=60 range=(-7.43,-3.82) mean=-6.11 p50=-6.13 p05=-6.93 p95=-5.74
  [diag] sat-dist hist bins=60 sat<0.05=0.0% mean=0.596 p10=0.558 p90=0.604
Iter 0019020: train nll 0.130, valid error 100.000%, best valid error 100.000%, avg grad norm   0.095, avg grad norm (post clip)   0.000, rho_Whh  1.11, Omega  0.00, alpha  0.000, steps in the past 0.000, valid nll 0.098
  [diag] log10|dL/dh_t| hist bins=60 range=(-7.46,-3.80) mean=-6.21 p50=-6.25 p05=-6.96 p95=-5.74
  [diag] sat-dist hist bins=60 sat<0.05=0.0% mean=0.586 p10=0.555 p90=0.593
Iter 0019040: train nll 0.113, valid error 100.000%, best valid error 100.000%, avg grad norm   0.084, avg grad norm (post clip)   0.000, rho_Whh  1.11, Omega  0.00, alpha  0.000, steps in the past 0.000, valid nll 0.098
  [diag] log10|dL/dh_t| hist bins=60 range=(-7.47,-3.80) mean=-6.22 p50=-6.26 p05=-6.96 p95=-5.74
  [diag] sat-dist hist bins=60 sat<0.05=0.0% mean=0.585 p10=0.554 p90=0.592
Iter 0019060: train nll 0.122, valid error 100.000%, best valid error 100.000%, avg grad norm   0.086, avg grad norm (post clip)   0.000, rho_Whh  1.11, Omega  0.00, alpha  0.000, steps in the past 0.000, valid nll 0.098
  [diag] log10|dL/dh_t| hist bins=60 range=(-7.47,-3.80) mean=-6.22 p50=-6.27 p05=-6.97 p95=-5.74
  [diag] sat-dist hist bins=60 sat<0.05=0.0% mean=0.585 p10=0.554 p90=0.591
Iter 0019080: train nll 0.154, valid error 100.000%, best valid error 100.000%, avg grad norm   0.166, avg grad norm (post clip)   0.000, rho_Whh  1.11, Omega  0.00, alpha  0.000, steps in the past 0.000, valid nll 0.098
  [diag] log10|dL/dh_t| hist bins=60 range=(-7.48,-3.79) mean=-6.25 p50=-6.30 p05=-6.97 p95=-5.74
  [diag] sat-dist hist bins=60 sat<0.05=0.0% mean=0.582 p10=0.554 p90=0.588
Iter 0019100: train nll 0.114, valid error 100.000%, best valid error 100.000%, avg grad norm   0.105, avg grad norm (post clip)   0.000, rho_Whh  1.11, Omega  0.00, alpha  0.000, steps in the past 0.000, valid nll 0.098
  [diag] log10|dL/dh_t| hist bins=60 range=(-7.49,-3.79) mean=-6.27 p50=-6.33 p05=-6.98 p95=-5.74
  [diag] sat-dist hist bins=60 sat<0.05=0.0% mean=0.580 p10=0.555 p90=0.586
Iter 0019120: train nll 0.115, valid error 100.000%, best valid error 100.000%, avg grad norm   0.116, avg grad norm (post clip)   0.000, rho_Whh  1.11, Omega  0.00, alpha  0.000, steps in the past 0.000, valid nll 0.098
  [diag] log10|dL/dh_t| hist bins=60 range=(-7.45,-3.82) mean=-6.13 p50=-6.15 p05=-6.94 p95=-5.74
  [diag] sat-dist hist bins=60 sat<0.05=0.0% mean=0.594 p10=0.557 p90=0.602
Iter 0019140: train nll 0.125, valid error 100.000%, best valid error 100.000%, avg grad norm   0.105, avg grad norm (post clip)   0.000, rho_Whh  1.11, Omega  0.00, alpha  0.000, steps in the past 0.000, valid nll 0.098
  [diag] log10|dL/dh_t| hist bins=60 range=(-7.41,-3.83) mean=-5.93 p50=-5.90 p05=-6.89 p95=-5.74
  [diag] sat-dist hist bins=60 sat<0.05=0.0% mean=0.613 p10=0.563 p90=0.626
Iter 0019160: train nll 0.139, valid error 100.000%, best valid error 100.000%, avg grad norm   0.100, avg grad norm (post clip)   0.000, rho_Whh  1.12, Omega  0.00, alpha  0.000, steps in the past 0.000, valid nll 0.098
  [diag] log10|dL/dh_t| hist bins=60 range=(-7.45,-3.81) mean=-6.16 p50=-6.20 p05=-6.94 p95=-5.74
  [diag] sat-dist hist bins=60 sat<0.05=0.0% mean=0.591 p10=0.556 p90=0.598
Iter 0019180: train nll 0.139, valid error 100.000%, best valid error 100.000%, avg grad norm   0.178, avg grad norm (post clip)   0.000, rho_Whh  1.11, Omega  0.00, alpha  0.000, steps in the past 0.000, valid nll 0.098
  [diag] log10|dL/dh_t| hist bins=60 range=(-7.46,-3.81) mean=-6.20 p50=-6.24 p05=-6.95 p95=-5.75
  [diag] sat-dist hist bins=60 sat<0.05=0.0% mean=0.587 p10=0.556 p90=0.594
Iter 0019200: train nll 0.131, valid error 100.000%, best valid error 100.000%, avg grad norm   0.151, avg grad norm (post clip)   0.000, rho_Whh  1.11, Omega  0.00, alpha  0.000, steps in the past 0.000, valid nll 0.098
  [diag] log10|dL/dh_t| hist bins=60 range=(-7.41,-3.83) mean=-5.99 p50=-5.98 p05=-6.90 p95=-5.74
  [diag] sat-dist hist bins=60 sat<0.05=0.0% mean=0.607 p10=0.562 p90=0.618
Iter 0019220: train nll 0.142, valid error 100.000%, best valid error 100.000%, avg grad norm   0.098, avg grad norm (post clip)   0.000, rho_Whh  1.11, Omega  0.00, alpha  0.000, steps in the past 0.000, valid nll 0.098
  [diag] log10|dL/dh_t| hist bins=60 range=(-7.48,-3.79) mean=-6.26 p50=-6.30 p05=-6.97 p95=-5.75
  [diag] sat-dist hist bins=60 sat<0.05=0.0% mean=0.582 p10=0.555 p90=0.588
Iter 0019240: train nll 0.111, valid error 100.000%, best valid error 100.000%, avg grad norm   0.093, avg grad norm (post clip)   0.000, rho_Whh  1.11, Omega  0.00, alpha  0.000, steps in the past 0.000, valid nll 0.098
  [diag] log10|dL/dh_t| hist bins=60 range=(-7.42,-3.83) mean=-6.02 p50=-6.02 p05=-6.90 p95=-5.75
  [diag] sat-dist hist bins=60 sat<0.05=0.0% mean=0.605 p10=0.561 p90=0.615
Iter 0019260: train nll 0.135, valid error 100.000%, best valid error 100.000%, avg grad norm   0.112, avg grad norm (post clip)   0.000, rho_Whh  1.11, Omega  0.00, alpha  0.000, steps in the past 0.000, valid nll 0.098
  [diag] log10|dL/dh_t| hist bins=60 range=(-7.45,-3.81) mean=-6.16 p50=-6.20 p05=-6.94 p95=-5.75
  [diag] sat-dist hist bins=60 sat<0.05=0.0% mean=0.591 p10=0.557 p90=0.598
Iter 0019280: train nll 0.131, valid error 100.000%, best valid error 100.000%, avg grad norm   0.137, avg grad norm (post clip)   0.000, rho_Whh  1.11, Omega  0.00, alpha  0.000, steps in the past 0.000, valid nll 0.098
  [diag] log10|dL/dh_t| hist bins=60 range=(-7.44,-3.82) mean=-6.12 p50=-6.14 p05=-6.93 p95=-5.75
  [diag] sat-dist hist bins=60 sat<0.05=0.0% mean=0.595 p10=0.559 p90=0.604
Iter 0019300: train nll 0.106, valid error 100.000%, best valid error 100.000%, avg grad norm   0.079, avg grad norm (post clip)   0.000, rho_Whh  1.11, Omega  0.00, alpha  0.000, steps in the past 0.000, valid nll 0.098
  [diag] log10|dL/dh_t| hist bins=60 range=(-7.47,-3.80) mean=-6.22 p50=-6.26 p05=-6.96 p95=-5.75
  [diag] sat-dist hist bins=60 sat<0.05=0.0% mean=0.586 p10=0.555 p90=0.593
Iter 0019320: train nll 0.133, valid error 100.000%, best valid error 100.000%, avg grad norm   0.096, avg grad norm (post clip)   0.000, rho_Whh  1.11, Omega  0.00, alpha  0.000, steps in the past 0.000, valid nll 0.098
  [diag] log10|dL/dh_t| hist bins=60 range=(-7.48,-3.80) mean=-6.23 p50=-6.27 p05=-6.97 p95=-5.75
  [diag] sat-dist hist bins=60 sat<0.05=0.0% mean=0.585 p10=0.555 p90=0.591
Iter 0019340: train nll 0.118, valid error 100.000%, best valid error 100.000%, avg grad norm   0.070, avg grad norm (post clip)   0.000, rho_Whh  1.11, Omega  0.00, alpha  0.000, steps in the past 0.000, valid nll 0.098
  [diag] log10|dL/dh_t| hist bins=60 range=(-7.48,-3.80) mean=-6.24 p50=-6.28 p05=-6.97 p95=-5.75
  [diag] sat-dist hist bins=60 sat<0.05=0.0% mean=0.584 p10=0.555 p90=0.590
Iter 0019360: train nll 0.122, valid error 100.000%, best valid error 100.000%, avg grad norm   0.083, avg grad norm (post clip)   0.000, rho_Whh  1.11, Omega  0.00, alpha  0.000, steps in the past 0.000, valid nll 0.098
  [diag] log10|dL/dh_t| hist bins=60 range=(-7.47,-3.81) mean=-6.17 p50=-6.20 p05=-6.96 p95=-5.75
  [diag] sat-dist hist bins=60 sat<0.05=0.0% mean=0.590 p10=0.555 p90=0.598
Iter 0019380: train nll 0.129, valid error 100.000%, best valid error 100.000%, avg grad norm   0.073, avg grad norm (post clip)   0.000, rho_Whh  1.11, Omega  0.00, alpha  0.000, steps in the past 0.000, valid nll 0.098
  [diag] log10|dL/dh_t| hist bins=60 range=(-7.49,-3.80) mean=-6.24 p50=-6.29 p05=-6.98 p95=-5.76
  [diag] sat-dist hist bins=60 sat<0.05=0.0% mean=0.583 p10=0.554 p90=0.590
Iter 0019400: train nll 0.112, valid error 100.000%, best valid error 100.000%, avg grad norm   0.078, avg grad norm (post clip)   0.000, rho_Whh  1.11, Omega  0.00, alpha  0.000, steps in the past 0.000, valid nll 0.098
  [diag] log10|dL/dh_t| hist bins=60 range=(-7.49,-3.80) mean=-6.25 p50=-6.29 p05=-6.99 p95=-5.76
  [diag] sat-dist hist bins=60 sat<0.05=0.0% mean=0.583 p10=0.554 p90=0.589
Iter 0019420: train nll 0.133, valid error 100.000%, best valid error 100.000%, avg grad norm   0.108, avg grad norm (post clip)   0.000, rho_Whh  1.11, Omega  0.00, alpha  0.000, steps in the past 0.000, valid nll 0.097
  [diag] log10|dL/dh_t| hist bins=60 range=(-7.49,-3.80) mean=-6.24 p50=-6.29 p05=-6.98 p95=-5.76
  [diag] sat-dist hist bins=60 sat<0.05=0.0% mean=0.583 p10=0.554 p90=0.590
Iter 0019440: train nll 0.117, valid error 100.000%, best valid error 100.000%, avg grad norm   0.099, avg grad norm (post clip)   0.000, rho_Whh  1.11, Omega  0.00, alpha  0.000, steps in the past 0.000, valid nll 0.097
  [diag] log10|dL/dh_t| hist bins=60 range=(-7.46,-3.82) mean=-6.14 p50=-6.17 p05=-6.95 p95=-5.76
  [diag] sat-dist hist bins=60 sat<0.05=0.0% mean=0.593 p10=0.556 p90=0.601
Iter 0019460: train nll 0.109, valid error 100.000%, best valid error 100.000%, avg grad norm   0.063, avg grad norm (post clip)   0.000, rho_Whh  1.11, Omega  0.00, alpha  0.000, steps in the past 0.000, valid nll 0.098
  [diag] log10|dL/dh_t| hist bins=60 range=(-7.48,-3.80) mean=-6.25 p50=-6.30 p05=-6.98 p95=-5.76
  [diag] sat-dist hist bins=60 sat<0.05=0.0% mean=0.583 p10=0.555 p90=0.589
Iter 0019480: train nll 0.120, valid error 100.000%, best valid error 100.000%, avg grad norm   0.172, avg grad norm (post clip)   0.000, rho_Whh  1.11, Omega  0.00, alpha  0.000, steps in the past 0.000, valid nll 0.097
  [diag] log10|dL/dh_t| hist bins=60 range=(-7.56,-3.72) mean=-6.48 p50=-6.56 p05=-7.07 p95=-5.76
  [diag] sat-dist hist bins=60 sat<0.05=0.0% mean=0.562 p10=0.550 p90=0.564
Iter 0019500: train nll 0.113, valid error 100.000%, best valid error 100.000%, avg grad norm   0.111, avg grad norm (post clip)   0.000, rho_Whh  1.11, Omega  0.00, alpha  0.000, steps in the past 0.000, valid nll 0.098
  [diag] log10|dL/dh_t| hist bins=60 range=(-7.45,-3.82) mean=-6.14 p50=-6.17 p05=-6.94 p95=-5.76
  [diag] sat-dist hist bins=60 sat<0.05=0.0% mean=0.593 p10=0.558 p90=0.601
Iter 0019520: train nll 0.124, valid error 100.000%, best valid error 100.000%, avg grad norm   0.092, avg grad norm (post clip)   0.000, rho_Whh  1.11, Omega  0.00, alpha  0.000, steps in the past 0.000, valid nll 0.098
  [diag] log10|dL/dh_t| hist bins=60 range=(-7.50,-3.79) mean=-6.30 p50=-6.35 p05=-7.00 p95=-5.76
  [diag] sat-dist hist bins=60 sat<0.05=0.0% mean=0.579 p10=0.555 p90=0.584
Iter 0019540: train nll 0.121, valid error 100.000%, best valid error 100.000%, avg grad norm   0.073, avg grad norm (post clip)   0.000, rho_Whh  1.11, Omega  0.00, alpha  0.000, steps in the past 0.000, valid nll 0.098
  [diag] log10|dL/dh_t| hist bins=60 range=(-7.43,-3.83) mean=-6.04 p50=-6.04 p05=-6.92 p95=-5.76
  [diag] sat-dist hist bins=60 sat<0.05=0.0% mean=0.603 p10=0.561 p90=0.613
Iter 0019560: train nll 0.135, valid error 100.000%, best valid error 100.000%, avg grad norm   0.109, avg grad norm (post clip)   0.000, rho_Whh  1.11, Omega  0.00, alpha  0.000, steps in the past 0.000, valid nll 0.098
  [diag] log10|dL/dh_t| hist bins=60 range=(-7.45,-3.82) mean=-6.17 p50=-6.20 p05=-6.94 p95=-5.76
  [diag] sat-dist hist bins=60 sat<0.05=0.0% mean=0.591 p10=0.558 p90=0.599
Iter 0019580: train nll 0.118, valid error 100.000%, best valid error 100.000%, avg grad norm   0.145, avg grad norm (post clip)   0.000, rho_Whh  1.11, Omega  0.00, alpha  0.000, steps in the past 0.000, valid nll 0.097
  [diag] log10|dL/dh_t| hist bins=60 range=(-7.48,-3.80) mean=-6.26 p50=-6.31 p05=-6.98 p95=-5.76
  [diag] sat-dist hist bins=60 sat<0.05=0.0% mean=0.582 p10=0.555 p90=0.588
Iter 0019600: train nll 0.111, valid error 100.000%, best valid error 100.000%, avg grad norm   0.060, avg grad norm (post clip)   0.000, rho_Whh  1.11, Omega  0.00, alpha  0.000, steps in the past 0.000, valid nll 0.097
  [diag] log10|dL/dh_t| hist bins=60 range=(-7.47,-3.81) mean=-6.21 p50=-6.26 p05=-6.96 p95=-5.76
  [diag] sat-dist hist bins=60 sat<0.05=0.0% mean=0.587 p10=0.556 p90=0.593
Iter 0019620: train nll 0.132, valid error 100.000%, best valid error 100.000%, avg grad norm   0.130, avg grad norm (post clip)   0.000, rho_Whh  1.11, Omega  0.00, alpha  0.000, steps in the past 0.000, valid nll 0.097
  [diag] log10|dL/dh_t| hist bins=60 range=(-7.48,-3.80) mean=-6.25 p50=-6.29 p05=-6.98 p95=-5.77
  [diag] sat-dist hist bins=60 sat<0.05=0.0% mean=0.584 p10=0.556 p90=0.590
Iter 0019640: train nll 0.121, valid error 100.000%, best valid error 100.000%, avg grad norm   0.075, avg grad norm (post clip)   0.000, rho_Whh  1.11, Omega  0.00, alpha  0.000, steps in the past 0.000, valid nll 0.097
  [diag] log10|dL/dh_t| hist bins=60 range=(-7.48,-3.81) mean=-6.23 p50=-6.27 p05=-6.97 p95=-5.77
  [diag] sat-dist hist bins=60 sat<0.05=0.0% mean=0.585 p10=0.556 p90=0.592
Iter 0019660: train nll 0.118, valid error 100.000%, best valid error 100.000%, avg grad norm   0.100, avg grad norm (post clip)   0.000, rho_Whh  1.11, Omega  0.00, alpha  0.000, steps in the past 0.000, valid nll 0.097
  [diag] log10|dL/dh_t| hist bins=60 range=(-7.47,-3.81) mean=-6.22 p50=-6.26 p05=-6.97 p95=-5.77
  [diag] sat-dist hist bins=60 sat<0.05=0.0% mean=0.586 p10=0.556 p90=0.593
Iter 0019680: train nll 0.126, valid error 100.000%, best valid error 100.000%, avg grad norm   0.087, avg grad norm (post clip)   0.000, rho_Whh  1.11, Omega  0.00, alpha  0.000, steps in the past 0.000, valid nll 0.097
  [diag] log10|dL/dh_t| hist bins=60 range=(-7.49,-3.80) mean=-6.25 p50=-6.29 p05=-6.98 p95=-5.77
  [diag] sat-dist hist bins=60 sat<0.05=0.0% mean=0.584 p10=0.555 p90=0.590
Iter 0019700: train nll 0.134, valid error 100.000%, best valid error 100.000%, avg grad norm   0.095, avg grad norm (post clip)   0.000, rho_Whh  1.11, Omega  0.00, alpha  0.000, steps in the past 0.000, valid nll 0.097
  [diag] log10|dL/dh_t| hist bins=60 range=(-7.46,-3.82) mean=-6.15 p50=-6.17 p05=-6.95 p95=-5.77
  [diag] sat-dist hist bins=60 sat<0.05=0.0% mean=0.593 p10=0.557 p90=0.601
Iter 0019720: train nll 0.115, valid error 100.000%, best valid error 100.000%, avg grad norm   0.086, avg grad norm (post clip)   0.000, rho_Whh  1.11, Omega  0.00, alpha  0.000, steps in the past 0.000, valid nll 0.097
  [diag] log10|dL/dh_t| hist bins=60 range=(-7.48,-3.81) mean=-6.21 p50=-6.25 p05=-6.97 p95=-5.77
  [diag] sat-dist hist bins=60 sat<0.05=0.0% mean=0.587 p10=0.556 p90=0.594
Iter 0019740: train nll 0.129, valid error 100.000%, best valid error 100.000%, avg grad norm   0.087, avg grad norm (post clip)   0.000, rho_Whh  1.11, Omega  0.00, alpha  0.000, steps in the past 0.000, valid nll 0.097
  [diag] log10|dL/dh_t| hist bins=60 range=(-7.45,-3.82) mean=-6.11 p50=-6.12 p05=-6.94 p95=-5.77
  [diag] sat-dist hist bins=60 sat<0.05=0.0% mean=0.597 p10=0.559 p90=0.606
Iter 0019760: train nll 0.131, valid error 100.000%, best valid error 100.000%, avg grad norm   0.118, avg grad norm (post clip)   0.000, rho_Whh  1.11, Omega  0.00, alpha  0.000, steps in the past 0.000, valid nll 0.098
  [diag] log10|dL/dh_t| hist bins=60 range=(-7.45,-3.83) mean=-6.10 p50=-6.12 p05=-6.94 p95=-5.77
  [diag] sat-dist hist bins=60 sat<0.05=0.0% mean=0.598 p10=0.559 p90=0.607
Iter 0019780: train nll 0.126, valid error 100.000%, best valid error 100.000%, avg grad norm   0.097, avg grad norm (post clip)   0.000, rho_Whh  1.11, Omega  0.00, alpha  0.000, steps in the past 0.000, valid nll 0.098
  [diag] log10|dL/dh_t| hist bins=60 range=(-7.49,-3.81) mean=-6.24 p50=-6.29 p05=-6.99 p95=-5.77
  [diag] sat-dist hist bins=60 sat<0.05=0.0% mean=0.584 p10=0.555 p90=0.591
Iter 0019800: train nll 0.111, valid error 100.000%, best valid error 100.000%, avg grad norm   0.072, avg grad norm (post clip)   0.000, rho_Whh  1.11, Omega  0.00, alpha  0.000, steps in the past 0.000, valid nll 0.097
  [diag] log10|dL/dh_t| hist bins=60 range=(-7.49,-3.81) mean=-6.23 p50=-6.27 p05=-6.98 p95=-5.77
  [diag] sat-dist hist bins=60 sat<0.05=0.0% mean=0.586 p10=0.555 p90=0.592
Iter 0019820: train nll 0.129, valid error 100.000%, best valid error 100.000%, avg grad norm   0.085, avg grad norm (post clip)   0.000, rho_Whh  1.11, Omega  0.00, alpha  0.000, steps in the past 0.000, valid nll 0.097
  [diag] log10|dL/dh_t| hist bins=60 range=(-7.50,-3.80) mean=-6.25 p50=-6.30 p05=-6.99 p95=-5.78
  [diag] sat-dist hist bins=60 sat<0.05=0.0% mean=0.583 p10=0.554 p90=0.590
Iter 0019840: train nll 0.127, valid error 100.000%, best valid error 100.000%, avg grad norm   0.087, avg grad norm (post clip)   0.000, rho_Whh  1.11, Omega  0.00, alpha  0.000, steps in the past 0.000, valid nll 0.097
  [diag] log10|dL/dh_t| hist bins=60 range=(-7.50,-3.81) mean=-6.23 p50=-6.27 p05=-6.99 p95=-5.78
  [diag] sat-dist hist bins=60 sat<0.05=0.0% mean=0.585 p10=0.554 p90=0.592
Iter 0019860: train nll 0.130, valid error 100.000%, best valid error 100.000%, avg grad norm   0.070, avg grad norm (post clip)   0.000, rho_Whh  1.11, Omega  0.00, alpha  0.000, steps in the past 0.000, valid nll 0.097
  [diag] log10|dL/dh_t| hist bins=60 range=(-7.55,-3.77) mean=-6.38 p50=-6.44 p05=-7.05 p95=-5.78
  [diag] sat-dist hist bins=60 sat<0.05=0.0% mean=0.572 p10=0.551 p90=0.576
Iter 0019880: train nll 0.116, valid error 100.000%, best valid error 100.000%, avg grad norm   0.096, avg grad norm (post clip)   0.000, rho_Whh  1.11, Omega  0.00, alpha  0.000, steps in the past 0.000, valid nll 0.098
  [diag] log10|dL/dh_t| hist bins=60 range=(-7.50,-3.81) mean=-6.24 p50=-6.28 p05=-6.99 p95=-5.78
  [diag] sat-dist hist bins=60 sat<0.05=0.0% mean=0.585 p10=0.555 p90=0.592
Iter 0019900: train nll 0.131, valid error 100.000%, best valid error 100.000%, avg grad norm   0.160, avg grad norm (post clip)   0.000, rho_Whh  1.11, Omega  0.00, alpha  0.000, steps in the past 0.000, valid nll 0.097
  [diag] log10|dL/dh_t| hist bins=60 range=(-7.43,-3.84) mean=-5.87 p50=-5.82 p05=-6.91 p95=-5.75
  [diag] sat-dist hist bins=60 sat<0.05=0.0% mean=0.619 p10=0.563 p90=0.635
Iter 0019920: train nll 0.122, valid error 100.000%, best valid error 100.000%, avg grad norm   0.057, avg grad norm (post clip)   0.000, rho_Whh  1.12, Omega  0.00, alpha  0.000, steps in the past 0.000, valid nll 0.098
  [diag] log10|dL/dh_t| hist bins=60 range=(-7.49,-3.82) mean=-6.19 p50=-6.23 p05=-6.98 p95=-5.78
  [diag] sat-dist hist bins=60 sat<0.05=0.0% mean=0.589 p10=0.555 p90=0.596
Iter 0019940: train nll 0.126, valid error 100.000%, best valid error 100.000%, avg grad norm   0.108, avg grad norm (post clip)   0.000, rho_Whh  1.11, Omega  0.00, alpha  0.000, steps in the past 0.000, valid nll 0.097
  [diag] log10|dL/dh_t| hist bins=60 range=(-7.50,-3.81) mean=-6.22 p50=-6.25 p05=-6.99 p95=-5.78
  [diag] sat-dist hist bins=60 sat<0.05=0.0% mean=0.587 p10=0.555 p90=0.594
Iter 0019960: train nll 0.111, valid error 100.000%, best valid error 100.000%, avg grad norm   0.042, avg grad norm (post clip)   0.000, rho_Whh  1.11, Omega  0.00, alpha  0.000, steps in the past 0.000, valid nll 0.097
  [diag] log10|dL/dh_t| hist bins=60 range=(-7.52,-3.80) mean=-6.26 p50=-6.30 p05=-7.01 p95=-5.78
  [diag] sat-dist hist bins=60 sat<0.05=0.0% mean=0.583 p10=0.553 p90=0.589
Iter 0019980: train nll 0.118, valid error 100.000%, best valid error 100.000%, avg grad norm   0.072, avg grad norm (post clip)   0.000, rho_Whh  1.11, Omega  0.00, alpha  0.000, steps in the past 0.000, valid nll 0.097
  [diag] log10|dL/dh_t| hist bins=60 range=(-7.51,-3.81) mean=-6.24 p50=-6.27 p05=-7.00 p95=-5.78
  [diag] sat-dist hist bins=60 sat<0.05=0.0% mean=0.585 p10=0.554 p90=0.592
Iter 0020000: train nll 0.113, valid error 100.000%, best valid error 100.000%, avg grad norm   0.079, avg grad norm (post clip)   0.000, rho_Whh  1.11, Omega  0.00, alpha  0.000, steps in the past 0.000, valid nll 0.097
  [diag] log10|dL/dh_t| hist bins=60 range=(-7.46,-3.83) mean=-6.01 p50=-6.00 p05=-6.94 p95=-5.78
  [diag] sat-dist hist bins=60 sat<0.05=0.0% mean=0.606 p10=0.559 p90=0.618
Iter 0020020: train nll 0.121, valid error 100.000%, best valid error 100.000%, avg grad norm   0.112, avg grad norm (post clip)   0.000, rho_Whh  1.12, Omega  0.00, alpha  0.000, steps in the past 0.000, valid nll 0.098
  [diag] log10|dL/dh_t| hist bins=60 range=(-7.53,-3.80) mean=-6.28 p50=-6.32 p05=-7.02 p95=-5.78
  [diag] sat-dist hist bins=60 sat<0.05=0.0% mean=0.581 p10=0.553 p90=0.587
Iter 0020040: train nll 0.118, valid error 100.000%, best valid error 100.000%, avg grad norm   0.067, avg grad norm (post clip)   0.000, rho_Whh  1.11, Omega  0.00, alpha  0.000, steps in the past 0.000, valid nll 0.097
  [diag] log10|dL/dh_t| hist bins=60 range=(-7.50,-3.82) mean=-6.17 p50=-6.20 p05=-6.99 p95=-5.78
  [diag] sat-dist hist bins=60 sat<0.05=0.0% mean=0.591 p10=0.555 p90=0.599
Iter 0020060: train nll 0.144, valid error 100.000%, best valid error 100.000%, avg grad norm   0.124, avg grad norm (post clip)   0.000, rho_Whh  1.11, Omega  0.00, alpha  0.000, steps in the past 0.000, valid nll 0.097
  [diag] log10|dL/dh_t| hist bins=60 range=(-7.48,-3.83) mean=-6.10 p50=-6.11 p05=-6.96 p95=-5.78
  [diag] sat-dist hist bins=60 sat<0.05=0.0% mean=0.598 p10=0.557 p90=0.607
Iter 0020080: train nll 0.137, valid error 100.000%, best valid error 100.000%, avg grad norm   0.143, avg grad norm (post clip)   0.000, rho_Whh  1.11, Omega  0.00, alpha  0.000, steps in the past 0.000, valid nll 0.097
  [diag] log10|dL/dh_t| hist bins=60 range=(-7.48,-3.83) mean=-6.10 p50=-6.11 p05=-6.96 p95=-5.79
  [diag] sat-dist hist bins=60 sat<0.05=0.0% mean=0.598 p10=0.557 p90=0.608
Iter 0020100: train nll 0.115, valid error 100.000%, best valid error 100.000%, avg grad norm   0.085, avg grad norm (post clip)   0.000, rho_Whh  1.11, Omega  0.00, alpha  0.000, steps in the past 0.000, valid nll 0.097
  [diag] log10|dL/dh_t| hist bins=60 range=(-7.48,-3.83) mean=-6.11 p50=-6.12 p05=-6.96 p95=-5.79
  [diag] sat-dist hist bins=60 sat<0.05=0.0% mean=0.597 p10=0.557 p90=0.606
Iter 0020120: train nll 0.115, valid error 100.000%, best valid error 100.000%, avg grad norm   0.071, avg grad norm (post clip)   0.000, rho_Whh  1.12, Omega  0.00, alpha  0.000, steps in the past 0.000, valid nll 0.097
  [diag] log10|dL/dh_t| hist bins=60 range=(-7.66,-3.66) mean=-6.63 p50=-6.73 p05=-7.16 p95=-5.80
  [diag] sat-dist hist bins=60 sat<0.05=0.0% mean=0.549 p10=0.541 p90=0.550
Iter 0020140: train nll 0.135, valid error 100.000%, best valid error 100.000%, avg grad norm   0.151, avg grad norm (post clip)   0.000, rho_Whh  1.11, Omega  0.00, alpha  0.000, steps in the past 0.000, valid nll 0.098
  [diag] log10|dL/dh_t| hist bins=60 range=(-7.44,-3.84) mean=-5.96 p50=-5.93 p05=-6.92 p95=-5.79
  [diag] sat-dist hist bins=60 sat<0.05=0.0% mean=0.612 p10=0.562 p90=0.625
Iter 0020160: train nll 0.147, valid error 100.000%, best valid error 100.000%, avg grad norm   0.108, avg grad norm (post clip)   0.000, rho_Whh  1.12, Omega  0.00, alpha  0.000, steps in the past 0.000, valid nll 0.098
  [diag] log10|dL/dh_t| hist bins=60 range=(-7.49,-3.82) mean=-6.16 p50=-6.19 p05=-6.97 p95=-5.79
  [diag] sat-dist hist bins=60 sat<0.05=0.0% mean=0.592 p10=0.556 p90=0.600
Iter 0020180: train nll 0.127, valid error 100.000%, best valid error 100.000%, avg grad norm   0.110, avg grad norm (post clip)   0.000, rho_Whh  1.11, Omega  0.00, alpha  0.000, steps in the past 0.000, valid nll 0.097
  [diag] log10|dL/dh_t| hist bins=60 range=(-7.47,-3.83) mean=-6.06 p50=-6.06 p05=-6.95 p95=-5.79
  [diag] sat-dist hist bins=60 sat<0.05=0.0% mean=0.602 p10=0.559 p90=0.612
Iter 0020200: train nll 0.144, valid error 100.000%, best valid error 100.000%, avg grad norm   0.129, avg grad norm (post clip)   0.000, rho_Whh  1.11, Omega  0.00, alpha  0.000, steps in the past 0.000, valid nll 0.098
  [diag] log10|dL/dh_t| hist bins=60 range=(-7.55,-3.78) mean=-6.37 p50=-6.44 p05=-7.05 p95=-5.79
  [diag] sat-dist hist bins=60 sat<0.05=0.0% mean=0.573 p10=0.552 p90=0.577
Iter 0020220: train nll 0.132, valid error 100.000%, best valid error 100.000%, avg grad norm   0.137, avg grad norm (post clip)   0.000, rho_Whh  1.11, Omega  0.00, alpha  0.000, steps in the past 0.000, valid nll 0.097
  [diag] log10|dL/dh_t| hist bins=60 range=(-7.53,-3.79) mean=-6.32 p50=-6.38 p05=-7.03 p95=-5.79
  [diag] sat-dist hist bins=60 sat<0.05=0.0% mean=0.578 p10=0.554 p90=0.583
Iter 0020240: train nll 0.135, valid error 100.000%, best valid error 100.000%, avg grad norm   0.124, avg grad norm (post clip)   0.000, rho_Whh  1.11, Omega  0.00, alpha  0.000, steps in the past 0.000, valid nll 0.097
  [diag] log10|dL/dh_t| hist bins=60 range=(-7.51,-3.81) mean=-6.24 p50=-6.29 p05=-6.99 p95=-5.79
  [diag] sat-dist hist bins=60 sat<0.05=0.0% mean=0.585 p10=0.555 p90=0.591
Iter 0020260: train nll 0.141, valid error 100.000%, best valid error 100.000%, avg grad norm   0.142, avg grad norm (post clip)   0.000, rho_Whh  1.11, Omega  0.00, alpha  0.000, steps in the past 0.000, valid nll 0.097
  [diag] log10|dL/dh_t| hist bins=60 range=(-7.48,-3.82) mean=-6.14 p50=-6.16 p05=-6.96 p95=-5.79
  [diag] sat-dist hist bins=60 sat<0.05=0.0% mean=0.595 p10=0.557 p90=0.604
Iter 0020280: train nll 0.131, valid error 100.000%, best valid error 100.000%, avg grad norm   0.101, avg grad norm (post clip)   0.000, rho_Whh  1.11, Omega  0.00, alpha  0.000, steps in the past 0.000, valid nll 0.097
  [diag] log10|dL/dh_t| hist bins=60 range=(-7.52,-3.81) mean=-6.26 p50=-6.31 p05=-7.00 p95=-5.80
  [diag] sat-dist hist bins=60 sat<0.05=0.0% mean=0.583 p10=0.555 p90=0.589
Iter 0020300: train nll 0.113, valid error 100.000%, best valid error 100.000%, avg grad norm   0.054, avg grad norm (post clip)   0.000, rho_Whh  1.11, Omega  0.00, alpha  0.000, steps in the past 0.000, valid nll 0.097
  [diag] log10|dL/dh_t| hist bins=60 range=(-7.49,-3.82) mean=-6.14 p50=-6.17 p05=-6.97 p95=-5.80
  [diag] sat-dist hist bins=60 sat<0.05=0.0% mean=0.594 p10=0.557 p90=0.603
Iter 0020320: train nll 0.109, valid error 100.000%, best valid error 100.000%, avg grad norm   0.065, avg grad norm (post clip)   0.000, rho_Whh  1.11, Omega  0.00, alpha  0.000, steps in the past 0.000, valid nll 0.097
  [diag] log10|dL/dh_t| hist bins=60 range=(-7.49,-3.82) mean=-6.17 p50=-6.19 p05=-6.98 p95=-5.80
  [diag] sat-dist hist bins=60 sat<0.05=0.0% mean=0.592 p10=0.556 p90=0.600
Iter 0020340: train nll 0.127, valid error 100.000%, best valid error 100.000%, avg grad norm   0.102, avg grad norm (post clip)   0.000, rho_Whh  1.11, Omega  0.00, alpha  0.000, steps in the past 0.000, valid nll 0.097
  [diag] log10|dL/dh_t| hist bins=60 range=(-7.52,-3.81) mean=-6.27 p50=-6.32 p05=-7.01 p95=-5.80
  [diag] sat-dist hist bins=60 sat<0.05=0.0% mean=0.583 p10=0.555 p90=0.589
Iter 0020360: train nll 0.128, valid error 100.000%, best valid error 100.000%, avg grad norm   0.119, avg grad norm (post clip)   0.000, rho_Whh  1.11, Omega  0.00, alpha  0.000, steps in the past 0.000, valid nll 0.097
  [diag] log10|dL/dh_t| hist bins=60 range=(-7.51,-3.81) mean=-6.22 p50=-6.26 p05=-6.99 p95=-5.80
  [diag] sat-dist hist bins=60 sat<0.05=0.0% mean=0.587 p10=0.556 p90=0.594
Iter 0020380: train nll 0.112, valid error 100.000%, best valid error 100.000%, avg grad norm   0.058, avg grad norm (post clip)   0.000, rho_Whh  1.11, Omega  0.00, alpha  0.000, steps in the past 0.000, valid nll 0.097
  [diag] log10|dL/dh_t| hist bins=60 range=(-7.52,-3.81) mean=-6.27 p50=-6.31 p05=-7.01 p95=-5.80
  [diag] sat-dist hist bins=60 sat<0.05=0.0% mean=0.583 p10=0.554 p90=0.589
Iter 0020400: train nll 0.123, valid error 100.000%, best valid error 100.000%, avg grad norm   0.092, avg grad norm (post clip)   0.000, rho_Whh  1.11, Omega  0.00, alpha  0.000, steps in the past 0.000, valid nll 0.097
  [diag] log10|dL/dh_t| hist bins=60 range=(-7.52,-3.81) mean=-6.26 p50=-6.30 p05=-7.01 p95=-5.80
  [diag] sat-dist hist bins=60 sat<0.05=0.0% mean=0.584 p10=0.555 p90=0.590
Iter 0020420: train nll 0.121, valid error 100.000%, best valid error 100.000%, avg grad norm   0.080, avg grad norm (post clip)   0.000, rho_Whh  1.11, Omega  0.00, alpha  0.000, steps in the past 0.000, valid nll 0.097
  [diag] log10|dL/dh_t| hist bins=60 range=(-7.50,-3.82) mean=-6.17 p50=-6.20 p05=-6.98 p95=-5.80
  [diag] sat-dist hist bins=60 sat<0.05=0.0% mean=0.591 p10=0.556 p90=0.600
Iter 0020440: train nll 0.137, valid error 100.000%, best valid error 100.000%, avg grad norm   0.098, avg grad norm (post clip)   0.000, rho_Whh  1.11, Omega  0.00, alpha  0.000, steps in the past 0.000, valid nll 0.097
  [diag] log10|dL/dh_t| hist bins=60 range=(-7.48,-3.83) mean=-6.07 p50=-6.07 p05=-6.96 p95=-5.80
  [diag] sat-dist hist bins=60 sat<0.05=0.0% mean=0.601 p10=0.558 p90=0.612
Iter 0020460: train nll 0.137, valid error 100.000%, best valid error 100.000%, avg grad norm   0.116, avg grad norm (post clip)   0.000, rho_Whh  1.12, Omega  0.00, alpha  0.000, steps in the past 0.000, valid nll 0.097
  [diag] log10|dL/dh_t| hist bins=60 range=(-7.52,-3.81) mean=-6.24 p50=-6.28 p05=-7.01 p95=-5.80
  [diag] sat-dist hist bins=60 sat<0.05=0.0% mean=0.586 p10=0.555 p90=0.593
Iter 0020480: train nll 0.118, valid error 100.000%, best valid error 100.000%, avg grad norm   0.100, avg grad norm (post clip)   0.000, rho_Whh  1.11, Omega  0.00, alpha  0.000, steps in the past 0.000, valid nll 0.097
  [diag] log10|dL/dh_t| hist bins=60 range=(-7.52,-3.81) mean=-6.24 p50=-6.27 p05=-7.01 p95=-5.80
  [diag] sat-dist hist bins=60 sat<0.05=0.0% mean=0.586 p10=0.555 p90=0.593
Iter 0020500: train nll 0.136, valid error 100.000%, best valid error 100.000%, avg grad norm   0.121, avg grad norm (post clip)   0.000, rho_Whh  1.11, Omega  0.00, alpha  0.000, steps in the past 0.000, valid nll 0.097
  [diag] log10|dL/dh_t| hist bins=60 range=(-7.47,-3.84) mean=-5.99 p50=-5.98 p05=-6.95 p95=-5.80
  [diag] sat-dist hist bins=60 sat<0.05=0.0% mean=0.608 p10=0.560 p90=0.621
Iter 0020520: train nll 0.124, valid error 100.000%, best valid error 100.000%, avg grad norm   0.084, avg grad norm (post clip)   0.000, rho_Whh  1.12, Omega  0.00, alpha  0.000, steps in the past 0.000, valid nll 0.098
  [diag] log10|dL/dh_t| hist bins=60 range=(-7.53,-3.80) mean=-6.29 p50=-6.34 p05=-7.02 p95=-5.81
  [diag] sat-dist hist bins=60 sat<0.05=0.0% mean=0.581 p10=0.555 p90=0.586
Iter 0020540: train nll 0.124, valid error 100.000%, best valid error 100.000%, avg grad norm   0.160, avg grad norm (post clip)   0.000, rho_Whh  1.11, Omega  0.00, alpha  0.000, steps in the past 0.000, valid nll 0.097
  [diag] log10|dL/dh_t| hist bins=60 range=(-7.51,-3.82) mean=-6.23 p50=-6.27 p05=-7.00 p95=-5.81
  [diag] sat-dist hist bins=60 sat<0.05=0.0% mean=0.586 p10=0.556 p90=0.593
Iter 0020560: train nll 0.129, valid error 100.000%, best valid error 100.000%, avg grad norm   0.061, avg grad norm (post clip)   0.000, rho_Whh  1.11, Omega  0.00, alpha  0.000, steps in the past 0.000, valid nll 0.097
  [diag] log10|dL/dh_t| hist bins=60 range=(-7.54,-3.80) mean=-6.30 p50=-6.35 p05=-7.02 p95=-5.81
  [diag] sat-dist hist bins=60 sat<0.05=0.0% mean=0.580 p10=0.554 p90=0.586
Iter 0020580: train nll 0.134, valid error 100.000%, best valid error 100.000%, avg grad norm   0.099, avg grad norm (post clip)   0.000, rho_Whh  1.11, Omega  0.00, alpha  0.000, steps in the past 0.000, valid nll 0.097
  [diag] log10|dL/dh_t| hist bins=60 range=(-7.52,-3.81) mean=-6.25 p50=-6.29 p05=-7.01 p95=-5.81
  [diag] sat-dist hist bins=60 sat<0.05=0.0% mean=0.585 p10=0.555 p90=0.591
Iter 0020600: train nll 0.108, valid error 100.000%, best valid error 100.000%, avg grad norm   0.043, avg grad norm (post clip)   0.000, rho_Whh  1.11, Omega  0.00, alpha  0.000, steps in the past 0.000, valid nll 0.097
  [diag] log10|dL/dh_t| hist bins=60 range=(-7.50,-3.82) mean=-6.17 p50=-6.20 p05=-6.98 p95=-5.81
  [diag] sat-dist hist bins=60 sat<0.05=0.0% mean=0.592 p10=0.557 p90=0.600
Iter 0020620: train nll 0.141, valid error 100.000%, best valid error 100.000%, avg grad norm   0.119, avg grad norm (post clip)   0.000, rho_Whh  1.11, Omega  0.00, alpha  0.000, steps in the past 0.000, valid nll 0.097
  [diag] log10|dL/dh_t| hist bins=60 range=(-7.53,-3.81) mean=-6.27 p50=-6.31 p05=-7.02 p95=-5.81
  [diag] sat-dist hist bins=60 sat<0.05=0.0% mean=0.583 p10=0.555 p90=0.590
Iter 0020640: train nll 0.130, valid error 100.000%, best valid error 100.000%, avg grad norm   0.105, avg grad norm (post clip)   0.000, rho_Whh  1.11, Omega  0.00, alpha  0.000, steps in the past 0.000, valid nll 0.097
  [diag] log10|dL/dh_t| hist bins=60 range=(-7.57,-3.79) mean=-6.38 p50=-6.44 p05=-7.06 p95=-5.81
  [diag] sat-dist hist bins=60 sat<0.05=0.0% mean=0.573 p10=0.553 p90=0.577
Iter 0020660: train nll 0.125, valid error 100.000%, best valid error 100.000%, avg grad norm   0.115, avg grad norm (post clip)   0.000, rho_Whh  1.11, Omega  0.00, alpha  0.000, steps in the past 0.000, valid nll 0.097
  [diag] log10|dL/dh_t| hist bins=60 range=(-7.53,-3.81) mean=-6.25 p50=-6.29 p05=-7.01 p95=-5.81
  [diag] sat-dist hist bins=60 sat<0.05=0.0% mean=0.585 p10=0.555 p90=0.592
Iter 0020680: train nll 0.135, valid error 100.000%, best valid error 100.000%, avg grad norm   0.095, avg grad norm (post clip)   0.000, rho_Whh  1.11, Omega  0.00, alpha  0.000, steps in the past 0.000, valid nll 0.097
  [diag] log10|dL/dh_t| hist bins=60 range=(-7.52,-3.82) mean=-6.20 p50=-6.23 p05=-7.00 p95=-5.81
  [diag] sat-dist hist bins=60 sat<0.05=0.0% mean=0.589 p10=0.556 p90=0.597
Iter 0020700: train nll 0.120, valid error 100.000%, best valid error 100.000%, avg grad norm   0.071, avg grad norm (post clip)   0.000, rho_Whh  1.11, Omega  0.00, alpha  0.000, steps in the past 0.000, valid nll 0.097
  [diag] log10|dL/dh_t| hist bins=60 range=(-7.53,-3.81) mean=-6.26 p50=-6.30 p05=-7.02 p95=-5.81
  [diag] sat-dist hist bins=60 sat<0.05=0.0% mean=0.584 p10=0.555 p90=0.591
Iter 0020720: train nll 0.127, valid error 100.000%, best valid error 100.000%, avg grad norm   0.076, avg grad norm (post clip)   0.000, rho_Whh  1.11, Omega  0.00, alpha  0.000, steps in the past 0.000, valid nll 0.097
  [diag] log10|dL/dh_t| hist bins=60 range=(-7.54,-3.81) mean=-6.30 p50=-6.35 p05=-7.03 p95=-5.82
  [diag] sat-dist hist bins=60 sat<0.05=0.0% mean=0.580 p10=0.554 p90=0.586
Iter 0020740: train nll 0.113, valid error 100.000%, best valid error 100.000%, avg grad norm   0.106, avg grad norm (post clip)   0.000, rho_Whh  1.11, Omega  0.00, alpha  0.000, steps in the past 0.000, valid nll 0.097
  [diag] log10|dL/dh_t| hist bins=60 range=(-7.54,-3.81) mean=-6.29 p50=-6.33 p05=-7.03 p95=-5.82
  [diag] sat-dist hist bins=60 sat<0.05=0.0% mean=0.582 p10=0.554 p90=0.588
Iter 0020760: train nll 0.117, valid error 100.000%, best valid error 100.000%, avg grad norm   0.061, avg grad norm (post clip)   0.000, rho_Whh  1.11, Omega  0.00, alpha  0.000, steps in the past 0.000, valid nll 0.097
  [diag] log10|dL/dh_t| hist bins=60 range=(-7.50,-3.83) mean=-6.14 p50=-6.16 p05=-6.98 p95=-5.82
  [diag] sat-dist hist bins=60 sat<0.05=0.0% mean=0.595 p10=0.557 p90=0.604
Iter 0020780: train nll 0.129, valid error 100.000%, best valid error 100.000%, avg grad norm   0.105, avg grad norm (post clip)   0.000, rho_Whh  1.11, Omega  0.00, alpha  0.000, steps in the past 0.000, valid nll 0.097
  [diag] log10|dL/dh_t| hist bins=60 range=(-7.50,-3.83) mean=-6.13 p50=-6.15 p05=-6.98 p95=-5.82
  [diag] sat-dist hist bins=60 sat<0.05=0.0% mean=0.596 p10=0.557 p90=0.605
Iter 0020800: train nll 0.121, valid error 100.000%, best valid error 100.000%, avg grad norm   0.092, avg grad norm (post clip)   0.000, rho_Whh  1.11, Omega  0.00, alpha  0.000, steps in the past 0.000, valid nll 0.097
  [diag] log10|dL/dh_t| hist bins=60 range=(-7.51,-3.82) mean=-6.17 p50=-6.19 p05=-6.99 p95=-5.82
  [diag] sat-dist hist bins=60 sat<0.05=0.0% mean=0.592 p10=0.556 p90=0.601
Iter 0020820: train nll 0.137, valid error 100.000%, best valid error 100.000%, avg grad norm   0.115, avg grad norm (post clip)   0.000, rho_Whh  1.11, Omega  0.00, alpha  0.000, steps in the past 0.000, valid nll 0.097
  [diag] log10|dL/dh_t| hist bins=60 range=(-7.57,-3.79) mean=-6.35 p50=-6.41 p05=-7.05 p95=-5.82
  [diag] sat-dist hist bins=60 sat<0.05=0.0% mean=0.575 p10=0.553 p90=0.580
Iter 0020840: train nll 0.129, valid error 100.000%, best valid error 100.000%, avg grad norm   0.124, avg grad norm (post clip)   0.000, rho_Whh  1.11, Omega  0.00, alpha  0.000, steps in the past 0.000, valid nll 0.097
  [diag] log10|dL/dh_t| hist bins=60 range=(-7.52,-3.82) mean=-6.17 p50=-6.20 p05=-6.99 p95=-5.82
  [diag] sat-dist hist bins=60 sat<0.05=0.0% mean=0.592 p10=0.556 p90=0.600
Iter 0020860: train nll 0.121, valid error 100.000%, best valid error 100.000%, avg grad norm   0.069, avg grad norm (post clip)   0.000, rho_Whh  1.11, Omega  0.00, alpha  0.000, steps in the past 0.000, valid nll 0.097
  [diag] log10|dL/dh_t| hist bins=60 range=(-7.54,-3.81) mean=-6.27 p50=-6.31 p05=-7.02 p95=-5.82
  [diag] sat-dist hist bins=60 sat<0.05=0.0% mean=0.584 p10=0.554 p90=0.590
Iter 0020880: train nll 0.108, valid error 100.000%, best valid error 100.000%, avg grad norm   0.073, avg grad norm (post clip)   0.000, rho_Whh  1.11, Omega  0.00, alpha  0.000, steps in the past 0.000, valid nll 0.097
  [diag] log10|dL/dh_t| hist bins=60 range=(-7.49,-3.83) mean=-6.05 p50=-6.04 p05=-6.97 p95=-5.82
  [diag] sat-dist hist bins=60 sat<0.05=0.0% mean=0.604 p10=0.559 p90=0.615
Iter 0020900: train nll 0.123, valid error 100.000%, best valid error 100.000%, avg grad norm   0.070, avg grad norm (post clip)   0.000, rho_Whh  1.12, Omega  0.00, alpha  0.000, steps in the past 0.000, valid nll 0.098
  [diag] log10|dL/dh_t| hist bins=60 range=(-7.59,-3.78) mean=-6.42 p50=-6.48 p05=-7.08 p95=-5.83
  [diag] sat-dist hist bins=60 sat<0.05=0.0% mean=0.570 p10=0.552 p90=0.574
Iter 0020920: train nll 0.135, valid error 100.000%, best valid error 100.000%, avg grad norm   0.145, avg grad norm (post clip)   0.000, rho_Whh  1.11, Omega  0.00, alpha  0.000, steps in the past 0.000, valid nll 0.097
  [diag] log10|dL/dh_t| hist bins=60 range=(-7.57,-3.80) mean=-6.35 p50=-6.40 p05=-7.05 p95=-5.83
  [diag] sat-dist hist bins=60 sat<0.05=0.0% mean=0.576 p10=0.553 p90=0.581
Iter 0020940: train nll 0.127, valid error 100.000%, best valid error 100.000%, avg grad norm   0.100, avg grad norm (post clip)   0.000, rho_Whh  1.11, Omega  0.00, alpha  0.000, steps in the past 0.000, valid nll 0.097
  [diag] log10|dL/dh_t| hist bins=60 range=(-7.55,-3.81) mean=-6.29 p50=-6.34 p05=-7.03 p95=-5.83
  [diag] sat-dist hist bins=60 sat<0.05=0.0% mean=0.581 p10=0.554 p90=0.588
Iter 0020960: train nll 0.121, valid error 100.000%, best valid error 100.000%, avg grad norm   0.093, avg grad norm (post clip)   0.000, rho_Whh  1.11, Omega  0.00, alpha  0.000, steps in the past 0.000, valid nll 0.097
  [diag] log10|dL/dh_t| hist bins=60 range=(-7.51,-3.83) mean=-6.13 p50=-6.15 p05=-6.99 p95=-5.82
  [diag] sat-dist hist bins=60 sat<0.05=0.0% mean=0.596 p10=0.557 p90=0.605
Iter 0020980: train nll 0.134, valid error 100.000%, best valid error 100.000%, avg grad norm   0.100, avg grad norm (post clip)   0.000, rho_Whh  1.11, Omega  0.00, alpha  0.000, steps in the past 0.000, valid nll 0.097
  [diag] log10|dL/dh_t| hist bins=60 range=(-7.55,-3.81) mean=-6.29 p50=-6.34 p05=-7.03 p95=-5.83
  [diag] sat-dist hist bins=60 sat<0.05=0.0% mean=0.582 p10=0.554 p90=0.588
Iter 0021000: train nll 0.132, valid error 100.000%, best valid error 100.000%, avg grad norm   0.113, avg grad norm (post clip)   0.000, rho_Whh  1.11, Omega  0.00, alpha  0.000, steps in the past 0.000, valid nll 0.097
  [diag] log10|dL/dh_t| hist bins=60 range=(-7.52,-3.83) mean=-6.18 p50=-6.20 p05=-7.00 p95=-5.83
  [diag] sat-dist hist bins=60 sat<0.05=0.0% mean=0.592 p10=0.556 p90=0.601
Iter 0021020: train nll 0.136, valid error 100.000%, best valid error 100.000%, avg grad norm   0.095, avg grad norm (post clip)   0.000, rho_Whh  1.11, Omega  0.00, alpha  0.000, steps in the past 0.000, valid nll 0.097
  [diag] log10|dL/dh_t| hist bins=60 range=(-7.54,-3.82) mean=-6.25 p50=-6.29 p05=-7.02 p95=-5.83
  [diag] sat-dist hist bins=60 sat<0.05=0.0% mean=0.585 p10=0.555 p90=0.592
Iter 0021040: train nll 0.132, valid error 100.000%, best valid error 100.000%, avg grad norm   0.124, avg grad norm (post clip)   0.000, rho_Whh  1.11, Omega  0.00, alpha  0.000, steps in the past 0.000, valid nll 0.097
  [diag] log10|dL/dh_t| hist bins=60 range=(-7.53,-3.82) mean=-6.20 p50=-6.22 p05=-7.01 p95=-5.83
  [diag] sat-dist hist bins=60 sat<0.05=0.0% mean=0.590 p10=0.556 p90=0.598
Iter 0021060: train nll 0.115, valid error 100.000%, best valid error 100.000%, avg grad norm   0.064, avg grad norm (post clip)   0.000, rho_Whh  1.11, Omega  0.00, alpha  0.000, steps in the past 0.000, valid nll 0.097
  [diag] log10|dL/dh_t| hist bins=60 range=(-7.51,-3.83) mean=-6.12 p50=-6.13 p05=-6.99 p95=-5.83
  [diag] sat-dist hist bins=60 sat<0.05=0.0% mean=0.597 p10=0.557 p90=0.607
Iter 0021080: train nll 0.126, valid error 100.000%, best valid error 100.000%, avg grad norm   0.095, avg grad norm (post clip)   0.000, rho_Whh  1.11, Omega  0.00, alpha  0.000, steps in the past 0.000, valid nll 0.097
  [diag] log10|dL/dh_t| hist bins=60 range=(-7.58,-3.80) mean=-6.36 p50=-6.42 p05=-7.06 p95=-5.83
  [diag] sat-dist hist bins=60 sat<0.05=0.0% mean=0.575 p10=0.553 p90=0.580
Iter 0021100: train nll 0.125, valid error 100.000%, best valid error 100.000%, avg grad norm   0.103, avg grad norm (post clip)   0.000, rho_Whh  1.11, Omega  0.00, alpha  0.000, steps in the past 0.000, valid nll 0.097
  [diag] log10|dL/dh_t| hist bins=60 range=(-7.55,-3.81) mean=-6.27 p50=-6.31 p05=-7.03 p95=-5.83
  [diag] sat-dist hist bins=60 sat<0.05=0.0% mean=0.584 p10=0.554 p90=0.590
Iter 0021120: train nll 0.103, valid error 100.000%, best valid error 100.000%, avg grad norm   0.048, avg grad norm (post clip)   0.000, rho_Whh  1.11, Omega  0.00, alpha  0.000, steps in the past 0.000, valid nll 0.097
  [diag] log10|dL/dh_t| hist bins=60 range=(-7.50,-3.84) mean=-6.04 p50=-6.03 p05=-6.97 p95=-5.83
  [diag] sat-dist hist bins=60 sat<0.05=0.0% mean=0.605 p10=0.559 p90=0.616
Iter 0021140: train nll 0.136, valid error 100.000%, best valid error 100.000%, avg grad norm   0.141, avg grad norm (post clip)   0.000, rho_Whh  1.12, Omega  0.00, alpha  0.000, steps in the past 0.000, valid nll 0.097
  [diag] log10|dL/dh_t| hist bins=60 range=(-7.54,-3.82) mean=-6.23 p50=-6.27 p05=-7.02 p95=-5.83
  [diag] sat-dist hist bins=60 sat<0.05=0.0% mean=0.587 p10=0.555 p90=0.594
Iter 0021160: train nll 0.108, valid error 100.000%, best valid error 100.000%, avg grad norm   0.051, avg grad norm (post clip)   0.000, rho_Whh  1.11, Omega  0.00, alpha  0.000, steps in the past 0.000, valid nll 0.097
  [diag] log10|dL/dh_t| hist bins=60 range=(-7.52,-3.83) mean=-6.11 p50=-6.11 p05=-6.99 p95=-5.83
  [diag] sat-dist hist bins=60 sat<0.05=0.0% mean=0.599 p10=0.557 p90=0.609
Iter 0021180: train nll 0.119, valid error 100.000%, best valid error 100.000%, avg grad norm   0.076, avg grad norm (post clip)   0.000, rho_Whh  1.12, Omega  0.00, alpha  0.000, steps in the past 0.000, valid nll 0.097
  [diag] log10|dL/dh_t| hist bins=60 range=(-7.56,-3.81) mean=-6.27 p50=-6.31 p05=-7.04 p95=-5.84
  [diag] sat-dist hist bins=60 sat<0.05=0.0% mean=0.584 p10=0.554 p90=0.590
Iter 0021200: train nll 0.119, valid error 100.000%, best valid error 100.000%, avg grad norm   0.071, avg grad norm (post clip)   0.000, rho_Whh  1.11, Omega  0.00, alpha  0.000, steps in the past 0.000, valid nll 0.097
  [diag] log10|dL/dh_t| hist bins=60 range=(-7.56,-3.82) mean=-6.27 p50=-6.31 p05=-7.04 p95=-5.84
  [diag] sat-dist hist bins=60 sat<0.05=0.0% mean=0.584 p10=0.554 p90=0.591
Iter 0021220: train nll 0.120, valid error 100.000%, best valid error 100.000%, avg grad norm   0.090, avg grad norm (post clip)   0.000, rho_Whh  1.11, Omega  0.00, alpha  0.000, steps in the past 0.000, valid nll 0.097
  [diag] log10|dL/dh_t| hist bins=60 range=(-7.57,-3.81) mean=-6.30 p50=-6.35 p05=-7.05 p95=-5.84
  [diag] sat-dist hist bins=60 sat<0.05=0.0% mean=0.581 p10=0.553 p90=0.587
Iter 0021240: train nll 0.118, valid error 100.000%, best valid error 100.000%, avg grad norm   0.073, avg grad norm (post clip)   0.000, rho_Whh  1.11, Omega  0.00, alpha  0.000, steps in the past 0.000, valid nll 0.097
  [diag] log10|dL/dh_t| hist bins=60 range=(-7.53,-3.83) mean=-6.17 p50=-6.19 p05=-7.01 p95=-5.84
  [diag] sat-dist hist bins=60 sat<0.05=0.0% mean=0.593 p10=0.556 p90=0.602
Iter 0021260: train nll 0.121, valid error 100.000%, best valid error 100.000%, avg grad norm   0.123, avg grad norm (post clip)   0.000, rho_Whh  1.11, Omega  0.00, alpha  0.000, steps in the past 0.000, valid nll 0.097
  [diag] log10|dL/dh_t| hist bins=60 range=(-7.56,-3.81) mean=-6.29 p50=-6.33 p05=-7.04 p95=-5.84
  [diag] sat-dist hist bins=60 sat<0.05=0.0% mean=0.582 p10=0.554 p90=0.589
Iter 0021280: train nll 0.109, valid error 100.000%, best valid error 100.000%, avg grad norm   0.050, avg grad norm (post clip)   0.000, rho_Whh  1.11, Omega  0.00, alpha  0.000, steps in the past 0.000, valid nll 0.097
  [diag] log10|dL/dh_t| hist bins=60 range=(-7.57,-3.81) mean=-6.32 p50=-6.36 p05=-7.05 p95=-5.84
  [diag] sat-dist hist bins=60 sat<0.05=0.0% mean=0.580 p10=0.553 p90=0.586
Iter 0021300: train nll 0.125, valid error 100.000%, best valid error 100.000%, avg grad norm   0.103, avg grad norm (post clip)   0.000, rho_Whh  1.11, Omega  0.00, alpha  0.000, steps in the past 0.000, valid nll 0.097
  [diag] log10|dL/dh_t| hist bins=60 range=(-7.55,-3.83) mean=-6.19 p50=-6.22 p05=-7.02 p95=-5.84
  [diag] sat-dist hist bins=60 sat<0.05=0.0% mean=0.591 p10=0.555 p90=0.599
Iter 0021320: train nll 0.122, valid error 100.000%, best valid error 100.000%, avg grad norm   0.064, avg grad norm (post clip)   0.000, rho_Whh  1.12, Omega  0.00, alpha  0.000, steps in the past 0.000, valid nll 0.097
  [diag] log10|dL/dh_t| hist bins=60 range=(-7.55,-3.82) mean=-6.21 p50=-6.24 p05=-7.02 p95=-5.84
  [diag] sat-dist hist bins=60 sat<0.05=0.0% mean=0.589 p10=0.555 p90=0.597
Iter 0021340: train nll 0.137, valid error 100.000%, best valid error 100.000%, avg grad norm   0.134, avg grad norm (post clip)   0.000, rho_Whh  1.11, Omega  0.00, alpha  0.000, steps in the past 0.000, valid nll 0.097
  [diag] log10|dL/dh_t| hist bins=60 range=(-7.53,-3.83) mean=-6.14 p50=-6.15 p05=-7.01 p95=-5.84
  [diag] sat-dist hist bins=60 sat<0.05=0.0% mean=0.596 p10=0.556 p90=0.605
Iter 0021360: train nll 0.119, valid error 100.000%, best valid error 100.000%, avg grad norm   0.081, avg grad norm (post clip)   0.000, rho_Whh  1.12, Omega  0.00, alpha  0.000, steps in the past 0.000, valid nll 0.097
  [diag] log10|dL/dh_t| hist bins=60 range=(-7.51,-3.84) mean=-5.97 p50=-5.94 p05=-6.97 p95=-5.84
  [diag] sat-dist hist bins=60 sat<0.05=0.0% mean=0.611 p10=0.559 p90=0.626
Iter 0021380: train nll 0.138, valid error 100.000%, best valid error 100.000%, avg grad norm   0.096, avg grad norm (post clip)   0.000, rho_Whh  1.12, Omega  0.00, alpha  0.000, steps in the past 0.000, valid nll 0.098
  [diag] log10|dL/dh_t| hist bins=60 range=(-7.56,-3.82) mean=-6.21 p50=-6.24 p05=-7.03 p95=-5.84
  [diag] sat-dist hist bins=60 sat<0.05=0.0% mean=0.589 p10=0.555 p90=0.597
Iter 0021400: train nll 0.132, valid error 100.000%, best valid error 100.000%, avg grad norm   0.109, avg grad norm (post clip)   0.000, rho_Whh  1.12, Omega  0.00, alpha  0.000, steps in the past 0.000, valid nll 0.097
  [diag] log10|dL/dh_t| hist bins=60 range=(-7.56,-3.82) mean=-6.23 p50=-6.26 p05=-7.04 p95=-5.84
  [diag] sat-dist hist bins=60 sat<0.05=0.0% mean=0.587 p10=0.554 p90=0.595
Iter 0021420: train nll 0.124, valid error 100.000%, best valid error 100.000%, avg grad norm   0.076, avg grad norm (post clip)   0.000, rho_Whh  1.12, Omega  0.00, alpha  0.000, steps in the past 0.000, valid nll 0.097
  [diag] log10|dL/dh_t| hist bins=60 range=(-7.54,-3.83) mean=-6.15 p50=-6.16 p05=-7.01 p95=-5.84
  [diag] sat-dist hist bins=60 sat<0.05=0.0% mean=0.595 p10=0.556 p90=0.605
Iter 0021440: train nll 0.131, valid error 100.000%, best valid error 100.000%, avg grad norm   0.102, avg grad norm (post clip)   0.000, rho_Whh  1.12, Omega  0.00, alpha  0.000, steps in the past 0.000, valid nll 0.097
  [diag] log10|dL/dh_t| hist bins=60 range=(-7.57,-3.82) mean=-6.27 p50=-6.30 p05=-7.05 p95=-5.85
  [diag] sat-dist hist bins=60 sat<0.05=0.0% mean=0.584 p10=0.554 p90=0.591
Iter 0021460: train nll 0.119, valid error 100.000%, best valid error 100.000%, avg grad norm   0.090, avg grad norm (post clip)   0.000, rho_Whh  1.11, Omega  0.00, alpha  0.000, steps in the past 0.000, valid nll 0.097
  [diag] log10|dL/dh_t| hist bins=60 range=(-7.54,-3.83) mean=-6.09 p50=-6.09 p05=-7.00 p95=-5.85
  [diag] sat-dist hist bins=60 sat<0.05=0.0% mean=0.600 p10=0.556 p90=0.611
Iter 0021480: train nll 0.130, valid error 100.000%, best valid error 100.000%, avg grad norm   0.092, avg grad norm (post clip)   0.000, rho_Whh  1.12, Omega  0.00, alpha  0.000, steps in the past 0.000, valid nll 0.097
  [diag] log10|dL/dh_t| hist bins=60 range=(-7.53,-3.84) mean=-6.06 p50=-6.05 p05=-7.00 p95=-5.85
  [diag] sat-dist hist bins=60 sat<0.05=0.0% mean=0.603 p10=0.557 p90=0.615
Iter 0021500: train nll 0.132, valid error 100.000%, best valid error 100.000%, avg grad norm   0.088, avg grad norm (post clip)   0.000, rho_Whh  1.12, Omega  0.00, alpha  0.000, steps in the past 0.000, valid nll 0.097
  [diag] log10|dL/dh_t| hist bins=60 range=(-7.59,-3.81) mean=-6.31 p50=-6.35 p05=-7.06 p95=-5.85
  [diag] sat-dist hist bins=60 sat<0.05=0.0% mean=0.581 p10=0.553 p90=0.587
Iter 0021520: train nll 0.108, valid error 100.000%, best valid error 100.000%, avg grad norm   0.095, avg grad norm (post clip)   0.000, rho_Whh  1.11, Omega  0.00, alpha  0.000, steps in the past 0.000, valid nll 0.097
  [diag] log10|dL/dh_t| hist bins=60 range=(-7.58,-3.81) mean=-6.29 p50=-6.33 p05=-7.06 p95=-5.85
  [diag] sat-dist hist bins=60 sat<0.05=0.0% mean=0.582 p10=0.553 p90=0.589
Iter 0021540: train nll 0.118, valid error 100.000%, best valid error 100.000%, avg grad norm   0.076, avg grad norm (post clip)   0.000, rho_Whh  1.11, Omega  0.00, alpha  0.000, steps in the past 0.000, valid nll 0.097
  [diag] log10|dL/dh_t| hist bins=60 range=(-7.59,-3.81) mean=-6.30 p50=-6.34 p05=-7.07 p95=-5.85
  [diag] sat-dist hist bins=60 sat<0.05=0.0% mean=0.581 p10=0.552 p90=0.588
Iter 0021560: train nll 0.121, valid error 100.000%, best valid error 100.000%, avg grad norm   0.071, avg grad norm (post clip)   0.000, rho_Whh  1.11, Omega  0.00, alpha  0.000, steps in the past 0.000, valid nll 0.097
  [diag] log10|dL/dh_t| hist bins=60 range=(-7.55,-3.83) mean=-6.13 p50=-6.14 p05=-7.02 p95=-5.85
  [diag] sat-dist hist bins=60 sat<0.05=0.0% mean=0.597 p10=0.555 p90=0.607
Iter 0021580: train nll 0.129, valid error 100.000%, best valid error 100.000%, avg grad norm   0.082, avg grad norm (post clip)   0.000, rho_Whh  1.12, Omega  0.00, alpha  0.000, steps in the past 0.000, valid nll 0.097
  [diag] log10|dL/dh_t| hist bins=60 range=(-7.58,-3.82) mean=-6.23 p50=-6.26 p05=-7.05 p95=-5.85
  [diag] sat-dist hist bins=60 sat<0.05=0.0% mean=0.587 p10=0.553 p90=0.595
Iter 0021600: train nll 0.126, valid error 100.000%, best valid error 100.000%, avg grad norm   0.071, avg grad norm (post clip)   0.000, rho_Whh  1.12, Omega  0.00, alpha  0.000, steps in the past 0.000, valid nll 0.097
  [diag] log10|dL/dh_t| hist bins=60 range=(-7.59,-3.81) mean=-6.30 p50=-6.34 p05=-7.07 p95=-5.85
  [diag] sat-dist hist bins=60 sat<0.05=0.0% mean=0.582 p10=0.552 p90=0.588
Iter 0021620: train nll 0.131, valid error 100.000%, best valid error 100.000%, avg grad norm   0.122, avg grad norm (post clip)   0.000, rho_Whh  1.12, Omega  0.00, alpha  0.000, steps in the past 0.000, valid nll 0.097
  [diag] log10|dL/dh_t| hist bins=60 range=(-7.52,-3.84) mean=-5.90 p50=-5.84 p05=-6.98 p95=-5.76
  [diag] sat-dist hist bins=60 sat<0.05=0.0% mean=0.618 p10=0.558 p90=0.637
Iter 0021640: train nll 0.126, valid error 100.000%, best valid error 100.000%, avg grad norm   0.086, avg grad norm (post clip)   0.000, rho_Whh  1.12, Omega  0.00, alpha  0.000, steps in the past 0.000, valid nll 0.098
  [diag] log10|dL/dh_t| hist bins=60 range=(-7.55,-3.83) mean=-6.17 p50=-6.18 p05=-7.02 p95=-5.85
  [diag] sat-dist hist bins=60 sat<0.05=0.0% mean=0.594 p10=0.556 p90=0.603
Iter 0021660: train nll 0.109, valid error 100.000%, best valid error 100.000%, avg grad norm   0.119, avg grad norm (post clip)   0.000, rho_Whh  1.12, Omega  0.00, alpha  0.000, steps in the past 0.000, valid nll 0.097
  [diag] log10|dL/dh_t| hist bins=60 range=(-7.59,-3.81) mean=-6.32 p50=-6.36 p05=-7.07 p95=-5.86
  [diag] sat-dist hist bins=60 sat<0.05=0.0% mean=0.580 p10=0.553 p90=0.586
Iter 0021680: train nll 0.131, valid error 100.000%, best valid error 100.000%, avg grad norm   0.113, avg grad norm (post clip)   0.000, rho_Whh  1.11, Omega  0.00, alpha  0.000, steps in the past 0.000, valid nll 0.097
  [diag] log10|dL/dh_t| hist bins=60 range=(-7.57,-3.82) mean=-6.26 p50=-6.29 p05=-7.05 p95=-5.86
  [diag] sat-dist hist bins=60 sat<0.05=0.0% mean=0.586 p10=0.554 p90=0.593
Iter 0021700: train nll 0.119, valid error 100.000%, best valid error 100.000%, avg grad norm   0.064, avg grad norm (post clip)   0.000, rho_Whh  1.11, Omega  0.00, alpha  0.000, steps in the past 0.000, valid nll 0.097
  [diag] log10|dL/dh_t| hist bins=60 range=(-7.57,-3.82) mean=-6.24 p50=-6.27 p05=-7.04 p95=-5.86
  [diag] sat-dist hist bins=60 sat<0.05=0.0% mean=0.587 p10=0.554 p90=0.595
Iter 0021720: train nll 0.121, valid error 100.000%, best valid error 100.000%, avg grad norm   0.082, avg grad norm (post clip)   0.000, rho_Whh  1.12, Omega  0.00, alpha  0.000, steps in the past 0.000, valid nll 0.097
  [diag] log10|dL/dh_t| hist bins=60 range=(-7.54,-3.84) mean=-6.06 p50=-6.05 p05=-7.00 p95=-5.86
  [diag] sat-dist hist bins=60 sat<0.05=0.0% mean=0.603 p10=0.557 p90=0.615
Iter 0021740: train nll 0.131, valid error 100.000%, best valid error 100.000%, avg grad norm   0.060, avg grad norm (post clip)   0.000, rho_Whh  1.12, Omega  0.00, alpha  0.000, steps in the past 0.000, valid nll 0.097
  [diag] log10|dL/dh_t| hist bins=60 range=(-7.57,-3.83) mean=-6.21 p50=-6.23 p05=-7.04 p95=-5.86
  [diag] sat-dist hist bins=60 sat<0.05=0.0% mean=0.590 p10=0.555 p90=0.598
Iter 0021760: train nll 0.121, valid error 100.000%, best valid error 100.000%, avg grad norm   0.099, avg grad norm (post clip)   0.000, rho_Whh  1.12, Omega  0.00, alpha  0.000, steps in the past 0.000, valid nll 0.097
  [diag] log10|dL/dh_t| hist bins=60 range=(-7.59,-3.82) mean=-6.30 p50=-6.34 p05=-7.07 p95=-5.86
  [diag] sat-dist hist bins=60 sat<0.05=0.0% mean=0.582 p10=0.553 p90=0.588
Iter 0021780: train nll 0.127, valid error 100.000%, best valid error 100.000%, avg grad norm   0.078, avg grad norm (post clip)   0.000, rho_Whh  1.11, Omega  0.00, alpha  0.000, steps in the past 0.000, valid nll 0.097
  [diag] log10|dL/dh_t| hist bins=60 range=(-7.59,-3.81) mean=-6.30 p50=-6.35 p05=-7.07 p95=-5.86
  [diag] sat-dist hist bins=60 sat<0.05=0.0% mean=0.581 p10=0.553 p90=0.588
Iter 0021800: train nll 0.119, valid error 100.000%, best valid error 100.000%, avg grad norm   0.086, avg grad norm (post clip)   0.000, rho_Whh  1.11, Omega  0.00, alpha  0.000, steps in the past 0.000, valid nll 0.097
  [diag] log10|dL/dh_t| hist bins=60 range=(-7.58,-3.82) mean=-6.27 p50=-6.31 p05=-7.06 p95=-5.86
  [diag] sat-dist hist bins=60 sat<0.05=0.0% mean=0.584 p10=0.554 p90=0.591
Iter 0021820: train nll 0.132, valid error 100.000%, best valid error 100.000%, avg grad norm   0.112, avg grad norm (post clip)   0.000, rho_Whh  1.12, Omega  0.00, alpha  0.000, steps in the past 0.000, valid nll 0.097
  [diag] log10|dL/dh_t| hist bins=60 range=(-7.57,-3.83) mean=-6.19 p50=-6.21 p05=-7.04 p95=-5.86
  [diag] sat-dist hist bins=60 sat<0.05=0.0% mean=0.591 p10=0.555 p90=0.600
Iter 0021840: train nll 0.137, valid error 100.000%, best valid error 100.000%, avg grad norm   0.073, avg grad norm (post clip)   0.000, rho_Whh  1.12, Omega  0.00, alpha  0.000, steps in the past 0.000, valid nll 0.097
  [diag] log10|dL/dh_t| hist bins=60 range=(-7.57,-3.83) mean=-6.20 p50=-6.22 p05=-7.04 p95=-5.86
  [diag] sat-dist hist bins=60 sat<0.05=0.0% mean=0.590 p10=0.554 p90=0.599
Iter 0021860: train nll 0.112, valid error 100.000%, best valid error 100.000%, avg grad norm   0.063, avg grad norm (post clip)   0.000, rho_Whh  1.12, Omega  0.00, alpha  0.000, steps in the past 0.000, valid nll 0.097
  [diag] log10|dL/dh_t| hist bins=60 range=(-7.59,-3.82) mean=-6.27 p50=-6.31 p05=-7.07 p95=-5.86
  [diag] sat-dist hist bins=60 sat<0.05=0.0% mean=0.584 p10=0.553 p90=0.591
Iter 0021880: train nll 0.119, valid error 100.000%, best valid error 100.000%, avg grad norm   0.094, avg grad norm (post clip)   0.000, rho_Whh  1.12, Omega  0.00, alpha  0.000, steps in the past 0.000, valid nll 0.097
  [diag] log10|dL/dh_t| hist bins=60 range=(-7.60,-3.82) mean=-6.29 p50=-6.33 p05=-7.07 p95=-5.86
  [diag] sat-dist hist bins=60 sat<0.05=0.0% mean=0.583 p10=0.553 p90=0.590
Iter 0021900: train nll 0.135, valid error 100.000%, best valid error 100.000%, avg grad norm   0.095, avg grad norm (post clip)   0.000, rho_Whh  1.12, Omega  0.00, alpha  0.000, steps in the past 0.000, valid nll 0.097
  [diag] log10|dL/dh_t| hist bins=60 range=(-7.60,-3.82) mean=-6.28 p50=-6.31 p05=-7.07 p95=-5.87
  [diag] sat-dist hist bins=60 sat<0.05=0.0% mean=0.584 p10=0.553 p90=0.591
Iter 0021920: train nll 0.118, valid error 100.000%, best valid error 100.000%, avg grad norm   0.062, avg grad norm (post clip)   0.000, rho_Whh  1.12, Omega  0.00, alpha  0.000, steps in the past 0.000, valid nll 0.097
  [diag] log10|dL/dh_t| hist bins=60 range=(-7.59,-3.82) mean=-6.24 p50=-6.27 p05=-7.06 p95=-5.87
  [diag] sat-dist hist bins=60 sat<0.05=0.0% mean=0.587 p10=0.553 p90=0.595
Iter 0021940: train nll 0.139, valid error 100.000%, best valid error 100.000%, avg grad norm   0.115, avg grad norm (post clip)   0.000, rho_Whh  1.12, Omega  0.00, alpha  0.000, steps in the past 0.000, valid nll 0.097
  [diag] log10|dL/dh_t| hist bins=60 range=(-7.57,-3.83) mean=-6.17 p50=-6.18 p05=-7.04 p95=-5.87
  [diag] sat-dist hist bins=60 sat<0.05=0.0% mean=0.594 p10=0.555 p90=0.603
Iter 0021960: train nll 0.137, valid error 100.000%, best valid error 100.000%, avg grad norm   0.133, avg grad norm (post clip)   0.000, rho_Whh  1.12, Omega  0.00, alpha  0.000, steps in the past 0.000, valid nll 0.097
  [diag] log10|dL/dh_t| hist bins=60 range=(-7.63,-3.80) mean=-6.39 p50=-6.45 p05=-7.11 p95=-5.87
  [diag] sat-dist hist bins=60 sat<0.05=0.0% mean=0.573 p10=0.551 p90=0.578
Iter 0021980: train nll 0.116, valid error 100.000%, best valid error 100.000%, avg grad norm   0.109, avg grad norm (post clip)   0.000, rho_Whh  1.11, Omega  0.00, alpha  0.000, steps in the past 0.000, valid nll 0.097
  [diag] log10|dL/dh_t| hist bins=60 range=(-7.60,-3.82) mean=-6.29 p50=-6.32 p05=-7.07 p95=-5.87
  [diag] sat-dist hist bins=60 sat<0.05=0.0% mean=0.583 p10=0.553 p90=0.590
Iter 0022000: train nll 0.124, valid error 100.000%, best valid error 100.000%, avg grad norm   0.079, avg grad norm (post clip)   0.000, rho_Whh  1.12, Omega  0.00, alpha  0.000, steps in the past 0.000, valid nll 0.097
  [diag] log10|dL/dh_t| hist bins=60 range=(-7.54,-3.84) mean=-6.01 p50=-5.98 p05=-7.01 p95=-5.87
  [diag] sat-dist hist bins=60 sat<0.05=0.0% mean=0.609 p10=0.557 p90=0.622
Iter 0022020: train nll 0.128, valid error 100.000%, best valid error 100.000%, avg grad norm   0.096, avg grad norm (post clip)   0.000, rho_Whh  1.12, Omega  0.00, alpha  0.000, steps in the past 0.000, valid nll 0.098
  [diag] log10|dL/dh_t| hist bins=60 range=(-7.57,-3.83) mean=-6.16 p50=-6.17 p05=-7.03 p95=-5.87
  [diag] sat-dist hist bins=60 sat<0.05=0.0% mean=0.595 p10=0.555 p90=0.605
Iter 0022040: train nll 0.136, valid error 100.000%, best valid error 100.000%, avg grad norm   0.122, avg grad norm (post clip)   0.000, rho_Whh  1.12, Omega  0.00, alpha  0.000, steps in the past 0.000, valid nll 0.097
  [diag] log10|dL/dh_t| hist bins=60 range=(-7.55,-3.84) mean=-6.07 p50=-6.06 p05=-7.02 p95=-5.87
  [diag] sat-dist hist bins=60 sat<0.05=0.0% mean=0.603 p10=0.557 p90=0.615
Iter 0022060: train nll 0.135, valid error 100.000%, best valid error 100.000%, avg grad norm   0.097, avg grad norm (post clip)   0.000, rho_Whh  1.12, Omega  0.00, alpha  0.000, steps in the past 0.000, valid nll 0.097
  [diag] log10|dL/dh_t| hist bins=60 range=(-7.60,-3.82) mean=-6.30 p50=-6.34 p05=-7.07 p95=-5.87
  [diag] sat-dist hist bins=60 sat<0.05=0.0% mean=0.582 p10=0.553 p90=0.589
Iter 0022080: train nll 0.126, valid error 100.000%, best valid error 100.000%, avg grad norm   0.097, avg grad norm (post clip)   0.000, rho_Whh  1.12, Omega  0.00, alpha  0.000, steps in the past 0.000, valid nll 0.097
  [diag] log10|dL/dh_t| hist bins=60 range=(-7.55,-3.84) mean=-6.07 p50=-6.05 p05=-7.02 p95=-5.87
  [diag] sat-dist hist bins=60 sat<0.05=0.0% mean=0.603 p10=0.557 p90=0.615
Iter 0022100: train nll 0.122, valid error 100.000%, best valid error 100.000%, avg grad norm   0.101, avg grad norm (post clip)   0.000, rho_Whh  1.12, Omega  0.00, alpha  0.000, steps in the past 0.000, valid nll 0.097
  [diag] log10|dL/dh_t| hist bins=60 range=(-7.60,-3.82) mean=-6.28 p50=-6.32 p05=-7.07 p95=-5.87
  [diag] sat-dist hist bins=60 sat<0.05=0.0% mean=0.583 p10=0.553 p90=0.591
Iter 0022120: train nll 0.108, valid error 100.000%, best valid error 100.000%, avg grad norm   0.049, avg grad norm (post clip)   0.000, rho_Whh  1.12, Omega  0.00, alpha  0.000, steps in the past 0.000, valid nll 0.097
  [diag] log10|dL/dh_t| hist bins=60 range=(-7.56,-3.83) mean=-6.13 p50=-6.14 p05=-7.03 p95=-5.87
  [diag] sat-dist hist bins=60 sat<0.05=0.0% mean=0.597 p10=0.556 p90=0.607
Iter 0022140: train nll 0.124, valid error 100.000%, best valid error 100.000%, avg grad norm   0.108, avg grad norm (post clip)   0.000, rho_Whh  1.12, Omega  0.00, alpha  0.000, steps in the past 0.000, valid nll 0.097
  [diag] log10|dL/dh_t| hist bins=60 range=(-7.60,-3.82) mean=-6.30 p50=-6.33 p05=-7.08 p95=-5.87
  [diag] sat-dist hist bins=60 sat<0.05=0.0% mean=0.582 p10=0.553 p90=0.589
Iter 0022160: train nll 0.120, valid error 100.000%, best valid error 100.000%, avg grad norm   0.081, avg grad norm (post clip)   0.000, rho_Whh  1.12, Omega  0.00, alpha  0.000, steps in the past 0.000, valid nll 0.097
  [diag] log10|dL/dh_t| hist bins=60 range=(-7.61,-3.81) mean=-6.33 p50=-6.37 p05=-7.09 p95=-5.88
  [diag] sat-dist hist bins=60 sat<0.05=0.0% mean=0.580 p10=0.552 p90=0.586
Iter 0022180: train nll 0.122, valid error 100.000%, best valid error 100.000%, avg grad norm   0.076, avg grad norm (post clip)   0.000, rho_Whh  1.12, Omega  0.00, alpha  0.000, steps in the past 0.000, valid nll 0.097
  [diag] log10|dL/dh_t| hist bins=60 range=(-7.60,-3.82) mean=-6.26 p50=-6.29 p05=-7.07 p95=-5.88
  [diag] sat-dist hist bins=60 sat<0.05=0.0% mean=0.586 p10=0.553 p90=0.593
Iter 0022200: train nll 0.109, valid error 100.000%, best valid error 100.000%, avg grad norm   0.043, avg grad norm (post clip)   0.000, rho_Whh  1.12, Omega  0.00, alpha  0.000, steps in the past 0.000, valid nll 0.097
  [diag] log10|dL/dh_t| hist bins=60 range=(-7.61,-3.82) mean=-6.31 p50=-6.35 p05=-7.08 p95=-5.88
  [diag] sat-dist hist bins=60 sat<0.05=0.0% mean=0.581 p10=0.552 p90=0.588
Iter 0022220: train nll 0.120, valid error 100.000%, best valid error 100.000%, avg grad norm   0.067, avg grad norm (post clip)   0.000, rho_Whh  1.12, Omega  0.00, alpha  0.000, steps in the past 0.000, valid nll 0.097
  [diag] log10|dL/dh_t| hist bins=60 range=(-7.76,-3.68) mean=-6.71 p50=-6.81 p05=-7.23 p95=-5.88
  [diag] sat-dist hist bins=60 sat<0.05=0.0% mean=0.546 p10=0.537 p90=0.546
Iter 0022240: train nll 0.116, valid error 100.000%, best valid error 100.000%, avg grad norm   0.128, avg grad norm (post clip)   0.000, rho_Whh  1.11, Omega  0.00, alpha  0.000, steps in the past 0.000, valid nll 0.098
  [diag] log10|dL/dh_t| hist bins=60 range=(-7.60,-3.82) mean=-6.32 p50=-6.37 p05=-7.08 p95=-5.88
  [diag] sat-dist hist bins=60 sat<0.05=0.0% mean=0.580 p10=0.553 p90=0.587
Iter 0022260: train nll 0.116, valid error 100.000%, best valid error 100.000%, avg grad norm   0.083, avg grad norm (post clip)   0.000, rho_Whh  1.11, Omega  0.00, alpha  0.000, steps in the past 0.000, valid nll 0.097
  [diag] log10|dL/dh_t| hist bins=60 range=(-7.60,-3.82) mean=-6.31 p50=-6.35 p05=-7.08 p95=-5.88
  [diag] sat-dist hist bins=60 sat<0.05=0.0% mean=0.581 p10=0.554 p90=0.588
Iter 0022280: train nll 0.111, valid error 100.000%, best valid error 100.000%, avg grad norm   0.073, avg grad norm (post clip)   0.000, rho_Whh  1.11, Omega  0.00, alpha  0.000, steps in the past 0.000, valid nll 0.097
  [diag] log10|dL/dh_t| hist bins=60 range=(-7.61,-3.82) mean=-6.32 p50=-6.37 p05=-7.08 p95=-5.88
  [diag] sat-dist hist bins=60 sat<0.05=0.0% mean=0.580 p10=0.553 p90=0.586
Iter 0022300: train nll 0.127, valid error 100.000%, best valid error 100.000%, avg grad norm   0.077, avg grad norm (post clip)   0.000, rho_Whh  1.11, Omega  0.00, alpha  0.000, steps in the past 0.000, valid nll 0.097
  [diag] log10|dL/dh_t| hist bins=60 range=(-7.57,-3.83) mean=-6.16 p50=-6.17 p05=-7.04 p95=-5.88
  [diag] sat-dist hist bins=60 sat<0.05=0.0% mean=0.595 p10=0.555 p90=0.604
Iter 0022320: train nll 0.121, valid error 100.000%, best valid error 100.000%, avg grad norm   0.059, avg grad norm (post clip)   0.000, rho_Whh  1.12, Omega  0.00, alpha  0.000, steps in the past 0.000, valid nll 0.097
  [diag] log10|dL/dh_t| hist bins=60 range=(-7.61,-3.82) mean=-6.31 p50=-6.35 p05=-7.08 p95=-5.88
  [diag] sat-dist hist bins=60 sat<0.05=0.0% mean=0.582 p10=0.553 p90=0.588
Iter 0022340: train nll 0.127, valid error 100.000%, best valid error 100.000%, avg grad norm   0.082, avg grad norm (post clip)   0.000, rho_Whh  1.12, Omega  0.00, alpha  0.000, steps in the past 0.000, valid nll 0.097
  [diag] log10|dL/dh_t| hist bins=60 range=(-7.61,-3.82) mean=-6.29 p50=-6.33 p05=-7.08 p95=-5.88
  [diag] sat-dist hist bins=60 sat<0.05=0.0% mean=0.583 p10=0.553 p90=0.590
Iter 0022360: train nll 0.123, valid error 100.000%, best valid error 100.000%, avg grad norm   0.056, avg grad norm (post clip)   0.000, rho_Whh  1.12, Omega  0.00, alpha  0.000, steps in the past 0.000, valid nll 0.097
  [diag] log10|dL/dh_t| hist bins=60 range=(-7.62,-3.82) mean=-6.31 p50=-6.35 p05=-7.09 p95=-5.88
  [diag] sat-dist hist bins=60 sat<0.05=0.0% mean=0.581 p10=0.552 p90=0.588
Iter 0022380: train nll 0.110, valid error 100.000%, best valid error 100.000%, avg grad norm   0.063, avg grad norm (post clip)   0.000, rho_Whh  1.12, Omega  0.00, alpha  0.000, steps in the past 0.000, valid nll 0.097
  [diag] log10|dL/dh_t| hist bins=60 range=(-7.62,-3.82) mean=-6.29 p50=-6.33 p05=-7.09 p95=-5.88
  [diag] sat-dist hist bins=60 sat<0.05=0.0% mean=0.583 p10=0.552 p90=0.590
Iter 0022400: train nll 0.124, valid error 100.000%, best valid error 100.000%, avg grad norm   0.079, avg grad norm (post clip)   0.000, rho_Whh  1.12, Omega  0.00, alpha  0.000, steps in the past 0.000, valid nll 0.097
  [diag] log10|dL/dh_t| hist bins=60 range=(-7.65,-3.80) mean=-6.40 p50=-6.46 p05=-7.12 p95=-5.89
  [diag] sat-dist hist bins=60 sat<0.05=0.0% mean=0.573 p10=0.551 p90=0.578
Iter 0022420: train nll 0.129, valid error 100.000%, best valid error 100.000%, avg grad norm   0.121, avg grad norm (post clip)   0.000, rho_Whh  1.11, Omega  0.00, alpha  0.000, steps in the past 0.000, valid nll 0.097
  [diag] log10|dL/dh_t| hist bins=60 range=(-7.59,-3.83) mean=-6.17 p50=-6.18 p05=-7.05 p95=-5.88
  [diag] sat-dist hist bins=60 sat<0.05=0.0% mean=0.594 p10=0.553 p90=0.604
Iter 0022440: train nll 0.124, valid error 100.000%, best valid error 100.000%, avg grad norm   0.092, avg grad norm (post clip)   0.000, rho_Whh  1.12, Omega  0.00, alpha  0.000, steps in the past 0.000, valid nll 0.097
  [diag] log10|dL/dh_t| hist bins=60 range=(-7.63,-3.82) mean=-6.32 p50=-6.36 p05=-7.10 p95=-5.89
  [diag] sat-dist hist bins=60 sat<0.05=0.0% mean=0.581 p10=0.551 p90=0.588
Iter 0022460: train nll 0.116, valid error 100.000%, best valid error 100.000%, avg grad norm   0.075, avg grad norm (post clip)   0.000, rho_Whh  1.12, Omega  0.00, alpha  0.000, steps in the past 0.000, valid nll 0.097
  [diag] log10|dL/dh_t| hist bins=60 range=(-7.58,-3.84) mean=-6.11 p50=-6.10 p05=-7.04 p95=-5.89
  [diag] sat-dist hist bins=60 sat<0.05=0.0% mean=0.600 p10=0.554 p90=0.612
Iter 0022480: train nll 0.141, valid error 100.000%, best valid error 100.000%, avg grad norm   0.117, avg grad norm (post clip)   0.000, rho_Whh  1.12, Omega  0.00, alpha  0.000, steps in the past 0.000, valid nll 0.097
  [diag] log10|dL/dh_t| hist bins=60 range=(-7.62,-3.82) mean=-6.30 p50=-6.34 p05=-7.09 p95=-5.89
  [diag] sat-dist hist bins=60 sat<0.05=0.0% mean=0.582 p10=0.551 p90=0.589
Iter 0022500: train nll 0.124, valid error 100.000%, best valid error 100.000%, avg grad norm   0.086, avg grad norm (post clip)   0.000, rho_Whh  1.12, Omega  0.00, alpha  0.000, steps in the past 0.000, valid nll 0.097
  [diag] log10|dL/dh_t| hist bins=60 range=(-7.63,-3.82) mean=-6.32 p50=-6.36 p05=-7.10 p95=-5.89
  [diag] sat-dist hist bins=60 sat<0.05=0.0% mean=0.580 p10=0.551 p90=0.587
Iter 0022520: train nll 0.126, valid error 100.000%, best valid error 100.000%, avg grad norm   0.114, avg grad norm (post clip)   0.000, rho_Whh  1.12, Omega  0.00, alpha  0.000, steps in the past 0.000, valid nll 0.097
  [diag] log10|dL/dh_t| hist bins=60 range=(-7.62,-3.82) mean=-6.29 p50=-6.32 p05=-7.09 p95=-5.89
  [diag] sat-dist hist bins=60 sat<0.05=0.0% mean=0.583 p10=0.551 p90=0.591
Iter 0022540: train nll 0.116, valid error 100.000%, best valid error 100.000%, avg grad norm   0.070, avg grad norm (post clip)   0.000, rho_Whh  1.12, Omega  0.00, alpha  0.000, steps in the past 0.000, valid nll 0.097
  [diag] log10|dL/dh_t| hist bins=60 range=(-7.64,-3.82) mean=-6.34 p50=-6.39 p05=-7.11 p95=-5.89
  [diag] sat-dist hist bins=60 sat<0.05=0.0% mean=0.578 p10=0.550 p90=0.585
Iter 0022560: train nll 0.138, valid error 100.000%, best valid error 100.000%, avg grad norm   0.096, avg grad norm (post clip)   0.000, rho_Whh  1.12, Omega  0.00, alpha  0.000, steps in the past 0.000, valid nll 0.097
  [diag] log10|dL/dh_t| hist bins=60 range=(-7.63,-3.82) mean=-6.32 p50=-6.35 p05=-7.10 p95=-5.89
  [diag] sat-dist hist bins=60 sat<0.05=0.0% mean=0.581 p10=0.550 p90=0.588
Iter 0022580: train nll 0.122, valid error 100.000%, best valid error 100.000%, avg grad norm   0.066, avg grad norm (post clip)   0.000, rho_Whh  1.12, Omega  0.00, alpha  0.000, steps in the past 0.000, valid nll 0.097
  [diag] log10|dL/dh_t| hist bins=60 range=(-7.64,-3.82) mean=-6.33 p50=-6.37 p05=-7.11 p95=-5.89
  [diag] sat-dist hist bins=60 sat<0.05=0.0% mean=0.580 p10=0.550 p90=0.587
Iter 0022600: train nll 0.125, valid error 100.000%, best valid error 100.000%, avg grad norm   0.114, avg grad norm (post clip)   0.000, rho_Whh  1.12, Omega  0.00, alpha  0.000, steps in the past 0.000, valid nll 0.097
  [diag] log10|dL/dh_t| hist bins=60 range=(-7.59,-3.84) mean=-6.09 p50=-6.08 p05=-7.05 p95=-5.89
  [diag] sat-dist hist bins=60 sat<0.05=0.0% mean=0.602 p10=0.554 p90=0.614
Iter 0022620: train nll 0.125, valid error 100.000%, best valid error 100.000%, avg grad norm   0.063, avg grad norm (post clip)   0.000, rho_Whh  1.12, Omega  0.00, alpha  0.000, steps in the past 0.000, valid nll 0.097
  [diag] log10|dL/dh_t| hist bins=60 range=(-7.64,-3.82) mean=-6.30 p50=-6.34 p05=-7.10 p95=-5.89
  [diag] sat-dist hist bins=60 sat<0.05=0.0% mean=0.582 p10=0.550 p90=0.590
Iter 0022640: train nll 0.131, valid error 100.000%, best valid error 100.000%, avg grad norm   0.082, avg grad norm (post clip)   0.000, rho_Whh  1.12, Omega  0.00, alpha  0.000, steps in the past 0.000, valid nll 0.097
  [diag] log10|dL/dh_t| hist bins=60 range=(-7.64,-3.82) mean=-6.30 p50=-6.34 p05=-7.11 p95=-5.89
  [diag] sat-dist hist bins=60 sat<0.05=0.0% mean=0.582 p10=0.549 p90=0.589
Iter 0022660: train nll 0.133, valid error 100.000%, best valid error 100.000%, avg grad norm   0.093, avg grad norm (post clip)   0.000, rho_Whh  1.12, Omega  0.00, alpha  0.000, steps in the past 0.000, valid nll 0.097
  [diag] log10|dL/dh_t| hist bins=60 range=(-7.64,-3.82) mean=-6.32 p50=-6.36 p05=-7.11 p95=-5.90
  [diag] sat-dist hist bins=60 sat<0.05=0.0% mean=0.580 p10=0.549 p90=0.587
Iter 0022680: train nll 0.118, valid error 100.000%, best valid error 100.000%, avg grad norm   0.094, avg grad norm (post clip)   0.000, rho_Whh  1.12, Omega  0.00, alpha  0.000, steps in the past 0.000, valid nll 0.097
  [diag] log10|dL/dh_t| hist bins=60 range=(-7.64,-3.82) mean=-6.31 p50=-6.34 p05=-7.11 p95=-5.90
  [diag] sat-dist hist bins=60 sat<0.05=0.0% mean=0.581 p10=0.549 p90=0.589
Iter 0022700: train nll 0.133, valid error 100.000%, best valid error 100.000%, avg grad norm   0.119, avg grad norm (post clip)   0.000, rho_Whh  1.12, Omega  0.00, alpha  0.000, steps in the past 0.000, valid nll 0.097
  [diag] log10|dL/dh_t| hist bins=60 range=(-7.69,-3.79) mean=-6.47 p50=-6.53 p05=-7.16 p95=-5.90
  [diag] sat-dist hist bins=60 sat<0.05=0.0% mean=0.567 p10=0.547 p90=0.572
Iter 0022720: train nll 0.117, valid error 100.000%, best valid error 100.000%, avg grad norm   0.085, avg grad norm (post clip)   0.000, rho_Whh  1.12, Omega  0.00, alpha  0.000, steps in the past 0.000, valid nll 0.097
  [diag] log10|dL/dh_t| hist bins=60 range=(-7.63,-3.82) mean=-6.28 p50=-6.31 p05=-7.10 p95=-5.90
  [diag] sat-dist hist bins=60 sat<0.05=0.0% mean=0.585 p10=0.550 p90=0.593
Iter 0022740: train nll 0.132, valid error 100.000%, best valid error 100.000%, avg grad norm   0.094, avg grad norm (post clip)   0.000, rho_Whh  1.12, Omega  0.00, alpha  0.000, steps in the past 0.000, valid nll 0.097
  [diag] log10|dL/dh_t| hist bins=60 range=(-7.62,-3.83) mean=-6.21 p50=-6.22 p05=-7.08 p95=-5.90
  [diag] sat-dist hist bins=60 sat<0.05=0.0% mean=0.591 p10=0.550 p90=0.600
Iter 0022760: train nll 0.139, valid error 100.000%, best valid error 100.000%, avg grad norm   0.093, avg grad norm (post clip)   0.000, rho_Whh  1.12, Omega  0.00, alpha  0.000, steps in the past 0.000, valid nll 0.097
  [diag] log10|dL/dh_t| hist bins=60 range=(-7.62,-3.83) mean=-6.22 p50=-6.23 p05=-7.09 p95=-5.90
  [diag] sat-dist hist bins=60 sat<0.05=0.0% mean=0.590 p10=0.550 p90=0.599
Iter 0022780: train nll 0.109, valid error 100.000%, best valid error 100.000%, avg grad norm   0.050, avg grad norm (post clip)   0.000, rho_Whh  1.12, Omega  0.00, alpha  0.000, steps in the past 0.000, valid nll 0.097
  [diag] log10|dL/dh_t| hist bins=60 range=(-7.62,-3.83) mean=-6.16 p50=-6.16 p05=-7.08 p95=-5.90
  [diag] sat-dist hist bins=60 sat<0.05=0.0% mean=0.595 p10=0.551 p90=0.606
Iter 0022800: train nll 0.108, valid error 100.000%, best valid error 100.000%, avg grad norm   0.058, avg grad norm (post clip)   0.000, rho_Whh  1.12, Omega  0.00, alpha  0.000, steps in the past 0.000, valid nll 0.097
  [diag] log10|dL/dh_t| hist bins=60 range=(-7.65,-3.82) mean=-6.28 p50=-6.31 p05=-7.11 p95=-5.90
  [diag] sat-dist hist bins=60 sat<0.05=0.0% mean=0.584 p10=0.548 p90=0.592
Iter 0022820: train nll 0.139, valid error 100.000%, best valid error 100.000%, avg grad norm   0.077, avg grad norm (post clip)   0.000, rho_Whh  1.12, Omega  0.00, alpha  0.000, steps in the past 0.000, valid nll 0.097
  [diag] log10|dL/dh_t| hist bins=60 range=(-7.65,-3.82) mean=-6.29 p50=-6.32 p05=-7.11 p95=-5.90
  [diag] sat-dist hist bins=60 sat<0.05=0.0% mean=0.583 p10=0.548 p90=0.591
Iter 0022840: train nll 0.126, valid error 100.000%, best valid error 100.000%, avg grad norm   0.122, avg grad norm (post clip)   0.000, rho_Whh  1.12, Omega  0.00, alpha  0.000, steps in the past 0.000, valid nll 0.097
  [diag] log10|dL/dh_t| hist bins=60 range=(-7.86,-3.60) mean=-6.86 p50=-6.98 p05=-7.31 p95=-5.91
  [diag] sat-dist hist bins=60 sat<0.05=0.0% mean=0.533 p10=0.528 p90=0.532
Iter 0022860: train nll 0.118, valid error 100.000%, best valid error 100.000%, avg grad norm   0.125, avg grad norm (post clip)   0.000, rho_Whh  1.11, Omega  0.00, alpha  0.000, steps in the past 0.000, valid nll 0.098
  [diag] log10|dL/dh_t| hist bins=60 range=(-7.64,-3.82) mean=-6.30 p50=-6.33 p05=-7.10 p95=-5.90
  [diag] sat-dist hist bins=60 sat<0.05=0.0% mean=0.583 p10=0.550 p90=0.590
Iter 0022880: train nll 0.121, valid error 100.000%, best valid error 100.000%, avg grad norm   0.106, avg grad norm (post clip)   0.000, rho_Whh  1.12, Omega  0.00, alpha  0.000, steps in the past 0.000, valid nll 0.097
  [diag] log10|dL/dh_t| hist bins=60 range=(-7.63,-3.83) mean=-6.28 p50=-6.31 p05=-7.10 p95=-5.90
  [diag] sat-dist hist bins=60 sat<0.05=0.0% mean=0.585 p10=0.550 p90=0.592
Iter 0022900: train nll 0.137, valid error 100.000%, best valid error 100.000%, avg grad norm   0.118, avg grad norm (post clip)   0.000, rho_Whh  1.12, Omega  0.00, alpha  0.000, steps in the past 0.000, valid nll 0.097
  [diag] log10|dL/dh_t| hist bins=60 range=(-7.63,-3.82) mean=-6.29 p50=-6.32 p05=-7.10 p95=-5.90
  [diag] sat-dist hist bins=60 sat<0.05=0.0% mean=0.584 p10=0.550 p90=0.591
Iter 0022920: train nll 0.126, valid error 100.000%, best valid error 100.000%, avg grad norm   0.116, avg grad norm (post clip)   0.000, rho_Whh  1.12, Omega  0.00, alpha  0.000, steps in the past 0.000, valid nll 0.097
  [diag] log10|dL/dh_t| hist bins=60 range=(-7.64,-3.82) mean=-6.30 p50=-6.34 p05=-7.11 p95=-5.91
  [diag] sat-dist hist bins=60 sat<0.05=0.0% mean=0.582 p10=0.550 p90=0.590
Iter 0022940: train nll 0.143, valid error 100.000%, best valid error 100.000%, avg grad norm   0.109, avg grad norm (post clip)   0.000, rho_Whh  1.12, Omega  0.00, alpha  0.000, steps in the past 0.000, valid nll 0.097
  [diag] log10|dL/dh_t| hist bins=60 range=(-7.66,-3.81) mean=-6.38 p50=-6.43 p05=-7.13 p95=-5.91
  [diag] sat-dist hist bins=60 sat<0.05=0.0% mean=0.575 p10=0.549 p90=0.581
Iter 0022960: train nll 0.144, valid error 100.000%, best valid error 100.000%, avg grad norm   0.116, avg grad norm (post clip)   0.000, rho_Whh  1.12, Omega  0.00, alpha  0.000, steps in the past 0.000, valid nll 0.097
  [diag] log10|dL/dh_t| hist bins=60 range=(-7.64,-3.82) mean=-6.30 p50=-6.33 p05=-7.11 p95=-5.91
  [diag] sat-dist hist bins=60 sat<0.05=0.0% mean=0.583 p10=0.550 p90=0.591
Iter 0022980: train nll 0.135, valid error 100.000%, best valid error 100.000%, avg grad norm   0.108, avg grad norm (post clip)   0.000, rho_Whh  1.12, Omega  0.00, alpha  0.000, steps in the past 0.000, valid nll 0.097
  [diag] log10|dL/dh_t| hist bins=60 range=(-7.65,-3.82) mean=-6.34 p50=-6.38 p05=-7.12 p95=-5.91
  [diag] sat-dist hist bins=60 sat<0.05=0.0% mean=0.579 p10=0.549 p90=0.586
Iter 0023000: train nll 0.126, valid error 100.000%, best valid error 100.000%, avg grad norm   0.075, avg grad norm (post clip)   0.000, rho_Whh  1.12, Omega  0.00, alpha  0.000, steps in the past 0.000, valid nll 0.097
  [diag] log10|dL/dh_t| hist bins=60 range=(-7.66,-3.82) mean=-6.35 p50=-6.39 p05=-7.12 p95=-5.91
  [diag] sat-dist hist bins=60 sat<0.05=0.0% mean=0.578 p10=0.549 p90=0.585
Iter 0023020: train nll 0.116, valid error 100.000%, best valid error 100.000%, avg grad norm   0.065, avg grad norm (post clip)   0.000, rho_Whh  1.12, Omega  0.00, alpha  0.000, steps in the past 0.000, valid nll 0.097
  [diag] log10|dL/dh_t| hist bins=60 range=(-7.63,-3.83) mean=-6.24 p50=-6.25 p05=-7.10 p95=-5.91
  [diag] sat-dist hist bins=60 sat<0.05=0.0% mean=0.589 p10=0.550 p90=0.598
Iter 0023040: train nll 0.112, valid error 100.000%, best valid error 100.000%, avg grad norm   0.062, avg grad norm (post clip)   0.000, rho_Whh  1.12, Omega  0.00, alpha  0.000, steps in the past 0.000, valid nll 0.097
  [diag] log10|dL/dh_t| hist bins=60 range=(-7.65,-3.83) mean=-6.29 p50=-6.32 p05=-7.11 p95=-5.91
  [diag] sat-dist hist bins=60 sat<0.05=0.0% mean=0.583 p10=0.549 p90=0.591
Iter 0023060: train nll 0.105, valid error 100.000%, best valid error 100.000%, avg grad norm   0.057, avg grad norm (post clip)   0.000, rho_Whh  1.12, Omega  0.00, alpha  0.000, steps in the past 0.000, valid nll 0.097
  [diag] log10|dL/dh_t| hist bins=60 range=(-7.62,-3.83) mean=-6.17 p50=-6.17 p05=-7.08 p95=-5.91
  [diag] sat-dist hist bins=60 sat<0.05=0.0% mean=0.595 p10=0.551 p90=0.605
Iter 0023080: train nll 0.131, valid error 100.000%, best valid error 100.000%, avg grad norm   0.120, avg grad norm (post clip)   0.000, rho_Whh  1.12, Omega  0.00, alpha  0.000, steps in the past 0.000, valid nll 0.097
  [diag] log10|dL/dh_t| hist bins=60 range=(-7.63,-3.83) mean=-6.22 p50=-6.23 p05=-7.09 p95=-5.91
  [diag] sat-dist hist bins=60 sat<0.05=0.0% mean=0.590 p10=0.550 p90=0.600
Iter 0023100: train nll 0.114, valid error 100.000%, best valid error 100.000%, avg grad norm   0.052, avg grad norm (post clip)   0.000, rho_Whh  1.12, Omega  0.00, alpha  0.000, steps in the past 0.000, valid nll 0.097
  [diag] log10|dL/dh_t| hist bins=60 range=(-7.65,-3.82) mean=-6.32 p50=-6.35 p05=-7.12 p95=-5.91
  [diag] sat-dist hist bins=60 sat<0.05=0.0% mean=0.581 p10=0.549 p90=0.589
Iter 0023120: train nll 0.139, valid error 100.000%, best valid error 100.000%, avg grad norm   0.133, avg grad norm (post clip)   0.000, rho_Whh  1.12, Omega  0.00, alpha  0.000, steps in the past 0.000, valid nll 0.097
  [diag] log10|dL/dh_t| hist bins=60 range=(-7.63,-3.83) mean=-6.23 p50=-6.25 p05=-7.10 p95=-5.91
  [diag] sat-dist hist bins=60 sat<0.05=0.0% mean=0.589 p10=0.550 p90=0.598
Iter 0023140: train nll 0.112, valid error 100.000%, best valid error 100.000%, avg grad norm   0.054, avg grad norm (post clip)   0.000, rho_Whh  1.12, Omega  0.00, alpha  0.000, steps in the past 0.000, valid nll 0.097
  [diag] log10|dL/dh_t| hist bins=60 range=(-7.64,-3.83) mean=-6.23 p50=-6.25 p05=-7.10 p95=-5.91
  [diag] sat-dist hist bins=60 sat<0.05=0.0% mean=0.589 p10=0.550 p90=0.598
Iter 0023160: train nll 0.112, valid error 100.000%, best valid error 100.000%, avg grad norm   0.061, avg grad norm (post clip)   0.000, rho_Whh  1.12, Omega  0.00, alpha  0.000, steps in the past 0.000, valid nll 0.097
  [diag] log10|dL/dh_t| hist bins=60 range=(-7.64,-3.83) mean=-6.25 p50=-6.27 p05=-7.11 p95=-5.91
  [diag] sat-dist hist bins=60 sat<0.05=0.0% mean=0.587 p10=0.549 p90=0.596
Iter 0023180: train nll 0.120, valid error 100.000%, best valid error 100.000%, avg grad norm   0.061, avg grad norm (post clip)   0.000, rho_Whh  1.12, Omega  0.00, alpha  0.000, steps in the past 0.000, valid nll 0.097
  [diag] log10|dL/dh_t| hist bins=60 range=(-7.67,-3.82) mean=-6.36 p50=-6.40 p05=-7.14 p95=-5.92
  [diag] sat-dist hist bins=60 sat<0.05=0.0% mean=0.578 p10=0.547 p90=0.585
Iter 0023200: train nll 0.118, valid error 100.000%, best valid error 100.000%, avg grad norm   0.070, avg grad norm (post clip)   0.000, rho_Whh  1.12, Omega  0.00, alpha  0.000, steps in the past 0.000, valid nll 0.097
  [diag] log10|dL/dh_t| hist bins=60 range=(-7.67,-3.82) mean=-6.34 p50=-6.38 p05=-7.14 p95=-5.92
  [diag] sat-dist hist bins=60 sat<0.05=0.0% mean=0.579 p10=0.547 p90=0.586
Iter 0023220: train nll 0.120, valid error 100.000%, best valid error 100.000%, avg grad norm   0.087, avg grad norm (post clip)   0.000, rho_Whh  1.12, Omega  0.00, alpha  0.000, steps in the past 0.000, valid nll 0.097
  [diag] log10|dL/dh_t| hist bins=60 range=(-7.65,-3.83) mean=-6.28 p50=-6.31 p05=-7.12 p95=-5.92
  [diag] sat-dist hist bins=60 sat<0.05=0.0% mean=0.584 p10=0.548 p90=0.593
Iter 0023240: train nll 0.135, valid error 100.000%, best valid error 100.000%, avg grad norm   0.114, avg grad norm (post clip)   0.000, rho_Whh  1.12, Omega  0.00, alpha  0.000, steps in the past 0.000, valid nll 0.097
  [diag] log10|dL/dh_t| hist bins=60 range=(-7.64,-3.83) mean=-6.23 p50=-6.24 p05=-7.10 p95=-5.92
  [diag] sat-dist hist bins=60 sat<0.05=0.0% mean=0.589 p10=0.549 p90=0.599
Iter 0023260: train nll 0.111, valid error 100.000%, best valid error 100.000%, avg grad norm   0.059, avg grad norm (post clip)   0.000, rho_Whh  1.12, Omega  0.00, alpha  0.000, steps in the past 0.000, valid nll 0.097
  [diag] log10|dL/dh_t| hist bins=60 range=(-7.64,-3.83) mean=-6.21 p50=-6.22 p05=-7.10 p95=-5.92
  [diag] sat-dist hist bins=60 sat<0.05=0.0% mean=0.591 p10=0.550 p90=0.601
Iter 0023280: train nll 0.149, valid error 100.000%, best valid error 100.000%, avg grad norm   0.119, avg grad norm (post clip)   0.000, rho_Whh  1.12, Omega  0.00, alpha  0.000, steps in the past 0.000, valid nll 0.097
  [diag] log10|dL/dh_t| hist bins=60 range=(-7.67,-3.82) mean=-6.35 p50=-6.39 p05=-7.14 p95=-5.92
  [diag] sat-dist hist bins=60 sat<0.05=0.0% mean=0.579 p10=0.548 p90=0.585
Iter 0023300: train nll 0.132, valid error 100.000%, best valid error 100.000%, avg grad norm   0.115, avg grad norm (post clip)   0.000, rho_Whh  1.12, Omega  0.00, alpha  0.000, steps in the past 0.000, valid nll 0.097
  [diag] log10|dL/dh_t| hist bins=60 range=(-7.67,-3.82) mean=-6.36 p50=-6.40 p05=-7.14 p95=-5.92
  [diag] sat-dist hist bins=60 sat<0.05=0.0% mean=0.578 p10=0.548 p90=0.584
Iter 0023320: train nll 0.129, valid error 100.000%, best valid error 100.000%, avg grad norm   0.081, avg grad norm (post clip)   0.000, rho_Whh  1.12, Omega  0.00, alpha  0.000, steps in the past 0.000, valid nll 0.097
  [diag] log10|dL/dh_t| hist bins=60 range=(-7.67,-3.82) mean=-6.33 p50=-6.37 p05=-7.13 p95=-5.92
  [diag] sat-dist hist bins=60 sat<0.05=0.0% mean=0.580 p10=0.548 p90=0.587
Iter 0023340: train nll 0.105, valid error 100.000%, best valid error 100.000%, avg grad norm   0.052, avg grad norm (post clip)   0.000, rho_Whh  1.12, Omega  0.00, alpha  0.000, steps in the past 0.000, valid nll 0.097
  [diag] log10|dL/dh_t| hist bins=60 range=(-7.67,-3.82) mean=-6.33 p50=-6.37 p05=-7.14 p95=-5.92
  [diag] sat-dist hist bins=60 sat<0.05=0.0% mean=0.580 p10=0.547 p90=0.587
Iter 0023360: train nll 0.111, valid error 100.000%, best valid error 100.000%, avg grad norm   0.046, avg grad norm (post clip)   0.000, rho_Whh  1.12, Omega  0.00, alpha  0.000, steps in the past 0.000, valid nll 0.097
  [diag] log10|dL/dh_t| hist bins=60 range=(-7.68,-3.82) mean=-6.34 p50=-6.38 p05=-7.14 p95=-5.92
  [diag] sat-dist hist bins=60 sat<0.05=0.0% mean=0.579 p10=0.547 p90=0.586
Iter 0023380: train nll 0.130, valid error 100.000%, best valid error 100.000%, avg grad norm   0.088, avg grad norm (post clip)   0.000, rho_Whh  1.12, Omega  0.00, alpha  0.000, steps in the past 0.000, valid nll 0.097
  [diag] log10|dL/dh_t| hist bins=60 range=(-7.64,-3.84) mean=-6.17 p50=-6.17 p05=-7.10 p95=-5.92
  [diag] sat-dist hist bins=60 sat<0.05=0.0% mean=0.595 p10=0.550 p90=0.606
Iter 0023400: train nll 0.134, valid error 100.000%, best valid error 100.000%, avg grad norm   0.127, avg grad norm (post clip)   0.000, rho_Whh  1.12, Omega  0.00, alpha  0.000, steps in the past 0.000, valid nll 0.097
  [diag] log10|dL/dh_t| hist bins=60 range=(-7.65,-3.83) mean=-6.24 p50=-6.26 p05=-7.11 p95=-5.92
  [diag] sat-dist hist bins=60 sat<0.05=0.0% mean=0.588 p10=0.549 p90=0.598
Iter 0023420: train nll 0.128, valid error 100.000%, best valid error 100.000%, avg grad norm   0.094, avg grad norm (post clip)   0.000, rho_Whh  1.12, Omega  0.00, alpha  0.000, steps in the past 0.000, valid nll 0.097
  [diag] log10|dL/dh_t| hist bins=60 range=(-7.67,-3.82) mean=-6.33 p50=-6.36 p05=-7.13 p95=-5.93
  [diag] sat-dist hist bins=60 sat<0.05=0.0% mean=0.581 p10=0.548 p90=0.588
Iter 0023440: train nll 0.130, valid error 100.000%, best valid error 100.000%, avg grad norm   0.139, avg grad norm (post clip)   0.000, rho_Whh  1.12, Omega  0.00, alpha  0.000, steps in the past 0.000, valid nll 0.097
  [diag] log10|dL/dh_t| hist bins=60 range=(-7.63,-3.84) mean=-6.13 p50=-6.11 p05=-7.09 p95=-5.92
  [diag] sat-dist hist bins=60 sat<0.05=0.0% mean=0.599 p10=0.552 p90=0.611
Iter 0023460: train nll 0.144, valid error 100.000%, best valid error 100.000%, avg grad norm   0.070, avg grad norm (post clip)   0.000, rho_Whh  1.12, Omega  0.00, alpha  0.000, steps in the past 0.000, valid nll 0.097
  [diag] log10|dL/dh_t| hist bins=60 range=(-7.67,-3.82) mean=-6.31 p50=-6.34 p05=-7.13 p95=-5.93
  [diag] sat-dist hist bins=60 sat<0.05=0.0% mean=0.582 p10=0.548 p90=0.590
Iter 0023480: train nll 0.114, valid error 100.000%, best valid error 100.000%, avg grad norm   0.081, avg grad norm (post clip)   0.000, rho_Whh  1.12, Omega  0.00, alpha  0.000, steps in the past 0.000, valid nll 0.097
  [diag] log10|dL/dh_t| hist bins=60 range=(-7.67,-3.83) mean=-6.30 p50=-6.33 p05=-7.13 p95=-5.93
  [diag] sat-dist hist bins=60 sat<0.05=0.0% mean=0.583 p10=0.548 p90=0.591
Iter 0023500: train nll 0.103, valid error 100.000%, best valid error 100.000%, avg grad norm   0.034, avg grad norm (post clip)   0.000, rho_Whh  1.12, Omega  0.00, alpha  0.000, steps in the past 0.000, valid nll 0.097
  [diag] log10|dL/dh_t| hist bins=60 range=(-7.64,-3.84) mean=-6.18 p50=-6.18 p05=-7.10 p95=-5.93
  [diag] sat-dist hist bins=60 sat<0.05=0.0% mean=0.594 p10=0.550 p90=0.605
Iter 0023520: train nll 0.122, valid error 100.000%, best valid error 100.000%, avg grad norm   0.087, avg grad norm (post clip)   0.000, rho_Whh  1.12, Omega  0.00, alpha  0.000, steps in the past 0.000, valid nll 0.097
  [diag] log10|dL/dh_t| hist bins=60 range=(-7.68,-3.82) mean=-6.36 p50=-6.40 p05=-7.14 p95=-5.93
  [diag] sat-dist hist bins=60 sat<0.05=0.0% mean=0.578 p10=0.548 p90=0.585
Iter 0023540: train nll 0.127, valid error 100.000%, best valid error 100.000%, avg grad norm   0.116, avg grad norm (post clip)   0.000, rho_Whh  1.12, Omega  0.00, alpha  0.000, steps in the past 0.000, valid nll 0.097
  [diag] log10|dL/dh_t| hist bins=60 range=(-7.68,-3.82) mean=-6.35 p50=-6.39 p05=-7.14 p95=-5.93
  [diag] sat-dist hist bins=60 sat<0.05=0.0% mean=0.578 p10=0.548 p90=0.585
Iter 0023560: train nll 0.109, valid error 100.000%, best valid error 100.000%, avg grad norm   0.057, avg grad norm (post clip)   0.000, rho_Whh  1.12, Omega  0.00, alpha  0.000, steps in the past 0.000, valid nll 0.097
  [diag] log10|dL/dh_t| hist bins=60 range=(-7.68,-3.82) mean=-6.36 p50=-6.40 p05=-7.15 p95=-5.93
  [diag] sat-dist hist bins=60 sat<0.05=0.0% mean=0.578 p10=0.547 p90=0.585
Iter 0023580: train nll 0.116, valid error 100.000%, best valid error 100.000%, avg grad norm   0.077, avg grad norm (post clip)   0.000, rho_Whh  1.12, Omega  0.00, alpha  0.000, steps in the past 0.000, valid nll 0.097
  [diag] log10|dL/dh_t| hist bins=60 range=(-7.68,-3.82) mean=-6.34 p50=-6.37 p05=-7.14 p95=-5.93
  [diag] sat-dist hist bins=60 sat<0.05=0.0% mean=0.580 p10=0.547 p90=0.587
Iter 0023600: train nll 0.123, valid error 100.000%, best valid error 100.000%, avg grad norm   0.071, avg grad norm (post clip)   0.000, rho_Whh  1.12, Omega  0.00, alpha  0.000, steps in the past 0.000, valid nll 0.097
  [diag] log10|dL/dh_t| hist bins=60 range=(-7.67,-3.83) mean=-6.29 p50=-6.32 p05=-7.13 p95=-5.93
  [diag] sat-dist hist bins=60 sat<0.05=0.0% mean=0.584 p10=0.548 p90=0.592
Iter 0023620: train nll 0.129, valid error 100.000%, best valid error 100.000%, avg grad norm   0.095, avg grad norm (post clip)   0.000, rho_Whh  1.12, Omega  0.00, alpha  0.000, steps in the past 0.000, valid nll 0.097
  [diag] log10|dL/dh_t| hist bins=60 range=(-7.66,-3.83) mean=-6.24 p50=-6.26 p05=-7.12 p95=-5.93
  [diag] sat-dist hist bins=60 sat<0.05=0.0% mean=0.589 p10=0.549 p90=0.598
Iter 0023640: train nll 0.122, valid error 100.000%, best valid error 100.000%, avg grad norm   0.075, avg grad norm (post clip)   0.000, rho_Whh  1.12, Omega  0.00, alpha  0.000, steps in the past 0.000, valid nll 0.097
  [diag] log10|dL/dh_t| hist bins=60 range=(-7.63,-3.84) mean=-6.18 p50=-6.19 p05=-7.09 p95=-5.93
  [diag] sat-dist hist bins=60 sat<0.05=0.0% mean=0.594 p10=0.552 p90=0.604
Iter 0023660: train nll 0.131, valid error 100.000%, best valid error 100.000%, avg grad norm   0.171, avg grad norm (post clip)   0.000, rho_Whh  1.12, Omega  0.00, alpha  0.000, steps in the past 0.000, valid nll 0.097
  [diag] log10|dL/dh_t| hist bins=60 range=(-7.65,-3.83) mean=-6.28 p50=-6.30 p05=-7.11 p95=-5.93
  [diag] sat-dist hist bins=60 sat<0.05=0.0% mean=0.586 p10=0.550 p90=0.594
Iter 0023680: train nll 0.140, valid error 100.000%, best valid error 100.000%, avg grad norm   0.087, avg grad norm (post clip)   0.000, rho_Whh  1.12, Omega  0.00, alpha  0.000, steps in the past 0.000, valid nll 0.097
  [diag] log10|dL/dh_t| hist bins=60 range=(-7.67,-3.82) mean=-6.33 p50=-6.37 p05=-7.13 p95=-5.93
  [diag] sat-dist hist bins=60 sat<0.05=0.0% mean=0.581 p10=0.549 p90=0.588
Iter 0023700: train nll 0.137, valid error 100.000%, best valid error 100.000%, avg grad norm   0.074, avg grad norm (post clip)   0.000, rho_Whh  1.12, Omega  0.00, alpha  0.000, steps in the past 0.000, valid nll 0.097
  [diag] log10|dL/dh_t| hist bins=60 range=(-7.62,-3.84) mean=-6.14 p50=-6.14 p05=-7.08 p95=-5.93
  [diag] sat-dist hist bins=60 sat<0.05=0.0% mean=0.598 p10=0.553 p90=0.609
Iter 0023720: train nll 0.143, valid error 100.000%, best valid error 100.000%, avg grad norm   0.125, avg grad norm (post clip)   0.000, rho_Whh  1.12, Omega  0.00, alpha  0.000, steps in the past 0.000, valid nll 0.097
  [diag] log10|dL/dh_t| hist bins=60 range=(-7.66,-3.83) mean=-6.32 p50=-6.35 p05=-7.12 p95=-5.94
  [diag] sat-dist hist bins=60 sat<0.05=0.0% mean=0.582 p10=0.550 p90=0.589
Iter 0023740: train nll 0.124, valid error 100.000%, best valid error 100.000%, avg grad norm   0.099, avg grad norm (post clip)   0.000, rho_Whh  1.12, Omega  0.00, alpha  0.000, steps in the past 0.000, valid nll 0.097
  [diag] log10|dL/dh_t| hist bins=60 range=(-7.67,-3.82) mean=-6.36 p50=-6.40 p05=-7.14 p95=-5.94
  [diag] sat-dist hist bins=60 sat<0.05=0.0% mean=0.579 p10=0.550 p90=0.585
Iter 0023760: train nll 0.110, valid error 100.000%, best valid error 100.000%, avg grad norm   0.056, avg grad norm (post clip)   0.000, rho_Whh  1.12, Omega  0.00, alpha  0.000, steps in the past 0.000, valid nll 0.097
  [diag] log10|dL/dh_t| hist bins=60 range=(-7.69,-3.81) mean=-6.42 p50=-6.47 p05=-7.16 p95=-5.94
  [diag] sat-dist hist bins=60 sat<0.05=0.0% mean=0.573 p10=0.549 p90=0.579
Iter 0023780: train nll 0.125, valid error 100.000%, best valid error 100.000%, avg grad norm   0.067, avg grad norm (post clip)   0.000, rho_Whh  1.12, Omega  0.00, alpha  0.000, steps in the past 0.000, valid nll 0.097
  [diag] log10|dL/dh_t| hist bins=60 range=(-7.64,-3.83) mean=-6.22 p50=-6.23 p05=-7.10 p95=-5.94
  [diag] sat-dist hist bins=60 sat<0.05=0.0% mean=0.591 p10=0.551 p90=0.601
Iter 0023800: train nll 0.114, valid error 100.000%, best valid error 100.000%, avg grad norm   0.057, avg grad norm (post clip)   0.000, rho_Whh  1.12, Omega  0.00, alpha  0.000, steps in the past 0.000, valid nll 0.097
  [diag] log10|dL/dh_t| hist bins=60 range=(-7.68,-3.82) mean=-6.35 p50=-6.38 p05=-7.14 p95=-5.94
  [diag] sat-dist hist bins=60 sat<0.05=0.0% mean=0.580 p10=0.549 p90=0.587
Iter 0023820: train nll 0.134, valid error 100.000%, best valid error 100.000%, avg grad norm   0.082, avg grad norm (post clip)   0.000, rho_Whh  1.12, Omega  0.00, alpha  0.000, steps in the past 0.000, valid nll 0.097
  [diag] log10|dL/dh_t| hist bins=60 range=(-7.67,-3.83) mean=-6.33 p50=-6.36 p05=-7.13 p95=-5.94
  [diag] sat-dist hist bins=60 sat<0.05=0.0% mean=0.581 p10=0.549 p90=0.589
Iter 0023840: train nll 0.137, valid error 100.000%, best valid error 100.000%, avg grad norm   0.099, avg grad norm (post clip)   0.000, rho_Whh  1.12, Omega  0.00, alpha  0.000, steps in the past 0.000, valid nll 0.097
  [diag] log10|dL/dh_t| hist bins=60 range=(-7.64,-3.83) mean=-6.20 p50=-6.21 p05=-7.10 p95=-5.94
  [diag] sat-dist hist bins=60 sat<0.05=0.0% mean=0.593 p10=0.551 p90=0.603
Iter 0023860: train nll 0.141, valid error 100.000%, best valid error 100.000%, avg grad norm   0.118, avg grad norm (post clip)   0.000, rho_Whh  1.12, Omega  0.00, alpha  0.000, steps in the past 0.000, valid nll 0.097
  [diag] log10|dL/dh_t| hist bins=60 range=(-7.67,-3.83) mean=-6.31 p50=-6.34 p05=-7.13 p95=-5.94
  [diag] sat-dist hist bins=60 sat<0.05=0.0% mean=0.583 p10=0.549 p90=0.591
Iter 0023880: train nll 0.129, valid error 100.000%, best valid error 100.000%, avg grad norm   0.096, avg grad norm (post clip)   0.000, rho_Whh  1.12, Omega  0.00, alpha  0.000, steps in the past 0.000, valid nll 0.097
  [diag] log10|dL/dh_t| hist bins=60 range=(-7.67,-3.83) mean=-6.33 p50=-6.36 p05=-7.14 p95=-5.94
  [diag] sat-dist hist bins=60 sat<0.05=0.0% mean=0.581 p10=0.549 p90=0.589
Iter 0023900: train nll 0.131, valid error 100.000%, best valid error 100.000%, avg grad norm   0.091, avg grad norm (post clip)   0.000, rho_Whh  1.12, Omega  0.00, alpha  0.000, steps in the past 0.000, valid nll 0.097
  [diag] log10|dL/dh_t| hist bins=60 range=(-7.66,-3.83) mean=-6.26 p50=-6.28 p05=-7.12 p95=-5.94
  [diag] sat-dist hist bins=60 sat<0.05=0.0% mean=0.587 p10=0.550 p90=0.596
Iter 0023920: train nll 0.117, valid error 100.000%, best valid error 100.000%, avg grad norm   0.068, avg grad norm (post clip)   0.000, rho_Whh  1.12, Omega  0.00, alpha  0.000, steps in the past 0.000, valid nll 0.097
  [diag] log10|dL/dh_t| hist bins=60 range=(-7.64,-3.84) mean=-6.15 p50=-6.15 p05=-7.10 p95=-5.94
  [diag] sat-dist hist bins=60 sat<0.05=0.0% mean=0.597 p10=0.551 p90=0.609
Iter 0023940: train nll 0.145, valid error 100.000%, best valid error 100.000%, avg grad norm   0.101, avg grad norm (post clip)   0.000, rho_Whh  1.12, Omega  0.00, alpha  0.000, steps in the past 0.000, valid nll 0.097
  [diag] log10|dL/dh_t| hist bins=60 range=(-7.66,-3.83) mean=-6.26 p50=-6.28 p05=-7.12 p95=-5.94
  [diag] sat-dist hist bins=60 sat<0.05=0.0% mean=0.587 p10=0.549 p90=0.596
Iter 0023960: train nll 0.123, valid error 100.000%, best valid error 100.000%, avg grad norm   0.069, avg grad norm (post clip)   0.000, rho_Whh  1.12, Omega  0.00, alpha  0.000, steps in the past 0.000, valid nll 0.097
  [diag] log10|dL/dh_t| hist bins=60 range=(-7.64,-3.84) mean=-6.13 p50=-6.12 p05=-7.10 p95=-5.94
  [diag] sat-dist hist bins=60 sat<0.05=0.0% mean=0.599 p10=0.551 p90=0.611
Iter 0023980: train nll 0.121, valid error 100.000%, best valid error 100.000%, avg grad norm   0.070, avg grad norm (post clip)   0.000, rho_Whh  1.12, Omega  0.00, alpha  0.000, steps in the past 0.000, valid nll 0.097
  [diag] log10|dL/dh_t| hist bins=60 range=(-7.68,-3.83) mean=-6.29 p50=-6.32 p05=-7.14 p95=-5.95
  [diag] sat-dist hist bins=60 sat<0.05=0.0% mean=0.584 p10=0.548 p90=0.593
Iter 0024000: train nll 0.117, valid error 100.000%, best valid error 100.000%, avg grad norm   0.078, avg grad norm (post clip)   0.000, rho_Whh  1.12, Omega  0.00, alpha  0.000, steps in the past 0.000, valid nll 0.097
  [diag] log10|dL/dh_t| hist bins=60 range=(-7.69,-3.82) mean=-6.36 p50=-6.40 p05=-7.16 p95=-5.95
  [diag] sat-dist hist bins=60 sat<0.05=0.0% mean=0.578 p10=0.547 p90=0.585
Iter 0024020: train nll 0.118, valid error 100.000%, best valid error 100.000%, avg grad norm   0.086, avg grad norm (post clip)   0.000, rho_Whh  1.12, Omega  0.00, alpha  0.000, steps in the past 0.000, valid nll 0.097
  [diag] log10|dL/dh_t| hist bins=60 range=(-7.67,-3.83) mean=-6.24 p50=-6.25 p05=-7.12 p95=-5.95
  [diag] sat-dist hist bins=60 sat<0.05=0.0% mean=0.590 p10=0.549 p90=0.599
Iter 0024040: train nll 0.135, valid error 100.000%, best valid error 100.000%, avg grad norm   0.096, avg grad norm (post clip)   0.000, rho_Whh  1.12, Omega  0.00, alpha  0.000, steps in the past 0.000, valid nll 0.097
  [diag] log10|dL/dh_t| hist bins=60 range=(-7.70,-3.82) mean=-6.36 p50=-6.40 p05=-7.16 p95=-5.95
  [diag] sat-dist hist bins=60 sat<0.05=0.0% mean=0.578 p10=0.547 p90=0.585
Iter 0024060: train nll 0.123, valid error 100.000%, best valid error 100.000%, avg grad norm   0.098, avg grad norm (post clip)   0.000, rho_Whh  1.12, Omega  0.00, alpha  0.000, steps in the past 0.000, valid nll 0.097
  [diag] log10|dL/dh_t| hist bins=60 range=(-7.69,-3.83) mean=-6.33 p50=-6.37 p05=-7.15 p95=-5.95
  [diag] sat-dist hist bins=60 sat<0.05=0.0% mean=0.581 p10=0.547 p90=0.588
Iter 0024080: train nll 0.135, valid error 100.000%, best valid error 100.000%, avg grad norm   0.101, avg grad norm (post clip)   0.000, rho_Whh  1.12, Omega  0.00, alpha  0.000, steps in the past 0.000, valid nll 0.097
  [diag] log10|dL/dh_t| hist bins=60 range=(-7.71,-3.82) mean=-6.42 p50=-6.46 p05=-7.17 p95=-5.95
  [diag] sat-dist hist bins=60 sat<0.05=0.0% mean=0.573 p10=0.547 p90=0.580
Iter 0024100: train nll 0.119, valid error 100.000%, best valid error 100.000%, avg grad norm   0.080, avg grad norm (post clip)   0.000, rho_Whh  1.12, Omega  0.00, alpha  0.000, steps in the past 0.000, valid nll 0.097
  [diag] log10|dL/dh_t| hist bins=60 range=(-7.70,-3.82) mean=-6.37 p50=-6.40 p05=-7.16 p95=-5.95
  [diag] sat-dist hist bins=60 sat<0.05=0.0% mean=0.578 p10=0.546 p90=0.585
Iter 0024120: train nll 0.108, valid error 100.000%, best valid error 100.000%, avg grad norm   0.056, avg grad norm (post clip)   0.000, rho_Whh  1.12, Omega  0.00, alpha  0.000, steps in the past 0.000, valid nll 0.097
  [diag] log10|dL/dh_t| hist bins=60 range=(-7.66,-3.84) mean=-6.19 p50=-6.19 p05=-7.12 p95=-5.95
  [diag] sat-dist hist bins=60 sat<0.05=0.0% mean=0.594 p10=0.549 p90=0.605
Iter 0024140: train nll 0.129, valid error 100.000%, best valid error 100.000%, avg grad norm   0.079, avg grad norm (post clip)   0.000, rho_Whh  1.12, Omega  0.00, alpha  0.000, steps in the past 0.000, valid nll 0.097
  [diag] log10|dL/dh_t| hist bins=60 range=(-7.68,-3.83) mean=-6.27 p50=-6.29 p05=-7.14 p95=-5.95
  [diag] sat-dist hist bins=60 sat<0.05=0.0% mean=0.587 p10=0.547 p90=0.596
Iter 0024160: train nll 0.136, valid error 100.000%, best valid error 100.000%, avg grad norm   0.105, avg grad norm (post clip)   0.000, rho_Whh  1.12, Omega  0.00, alpha  0.000, steps in the past 0.000, valid nll 0.097
  [diag] log10|dL/dh_t| hist bins=60 range=(-7.70,-3.82) mean=-6.36 p50=-6.39 p05=-7.16 p95=-5.95
  [diag] sat-dist hist bins=60 sat<0.05=0.0% mean=0.579 p10=0.546 p90=0.586
Iter 0024180: train nll 0.115, valid error 100.000%, best valid error 100.000%, avg grad norm   0.067, avg grad norm (post clip)   0.000, rho_Whh  1.12, Omega  0.00, alpha  0.000, steps in the past 0.000, valid nll 0.097
  [diag] log10|dL/dh_t| hist bins=60 range=(-7.66,-3.84) mean=-6.15 p50=-6.14 p05=-7.11 p95=-5.95
  [diag] sat-dist hist bins=60 sat<0.05=0.0% mean=0.597 p10=0.550 p90=0.609
Iter 0024200: train nll 0.119, valid error 100.000%, best valid error 100.000%, avg grad norm   0.064, avg grad norm (post clip)   0.000, rho_Whh  1.12, Omega  0.00, alpha  0.000, steps in the past 0.000, valid nll 0.097
  [diag] log10|dL/dh_t| hist bins=60 range=(-7.71,-3.82) mean=-6.36 p50=-6.40 p05=-7.17 p95=-5.95
  [diag] sat-dist hist bins=60 sat<0.05=0.0% mean=0.578 p10=0.546 p90=0.586
Iter 0024220: train nll 0.124, valid error 100.000%, best valid error 100.000%, avg grad norm   0.097, avg grad norm (post clip)   0.000, rho_Whh  1.12, Omega  0.00, alpha  0.000, steps in the past 0.000, valid nll 0.097
  [diag] log10|dL/dh_t| hist bins=60 range=(-7.70,-3.83) mean=-6.32 p50=-6.34 p05=-7.15 p95=-5.95
  [diag] sat-dist hist bins=60 sat<0.05=0.0% mean=0.582 p10=0.546 p90=0.591
Iter 0024240: train nll 0.102, valid error 100.000%, best valid error 100.000%, avg grad norm   0.042, avg grad norm (post clip)   0.000, rho_Whh  1.12, Omega  0.00, alpha  0.000, steps in the past 0.000, valid nll 0.097
  [diag] log10|dL/dh_t| hist bins=60 range=(-7.71,-3.82) mean=-6.38 p50=-6.42 p05=-7.18 p95=-5.96
  [diag] sat-dist hist bins=60 sat<0.05=0.0% mean=0.577 p10=0.545 p90=0.584
Iter 0024260: train nll 0.129, valid error 100.000%, best valid error 100.000%, avg grad norm   0.077, avg grad norm (post clip)   0.000, rho_Whh  1.12, Omega  0.00, alpha  0.000, steps in the past 0.000, valid nll 0.097
  [diag] log10|dL/dh_t| hist bins=60 range=(-7.71,-3.82) mean=-6.38 p50=-6.42 p05=-7.17 p95=-5.96
  [diag] sat-dist hist bins=60 sat<0.05=0.0% mean=0.577 p10=0.546 p90=0.584
Iter 0024280: train nll 0.129, valid error 100.000%, best valid error 100.000%, avg grad norm   0.111, avg grad norm (post clip)   0.000, rho_Whh  1.12, Omega  0.00, alpha  0.000, steps in the past 0.000, valid nll 0.097
  [diag] log10|dL/dh_t| hist bins=60 range=(-7.69,-3.83) mean=-6.29 p50=-6.31 p05=-7.15 p95=-5.96
  [diag] sat-dist hist bins=60 sat<0.05=0.0% mean=0.585 p10=0.547 p90=0.594
Iter 0024300: train nll 0.134, valid error 100.000%, best valid error 100.000%, avg grad norm   0.103, avg grad norm (post clip)   0.000, rho_Whh  1.12, Omega  0.00, alpha  0.000, steps in the past 0.000, valid nll 0.097
  [diag] log10|dL/dh_t| hist bins=60 range=(-7.65,-3.84) mean=-6.05 p50=-6.01 p05=-7.10 p95=-5.93
  [diag] sat-dist hist bins=60 sat<0.05=0.0% mean=0.606 p10=0.551 p90=0.622
Iter 0024320: train nll 0.132, valid error 100.000%, best valid error 100.000%, avg grad norm   0.097, avg grad norm (post clip)   0.000, rho_Whh  1.12, Omega  0.00, alpha  0.000, steps in the past 0.000, valid nll 0.097
  [diag] log10|dL/dh_t| hist bins=60 range=(-7.71,-3.82) mean=-6.40 p50=-6.44 p05=-7.18 p95=-5.96
  [diag] sat-dist hist bins=60 sat<0.05=0.0% mean=0.575 p10=0.546 p90=0.582
Iter 0024340: train nll 0.123, valid error 100.000%, best valid error 100.000%, avg grad norm   0.129, avg grad norm (post clip)   0.000, rho_Whh  1.12, Omega  0.00, alpha  0.000, steps in the past 0.000, valid nll 0.097
  [diag] log10|dL/dh_t| hist bins=60 range=(-7.71,-3.82) mean=-6.36 p50=-6.40 p05=-7.17 p95=-5.96
  [diag] sat-dist hist bins=60 sat<0.05=0.0% mean=0.579 p10=0.546 p90=0.586
Iter 0024360: train nll 0.115, valid error 100.000%, best valid error 100.000%, avg grad norm   0.072, avg grad norm (post clip)   0.000, rho_Whh  1.12, Omega  0.00, alpha  0.000, steps in the past 0.000, valid nll 0.097
  [diag] log10|dL/dh_t| hist bins=60 range=(-7.70,-3.83) mean=-6.35 p50=-6.38 p05=-7.16 p95=-5.96
  [diag] sat-dist hist bins=60 sat<0.05=0.0% mean=0.580 p10=0.546 p90=0.588
Iter 0024380: train nll 0.114, valid error 100.000%, best valid error 100.000%, avg grad norm   0.076, avg grad norm (post clip)   0.000, rho_Whh  1.12, Omega  0.00, alpha  0.000, steps in the past 0.000, valid nll 0.097
  [diag] log10|dL/dh_t| hist bins=60 range=(-7.68,-3.83) mean=-6.24 p50=-6.25 p05=-7.14 p95=-5.96
  [diag] sat-dist hist bins=60 sat<0.05=0.0% mean=0.590 p10=0.548 p90=0.600
Iter 0024400: train nll 0.141, valid error 100.000%, best valid error 100.000%, avg grad norm   0.089, avg grad norm (post clip)   0.000, rho_Whh  1.12, Omega  0.00, alpha  0.000, steps in the past 0.000, valid nll 0.097
  [diag] log10|dL/dh_t| hist bins=60 range=(-7.73,-3.82) mean=-6.43 p50=-6.48 p05=-7.19 p95=-5.96
  [diag] sat-dist hist bins=60 sat<0.05=0.0% mean=0.572 p10=0.546 p90=0.578
Iter 0024420: train nll 0.122, valid error 100.000%, best valid error 100.000%, avg grad norm   0.119, avg grad norm (post clip)   0.000, rho_Whh  1.12, Omega  0.00, alpha  0.000, steps in the past 0.000, valid nll 0.097
  [diag] log10|dL/dh_t| hist bins=60 range=(-7.71,-3.82) mean=-6.38 p50=-6.43 p05=-7.17 p95=-5.96
  [diag] sat-dist hist bins=60 sat<0.05=0.0% mean=0.577 p10=0.546 p90=0.583
Iter 0024440: train nll 0.116, valid error 100.000%, best valid error 100.000%, avg grad norm   0.076, avg grad norm (post clip)   0.000, rho_Whh  1.12, Omega  0.00, alpha  0.000, steps in the past 0.000, valid nll 0.097
  [diag] log10|dL/dh_t| hist bins=60 range=(-7.71,-3.83) mean=-6.36 p50=-6.39 p05=-7.17 p95=-5.96
  [diag] sat-dist hist bins=60 sat<0.05=0.0% mean=0.579 p10=0.546 p90=0.586
Iter 0024460: train nll 0.124, valid error 100.000%, best valid error 100.000%, avg grad norm   0.079, avg grad norm (post clip)   0.000, rho_Whh  1.12, Omega  0.00, alpha  0.000, steps in the past 0.000, valid nll 0.097
  [diag] log10|dL/dh_t| hist bins=60 range=(-7.69,-3.83) mean=-6.28 p50=-6.30 p05=-7.15 p95=-5.96
  [diag] sat-dist hist bins=60 sat<0.05=0.0% mean=0.586 p10=0.546 p90=0.595
Iter 0024480: train nll 0.113, valid error 100.000%, best valid error 100.000%, avg grad norm   0.047, avg grad norm (post clip)   0.000, rho_Whh  1.12, Omega  0.00, alpha  0.000, steps in the past 0.000, valid nll 0.097
  [diag] log10|dL/dh_t| hist bins=60 range=(-7.70,-3.83) mean=-6.31 p50=-6.34 p05=-7.16 p95=-5.96
  [diag] sat-dist hist bins=60 sat<0.05=0.0% mean=0.583 p10=0.545 p90=0.591
Iter 0024500: train nll 0.127, valid error 100.000%, best valid error 100.000%, avg grad norm   0.072, avg grad norm (post clip)   0.000, rho_Whh  1.12, Omega  0.00, alpha  0.000, steps in the past 0.000, valid nll 0.097
  [diag] log10|dL/dh_t| hist bins=60 range=(-7.71,-3.83) mean=-6.33 p50=-6.36 p05=-7.17 p95=-5.96
  [diag] sat-dist hist bins=60 sat<0.05=0.0% mean=0.581 p10=0.545 p90=0.589
Iter 0024520: train nll 0.116, valid error 100.000%, best valid error 100.000%, avg grad norm   0.068, avg grad norm (post clip)   0.000, rho_Whh  1.12, Omega  0.00, alpha  0.000, steps in the past 0.000, valid nll 0.097
  [diag] log10|dL/dh_t| hist bins=60 range=(-7.73,-3.82) mean=-6.40 p50=-6.44 p05=-7.19 p95=-5.97
  [diag] sat-dist hist bins=60 sat<0.05=0.0% mean=0.576 p10=0.545 p90=0.582
Iter 0024540: train nll 0.124, valid error 100.000%, best valid error 100.000%, avg grad norm   0.070, avg grad norm (post clip)   0.000, rho_Whh  1.12, Omega  0.00, alpha  0.000, steps in the past 0.000, valid nll 0.097
  [diag] log10|dL/dh_t| hist bins=60 range=(-7.73,-3.82) mean=-6.40 p50=-6.45 p05=-7.19 p95=-5.97
  [diag] sat-dist hist bins=60 sat<0.05=0.0% mean=0.575 p10=0.546 p90=0.582
Iter 0024560: train nll 0.127, valid error 100.000%, best valid error 100.000%, avg grad norm   0.118, avg grad norm (post clip)   0.000, rho_Whh  1.12, Omega  0.00, alpha  0.000, steps in the past 0.000, valid nll 0.097
  [diag] log10|dL/dh_t| hist bins=60 range=(-7.70,-3.83) mean=-6.29 p50=-6.31 p05=-7.16 p95=-5.97
  [diag] sat-dist hist bins=60 sat<0.05=0.0% mean=0.585 p10=0.546 p90=0.594
Iter 0024580: train nll 0.102, valid error 100.000%, best valid error 100.000%, avg grad norm   0.047, avg grad norm (post clip)   0.000, rho_Whh  1.12, Omega  0.00, alpha  0.000, steps in the past 0.000, valid nll 0.097
  [diag] log10|dL/dh_t| hist bins=60 range=(-7.68,-3.84) mean=-6.15 p50=-6.13 p05=-7.13 p95=-5.97
  [diag] sat-dist hist bins=60 sat<0.05=0.0% mean=0.598 p10=0.549 p90=0.610
Iter 0024600: train nll 0.119, valid error 100.000%, best valid error 100.000%, avg grad norm   0.111, avg grad norm (post clip)   0.000, rho_Whh  1.12, Omega  0.00, alpha  0.000, steps in the past 0.000, valid nll 0.097
  [diag] log10|dL/dh_t| hist bins=60 range=(-7.69,-3.84) mean=-6.22 p50=-6.22 p05=-7.14 p95=-5.97
  [diag] sat-dist hist bins=60 sat<0.05=0.0% mean=0.592 p10=0.548 p90=0.602
Iter 0024620: train nll 0.145, valid error 100.000%, best valid error 100.000%, avg grad norm   0.098, avg grad norm (post clip)   0.000, rho_Whh  1.12, Omega  0.00, alpha  0.000, steps in the past 0.000, valid nll 0.097
  [diag] log10|dL/dh_t| hist bins=60 range=(-7.73,-3.82) mean=-6.38 p50=-6.42 p05=-7.18 p95=-5.97
  [diag] sat-dist hist bins=60 sat<0.05=0.0% mean=0.577 p10=0.545 p90=0.584
Iter 0024640: train nll 0.128, valid error 100.000%, best valid error 100.000%, avg grad norm   0.076, avg grad norm (post clip)   0.000, rho_Whh  1.12, Omega  0.00, alpha  0.000, steps in the past 0.000, valid nll 0.097
  [diag] log10|dL/dh_t| hist bins=60 range=(-7.68,-3.84) mean=-6.17 p50=-6.16 p05=-7.14 p95=-5.97
  [diag] sat-dist hist bins=60 sat<0.05=0.0% mean=0.596 p10=0.548 p90=0.608
Iter 0024660: train nll 0.128, valid error 100.000%, best valid error 100.000%, avg grad norm   0.061, avg grad norm (post clip)   0.000, rho_Whh  1.12, Omega  0.00, alpha  0.000, steps in the past 0.000, valid nll 0.097
  [diag] log10|dL/dh_t| hist bins=60 range=(-7.69,-3.84) mean=-6.17 p50=-6.15 p05=-7.14 p95=-5.97
  [diag] sat-dist hist bins=60 sat<0.05=0.0% mean=0.596 p10=0.548 p90=0.609
Iter 0024680: train nll 0.117, valid error 100.000%, best valid error 100.000%, avg grad norm   0.068, avg grad norm (post clip)   0.000, rho_Whh  1.12, Omega  0.00, alpha  0.000, steps in the past 0.000, valid nll 0.097
  [diag] log10|dL/dh_t| hist bins=60 range=(-7.72,-3.83) mean=-6.30 p50=-6.32 p05=-7.17 p95=-5.97
  [diag] sat-dist hist bins=60 sat<0.05=0.0% mean=0.584 p10=0.545 p90=0.593
Iter 0024700: train nll 0.127, valid error 100.000%, best valid error 100.000%, avg grad norm   0.080, avg grad norm (post clip)   0.000, rho_Whh  1.12, Omega  0.00, alpha  0.000, steps in the past 0.000, valid nll 0.097
  [diag] log10|dL/dh_t| hist bins=60 range=(-7.73,-3.83) mean=-6.35 p50=-6.39 p05=-7.18 p95=-5.97
  [diag] sat-dist hist bins=60 sat<0.05=0.0% mean=0.579 p10=0.544 p90=0.587
Iter 0024720: train nll 0.120, valid error 100.000%, best valid error 100.000%, avg grad norm   0.081, avg grad norm (post clip)   0.000, rho_Whh  1.12, Omega  0.00, alpha  0.000, steps in the past 0.000, valid nll 0.097
  [diag] log10|dL/dh_t| hist bins=60 range=(-7.73,-3.83) mean=-6.33 p50=-6.35 p05=-7.18 p95=-5.97
  [diag] sat-dist hist bins=60 sat<0.05=0.0% mean=0.582 p10=0.544 p90=0.590
Iter 0024740: train nll 0.117, valid error 100.000%, best valid error 100.000%, avg grad norm   0.062, avg grad norm (post clip)   0.000, rho_Whh  1.12, Omega  0.00, alpha  0.000, steps in the past 0.000, valid nll 0.097
  [diag] log10|dL/dh_t| hist bins=60 range=(-7.69,-3.84) mean=-6.15 p50=-6.13 p05=-7.14 p95=-5.97
  [diag] sat-dist hist bins=60 sat<0.05=0.0% mean=0.598 p10=0.548 p90=0.611
Iter 0024760: train nll 0.137, valid error 100.000%, best valid error 100.000%, avg grad norm   0.141, avg grad norm (post clip)   0.000, rho_Whh  1.12, Omega  0.00, alpha  0.000, steps in the past 0.000, valid nll 0.097
  [diag] log10|dL/dh_t| hist bins=60 range=(-7.73,-3.83) mean=-6.35 p50=-6.38 p05=-7.18 p95=-5.97
  [diag] sat-dist hist bins=60 sat<0.05=0.0% mean=0.580 p10=0.543 p90=0.588
Iter 0024780: train nll 0.133, valid error 100.000%, best valid error 100.000%, avg grad norm   0.078, avg grad norm (post clip)   0.000, rho_Whh  1.12, Omega  0.00, alpha  0.000, steps in the past 0.000, valid nll 0.097
  [diag] log10|dL/dh_t| hist bins=60 range=(-7.73,-3.83) mean=-6.34 p50=-6.36 p05=-7.18 p95=-5.97
  [diag] sat-dist hist bins=60 sat<0.05=0.0% mean=0.581 p10=0.544 p90=0.589
Iter 0024800: train nll 0.123, valid error 100.000%, best valid error 100.000%, avg grad norm   0.101, avg grad norm (post clip)   0.000, rho_Whh  1.12, Omega  0.00, alpha  0.000, steps in the past 0.000, valid nll 0.097
  [diag] log10|dL/dh_t| hist bins=60 range=(-7.70,-3.84) mean=-6.18 p50=-6.16 p05=-7.15 p95=-5.97
  [diag] sat-dist hist bins=60 sat<0.05=0.0% mean=0.596 p10=0.547 p90=0.608
Iter 0024820: train nll 0.137, valid error 100.000%, best valid error 100.000%, avg grad norm   0.069, avg grad norm (post clip)   0.000, rho_Whh  1.12, Omega  0.00, alpha  0.000, steps in the past 0.000, valid nll 0.097
  [diag] log10|dL/dh_t| hist bins=60 range=(-7.70,-3.83) mean=-6.33 p50=-6.36 p05=-7.15 p95=-5.98
  [diag] sat-dist hist bins=60 sat<0.05=0.0% mean=0.582 p10=0.547 p90=0.590
Iter 0024840: train nll 0.149, valid error 100.000%, best valid error 100.000%, avg grad norm   0.238, avg grad norm (post clip)   0.000, rho_Whh  1.12, Omega  0.00, alpha  0.000, steps in the past 0.000, valid nll 0.097
  [diag] log10|dL/dh_t| hist bins=60 range=(-7.70,-3.83) mean=-6.35 p50=-6.38 p05=-7.16 p95=-5.98
  [diag] sat-dist hist bins=60 sat<0.05=0.0% mean=0.581 p10=0.547 p90=0.588
Iter 0024860: train nll 0.121, valid error 100.000%, best valid error 100.000%, avg grad norm   0.075, avg grad norm (post clip)   0.000, rho_Whh  1.12, Omega  0.00, alpha  0.000, steps in the past 0.000, valid nll 0.097
  [diag] log10|dL/dh_t| hist bins=60 range=(-7.70,-3.83) mean=-6.32 p50=-6.35 p05=-7.15 p95=-5.98
  [diag] sat-dist hist bins=60 sat<0.05=0.0% mean=0.583 p10=0.548 p90=0.591
Iter 0024880: train nll 0.122, valid error 100.000%, best valid error 100.000%, avg grad norm   0.078, avg grad norm (post clip)   0.000, rho_Whh  1.12, Omega  0.00, alpha  0.000, steps in the past 0.000, valid nll 0.097
  [diag] log10|dL/dh_t| hist bins=60 range=(-7.72,-3.82) mean=-6.39 p50=-6.43 p05=-7.18 p95=-5.98
  [diag] sat-dist hist bins=60 sat<0.05=0.0% mean=0.577 p10=0.546 p90=0.583
Iter 0024900: train nll 0.127, valid error 100.000%, best valid error 100.000%, avg grad norm   0.055, avg grad norm (post clip)   0.000, rho_Whh  1.12, Omega  0.00, alpha  0.000, steps in the past 0.000, valid nll 0.097
  [diag] log10|dL/dh_t| hist bins=60 range=(-7.69,-3.83) mean=-6.29 p50=-6.31 p05=-7.15 p95=-5.98
  [diag] sat-dist hist bins=60 sat<0.05=0.0% mean=0.586 p10=0.548 p90=0.595
Iter 0024920: train nll 0.122, valid error 100.000%, best valid error 100.000%, avg grad norm   0.082, avg grad norm (post clip)   0.000, rho_Whh  1.12, Omega  0.00, alpha  0.000, steps in the past 0.000, valid nll 0.097
  [diag] log10|dL/dh_t| hist bins=60 range=(-7.73,-3.82) mean=-6.43 p50=-6.48 p05=-7.19 p95=-5.98
  [diag] sat-dist hist bins=60 sat<0.05=0.0% mean=0.573 p10=0.548 p90=0.579
Iter 0024940: train nll 0.132, valid error 100.000%, best valid error 100.000%, avg grad norm   0.124, avg grad norm (post clip)   0.000, rho_Whh  1.12, Omega  0.00, alpha  0.000, steps in the past 0.000, valid nll 0.097
  [diag] log10|dL/dh_t| hist bins=60 range=(-7.68,-3.83) mean=-6.26 p50=-6.28 p05=-7.14 p95=-5.98
  [diag] sat-dist hist bins=60 sat<0.05=0.0% mean=0.588 p10=0.549 p90=0.597
Iter 0024960: train nll 0.131, valid error 100.000%, best valid error 100.000%, avg grad norm   0.070, avg grad norm (post clip)   0.000, rho_Whh  1.12, Omega  0.00, alpha  0.000, steps in the past 0.000, valid nll 0.097
  [diag] log10|dL/dh_t| hist bins=60 range=(-7.71,-3.83) mean=-6.35 p50=-6.39 p05=-7.17 p95=-5.98
  [diag] sat-dist hist bins=60 sat<0.05=0.0% mean=0.580 p10=0.547 p90=0.587
Iter 0024980: train nll 0.134, valid error 100.000%, best valid error 100.000%, avg grad norm   0.073, avg grad norm (post clip)   0.000, rho_Whh  1.12, Omega  0.00, alpha  0.000, steps in the past 0.000, valid nll 0.097
  [diag] log10|dL/dh_t| hist bins=60 range=(-7.67,-3.84) mean=-6.13 p50=-6.11 p05=-7.12 p95=-5.98
  [diag] sat-dist hist bins=60 sat<0.05=0.0% mean=0.600 p10=0.551 p90=0.613
Iter 0025000: train nll 0.146, valid error 100.000%, best valid error 100.000%, avg grad norm   0.079, avg grad norm (post clip)   0.000, rho_Whh  1.12, Omega  0.00, alpha  0.000, steps in the past 0.000, valid nll 0.097
  [diag] log10|dL/dh_t| hist bins=60 range=(-7.68,-3.84) mean=-6.18 p50=-6.18 p05=-7.13 p95=-5.98
  [diag] sat-dist hist bins=60 sat<0.05=0.0% mean=0.595 p10=0.550 p90=0.607
Iter 0025020: train nll 0.133, valid error 100.000%, best valid error 100.000%, avg grad norm   0.072, avg grad norm (post clip)   0.000, rho_Whh  1.12, Omega  0.00, alpha  0.000, steps in the past 0.000, valid nll 0.097
  [diag] log10|dL/dh_t| hist bins=60 range=(-7.73,-3.83) mean=-6.37 p50=-6.41 p05=-7.18 p95=-5.98
  [diag] sat-dist hist bins=60 sat<0.05=0.0% mean=0.578 p10=0.545 p90=0.586
Iter 0025040: train nll 0.116, valid error 100.000%, best valid error 100.000%, avg grad norm   0.069, avg grad norm (post clip)   0.000, rho_Whh  1.12, Omega  0.00, alpha  0.000, steps in the past 0.000, valid nll 0.097
  [diag] log10|dL/dh_t| hist bins=60 range=(-7.71,-3.83) mean=-6.31 p50=-6.33 p05=-7.16 p95=-5.98
  [diag] sat-dist hist bins=60 sat<0.05=0.0% mean=0.584 p10=0.546 p90=0.593
Iter 0025060: train nll 0.128, valid error 100.000%, best valid error 100.000%, avg grad norm   0.080, avg grad norm (post clip)   0.000, rho_Whh  1.12, Omega  0.00, alpha  0.000, steps in the past 0.000, valid nll 0.097
  [diag] log10|dL/dh_t| hist bins=60 range=(-7.73,-3.83) mean=-6.38 p50=-6.42 p05=-7.19 p95=-5.99
  [diag] sat-dist hist bins=60 sat<0.05=0.0% mean=0.577 p10=0.545 p90=0.585
Iter 0025080: train nll 0.123, valid error 100.000%, best valid error 100.000%, avg grad norm   0.063, avg grad norm (post clip)   0.000, rho_Whh  1.12, Omega  0.00, alpha  0.000, steps in the past 0.000, valid nll 0.097
  [diag] log10|dL/dh_t| hist bins=60 range=(-7.74,-3.82) mean=-6.39 p50=-6.43 p05=-7.19 p95=-5.99
  [diag] sat-dist hist bins=60 sat<0.05=0.0% mean=0.576 p10=0.545 p90=0.583
Iter 0025100: train nll 0.138, valid error 100.000%, best valid error 100.000%, avg grad norm   0.080, avg grad norm (post clip)   0.000, rho_Whh  1.12, Omega  0.00, alpha  0.000, steps in the past 0.000, valid nll 0.097
  [diag] log10|dL/dh_t| hist bins=60 range=(-7.75,-3.82) mean=-6.42 p50=-6.46 p05=-7.20 p95=-5.99
  [diag] sat-dist hist bins=60 sat<0.05=0.0% mean=0.574 p10=0.546 p90=0.581
Iter 0025120: train nll 0.116, valid error 100.000%, best valid error 100.000%, avg grad norm   0.071, avg grad norm (post clip)   0.000, rho_Whh  1.12, Omega  0.00, alpha  0.000, steps in the past 0.000, valid nll 0.097
  [diag] log10|dL/dh_t| hist bins=60 range=(-7.73,-3.83) mean=-6.35 p50=-6.38 p05=-7.18 p95=-5.99
  [diag] sat-dist hist bins=60 sat<0.05=0.0% mean=0.580 p10=0.545 p90=0.588
Iter 0025140: train nll 0.133, valid error 100.000%, best valid error 100.000%, avg grad norm   0.080, avg grad norm (post clip)   0.000, rho_Whh  1.12, Omega  0.00, alpha  0.000, steps in the past 0.000, valid nll 0.097
  [diag] log10|dL/dh_t| hist bins=60 range=(-7.74,-3.83) mean=-6.37 p50=-6.40 p05=-7.19 p95=-5.99
  [diag] sat-dist hist bins=60 sat<0.05=0.0% mean=0.579 p10=0.544 p90=0.587
Iter 0025160: train nll 0.128, valid error 100.000%, best valid error 100.000%, avg grad norm   0.061, avg grad norm (post clip)   0.000, rho_Whh  1.12, Omega  0.00, alpha  0.000, steps in the past 0.000, valid nll 0.097
  [diag] log10|dL/dh_t| hist bins=60 range=(-7.74,-3.83) mean=-6.38 p50=-6.42 p05=-7.20 p95=-5.99
  [diag] sat-dist hist bins=60 sat<0.05=0.0% mean=0.577 p10=0.544 p90=0.585
Iter 0025180: train nll 0.115, valid error 100.000%, best valid error 100.000%, avg grad norm   0.056, avg grad norm (post clip)   0.000, rho_Whh  1.12, Omega  0.00, alpha  0.000, steps in the past 0.000, valid nll 0.097
  [diag] log10|dL/dh_t| hist bins=60 range=(-7.75,-3.83) mean=-6.39 p50=-6.43 p05=-7.20 p95=-5.99
  [diag] sat-dist hist bins=60 sat<0.05=0.0% mean=0.577 p10=0.544 p90=0.584
Iter 0025200: train nll 0.138, valid error 100.000%, best valid error 100.000%, avg grad norm   0.086, avg grad norm (post clip)   0.000, rho_Whh  1.12, Omega  0.00, alpha  0.000, steps in the past 0.000, valid nll 0.097
  [diag] log10|dL/dh_t| hist bins=60 range=(-7.75,-3.83) mean=-6.37 p50=-6.41 p05=-7.20 p95=-5.99
  [diag] sat-dist hist bins=60 sat<0.05=0.0% mean=0.578 p10=0.543 p90=0.586
Iter 0025220: train nll 0.118, valid error 100.000%, best valid error 100.000%, avg grad norm   0.058, avg grad norm (post clip)   0.000, rho_Whh  1.12, Omega  0.00, alpha  0.000, steps in the past 0.000, valid nll 0.097
  [diag] log10|dL/dh_t| hist bins=60 range=(-7.74,-3.83) mean=-6.34 p50=-6.36 p05=-7.19 p95=-5.99
  [diag] sat-dist hist bins=60 sat<0.05=0.0% mean=0.581 p10=0.543 p90=0.590
Iter 0025240: train nll 0.116, valid error 100.000%, best valid error 100.000%, avg grad norm   0.068, avg grad norm (post clip)   0.000, rho_Whh  1.12, Omega  0.00, alpha  0.000, steps in the past 0.000, valid nll 0.097
  [diag] log10|dL/dh_t| hist bins=60 range=(-7.76,-3.82) mean=-6.41 p50=-6.45 p05=-7.21 p95=-5.99
  [diag] sat-dist hist bins=60 sat<0.05=0.0% mean=0.575 p10=0.544 p90=0.582
Iter 0025260: train nll 0.125, valid error 100.000%, best valid error 100.000%, avg grad norm   0.089, avg grad norm (post clip)   0.000, rho_Whh  1.12, Omega  0.00, alpha  0.000, steps in the past 0.000, valid nll 0.097
  [diag] log10|dL/dh_t| hist bins=60 range=(-7.74,-3.83) mean=-6.32 p50=-6.34 p05=-7.19 p95=-5.99
  [diag] sat-dist hist bins=60 sat<0.05=0.0% mean=0.583 p10=0.543 p90=0.592
Iter 0025280: train nll 0.118, valid error 100.000%, best valid error 100.000%, avg grad norm   0.061, avg grad norm (post clip)   0.000, rho_Whh  1.12, Omega  0.00, alpha  0.000, steps in the past 0.000, valid nll 0.097
  [diag] log10|dL/dh_t| hist bins=60 range=(-7.76,-3.83) mean=-6.37 p50=-6.41 p05=-7.21 p95=-5.99
  [diag] sat-dist hist bins=60 sat<0.05=0.0% mean=0.578 p10=0.542 p90=0.586
Iter 0025300: train nll 0.114, valid error 100.000%, best valid error 100.000%, avg grad norm   0.053, avg grad norm (post clip)   0.000, rho_Whh  1.12, Omega  0.00, alpha  0.000, steps in the past 0.000, valid nll 0.097
  [diag] log10|dL/dh_t| hist bins=60 range=(-7.76,-3.83) mean=-6.37 p50=-6.40 p05=-7.21 p95=-5.99
  [diag] sat-dist hist bins=60 sat<0.05=0.0% mean=0.578 p10=0.542 p90=0.586
Iter 0025320: train nll 0.143, valid error 100.000%, best valid error 100.000%, avg grad norm   0.135, avg grad norm (post clip)   0.000, rho_Whh  1.12, Omega  0.00, alpha  0.000, steps in the past 0.000, valid nll 0.097
  [diag] log10|dL/dh_t| hist bins=60 range=(-7.71,-3.84) mean=-6.17 p50=-6.15 p05=-7.16 p95=-5.99
  [diag] sat-dist hist bins=60 sat<0.05=0.0% mean=0.597 p10=0.548 p90=0.610
Iter 0025340: train nll 0.140, valid error 100.000%, best valid error 100.000%, avg grad norm   0.122, avg grad norm (post clip)   0.000, rho_Whh  1.12, Omega  0.00, alpha  0.000, steps in the past 0.000, valid nll 0.097
  [diag] log10|dL/dh_t| hist bins=60 range=(-7.75,-3.83) mean=-6.35 p50=-6.38 p05=-7.20 p95=-5.99
  [diag] sat-dist hist bins=60 sat<0.05=0.0% mean=0.580 p10=0.543 p90=0.588
Iter 0025360: train nll 0.142, valid error 100.000%, best valid error 100.000%, avg grad norm   0.085, avg grad norm (post clip)   0.000, rho_Whh  1.12, Omega  0.00, alpha  0.000, steps in the past 0.000, valid nll 0.097
  [diag] log10|dL/dh_t| hist bins=60 range=(-7.74,-3.83) mean=-6.31 p50=-6.33 p05=-7.19 p95=-6.00
  [diag] sat-dist hist bins=60 sat<0.05=0.0% mean=0.584 p10=0.544 p90=0.593
Iter 0025380: train nll 0.117, valid error 100.000%, best valid error 100.000%, avg grad norm   0.060, avg grad norm (post clip)   0.000, rho_Whh  1.12, Omega  0.00, alpha  0.000, steps in the past 0.000, valid nll 0.097
  [diag] log10|dL/dh_t| hist bins=60 range=(-7.76,-3.83) mean=-6.39 p50=-6.42 p05=-7.21 p95=-6.00
  [diag] sat-dist hist bins=60 sat<0.05=0.0% mean=0.577 p10=0.542 p90=0.585
Iter 0025400: train nll 0.114, valid error 100.000%, best valid error 100.000%, avg grad norm   0.064, avg grad norm (post clip)   0.000, rho_Whh  1.12, Omega  0.00, alpha  0.000, steps in the past 0.000, valid nll 0.097
  [diag] log10|dL/dh_t| hist bins=60 range=(-7.76,-3.83) mean=-6.38 p50=-6.41 p05=-7.21 p95=-6.00
  [diag] sat-dist hist bins=60 sat<0.05=0.0% mean=0.578 p10=0.542 p90=0.586
Iter 0025420: train nll 0.131, valid error 100.000%, best valid error 100.000%, avg grad norm   0.069, avg grad norm (post clip)   0.000, rho_Whh  1.12, Omega  0.00, alpha  0.000, steps in the past 0.000, valid nll 0.097
  [diag] log10|dL/dh_t| hist bins=60 range=(-7.77,-3.83) mean=-6.37 p50=-6.40 p05=-7.21 p95=-6.00
  [diag] sat-dist hist bins=60 sat<0.05=0.0% mean=0.579 p10=0.541 p90=0.587
Iter 0025440: train nll 0.120, valid error 100.000%, best valid error 100.000%, avg grad norm   0.071, avg grad norm (post clip)   0.000, rho_Whh  1.12, Omega  0.00, alpha  0.000, steps in the past 0.000, valid nll 0.097
  [diag] log10|dL/dh_t| hist bins=60 range=(-7.73,-3.84) mean=-6.17 p50=-6.14 p05=-7.17 p95=-6.00
  [diag] sat-dist hist bins=60 sat<0.05=0.0% mean=0.597 p10=0.546 p90=0.610
Iter 0025460: train nll 0.126, valid error 100.000%, best valid error 100.000%, avg grad norm   0.064, avg grad norm (post clip)   0.000, rho_Whh  1.12, Omega  0.00, alpha  0.000, steps in the past 0.000, valid nll 0.097
  [diag] log10|dL/dh_t| hist bins=60 range=(-7.74,-3.84) mean=-6.21 p50=-6.19 p05=-7.18 p95=-6.00
  [diag] sat-dist hist bins=60 sat<0.05=0.0% mean=0.593 p10=0.545 p90=0.606
Iter 0025480: train nll 0.114, valid error 100.000%, best valid error 100.000%, avg grad norm   0.058, avg grad norm (post clip)   0.000, rho_Whh  1.12, Omega  0.00, alpha  0.000, steps in the past 0.000, valid nll 0.097
  [diag] log10|dL/dh_t| hist bins=60 range=(-7.80,-3.81) mean=-6.49 p50=-6.54 p05=-7.25 p95=-6.00
  [diag] sat-dist hist bins=60 sat<0.05=0.0% mean=0.568 p10=0.542 p90=0.574
Iter 0025500: train nll 0.123, valid error 100.000%, best valid error 100.000%, avg grad norm   0.097, avg grad norm (post clip)   0.000, rho_Whh  1.12, Omega  0.00, alpha  0.000, steps in the past 0.000, valid nll 0.097
  [diag] log10|dL/dh_t| hist bins=60 range=(-7.74,-3.84) mean=-6.25 p50=-6.25 p05=-7.18 p95=-6.00
  [diag] sat-dist hist bins=60 sat<0.05=0.0% mean=0.589 p10=0.545 p90=0.600
Iter 0025520: train nll 0.136, valid error 100.000%, best valid error 100.000%, avg grad norm   0.102, avg grad norm (post clip)   0.000, rho_Whh  1.12, Omega  0.00, alpha  0.000, steps in the past 0.000, valid nll 0.097
  [diag] log10|dL/dh_t| hist bins=60 range=(-7.77,-3.83) mean=-6.41 p50=-6.44 p05=-7.22 p95=-6.00
  [diag] sat-dist hist bins=60 sat<0.05=0.0% mean=0.576 p10=0.543 p90=0.583
Iter 0025540: train nll 0.119, valid error 100.000%, best valid error 100.000%, avg grad norm   0.106, avg grad norm (post clip)   0.000, rho_Whh  1.12, Omega  0.00, alpha  0.000, steps in the past 0.000, valid nll 0.097
  [diag] log10|dL/dh_t| hist bins=60 range=(-7.75,-3.83) mean=-6.32 p50=-6.34 p05=-7.19 p95=-6.00
  [diag] sat-dist hist bins=60 sat<0.05=0.0% mean=0.583 p10=0.544 p90=0.592
Iter 0025560: train nll 0.135, valid error 100.000%, best valid error 100.000%, avg grad norm   0.108, avg grad norm (post clip)   0.000, rho_Whh  1.12, Omega  0.00, alpha  0.000, steps in the past 0.000, valid nll 0.097
  [diag] log10|dL/dh_t| hist bins=60 range=(-7.76,-3.83) mean=-6.39 p50=-6.43 p05=-7.21 p95=-6.00
  [diag] sat-dist hist bins=60 sat<0.05=0.0% mean=0.577 p10=0.543 p90=0.585
Iter 0025580: train nll 0.134, valid error 100.000%, best valid error 100.000%, avg grad norm   0.096, avg grad norm (post clip)   0.000, rho_Whh  1.12, Omega  0.00, alpha  0.000, steps in the past 0.000, valid nll 0.097
  [diag] log10|dL/dh_t| hist bins=60 range=(-7.74,-3.83) mean=-6.29 p50=-6.30 p05=-7.19 p95=-6.00
  [diag] sat-dist hist bins=60 sat<0.05=0.0% mean=0.586 p10=0.545 p90=0.596
Iter 0025600: train nll 0.118, valid error 100.000%, best valid error 100.000%, avg grad norm   0.082, avg grad norm (post clip)   0.000, rho_Whh  1.12, Omega  0.00, alpha  0.000, steps in the past 0.000, valid nll 0.097
  [diag] log10|dL/dh_t| hist bins=60 range=(-7.78,-3.82) mean=-6.44 p50=-6.48 p05=-7.23 p95=-6.00
  [diag] sat-dist hist bins=60 sat<0.05=0.0% mean=0.573 p10=0.545 p90=0.580
Iter 0025620: train nll 0.130, valid error 100.000%, best valid error 100.000%, avg grad norm   0.096, avg grad norm (post clip)   0.000, rho_Whh  1.12, Omega  0.00, alpha  0.000, steps in the past 0.000, valid nll 0.097
  [diag] log10|dL/dh_t| hist bins=60 range=(-7.76,-3.83) mean=-6.34 p50=-6.37 p05=-7.20 p95=-6.00
  [diag] sat-dist hist bins=60 sat<0.05=0.0% mean=0.581 p10=0.543 p90=0.590
Iter 0025640: train nll 0.130, valid error 100.000%, best valid error 100.000%, avg grad norm   0.074, avg grad norm (post clip)   0.000, rho_Whh  1.12, Omega  0.00, alpha  0.000, steps in the past 0.000, valid nll 0.097
  [diag] log10|dL/dh_t| hist bins=60 range=(-7.77,-3.83) mean=-6.39 p50=-6.42 p05=-7.22 p95=-6.01
  [diag] sat-dist hist bins=60 sat<0.05=0.0% mean=0.578 p10=0.542 p90=0.585
Iter 0025660: train nll 0.119, valid error 100.000%, best valid error 100.000%, avg grad norm   0.071, avg grad norm (post clip)   0.000, rho_Whh  1.12, Omega  0.00, alpha  0.000, steps in the past 0.000, valid nll 0.097
  [diag] log10|dL/dh_t| hist bins=60 range=(-7.75,-3.83) mean=-6.37 p50=-6.41 p05=-7.20 p95=-6.01
  [diag] sat-dist hist bins=60 sat<0.05=0.0% mean=0.579 p10=0.544 p90=0.587
Iter 0025680: train nll 0.132, valid error 100.000%, best valid error 100.000%, avg grad norm   0.160, avg grad norm (post clip)   0.000, rho_Whh  1.12, Omega  0.00, alpha  0.000, steps in the past 0.000, valid nll 0.097
  [diag] log10|dL/dh_t| hist bins=60 range=(-7.74,-3.83) mean=-6.31 p50=-6.33 p05=-7.19 p95=-6.01
  [diag] sat-dist hist bins=60 sat<0.05=0.0% mean=0.585 p10=0.544 p90=0.594
Iter 0025700: train nll 0.127, valid error 100.000%, best valid error 100.000%, avg grad norm   0.082, avg grad norm (post clip)   0.000, rho_Whh  1.12, Omega  0.00, alpha  0.000, steps in the past 0.000, valid nll 0.097
  [diag] log10|dL/dh_t| hist bins=60 range=(-7.76,-3.83) mean=-6.39 p50=-6.42 p05=-7.21 p95=-6.01
  [diag] sat-dist hist bins=60 sat<0.05=0.0% mean=0.578 p10=0.543 p90=0.585
Iter 0025720: train nll 0.118, valid error 100.000%, best valid error 100.000%, avg grad norm   0.079, avg grad norm (post clip)   0.000, rho_Whh  1.12, Omega  0.00, alpha  0.000, steps in the past 0.000, valid nll 0.097
  [diag] log10|dL/dh_t| hist bins=60 range=(-7.75,-3.83) mean=-6.34 p50=-6.37 p05=-7.20 p95=-6.01
  [diag] sat-dist hist bins=60 sat<0.05=0.0% mean=0.582 p10=0.543 p90=0.590
Iter 0025740: train nll 0.138, valid error 100.000%, best valid error 100.000%, avg grad norm   0.074, avg grad norm (post clip)   0.000, rho_Whh  1.12, Omega  0.00, alpha  0.000, steps in the past 0.000, valid nll 0.097
  [diag] log10|dL/dh_t| hist bins=60 range=(-7.78,-3.82) mean=-6.43 p50=-6.47 p05=-7.23 p95=-6.01
  [diag] sat-dist hist bins=60 sat<0.05=0.0% mean=0.574 p10=0.544 p90=0.581
Iter 0025760: train nll 0.116, valid error 100.000%, best valid error 100.000%, avg grad norm   0.068, avg grad norm (post clip)   0.000, rho_Whh  1.12, Omega  0.00, alpha  0.000, steps in the past 0.000, valid nll 0.097
  [diag] log10|dL/dh_t| hist bins=60 range=(-7.78,-3.82) mean=-6.44 p50=-6.49 p05=-7.23 p95=-6.01
  [diag] sat-dist hist bins=60 sat<0.05=0.0% mean=0.573 p10=0.545 p90=0.579
Iter 0025780: train nll 0.121, valid error 100.000%, best valid error 100.000%, avg grad norm   0.082, avg grad norm (post clip)   0.000, rho_Whh  1.12, Omega  0.00, alpha  0.000, steps in the past 0.000, valid nll 0.097
  [diag] log10|dL/dh_t| hist bins=60 range=(-7.74,-3.84) mean=-6.24 p50=-6.24 p05=-7.18 p95=-6.01
  [diag] sat-dist hist bins=60 sat<0.05=0.0% mean=0.590 p10=0.546 p90=0.601
Iter 0025800: train nll 0.128, valid error 100.000%, best valid error 100.000%, avg grad norm   0.074, avg grad norm (post clip)   0.000, rho_Whh  1.12, Omega  0.00, alpha  0.000, steps in the past 0.000, valid nll 0.097
  [diag] log10|dL/dh_t| hist bins=60 range=(-7.78,-3.83) mean=-6.41 p50=-6.45 p05=-7.22 p95=-6.01
  [diag] sat-dist hist bins=60 sat<0.05=0.0% mean=0.575 p10=0.543 p90=0.583
Iter 0025820: train nll 0.115, valid error 100.000%, best valid error 100.000%, avg grad norm   0.055, avg grad norm (post clip)   0.000, rho_Whh  1.12, Omega  0.00, alpha  0.000, steps in the past 0.000, valid nll 0.097
  [diag] log10|dL/dh_t| hist bins=60 range=(-7.78,-3.82) mean=-6.43 p50=-6.47 p05=-7.23 p95=-6.01
  [diag] sat-dist hist bins=60 sat<0.05=0.0% mean=0.574 p10=0.544 p90=0.581
Iter 0025840: train nll 0.122, valid error 100.000%, best valid error 100.000%, avg grad norm   0.087, avg grad norm (post clip)   0.000, rho_Whh  1.12, Omega  0.00, alpha  0.000, steps in the past 0.000, valid nll 0.097
  [diag] log10|dL/dh_t| hist bins=60 range=(-7.77,-3.83) mean=-6.41 p50=-6.45 p05=-7.22 p95=-6.01
  [diag] sat-dist hist bins=60 sat<0.05=0.0% mean=0.575 p10=0.544 p90=0.582
Iter 0025860: train nll 0.130, valid error 100.000%, best valid error 100.000%, avg grad norm   0.116, avg grad norm (post clip)   0.000, rho_Whh  1.12, Omega  0.00, alpha  0.000, steps in the past 0.000, valid nll 0.097
  [diag] log10|dL/dh_t| hist bins=60 range=(-7.77,-3.83) mean=-6.41 p50=-6.45 p05=-7.22 p95=-6.01
  [diag] sat-dist hist bins=60 sat<0.05=0.0% mean=0.576 p10=0.543 p90=0.583
Iter 0025880: train nll 0.129, valid error 100.000%, best valid error 100.000%, avg grad norm   0.076, avg grad norm (post clip)   0.000, rho_Whh  1.12, Omega  0.00, alpha  0.000, steps in the past 0.000, valid nll 0.097
  [diag] log10|dL/dh_t| hist bins=60 range=(-7.75,-3.83) mean=-6.31 p50=-6.32 p05=-7.20 p95=-6.01
  [diag] sat-dist hist bins=60 sat<0.05=0.0% mean=0.585 p10=0.544 p90=0.594
Iter 0025900: train nll 0.113, valid error 100.000%, best valid error 100.000%, avg grad norm   0.053, avg grad norm (post clip)   0.000, rho_Whh  1.12, Omega  0.00, alpha  0.000, steps in the past 0.000, valid nll 0.097
  [diag] log10|dL/dh_t| hist bins=60 range=(-7.74,-3.84) mean=-6.26 p50=-6.27 p05=-7.19 p95=-6.01
  [diag] sat-dist hist bins=60 sat<0.05=0.0% mean=0.589 p10=0.545 p90=0.599
Iter 0025920: train nll 0.147, valid error 100.000%, best valid error 100.000%, avg grad norm   0.126, avg grad norm (post clip)   0.000, rho_Whh  1.12, Omega  0.00, alpha  0.000, steps in the past 0.000, valid nll 0.097
  [diag] log10|dL/dh_t| hist bins=60 range=(-7.74,-3.84) mean=-6.22 p50=-6.21 p05=-7.18 p95=-6.01
  [diag] sat-dist hist bins=60 sat<0.05=0.0% mean=0.593 p10=0.546 p90=0.605
Iter 0025940: train nll 0.110, valid error 100.000%, best valid error 100.000%, avg grad norm   0.062, avg grad norm (post clip)   0.000, rho_Whh  1.12, Omega  0.00, alpha  0.000, steps in the past 0.000, valid nll 0.097
  [diag] log10|dL/dh_t| hist bins=60 range=(-7.76,-3.83) mean=-6.34 p50=-6.37 p05=-7.21 p95=-6.02
  [diag] sat-dist hist bins=60 sat<0.05=0.0% mean=0.582 p10=0.543 p90=0.590
Iter 0025960: train nll 0.123, valid error 100.000%, best valid error 100.000%, avg grad norm   0.074, avg grad norm (post clip)   0.000, rho_Whh  1.12, Omega  0.00, alpha  0.000, steps in the past 0.000, valid nll 0.097
  [diag] log10|dL/dh_t| hist bins=60 range=(-7.78,-3.83) mean=-6.41 p50=-6.45 p05=-7.23 p95=-6.02
  [diag] sat-dist hist bins=60 sat<0.05=0.0% mean=0.576 p10=0.543 p90=0.583
Iter 0025980: train nll 0.110, valid error 100.000%, best valid error 100.000%, avg grad norm   0.064, avg grad norm (post clip)   0.000, rho_Whh  1.12, Omega  0.00, alpha  0.000, steps in the past 0.000, valid nll 0.097
  [diag] log10|dL/dh_t| hist bins=60 range=(-7.72,-3.84) mean=-6.27 p50=-6.28 p05=-7.17 p95=-6.01
  [diag] sat-dist hist bins=60 sat<0.05=0.0% mean=0.589 p10=0.547 p90=0.599
Iter 0026000: train nll 0.135, valid error 100.000%, best valid error 100.000%, avg grad norm   0.197, avg grad norm (post clip)   0.000, rho_Whh  1.12, Omega  0.00, alpha  0.000, steps in the past 0.000, valid nll 0.097
  [diag] log10|dL/dh_t| hist bins=60 range=(-7.71,-3.84) mean=-6.15 p50=-6.13 p05=-7.15 p95=-6.01
  [diag] sat-dist hist bins=60 sat<0.05=0.0% mean=0.599 p10=0.550 p90=0.613
Iter 0026020: train nll 0.136, valid error 100.000%, best valid error 100.000%, avg grad norm   0.075, avg grad norm (post clip)   0.000, rho_Whh  1.12, Omega  0.00, alpha  0.000, steps in the past 0.000, valid nll 0.097
  [diag] log10|dL/dh_t| hist bins=60 range=(-7.74,-3.84) mean=-6.30 p50=-6.31 p05=-7.18 p95=-6.02
  [diag] sat-dist hist bins=60 sat<0.05=0.0% mean=0.586 p10=0.546 p90=0.595
Iter 0026040: train nll 0.115, valid error 100.000%, best valid error 100.000%, avg grad norm   0.069, avg grad norm (post clip)   0.000, rho_Whh  1.12, Omega  0.00, alpha  0.000, steps in the past 0.000, valid nll 0.097
  [diag] log10|dL/dh_t| hist bins=60 range=(-7.76,-3.83) mean=-6.41 p50=-6.44 p05=-7.21 p95=-6.02
  [diag] sat-dist hist bins=60 sat<0.05=0.0% mean=0.577 p10=0.544 p90=0.584
Iter 0026060: train nll 0.110, valid error 100.000%, best valid error 100.000%, avg grad norm   0.046, avg grad norm (post clip)   0.000, rho_Whh  1.12, Omega  0.00, alpha  0.000, steps in the past 0.000, valid nll 0.097
  [diag] log10|dL/dh_t| hist bins=60 range=(-7.74,-3.84) mean=-6.30 p50=-6.32 p05=-7.19 p95=-6.02
  [diag] sat-dist hist bins=60 sat<0.05=0.0% mean=0.586 p10=0.546 p90=0.595
Iter 0026080: train nll 0.110, valid error 100.000%, best valid error 100.000%, avg grad norm   0.043, avg grad norm (post clip)   0.000, rho_Whh  1.12, Omega  0.00, alpha  0.000, steps in the past 0.000, valid nll 0.097
  [diag] log10|dL/dh_t| hist bins=60 range=(-7.81,-3.81) mean=-6.56 p50=-6.63 p05=-7.27 p95=-6.02
  [diag] sat-dist hist bins=60 sat<0.05=0.0% mean=0.563 p10=0.543 p90=0.567
Iter 0026100: train nll 0.119, valid error 100.000%, best valid error 100.000%, avg grad norm   0.105, avg grad norm (post clip)   0.000, rho_Whh  1.12, Omega  0.00, alpha  0.000, steps in the past 0.000, valid nll 0.097
  [diag] log10|dL/dh_t| hist bins=60 range=(-7.73,-3.84) mean=-6.26 p50=-6.27 p05=-7.17 p95=-6.02
  [diag] sat-dist hist bins=60 sat<0.05=0.0% mean=0.589 p10=0.547 p90=0.600
Iter 0026120: train nll 0.136, valid error 100.000%, best valid error 100.000%, avg grad norm   0.074, avg grad norm (post clip)   0.000, rho_Whh  1.12, Omega  0.00, alpha  0.000, steps in the past 0.000, valid nll 0.097
  [diag] log10|dL/dh_t| hist bins=60 range=(-7.74,-3.84) mean=-6.31 p50=-6.32 p05=-7.19 p95=-6.02
  [diag] sat-dist hist bins=60 sat<0.05=0.0% mean=0.586 p10=0.545 p90=0.595
Iter 0026140: train nll 0.118, valid error 100.000%, best valid error 100.000%, avg grad norm   0.058, avg grad norm (post clip)   0.000, rho_Whh  1.12, Omega  0.00, alpha  0.000, steps in the past 0.000, valid nll 0.097
  [diag] log10|dL/dh_t| hist bins=60 range=(-7.73,-3.84) mean=-6.20 p50=-6.19 p05=-7.17 p95=-6.02
  [diag] sat-dist hist bins=60 sat<0.05=0.0% mean=0.595 p10=0.548 p90=0.607
Iter 0026160: train nll 0.141, valid error 100.000%, best valid error 100.000%, avg grad norm   0.059, avg grad norm (post clip)   0.000, rho_Whh  1.12, Omega  0.00, alpha  0.000, steps in the past 0.000, valid nll 0.097
  [diag] log10|dL/dh_t| hist bins=60 range=(-7.74,-3.84) mean=-6.24 p50=-6.24 p05=-7.18 p95=-6.02
  [diag] sat-dist hist bins=60 sat<0.05=0.0% mean=0.591 p10=0.546 p90=0.602
Iter 0026180: train nll 0.142, valid error 100.000%, best valid error 100.000%, avg grad norm   0.091, avg grad norm (post clip)   0.000, rho_Whh  1.12, Omega  0.00, alpha  0.000, steps in the past 0.000, valid nll 0.097
  [diag] log10|dL/dh_t| hist bins=60 range=(-7.73,-3.84) mean=-6.18 p50=-6.17 p05=-7.17 p95=-6.02
  [diag] sat-dist hist bins=60 sat<0.05=0.0% mean=0.596 p10=0.548 p90=0.609
Iter 0026200: train nll 0.135, valid error 100.000%, best valid error 100.000%, avg grad norm   0.084, avg grad norm (post clip)   0.000, rho_Whh  1.12, Omega  0.00, alpha  0.000, steps in the past 0.000, valid nll 0.097
  [diag] log10|dL/dh_t| hist bins=60 range=(-7.73,-3.84) mean=-6.15 p50=-6.13 p05=-7.17 p95=-6.02
  [diag] sat-dist hist bins=60 sat<0.05=0.0% mean=0.599 p10=0.548 p90=0.613
Iter 0026220: train nll 0.153, valid error 100.000%, best valid error 100.000%, avg grad norm   0.110, avg grad norm (post clip)   0.000, rho_Whh  1.12, Omega  0.00, alpha  0.000, steps in the past 0.000, valid nll 0.097
  [diag] log10|dL/dh_t| hist bins=60 range=(-7.78,-3.83) mean=-6.42 p50=-6.46 p05=-7.22 p95=-6.02
  [diag] sat-dist hist bins=60 sat<0.05=0.0% mean=0.576 p10=0.543 p90=0.583
Iter 0026240: train nll 0.139, valid error 100.000%, best valid error 100.000%, avg grad norm   0.122, avg grad norm (post clip)   0.000, rho_Whh  1.12, Omega  0.00, alpha  0.000, steps in the past 0.000, valid nll 0.097
  [diag] log10|dL/dh_t| hist bins=60 range=(-7.78,-3.83) mean=-6.43 p50=-6.47 p05=-7.23 p95=-6.03
  [diag] sat-dist hist bins=60 sat<0.05=0.0% mean=0.574 p10=0.544 p90=0.581
Iter 0026260: train nll 0.133, valid error 100.000%, best valid error 100.000%, avg grad norm   0.084, avg grad norm (post clip)   0.000, rho_Whh  1.12, Omega  0.00, alpha  0.000, steps in the past 0.000, valid nll 0.097
  [diag] log10|dL/dh_t| hist bins=60 range=(-7.77,-3.83) mean=-6.39 p50=-6.42 p05=-7.22 p95=-6.03
  [diag] sat-dist hist bins=60 sat<0.05=0.0% mean=0.578 p10=0.543 p90=0.586
Iter 0026280: train nll 0.126, valid error 100.000%, best valid error 100.000%, avg grad norm   0.071, avg grad norm (post clip)   0.000, rho_Whh  1.12, Omega  0.00, alpha  0.000, steps in the past 0.000, valid nll 0.097
  [diag] log10|dL/dh_t| hist bins=60 range=(-7.74,-3.84) mean=-6.21 p50=-6.21 p05=-7.18 p95=-6.02
  [diag] sat-dist hist bins=60 sat<0.05=0.0% mean=0.594 p10=0.547 p90=0.605
Iter 0026300: train nll 0.132, valid error 100.000%, best valid error 100.000%, avg grad norm   0.086, avg grad norm (post clip)   0.000, rho_Whh  1.12, Omega  0.00, alpha  0.000, steps in the past 0.000, valid nll 0.097
  [diag] log10|dL/dh_t| hist bins=60 range=(-7.74,-3.84) mean=-6.22 p50=-6.22 p05=-7.18 p95=-6.03
  [diag] sat-dist hist bins=60 sat<0.05=0.0% mean=0.593 p10=0.546 p90=0.604
Iter 0026320: train nll 0.125, valid error 100.000%, best valid error 100.000%, avg grad norm   0.067, avg grad norm (post clip)   0.000, rho_Whh  1.12, Omega  0.00, alpha  0.000, steps in the past 0.000, valid nll 0.097
  [diag] log10|dL/dh_t| hist bins=60 range=(-7.77,-3.83) mean=-6.36 p50=-6.38 p05=-7.21 p95=-6.03
  [diag] sat-dist hist bins=60 sat<0.05=0.0% mean=0.581 p10=0.543 p90=0.589
Iter 0026340: train nll 0.131, valid error 100.000%, best valid error 100.000%, avg grad norm   0.088, avg grad norm (post clip)   0.000, rho_Whh  1.12, Omega  0.00, alpha  0.000, steps in the past 0.000, valid nll 0.097
  [diag] log10|dL/dh_t| hist bins=60 range=(-7.82,-3.81) mean=-6.53 p50=-6.59 p05=-7.27 p95=-6.03
  [diag] sat-dist hist bins=60 sat<0.05=0.0% mean=0.566 p10=0.541 p90=0.571
Iter 0026360: train nll 0.115, valid error 100.000%, best valid error 100.000%, avg grad norm   0.060, avg grad norm (post clip)   0.000, rho_Whh  1.12, Omega  0.00, alpha  0.000, steps in the past 0.000, valid nll 0.097
  [diag] log10|dL/dh_t| hist bins=60 range=(-7.78,-3.83) mean=-6.38 p50=-6.40 p05=-7.22 p95=-6.03
  [diag] sat-dist hist bins=60 sat<0.05=0.0% mean=0.579 p10=0.542 p90=0.587
Iter 0026380: train nll 0.117, valid error 100.000%, best valid error 100.000%, avg grad norm   0.077, avg grad norm (post clip)   0.000, rho_Whh  1.12, Omega  0.00, alpha  0.000, steps in the past 0.000, valid nll 0.097
  [diag] log10|dL/dh_t| hist bins=60 range=(-7.74,-3.84) mean=-6.18 p50=-6.16 p05=-7.18 p95=-6.03
  [diag] sat-dist hist bins=60 sat<0.05=0.0% mean=0.597 p10=0.547 p90=0.610
Iter 0026400: train nll 0.136, valid error 100.000%, best valid error 100.000%, avg grad norm   0.097, avg grad norm (post clip)   0.000, rho_Whh  1.12, Omega  0.00, alpha  0.000, steps in the past 0.000, valid nll 0.097
  [diag] log10|dL/dh_t| hist bins=60 range=(-7.77,-3.83) mean=-6.34 p50=-6.36 p05=-7.21 p95=-6.03
  [diag] sat-dist hist bins=60 sat<0.05=0.0% mean=0.582 p10=0.543 p90=0.591
Iter 0026420: train nll 0.118, valid error 100.000%, best valid error 100.000%, avg grad norm   0.066, avg grad norm (post clip)   0.000, rho_Whh  1.12, Omega  0.00, alpha  0.000, steps in the past 0.000, valid nll 0.097
  [diag] log10|dL/dh_t| hist bins=60 range=(-7.78,-3.83) mean=-6.37 p50=-6.40 p05=-7.23 p95=-6.03
  [diag] sat-dist hist bins=60 sat<0.05=0.0% mean=0.580 p10=0.542 p90=0.588
Iter 0026440: train nll 0.126, valid error 100.000%, best valid error 100.000%, avg grad norm   0.065, avg grad norm (post clip)   0.000, rho_Whh  1.12, Omega  0.00, alpha  0.000, steps in the past 0.000, valid nll 0.097
  [diag] log10|dL/dh_t| hist bins=60 range=(-7.80,-3.83) mean=-6.41 p50=-6.44 p05=-7.24 p95=-6.03
  [diag] sat-dist hist bins=60 sat<0.05=0.0% mean=0.576 p10=0.542 p90=0.584
Iter 0026460: train nll 0.125, valid error 100.000%, best valid error 100.000%, avg grad norm   0.063, avg grad norm (post clip)   0.000, rho_Whh  1.12, Omega  0.00, alpha  0.000, steps in the past 0.000, valid nll 0.097
  [diag] log10|dL/dh_t| hist bins=60 range=(-7.79,-3.83) mean=-6.40 p50=-6.43 p05=-7.24 p95=-6.03
  [diag] sat-dist hist bins=60 sat<0.05=0.0% mean=0.577 p10=0.541 p90=0.585
Iter 0026480: train nll 0.113, valid error 100.000%, best valid error 100.000%, avg grad norm   0.074, avg grad norm (post clip)   0.000, rho_Whh  1.12, Omega  0.00, alpha  0.000, steps in the past 0.000, valid nll 0.097
  [diag] log10|dL/dh_t| hist bins=60 range=(-7.80,-3.83) mean=-6.43 p50=-6.47 p05=-7.25 p95=-6.03
  [diag] sat-dist hist bins=60 sat<0.05=0.0% mean=0.574 p10=0.542 p90=0.582
Iter 0026500: train nll 0.110, valid error 100.000%, best valid error 100.000%, avg grad norm   0.061, avg grad norm (post clip)   0.000, rho_Whh  1.12, Omega  0.00, alpha  0.000, steps in the past 0.000, valid nll 0.097
  [diag] log10|dL/dh_t| hist bins=60 range=(-7.81,-3.83) mean=-6.45 p50=-6.49 p05=-7.25 p95=-6.03
  [diag] sat-dist hist bins=60 sat<0.05=0.0% mean=0.573 p10=0.543 p90=0.580
Iter 0026520: train nll 0.119, valid error 100.000%, best valid error 100.000%, avg grad norm   0.067, avg grad norm (post clip)   0.000, rho_Whh  1.12, Omega  0.00, alpha  0.000, steps in the past 0.000, valid nll 0.097
  [diag] log10|dL/dh_t| hist bins=60 range=(-7.81,-3.83) mean=-6.44 p50=-6.48 p05=-7.25 p95=-6.04
  [diag] sat-dist hist bins=60 sat<0.05=0.0% mean=0.574 p10=0.543 p90=0.581
Iter 0026540: train nll 0.125, valid error 100.000%, best valid error 100.000%, avg grad norm   0.079, avg grad norm (post clip)   0.000, rho_Whh  1.12, Omega  0.00, alpha  0.000, steps in the past 0.000, valid nll 0.097
  [diag] log10|dL/dh_t| hist bins=60 range=(-7.79,-3.83) mean=-6.35 p50=-6.38 p05=-7.23 p95=-6.03
  [diag] sat-dist hist bins=60 sat<0.05=0.0% mean=0.581 p10=0.542 p90=0.590
Iter 0026560: train nll 0.121, valid error 100.000%, best valid error 100.000%, avg grad norm   0.080, avg grad norm (post clip)   0.000, rho_Whh  1.12, Omega  0.00, alpha  0.000, steps in the past 0.000, valid nll 0.097
  [diag] log10|dL/dh_t| hist bins=60 range=(-7.79,-3.83) mean=-6.34 p50=-6.36 p05=-7.23 p95=-6.04
  [diag] sat-dist hist bins=60 sat<0.05=0.0% mean=0.582 p10=0.542 p90=0.591
Iter 0026580: train nll 0.130, valid error 100.000%, best valid error 100.000%, avg grad norm   0.062, avg grad norm (post clip)   0.000, rho_Whh  1.12, Omega  0.00, alpha  0.000, steps in the past 0.000, valid nll 0.097
  [diag] log10|dL/dh_t| hist bins=60 range=(-7.68,-3.82) mean=-6.51 p50=-6.58 p05=-7.14 p95=-6.03
  [diag] sat-dist hist bins=60 sat<0.05=0.0% mean=0.569 p10=0.553 p90=0.573
Iter 0026600: train nll 0.134, valid error 100.000%, best valid error 100.000%, avg grad norm   0.530, avg grad norm (post clip)   0.000, rho_Whh  1.11, Omega  0.00, alpha  0.000, steps in the past 0.000, valid nll 0.097
  [diag] log10|dL/dh_t| hist bins=60 range=(-7.60,-3.84) mean=-6.28 p50=-6.31 p05=-7.07 p95=-6.03
  [diag] sat-dist hist bins=60 sat<0.05=0.0% mean=0.590 p10=0.563 p90=0.597
Iter 0026620: train nll 0.122, valid error 100.000%, best valid error 100.000%, avg grad norm   0.044, avg grad norm (post clip)   0.000, rho_Whh  1.11, Omega  0.00, alpha  0.000, steps in the past 0.000, valid nll 0.097
  [diag] log10|dL/dh_t| hist bins=60 range=(-7.64,-3.83) mean=-6.37 p50=-6.42 p05=-7.11 p95=-6.03
  [diag] sat-dist hist bins=60 sat<0.05=0.0% mean=0.582 p10=0.558 p90=0.587
Iter 0026640: train nll 0.118, valid error 100.000%, best valid error 100.000%, avg grad norm   0.040, avg grad norm (post clip)   0.000, rho_Whh  1.11, Omega  0.00, alpha  0.000, steps in the past 0.000, valid nll 0.097
  [diag] log10|dL/dh_t| hist bins=60 range=(-7.65,-3.83) mean=-6.41 p50=-6.47 p05=-7.12 p95=-6.03
  [diag] sat-dist hist bins=60 sat<0.05=0.0% mean=0.578 p10=0.556 p90=0.583
Iter 0026660: train nll 0.130, valid error 100.000%, best valid error 100.000%, avg grad norm   0.040, avg grad norm (post clip)   0.000, rho_Whh  1.11, Omega  0.00, alpha  0.000, steps in the past 0.000, valid nll 0.097
  [diag] log10|dL/dh_t| hist bins=60 range=(-7.62,-3.84) mean=-6.29 p50=-6.33 p05=-7.08 p95=-6.03
  [diag] sat-dist hist bins=60 sat<0.05=0.0% mean=0.588 p10=0.561 p90=0.596
Iter 0026680: train nll 0.124, valid error 100.000%, best valid error 100.000%, avg grad norm   0.043, avg grad norm (post clip)   0.000, rho_Whh  1.11, Omega  0.00, alpha  0.000, steps in the past 0.000, valid nll 0.097
  [diag] log10|dL/dh_t| hist bins=60 range=(-7.63,-3.83) mean=-6.32 p50=-6.36 p05=-7.09 p95=-6.03
  [diag] sat-dist hist bins=60 sat<0.05=0.0% mean=0.586 p10=0.560 p90=0.593
Iter 0026700: train nll 0.127, valid error 100.000%, best valid error 100.000%, avg grad norm   0.043, avg grad norm (post clip)   0.000, rho_Whh  1.11, Omega  0.00, alpha  0.000, steps in the past 0.000, valid nll 0.097
  [diag] log10|dL/dh_t| hist bins=60 range=(-7.60,-3.84) mean=-6.21 p50=-6.23 p05=-7.06 p95=-6.03
  [diag] sat-dist hist bins=60 sat<0.05=0.0% mean=0.596 p10=0.561 p90=0.604
Iter 0026720: train nll 0.132, valid error 100.000%, best valid error 100.000%, avg grad norm   0.043, avg grad norm (post clip)   0.000, rho_Whh  1.11, Omega  0.00, alpha  0.000, steps in the past 0.000, valid nll 0.097
  [diag] log10|dL/dh_t| hist bins=60 range=(-7.63,-3.84) mean=-6.31 p50=-6.34 p05=-7.09 p95=-6.03
  [diag] sat-dist hist bins=60 sat<0.05=0.0% mean=0.587 p10=0.560 p90=0.594
Iter 0026740: train nll 0.116, valid error 100.000%, best valid error 100.000%, avg grad norm   0.039, avg grad norm (post clip)   0.000, rho_Whh  1.11, Omega  0.00, alpha  0.000, steps in the past 0.000, valid nll 0.097
  [diag] log10|dL/dh_t| hist bins=60 range=(-7.65,-3.83) mean=-6.35 p50=-6.40 p05=-7.11 p95=-6.04
  [diag] sat-dist hist bins=60 sat<0.05=0.0% mean=0.583 p10=0.558 p90=0.590
Iter 0026760: train nll 0.121, valid error 100.000%, best valid error 100.000%, avg grad norm   0.047, avg grad norm (post clip)   0.000, rho_Whh  1.11, Omega  0.00, alpha  0.000, steps in the past 0.000, valid nll 0.097
  [diag] log10|dL/dh_t| hist bins=60 range=(-7.65,-3.83) mean=-6.34 p50=-6.38 p05=-7.11 p95=-6.04
  [diag] sat-dist hist bins=60 sat<0.05=0.0% mean=0.584 p10=0.558 p90=0.591
Iter 0026780: train nll 0.117, valid error 100.000%, best valid error 100.000%, avg grad norm   0.040, avg grad norm (post clip)   0.000, rho_Whh  1.11, Omega  0.00, alpha  0.000, steps in the past 0.000, valid nll 0.097
  [diag] log10|dL/dh_t| hist bins=60 range=(-7.63,-3.84) mean=-6.28 p50=-6.31 p05=-7.09 p95=-6.04
  [diag] sat-dist hist bins=60 sat<0.05=0.0% mean=0.589 p10=0.559 p90=0.597
Iter 0026800: train nll 0.127, valid error 100.000%, best valid error 100.000%, avg grad norm   0.042, avg grad norm (post clip)   0.000, rho_Whh  1.11, Omega  0.00, alpha  0.000, steps in the past 0.000, valid nll 0.097
  [diag] log10|dL/dh_t| hist bins=60 range=(-7.66,-3.83) mean=-6.35 p50=-6.39 p05=-7.12 p95=-6.04
  [diag] sat-dist hist bins=60 sat<0.05=0.0% mean=0.583 p10=0.557 p90=0.590
Iter 0026820: train nll 0.135, valid error 100.000%, best valid error 100.000%, avg grad norm   0.046, avg grad norm (post clip)   0.000, rho_Whh  1.11, Omega  0.00, alpha  0.000, steps in the past 0.000, valid nll 0.097
  [diag] log10|dL/dh_t| hist bins=60 range=(-7.68,-3.83) mean=-6.39 p50=-6.44 p05=-7.14 p95=-6.04
  [diag] sat-dist hist bins=60 sat<0.05=0.0% mean=0.580 p10=0.555 p90=0.586
Iter 0026840: train nll 0.115, valid error 100.000%, best valid error 100.000%, avg grad norm   0.040, avg grad norm (post clip)   0.000, rho_Whh  1.11, Omega  0.00, alpha  0.000, steps in the past 0.000, valid nll 0.097
  [diag] log10|dL/dh_t| hist bins=60 range=(-7.66,-3.83) mean=-6.34 p50=-6.37 p05=-7.12 p95=-6.04
  [diag] sat-dist hist bins=60 sat<0.05=0.0% mean=0.585 p10=0.556 p90=0.592
Iter 0026860: train nll 0.137, valid error 100.000%, best valid error 100.000%, avg grad norm   0.054, avg grad norm (post clip)   0.000, rho_Whh  1.11, Omega  0.00, alpha  0.000, steps in the past 0.000, valid nll 0.097
  [diag] log10|dL/dh_t| hist bins=60 range=(-7.67,-3.83) mean=-6.36 p50=-6.40 p05=-7.13 p95=-6.04
  [diag] sat-dist hist bins=60 sat<0.05=0.0% mean=0.583 p10=0.556 p90=0.589
Iter 0026880: train nll 0.120, valid error 100.000%, best valid error 100.000%, avg grad norm   0.042, avg grad norm (post clip)   0.000, rho_Whh  1.11, Omega  0.00, alpha  0.000, steps in the past 0.000, valid nll 0.097
  [diag] log10|dL/dh_t| hist bins=60 range=(-7.68,-3.83) mean=-6.36 p50=-6.40 p05=-7.14 p95=-6.04
  [diag] sat-dist hist bins=60 sat<0.05=0.0% mean=0.582 p10=0.555 p90=0.589
Iter 0026900: train nll 0.127, valid error 100.000%, best valid error 100.000%, avg grad norm   0.054, avg grad norm (post clip)   0.000, rho_Whh  1.11, Omega  0.00, alpha  0.000, steps in the past 0.000, valid nll 0.097
  [diag] log10|dL/dh_t| hist bins=60 range=(-7.69,-3.83) mean=-6.38 p50=-6.43 p05=-7.15 p95=-6.04
  [diag] sat-dist hist bins=60 sat<0.05=0.0% mean=0.580 p10=0.554 p90=0.586
Iter 0026920: train nll 0.119, valid error 100.000%, best valid error 100.000%, avg grad norm   0.042, avg grad norm (post clip)   0.000, rho_Whh  1.11, Omega  0.00, alpha  0.000, steps in the past 0.000, valid nll 0.097
  [diag] log10|dL/dh_t| hist bins=60 range=(-7.67,-3.84) mean=-6.32 p50=-6.35 p05=-7.13 p95=-6.04
  [diag] sat-dist hist bins=60 sat<0.05=0.0% mean=0.586 p10=0.554 p90=0.594
Iter 0026940: train nll 0.129, valid error 100.000%, best valid error 100.000%, avg grad norm   0.050, avg grad norm (post clip)   0.000, rho_Whh  1.12, Omega  0.00, alpha  0.000, steps in the past 0.000, valid nll 0.097
  [diag] log10|dL/dh_t| hist bins=60 range=(-7.69,-3.83) mean=-6.36 p50=-6.40 p05=-7.15 p95=-6.04
  [diag] sat-dist hist bins=60 sat<0.05=0.0% mean=0.582 p10=0.553 p90=0.589
Iter 0026960: train nll 0.120, valid error 100.000%, best valid error 100.000%, avg grad norm   0.044, avg grad norm (post clip)   0.000, rho_Whh  1.11, Omega  0.00, alpha  0.000, steps in the past 0.000, valid nll 0.097
  [diag] log10|dL/dh_t| hist bins=60 range=(-7.67,-3.84) mean=-6.29 p50=-6.32 p05=-7.13 p95=-6.04
  [diag] sat-dist hist bins=60 sat<0.05=0.0% mean=0.588 p10=0.554 p90=0.596
Iter 0026980: train nll 0.118, valid error 100.000%, best valid error 100.000%, avg grad norm   0.038, avg grad norm (post clip)   0.000, rho_Whh  1.12, Omega  0.00, alpha  0.000, steps in the past 0.000, valid nll 0.097
  [diag] log10|dL/dh_t| hist bins=60 range=(-7.70,-3.83) mean=-6.39 p50=-6.43 p05=-7.16 p95=-6.04
  [diag] sat-dist hist bins=60 sat<0.05=0.0% mean=0.580 p10=0.552 p90=0.586
Iter 0027000: train nll 0.114, valid error 100.000%, best valid error 100.000%, avg grad norm   0.049, avg grad norm (post clip)   0.000, rho_Whh  1.11, Omega  0.00, alpha  0.000, steps in the past 0.000, valid nll 0.097
  [diag] log10|dL/dh_t| hist bins=60 range=(-7.69,-3.83) mean=-6.34 p50=-6.38 p05=-7.15 p95=-6.04
  [diag] sat-dist hist bins=60 sat<0.05=0.0% mean=0.584 p10=0.552 p90=0.591
Iter 0027020: train nll 0.119, valid error 100.000%, best valid error 100.000%, avg grad norm   0.043, avg grad norm (post clip)   0.000, rho_Whh  1.12, Omega  0.00, alpha  0.000, steps in the past 0.000, valid nll 0.097
  [diag] log10|dL/dh_t| hist bins=60 range=(-7.69,-3.84) mean=-6.31 p50=-6.34 p05=-7.14 p95=-6.04
  [diag] sat-dist hist bins=60 sat<0.05=0.0% mean=0.587 p10=0.552 p90=0.595
Iter 0027040: train nll 0.111, valid error 100.000%, best valid error 100.000%, avg grad norm   0.036, avg grad norm (post clip)   0.000, rho_Whh  1.12, Omega  0.00, alpha  0.000, steps in the past 0.000, valid nll 0.097
  [diag] log10|dL/dh_t| hist bins=60 range=(-7.71,-3.83) mean=-6.38 p50=-6.42 p05=-7.16 p95=-6.05
  [diag] sat-dist hist bins=60 sat<0.05=0.0% mean=0.581 p10=0.551 p90=0.588
Iter 0027060: train nll 0.121, valid error 100.000%, best valid error 100.000%, avg grad norm   0.057, avg grad norm (post clip)   0.000, rho_Whh  1.12, Omega  0.00, alpha  0.000, steps in the past 0.000, valid nll 0.097
  [diag] log10|dL/dh_t| hist bins=60 range=(-7.73,-3.83) mean=-6.42 p50=-6.46 p05=-7.18 p95=-6.05
  [diag] sat-dist hist bins=60 sat<0.05=0.0% mean=0.577 p10=0.550 p90=0.584
Iter 0027080: train nll 0.124, valid error 100.000%, best valid error 100.000%, avg grad norm   0.065, avg grad norm (post clip)   0.000, rho_Whh  1.12, Omega  0.00, alpha  0.000, steps in the past 0.000, valid nll 0.097
  [diag] log10|dL/dh_t| hist bins=60 range=(-7.71,-3.84) mean=-6.33 p50=-6.36 p05=-7.16 p95=-6.05
  [diag] sat-dist hist bins=60 sat<0.05=0.0% mean=0.585 p10=0.550 p90=0.592
Iter 0027100: train nll 0.136, valid error 100.000%, best valid error 100.000%, avg grad norm   0.057, avg grad norm (post clip)   0.000, rho_Whh  1.12, Omega  0.00, alpha  0.000, steps in the past 0.000, valid nll 0.097
  [diag] log10|dL/dh_t| hist bins=60 range=(-7.71,-3.83) mean=-6.36 p50=-6.39 p05=-7.16 p95=-6.05
  [diag] sat-dist hist bins=60 sat<0.05=0.0% mean=0.582 p10=0.550 p90=0.590
Iter 0027120: train nll 0.116, valid error 100.000%, best valid error 100.000%, avg grad norm   0.042, avg grad norm (post clip)   0.000, rho_Whh  1.12, Omega  0.00, alpha  0.000, steps in the past 0.000, valid nll 0.097
  [diag] log10|dL/dh_t| hist bins=60 range=(-7.69,-3.84) mean=-6.23 p50=-6.24 p05=-7.13 p95=-6.05
  [diag] sat-dist hist bins=60 sat<0.05=0.0% mean=0.593 p10=0.553 p90=0.603
Iter 0027140: train nll 0.124, valid error 100.000%, best valid error 100.000%, avg grad norm   0.046, avg grad norm (post clip)   0.000, rho_Whh  1.12, Omega  0.00, alpha  0.000, steps in the past 0.000, valid nll 0.097
  [diag] log10|dL/dh_t| hist bins=60 range=(-7.73,-3.83) mean=-6.39 p50=-6.43 p05=-7.18 p95=-6.05
  [diag] sat-dist hist bins=60 sat<0.05=0.0% mean=0.580 p10=0.549 p90=0.587
Iter 0027160: train nll 0.134, valid error 100.000%, best valid error 100.000%, avg grad norm   0.060, avg grad norm (post clip)   0.000, rho_Whh  1.12, Omega  0.00, alpha  0.000, steps in the past 0.000, valid nll 0.097
  [diag] log10|dL/dh_t| hist bins=60 range=(-7.73,-3.83) mean=-6.37 p50=-6.41 p05=-7.18 p95=-6.05
  [diag] sat-dist hist bins=60 sat<0.05=0.0% mean=0.581 p10=0.549 p90=0.588
Iter 0027180: train nll 0.133, valid error 100.000%, best valid error 100.000%, avg grad norm   0.057, avg grad norm (post clip)   0.000, rho_Whh  1.12, Omega  0.00, alpha  0.000, steps in the past 0.000, valid nll 0.097
  [diag] log10|dL/dh_t| hist bins=60 range=(-7.73,-3.83) mean=-6.39 p50=-6.43 p05=-7.18 p95=-6.05
  [diag] sat-dist hist bins=60 sat<0.05=0.0% mean=0.580 p10=0.548 p90=0.587
Iter 0027200: train nll 0.137, valid error 100.000%, best valid error 100.000%, avg grad norm   0.059, avg grad norm (post clip)   0.000, rho_Whh  1.12, Omega  0.00, alpha  0.000, steps in the past 0.000, valid nll 0.097
  [diag] log10|dL/dh_t| hist bins=60 range=(-7.74,-3.83) mean=-6.40 p50=-6.44 p05=-7.19 p95=-6.05
  [diag] sat-dist hist bins=60 sat<0.05=0.0% mean=0.579 p10=0.548 p90=0.586
Iter 0027220: train nll 0.129, valid error 100.000%, best valid error 100.000%, avg grad norm   0.061, avg grad norm (post clip)   0.000, rho_Whh  1.12, Omega  0.00, alpha  0.000, steps in the past 0.000, valid nll 0.097
  [diag] log10|dL/dh_t| hist bins=60 range=(-7.75,-3.83) mean=-6.40 p50=-6.45 p05=-7.19 p95=-6.05
  [diag] sat-dist hist bins=60 sat<0.05=0.0% mean=0.578 p10=0.547 p90=0.585
Iter 0027240: train nll 0.116, valid error 100.000%, best valid error 100.000%, avg grad norm   0.041, avg grad norm (post clip)   0.000, rho_Whh  1.12, Omega  0.00, alpha  0.000, steps in the past 0.000, valid nll 0.097
  [diag] log10|dL/dh_t| hist bins=60 range=(-7.71,-3.84) mean=-6.26 p50=-6.28 p05=-7.16 p95=-6.05
  [diag] sat-dist hist bins=60 sat<0.05=0.0% mean=0.591 p10=0.550 p90=0.600
Iter 0027260: train nll 0.125, valid error 100.000%, best valid error 100.000%, avg grad norm   0.051, avg grad norm (post clip)   0.000, rho_Whh  1.12, Omega  0.00, alpha  0.000, steps in the past 0.000, valid nll 0.097
  [diag] log10|dL/dh_t| hist bins=60 range=(-7.74,-3.83) mean=-6.37 p50=-6.41 p05=-7.19 p95=-6.05
  [diag] sat-dist hist bins=60 sat<0.05=0.0% mean=0.581 p10=0.547 p90=0.589
Iter 0027280: train nll 0.121, valid error 100.000%, best valid error 100.000%, avg grad norm   0.056, avg grad norm (post clip)   0.000, rho_Whh  1.12, Omega  0.00, alpha  0.000, steps in the past 0.000, valid nll 0.097
  [diag] log10|dL/dh_t| hist bins=60 range=(-7.76,-3.83) mean=-6.42 p50=-6.46 p05=-7.20 p95=-6.06
  [diag] sat-dist hist bins=60 sat<0.05=0.0% mean=0.577 p10=0.546 p90=0.584
Iter 0027300: train nll 0.119, valid error 100.000%, best valid error 100.000%, avg grad norm   0.056, avg grad norm (post clip)   0.000, rho_Whh  1.12, Omega  0.00, alpha  0.000, steps in the past 0.000, valid nll 0.097
  [diag] log10|dL/dh_t| hist bins=60 range=(-7.75,-3.83) mean=-6.38 p50=-6.41 p05=-7.19 p95=-6.06
  [diag] sat-dist hist bins=60 sat<0.05=0.0% mean=0.581 p10=0.547 p90=0.588
Iter 0027320: train nll 0.137, valid error 100.000%, best valid error 100.000%, avg grad norm   0.066, avg grad norm (post clip)   0.000, rho_Whh  1.12, Omega  0.00, alpha  0.000, steps in the past 0.000, valid nll 0.097
  [diag] log10|dL/dh_t| hist bins=60 range=(-7.73,-3.84) mean=-6.28 p50=-6.30 p05=-7.17 p95=-6.06
  [diag] sat-dist hist bins=60 sat<0.05=0.0% mean=0.589 p10=0.549 p90=0.598
Iter 0027340: train nll 0.133, valid error 100.000%, best valid error 100.000%, avg grad norm   0.057, avg grad norm (post clip)   0.000, rho_Whh  1.12, Omega  0.00, alpha  0.000, steps in the past 0.000, valid nll 0.097
  [diag] log10|dL/dh_t| hist bins=60 range=(-7.75,-3.83) mean=-6.38 p50=-6.41 p05=-7.20 p95=-6.06
  [diag] sat-dist hist bins=60 sat<0.05=0.0% mean=0.581 p10=0.546 p90=0.588
Iter 0027360: train nll 0.117, valid error 100.000%, best valid error 100.000%, avg grad norm   0.053, avg grad norm (post clip)   0.000, rho_Whh  1.12, Omega  0.00, alpha  0.000, steps in the past 0.000, valid nll 0.097
  [diag] log10|dL/dh_t| hist bins=60 range=(-7.74,-3.84) mean=-6.31 p50=-6.33 p05=-7.18 p95=-6.06
  [diag] sat-dist hist bins=60 sat<0.05=0.0% mean=0.587 p10=0.548 p90=0.596
Iter 0027380: train nll 0.122, valid error 100.000%, best valid error 100.000%, avg grad norm   0.051, avg grad norm (post clip)   0.000, rho_Whh  1.12, Omega  0.00, alpha  0.000, steps in the past 0.000, valid nll 0.097
  [diag] log10|dL/dh_t| hist bins=60 range=(-7.77,-3.83) mean=-6.40 p50=-6.44 p05=-7.21 p95=-6.06
  [diag] sat-dist hist bins=60 sat<0.05=0.0% mean=0.578 p10=0.545 p90=0.585
Iter 0027400: train nll 0.113, valid error 100.000%, best valid error 100.000%, avg grad norm   0.049, avg grad norm (post clip)   0.000, rho_Whh  1.12, Omega  0.00, alpha  0.000, steps in the past 0.000, valid nll 0.097
  [diag] log10|dL/dh_t| hist bins=60 range=(-7.74,-3.84) mean=-6.29 p50=-6.30 p05=-7.18 p95=-6.06
  [diag] sat-dist hist bins=60 sat<0.05=0.0% mean=0.588 p10=0.548 p90=0.598
Iter 0027420: train nll 0.129, valid error 100.000%, best valid error 100.000%, avg grad norm   0.051, avg grad norm (post clip)   0.000, rho_Whh  1.12, Omega  0.00, alpha  0.000, steps in the past 0.000, valid nll 0.097
  [diag] log10|dL/dh_t| hist bins=60 range=(-7.76,-3.84) mean=-6.35 p50=-6.38 p05=-7.20 p95=-6.06
  [diag] sat-dist hist bins=60 sat<0.05=0.0% mean=0.583 p10=0.546 p90=0.591
Iter 0027440: train nll 0.139, valid error 100.000%, best valid error 100.000%, avg grad norm   0.065, avg grad norm (post clip)   0.000, rho_Whh  1.12, Omega  0.00, alpha  0.000, steps in the past 0.000, valid nll 0.097
  [diag] log10|dL/dh_t| hist bins=60 range=(-7.76,-3.83) mean=-6.36 p50=-6.39 p05=-7.20 p95=-6.06
  [diag] sat-dist hist bins=60 sat<0.05=0.0% mean=0.582 p10=0.546 p90=0.590
Iter 0027460: train nll 0.129, valid error 100.000%, best valid error 100.000%, avg grad norm   0.069, avg grad norm (post clip)   0.000, rho_Whh  1.12, Omega  0.00, alpha  0.000, steps in the past 0.000, valid nll 0.097
  [diag] log10|dL/dh_t| hist bins=60 range=(-7.78,-3.83) mean=-6.43 p50=-6.48 p05=-7.23 p95=-6.06
  [diag] sat-dist hist bins=60 sat<0.05=0.0% mean=0.576 p10=0.543 p90=0.582
Iter 0027480: train nll 0.123, valid error 100.000%, best valid error 100.000%, avg grad norm   0.050, avg grad norm (post clip)   0.000, rho_Whh  1.12, Omega  0.00, alpha  0.000, steps in the past 0.000, valid nll 0.097
  [diag] log10|dL/dh_t| hist bins=60 range=(-7.78,-3.83) mean=-6.43 p50=-6.47 p05=-7.23 p95=-6.06
  [diag] sat-dist hist bins=60 sat<0.05=0.0% mean=0.576 p10=0.543 p90=0.583
Iter 0027500: train nll 0.125, valid error 100.000%, best valid error 100.000%, avg grad norm   0.055, avg grad norm (post clip)   0.000, rho_Whh  1.12, Omega  0.00, alpha  0.000, steps in the past 0.000, valid nll 0.097
  [diag] log10|dL/dh_t| hist bins=60 range=(-7.79,-3.83) mean=-6.43 p50=-6.47 p05=-7.23 p95=-6.06
  [diag] sat-dist hist bins=60 sat<0.05=0.0% mean=0.576 p10=0.543 p90=0.583
Iter 0027520: train nll 0.116, valid error 100.000%, best valid error 100.000%, avg grad norm   0.054, avg grad norm (post clip)   0.000, rho_Whh  1.12, Omega  0.00, alpha  0.000, steps in the past 0.000, valid nll 0.097
  [diag] log10|dL/dh_t| hist bins=60 range=(-7.76,-3.84) mean=-6.33 p50=-6.35 p05=-7.20 p95=-6.06
  [diag] sat-dist hist bins=60 sat<0.05=0.0% mean=0.585 p10=0.546 p90=0.594
Iter 0027540: train nll 0.125, valid error 100.000%, best valid error 100.000%, avg grad norm   0.050, avg grad norm (post clip)   0.000, rho_Whh  1.12, Omega  0.00, alpha  0.000, steps in the past 0.000, valid nll 0.097
  [diag] log10|dL/dh_t| hist bins=60 range=(-7.79,-3.83) mean=-6.42 p50=-6.46 p05=-7.23 p95=-6.06
  [diag] sat-dist hist bins=60 sat<0.05=0.0% mean=0.577 p10=0.543 p90=0.584
Iter 0027560: train nll 0.110, valid error 100.000%, best valid error 100.000%, avg grad norm   0.051, avg grad norm (post clip)   0.000, rho_Whh  1.12, Omega  0.00, alpha  0.000, steps in the past 0.000, valid nll 0.097
  [diag] log10|dL/dh_t| hist bins=60 range=(-7.77,-3.83) mean=-6.36 p50=-6.39 p05=-7.21 p95=-6.06
  [diag] sat-dist hist bins=60 sat<0.05=0.0% mean=0.582 p10=0.545 p90=0.590
Iter 0027580: train nll 0.113, valid error 100.000%, best valid error 100.000%, avg grad norm   0.040, avg grad norm (post clip)   0.000, rho_Whh  1.12, Omega  0.00, alpha  0.000, steps in the past 0.000, valid nll 0.097
  [diag] log10|dL/dh_t| hist bins=60 range=(-7.74,-3.84) mean=-6.13 p50=-6.09 p05=-7.17 p95=-6.01
  [diag] sat-dist hist bins=60 sat<0.05=0.0% mean=0.603 p10=0.550 p90=0.617
Iter 0027600: train nll 0.144, valid error 100.000%, best valid error 100.000%, avg grad norm   0.055, avg grad norm (post clip)   0.000, rho_Whh  1.12, Omega  0.00, alpha  0.000, steps in the past 0.000, valid nll 0.097
  [diag] log10|dL/dh_t| hist bins=60 range=(-7.80,-3.83) mean=-6.44 p50=-6.48 p05=-7.24 p95=-6.07
  [diag] sat-dist hist bins=60 sat<0.05=0.0% mean=0.575 p10=0.542 p90=0.582
Iter 0027620: train nll 0.121, valid error 100.000%, best valid error 100.000%, avg grad norm   0.060, avg grad norm (post clip)   0.000, rho_Whh  1.12, Omega  0.00, alpha  0.000, steps in the past 0.000, valid nll 0.097
  [diag] log10|dL/dh_t| hist bins=60 range=(-7.78,-3.84) mean=-6.35 p50=-6.37 p05=-7.22 p95=-6.07
  [diag] sat-dist hist bins=60 sat<0.05=0.0% mean=0.583 p10=0.544 p90=0.592
Iter 0027640: train nll 0.121, valid error 100.000%, best valid error 100.000%, avg grad norm   0.054, avg grad norm (post clip)   0.000, rho_Whh  1.12, Omega  0.00, alpha  0.000, steps in the past 0.000, valid nll 0.097
  [diag] log10|dL/dh_t| hist bins=60 range=(-7.80,-3.83) mean=-6.41 p50=-6.44 p05=-7.24 p95=-6.07
  [diag] sat-dist hist bins=60 sat<0.05=0.0% mean=0.578 p10=0.542 p90=0.585
Iter 0027660: train nll 0.120, valid error 100.000%, best valid error 100.000%, avg grad norm   0.061, avg grad norm (post clip)   0.000, rho_Whh  1.12, Omega  0.00, alpha  0.000, steps in the past 0.000, valid nll 0.097
  [diag] log10|dL/dh_t| hist bins=60 range=(-7.80,-3.83) mean=-6.41 p50=-6.44 p05=-7.24 p95=-6.07
  [diag] sat-dist hist bins=60 sat<0.05=0.0% mean=0.578 p10=0.542 p90=0.586
Iter 0027680: train nll 0.116, valid error 100.000%, best valid error 100.000%, avg grad norm   0.045, avg grad norm (post clip)   0.000, rho_Whh  1.12, Omega  0.00, alpha  0.000, steps in the past 0.000, valid nll 0.097
  [diag] log10|dL/dh_t| hist bins=60 range=(-7.77,-3.84) mean=-6.23 p50=-6.22 p05=-7.20 p95=-6.07
  [diag] sat-dist hist bins=60 sat<0.05=0.0% mean=0.594 p10=0.547 p90=0.606
Iter 0027700: train nll 0.130, valid error 100.000%, best valid error 100.000%, avg grad norm   0.064, avg grad norm (post clip)   0.000, rho_Whh  1.12, Omega  0.00, alpha  0.000, steps in the past 0.000, valid nll 0.097
  [diag] log10|dL/dh_t| hist bins=60 range=(-7.76,-3.84) mean=-6.18 p50=-6.16 p05=-7.19 p95=-6.07
  [diag] sat-dist hist bins=60 sat<0.05=0.0% mean=0.598 p10=0.548 p90=0.612
Iter 0027720: train nll 0.113, valid error 100.000%, best valid error 100.000%, avg grad norm   0.044, avg grad norm (post clip)   0.000, rho_Whh  1.12, Omega  0.00, alpha  0.000, steps in the past 0.000, valid nll 0.097
  [diag] log10|dL/dh_t| hist bins=60 range=(-7.80,-3.83) mean=-6.38 p50=-6.41 p05=-7.23 p95=-6.07
  [diag] sat-dist hist bins=60 sat<0.05=0.0% mean=0.580 p10=0.543 p90=0.588
Iter 0027740: train nll 0.130, valid error 100.000%, best valid error 100.000%, avg grad norm   0.092, avg grad norm (post clip)   0.000, rho_Whh  1.12, Omega  0.00, alpha  0.000, steps in the past 0.000, valid nll 0.097
  [diag] log10|dL/dh_t| hist bins=60 range=(-7.81,-3.83) mean=-6.41 p50=-6.44 p05=-7.24 p95=-6.07
  [diag] sat-dist hist bins=60 sat<0.05=0.0% mean=0.578 p10=0.542 p90=0.586
Iter 0027760: train nll 0.121, valid error 100.000%, best valid error 100.000%, avg grad norm   0.059, avg grad norm (post clip)   0.000, rho_Whh  1.12, Omega  0.00, alpha  0.000, steps in the past 0.000, valid nll 0.097
  [diag] log10|dL/dh_t| hist bins=60 range=(-7.82,-3.83) mean=-6.47 p50=-6.51 p05=-7.26 p95=-6.07
  [diag] sat-dist hist bins=60 sat<0.05=0.0% mean=0.573 p10=0.543 p90=0.579
Iter 0027780: train nll 0.125, valid error 100.000%, best valid error 100.000%, avg grad norm   0.074, avg grad norm (post clip)   0.000, rho_Whh  1.12, Omega  0.00, alpha  0.000, steps in the past 0.000, valid nll 0.097
  [diag] log10|dL/dh_t| hist bins=60 range=(-7.80,-3.84) mean=-6.38 p50=-6.40 p05=-7.24 p95=-6.07
  [diag] sat-dist hist bins=60 sat<0.05=0.0% mean=0.581 p10=0.543 p90=0.589
Iter 0027800: train nll 0.131, valid error 100.000%, best valid error 100.000%, avg grad norm   0.076, avg grad norm (post clip)   0.000, rho_Whh  1.12, Omega  0.00, alpha  0.000, steps in the past 0.000, valid nll 0.097
  [diag] log10|dL/dh_t| hist bins=60 range=(-7.82,-3.83) mean=-6.46 p50=-6.50 p05=-7.26 p95=-6.07
  [diag] sat-dist hist bins=60 sat<0.05=0.0% mean=0.574 p10=0.542 p90=0.581
Iter 0027820: train nll 0.119, valid error 100.000%, best valid error 100.000%, avg grad norm   0.049, avg grad norm (post clip)   0.000, rho_Whh  1.12, Omega  0.00, alpha  0.000, steps in the past 0.000, valid nll 0.097
  [diag] log10|dL/dh_t| hist bins=60 range=(-7.78,-3.84) mean=-6.25 p50=-6.24 p05=-7.21 p95=-6.07
  [diag] sat-dist hist bins=60 sat<0.05=0.0% mean=0.592 p10=0.545 p90=0.603
Iter 0027840: train nll 0.123, valid error 100.000%, best valid error 100.000%, avg grad norm   0.054, avg grad norm (post clip)   0.000, rho_Whh  1.12, Omega  0.00, alpha  0.000, steps in the past 0.000, valid nll 0.097
  [diag] log10|dL/dh_t| hist bins=60 range=(-7.79,-3.84) mean=-6.29 p50=-6.29 p05=-7.22 p95=-6.07
  [diag] sat-dist hist bins=60 sat<0.05=0.0% mean=0.588 p10=0.544 p90=0.599
Iter 0027860: train nll 0.121, valid error 100.000%, best valid error 100.000%, avg grad norm   0.049, avg grad norm (post clip)   0.000, rho_Whh  1.12, Omega  0.00, alpha  0.000, steps in the past 0.000, valid nll 0.097
  [diag] log10|dL/dh_t| hist bins=60 range=(-7.79,-3.84) mean=-6.27 p50=-6.26 p05=-7.22 p95=-6.07
  [diag] sat-dist hist bins=60 sat<0.05=0.0% mean=0.590 p10=0.545 p90=0.602
Iter 0027880: train nll 0.121, valid error 100.000%, best valid error 100.000%, avg grad norm   0.055, avg grad norm (post clip)   0.000, rho_Whh  1.12, Omega  0.00, alpha  0.000, steps in the past 0.000, valid nll 0.097
  [diag] log10|dL/dh_t| hist bins=60 range=(-7.81,-3.84) mean=-6.35 p50=-6.36 p05=-7.24 p95=-6.07
  [diag] sat-dist hist bins=60 sat<0.05=0.0% mean=0.583 p10=0.542 p90=0.593
Iter 0027900: train nll 0.128, valid error 100.000%, best valid error 100.000%, avg grad norm   0.055, avg grad norm (post clip)   0.000, rho_Whh  1.12, Omega  0.00, alpha  0.000, steps in the past 0.000, valid nll 0.097
  [diag] log10|dL/dh_t| hist bins=60 range=(-7.79,-3.84) mean=-6.24 p50=-6.22 p05=-7.22 p95=-6.07
  [diag] sat-dist hist bins=60 sat<0.05=0.0% mean=0.593 p10=0.545 p90=0.605
Iter 0027920: train nll 0.139, valid error 100.000%, best valid error 100.000%, avg grad norm   0.069, avg grad norm (post clip)   0.000, rho_Whh  1.12, Omega  0.00, alpha  0.000, steps in the past 0.000, valid nll 0.097
  [diag] log10|dL/dh_t| hist bins=60 range=(-7.82,-3.84) mean=-6.38 p50=-6.40 p05=-7.25 p95=-6.08
  [diag] sat-dist hist bins=60 sat<0.05=0.0% mean=0.580 p10=0.541 p90=0.589
Iter 0027940: train nll 0.114, valid error 100.000%, best valid error 100.000%, avg grad norm   0.058, avg grad norm (post clip)   0.000, rho_Whh  1.12, Omega  0.00, alpha  0.000, steps in the past 0.000, valid nll 0.097
  [diag] log10|dL/dh_t| hist bins=60 range=(-7.83,-3.83) mean=-6.40 p50=-6.43 p05=-7.26 p95=-6.08
  [diag] sat-dist hist bins=60 sat<0.05=0.0% mean=0.579 p10=0.541 p90=0.587
Iter 0027960: train nll 0.116, valid error 100.000%, best valid error 100.000%, avg grad norm   0.062, avg grad norm (post clip)   0.000, rho_Whh  1.12, Omega  0.00, alpha  0.000, steps in the past 0.000, valid nll 0.097
  [diag] log10|dL/dh_t| hist bins=60 range=(-7.83,-3.83) mean=-6.42 p50=-6.45 p05=-7.26 p95=-6.08
  [diag] sat-dist hist bins=60 sat<0.05=0.0% mean=0.577 p10=0.540 p90=0.585
Iter 0027980: train nll 0.134, valid error 100.000%, best valid error 100.000%, avg grad norm   0.097, avg grad norm (post clip)   0.000, rho_Whh  1.12, Omega  0.00, alpha  0.000, steps in the past 0.000, valid nll 0.097
  [diag] log10|dL/dh_t| hist bins=60 range=(-7.82,-3.84) mean=-6.36 p50=-6.38 p05=-7.25 p95=-6.08
  [diag] sat-dist hist bins=60 sat<0.05=0.0% mean=0.582 p10=0.542 p90=0.592
Iter 0028000: train nll 0.123, valid error 100.000%, best valid error 100.000%, avg grad norm   0.051, avg grad norm (post clip)   0.000, rho_Whh  1.12, Omega  0.00, alpha  0.000, steps in the past 0.000, valid nll 0.097
  [diag] log10|dL/dh_t| hist bins=60 range=(-7.83,-3.83) mean=-6.40 p50=-6.43 p05=-7.26 p95=-6.08
  [diag] sat-dist hist bins=60 sat<0.05=0.0% mean=0.578 p10=0.540 p90=0.587
Iter 0028020: train nll 0.119, valid error 100.000%, best valid error 100.000%, avg grad norm   0.059, avg grad norm (post clip)   0.000, rho_Whh  1.12, Omega  0.00, alpha  0.000, steps in the past 0.000, valid nll 0.097
  [diag] log10|dL/dh_t| hist bins=60 range=(-7.83,-3.83) mean=-6.41 p50=-6.44 p05=-7.27 p95=-6.08
  [diag] sat-dist hist bins=60 sat<0.05=0.0% mean=0.577 p10=0.540 p90=0.586
Iter 0028040: train nll 0.115, valid error 100.000%, best valid error 100.000%, avg grad norm   0.043, avg grad norm (post clip)   0.000, rho_Whh  1.12, Omega  0.00, alpha  0.000, steps in the past 0.000, valid nll 0.097
  [diag] log10|dL/dh_t| hist bins=60 range=(-7.85,-3.83) mean=-6.47 p50=-6.51 p05=-7.29 p95=-6.08
  [diag] sat-dist hist bins=60 sat<0.05=0.0% mean=0.572 p10=0.542 p90=0.579
Iter 0028060: train nll 0.115, valid error 100.000%, best valid error 100.000%, avg grad norm   0.048, avg grad norm (post clip)   0.000, rho_Whh  1.12, Omega  0.00, alpha  0.000, steps in the past 0.000, valid nll 0.097
  [diag] log10|dL/dh_t| hist bins=60 range=(-7.84,-3.83) mean=-6.42 p50=-6.45 p05=-7.27 p95=-6.08
  [diag] sat-dist hist bins=60 sat<0.05=0.0% mean=0.577 p10=0.540 p90=0.585
Iter 0028080: train nll 0.137, valid error 100.000%, best valid error 100.000%, avg grad norm   0.101, avg grad norm (post clip)   0.000, rho_Whh  1.12, Omega  0.00, alpha  0.000, steps in the past 0.000, valid nll 0.097
  [diag] log10|dL/dh_t| hist bins=60 range=(-7.89,-3.81) mean=-6.59 p50=-6.66 p05=-7.32 p95=-6.08
  [diag] sat-dist hist bins=60 sat<0.05=0.0% mean=0.562 p10=0.538 p90=0.566
Iter 0028100: train nll 0.121, valid error 100.000%, best valid error 100.000%, avg grad norm   0.070, avg grad norm (post clip)   0.000, rho_Whh  1.12, Omega  0.00, alpha  0.000, steps in the past 0.000, valid nll 0.097
  [diag] log10|dL/dh_t| hist bins=60 range=(-7.81,-3.84) mean=-6.31 p50=-6.31 p05=-7.24 p95=-6.08
  [diag] sat-dist hist bins=60 sat<0.05=0.0% mean=0.587 p10=0.543 p90=0.598
Iter 0028120: train nll 0.115, valid error 100.000%, best valid error 100.000%, avg grad norm   0.067, avg grad norm (post clip)   0.000, rho_Whh  1.12, Omega  0.00, alpha  0.000, steps in the past 0.000, valid nll 0.097
  [diag] log10|dL/dh_t| hist bins=60 range=(-7.83,-3.84) mean=-6.37 p50=-6.39 p05=-7.26 p95=-6.08
  [diag] sat-dist hist bins=60 sat<0.05=0.0% mean=0.581 p10=0.541 p90=0.591
Iter 0028140: train nll 0.119, valid error 100.000%, best valid error 100.000%, avg grad norm   0.050, avg grad norm (post clip)   0.000, rho_Whh  1.12, Omega  0.00, alpha  0.000, steps in the past 0.000, valid nll 0.097
  [diag] log10|dL/dh_t| hist bins=60 range=(-7.84,-3.83) mean=-6.43 p50=-6.46 p05=-7.28 p95=-6.08
  [diag] sat-dist hist bins=60 sat<0.05=0.0% mean=0.576 p10=0.539 p90=0.584
Iter 0028160: train nll 0.132, valid error 100.000%, best valid error 100.000%, avg grad norm   0.058, avg grad norm (post clip)   0.000, rho_Whh  1.12, Omega  0.00, alpha  0.000, steps in the past 0.000, valid nll 0.097
  [diag] log10|dL/dh_t| hist bins=60 range=(-7.85,-3.83) mean=-6.44 p50=-6.48 p05=-7.28 p95=-6.08
  [diag] sat-dist hist bins=60 sat<0.05=0.0% mean=0.575 p10=0.540 p90=0.582
Iter 0028180: train nll 0.121, valid error 100.000%, best valid error 100.000%, avg grad norm   0.068, avg grad norm (post clip)   0.000, rho_Whh  1.12, Omega  0.00, alpha  0.000, steps in the past 0.000, valid nll 0.097
  [diag] log10|dL/dh_t| hist bins=60 range=(-7.87,-3.82) mean=-6.53 p50=-6.58 p05=-7.31 p95=-6.09
  [diag] sat-dist hist bins=60 sat<0.05=0.0% mean=0.567 p10=0.540 p90=0.573
Iter 0028200: train nll 0.146, valid error 100.000%, best valid error 100.000%, avg grad norm   0.118, avg grad norm (post clip)   0.000, rho_Whh  1.12, Omega  0.00, alpha  0.000, steps in the past 0.000, valid nll 0.097
  [diag] log10|dL/dh_t| hist bins=60 range=(-7.86,-3.83) mean=-6.48 p50=-6.52 p05=-7.29 p95=-6.09
  [diag] sat-dist hist bins=60 sat<0.05=0.0% mean=0.572 p10=0.542 p90=0.579
Iter 0028220: train nll 0.115, valid error 100.000%, best valid error 100.000%, avg grad norm   0.056, avg grad norm (post clip)   0.000, rho_Whh  1.12, Omega  0.00, alpha  0.000, steps in the past 0.000, valid nll 0.097
  [diag] log10|dL/dh_t| hist bins=60 range=(-7.83,-3.84) mean=-6.34 p50=-6.35 p05=-7.26 p95=-6.09
  [diag] sat-dist hist bins=60 sat<0.05=0.0% mean=0.584 p10=0.541 p90=0.594
Iter 0028240: train nll 0.117, valid error 100.000%, best valid error 100.000%, avg grad norm   0.058, avg grad norm (post clip)   0.000, rho_Whh  1.12, Omega  0.00, alpha  0.000, steps in the past 0.000, valid nll 0.097
  [diag] log10|dL/dh_t| hist bins=60 range=(-7.98,-3.75) mean=-6.84 p50=-6.94 p05=-7.39 p95=-6.09
  [diag] sat-dist hist bins=60 sat<0.05=0.0% mean=0.541 p10=0.531 p90=0.542
Iter 0028260: train nll 0.134, valid error 100.000%, best valid error 100.000%, avg grad norm   0.148, avg grad norm (post clip)   0.000, rho_Whh  1.12, Omega  0.00, alpha  0.000, steps in the past 0.000, valid nll 0.097
  [diag] log10|dL/dh_t| hist bins=60 range=(-7.82,-3.84) mean=-6.36 p50=-6.38 p05=-7.25 p95=-6.09
  [diag] sat-dist hist bins=60 sat<0.05=0.0% mean=0.583 p10=0.542 p90=0.592
Iter 0028280: train nll 0.113, valid error 100.000%, best valid error 100.000%, avg grad norm   0.066, avg grad norm (post clip)   0.000, rho_Whh  1.12, Omega  0.00, alpha  0.000, steps in the past 0.000, valid nll 0.097
  [diag] log10|dL/dh_t| hist bins=60 range=(-7.81,-3.84) mean=-6.32 p50=-6.33 p05=-7.24 p95=-6.09
  [diag] sat-dist hist bins=60 sat<0.05=0.0% mean=0.586 p10=0.543 p90=0.596
Iter 0028300: train nll 0.138, valid error 100.000%, best valid error 100.000%, avg grad norm   0.090, avg grad norm (post clip)   0.000, rho_Whh  1.12, Omega  0.00, alpha  0.000, steps in the past 0.000, valid nll 0.097
  [diag] log10|dL/dh_t| hist bins=60 range=(-7.85,-3.83) mean=-6.47 p50=-6.51 p05=-7.28 p95=-6.09
  [diag] sat-dist hist bins=60 sat<0.05=0.0% mean=0.573 p10=0.541 p90=0.580
Iter 0028320: train nll 0.114, valid error 100.000%, best valid error 100.000%, avg grad norm   0.058, avg grad norm (post clip)   0.000, rho_Whh  1.12, Omega  0.00, alpha  0.000, steps in the past 0.000, valid nll 0.097
  [diag] log10|dL/dh_t| hist bins=60 range=(-7.85,-3.83) mean=-6.48 p50=-6.52 p05=-7.29 p95=-6.09
  [diag] sat-dist hist bins=60 sat<0.05=0.0% mean=0.572 p10=0.542 p90=0.579
Iter 0028340: train nll 0.119, valid error 100.000%, best valid error 100.000%, avg grad norm   0.091, avg grad norm (post clip)   0.000, rho_Whh  1.12, Omega  0.00, alpha  0.000, steps in the past 0.000, valid nll 0.097
  [diag] log10|dL/dh_t| hist bins=60 range=(-7.82,-3.84) mean=-6.35 p50=-6.37 p05=-7.25 p95=-6.09
  [diag] sat-dist hist bins=60 sat<0.05=0.0% mean=0.583 p10=0.542 p90=0.593
Iter 0028360: train nll 0.127, valid error 100.000%, best valid error 100.000%, avg grad norm   0.055, avg grad norm (post clip)   0.000, rho_Whh  1.12, Omega  0.00, alpha  0.000, steps in the past 0.000, valid nll 0.097
  [diag] log10|dL/dh_t| hist bins=60 range=(-7.82,-3.84) mean=-6.36 p50=-6.37 p05=-7.26 p95=-6.09
  [diag] sat-dist hist bins=60 sat<0.05=0.0% mean=0.583 p10=0.542 p90=0.592
Iter 0028380: train nll 0.123, valid error 100.000%, best valid error 100.000%, avg grad norm   0.065, avg grad norm (post clip)   0.000, rho_Whh  1.12, Omega  0.00, alpha  0.000, steps in the past 0.000, valid nll 0.097
  [diag] log10|dL/dh_t| hist bins=60 range=(-7.83,-3.84) mean=-6.38 p50=-6.40 p05=-7.26 p95=-6.09
  [diag] sat-dist hist bins=60 sat<0.05=0.0% mean=0.581 p10=0.541 p90=0.590
Iter 0028400: train nll 0.119, valid error 100.000%, best valid error 100.000%, avg grad norm   0.061, avg grad norm (post clip)   0.000, rho_Whh  1.12, Omega  0.00, alpha  0.000, steps in the past 0.000, valid nll 0.097
  [diag] log10|dL/dh_t| hist bins=60 range=(-7.84,-3.83) mean=-6.40 p50=-6.43 p05=-7.27 p95=-6.09
  [diag] sat-dist hist bins=60 sat<0.05=0.0% mean=0.579 p10=0.540 p90=0.587
Iter 0028420: train nll 0.123, valid error 100.000%, best valid error 100.000%, avg grad norm   0.069, avg grad norm (post clip)   0.000, rho_Whh  1.12, Omega  0.00, alpha  0.000, steps in the past 0.000, valid nll 0.097
  [diag] log10|dL/dh_t| hist bins=60 range=(-7.85,-3.83) mean=-6.44 p50=-6.47 p05=-7.28 p95=-6.09
  [diag] sat-dist hist bins=60 sat<0.05=0.0% mean=0.576 p10=0.539 p90=0.584
Iter 0028440: train nll 0.119, valid error 100.000%, best valid error 100.000%, avg grad norm   0.047, avg grad norm (post clip)   0.000, rho_Whh  1.12, Omega  0.00, alpha  0.000, steps in the past 0.000, valid nll 0.097
  [diag] log10|dL/dh_t| hist bins=60 range=(-7.86,-3.83) mean=-6.45 p50=-6.48 p05=-7.29 p95=-6.09
  [diag] sat-dist hist bins=60 sat<0.05=0.0% mean=0.575 p10=0.539 p90=0.583
Iter 0028460: train nll 0.136, valid error 100.000%, best valid error 100.000%, avg grad norm   0.079, avg grad norm (post clip)   0.000, rho_Whh  1.12, Omega  0.00, alpha  0.000, steps in the past 0.000, valid nll 0.097
  [diag] log10|dL/dh_t| hist bins=60 range=(-7.85,-3.83) mean=-6.41 p50=-6.44 p05=-7.28 p95=-6.09
  [diag] sat-dist hist bins=60 sat<0.05=0.0% mean=0.578 p10=0.539 p90=0.587
Iter 0028480: train nll 0.118, valid error 100.000%, best valid error 100.000%, avg grad norm   0.057, avg grad norm (post clip)   0.000, rho_Whh  1.12, Omega  0.00, alpha  0.000, steps in the past 0.000, valid nll 0.097
  [diag] log10|dL/dh_t| hist bins=60 range=(-7.87,-3.83) mean=-6.50 p50=-6.54 p05=-7.31 p95=-6.10
  [diag] sat-dist hist bins=60 sat<0.05=0.0% mean=0.570 p10=0.541 p90=0.577
Iter 0028500: train nll 0.111, valid error 100.000%, best valid error 100.000%, avg grad norm   0.048, avg grad norm (post clip)   0.000, rho_Whh  1.12, Omega  0.00, alpha  0.000, steps in the past 0.000, valid nll 0.097
  [diag] log10|dL/dh_t| hist bins=60 range=(-7.84,-3.84) mean=-6.37 p50=-6.38 p05=-7.27 p95=-6.09
  [diag] sat-dist hist bins=60 sat<0.05=0.0% mean=0.582 p10=0.540 p90=0.591
Iter 0028520: train nll 0.113, valid error 100.000%, best valid error 100.000%, avg grad norm   0.060, avg grad norm (post clip)   0.000, rho_Whh  1.12, Omega  0.00, alpha  0.000, steps in the past 0.000, valid nll 0.097
  [diag] log10|dL/dh_t| hist bins=60 range=(-7.87,-3.83) mean=-6.47 p50=-6.51 p05=-7.30 p95=-6.10
  [diag] sat-dist hist bins=60 sat<0.05=0.0% mean=0.573 p10=0.540 p90=0.581
Iter 0028540: train nll 0.133, valid error 100.000%, best valid error 100.000%, avg grad norm   0.082, avg grad norm (post clip)   0.000, rho_Whh  1.12, Omega  0.00, alpha  0.000, steps in the past 0.000, valid nll 0.097
  [diag] log10|dL/dh_t| hist bins=60 range=(-7.86,-3.83) mean=-6.42 p50=-6.45 p05=-7.29 p95=-6.10
  [diag] sat-dist hist bins=60 sat<0.05=0.0% mean=0.577 p10=0.539 p90=0.585
Iter 0028560: train nll 0.115, valid error 100.000%, best valid error 100.000%, avg grad norm   0.065, avg grad norm (post clip)   0.000, rho_Whh  1.12, Omega  0.00, alpha  0.000, steps in the past 0.000, valid nll 0.097
  [diag] log10|dL/dh_t| hist bins=60 range=(-7.87,-3.83) mean=-6.48 p50=-6.52 p05=-7.31 p95=-6.10
  [diag] sat-dist hist bins=60 sat<0.05=0.0% mean=0.572 p10=0.541 p90=0.579
Iter 0028580: train nll 0.103, valid error 100.000%, best valid error 100.000%, avg grad norm   0.050, avg grad norm (post clip)   0.000, rho_Whh  1.12, Omega  0.00, alpha  0.000, steps in the past 0.000, valid nll 0.097
  [diag] log10|dL/dh_t| hist bins=60 range=(-7.85,-3.84) mean=-6.40 p50=-6.42 p05=-7.28 p95=-6.10
  [diag] sat-dist hist bins=60 sat<0.05=0.0% mean=0.579 p10=0.539 p90=0.588
Iter 0028600: train nll 0.141, valid error 100.000%, best valid error 100.000%, avg grad norm   0.091, avg grad norm (post clip)   0.000, rho_Whh  1.12, Omega  0.00, alpha  0.000, steps in the past 0.000, valid nll 0.097
  [diag] log10|dL/dh_t| hist bins=60 range=(-7.84,-3.83) mean=-6.45 p50=-6.49 p05=-7.27 p95=-6.10
  [diag] sat-dist hist bins=60 sat<0.05=0.0% mean=0.575 p10=0.540 p90=0.582
Iter 0028620: train nll 0.127, valid error 100.000%, best valid error 100.000%, avg grad norm   0.176, avg grad norm (post clip)   0.000, rho_Whh  1.12, Omega  0.00, alpha  0.000, steps in the past 0.000, valid nll 0.097
  [diag] log10|dL/dh_t| hist bins=60 range=(-7.80,-3.84) mean=-6.26 p50=-6.25 p05=-7.23 p95=-6.10
  [diag] sat-dist hist bins=60 sat<0.05=0.0% mean=0.592 p10=0.545 p90=0.604
Iter 0028640: train nll 0.140, valid error 100.000%, best valid error 100.000%, avg grad norm   0.073, avg grad norm (post clip)   0.000, rho_Whh  1.12, Omega  0.00, alpha  0.000, steps in the past 0.000, valid nll 0.097
  [diag] log10|dL/dh_t| hist bins=60 range=(-7.85,-3.83) mean=-6.48 p50=-6.52 p05=-7.29 p95=-6.10
  [diag] sat-dist hist bins=60 sat<0.05=0.0% mean=0.573 p10=0.542 p90=0.580
Iter 0028660: train nll 0.125, valid error 100.000%, best valid error 100.000%, avg grad norm   0.055, avg grad norm (post clip)   0.000, rho_Whh  1.12, Omega  0.00, alpha  0.000, steps in the past 0.000, valid nll 0.097
  [diag] log10|dL/dh_t| hist bins=60 range=(-7.85,-3.83) mean=-6.47 p50=-6.51 p05=-7.28 p95=-6.10
  [diag] sat-dist hist bins=60 sat<0.05=0.0% mean=0.573 p10=0.541 p90=0.580
Iter 0028680: train nll 0.129, valid error 100.000%, best valid error 100.000%, avg grad norm   0.063, avg grad norm (post clip)   0.000, rho_Whh  1.12, Omega  0.00, alpha  0.000, steps in the past 0.000, valid nll 0.097
  [diag] log10|dL/dh_t| hist bins=60 range=(-7.84,-3.83) mean=-6.42 p50=-6.45 p05=-7.27 p95=-6.10
  [diag] sat-dist hist bins=60 sat<0.05=0.0% mean=0.578 p10=0.541 p90=0.586
Iter 0028700: train nll 0.140, valid error 100.000%, best valid error 100.000%, avg grad norm   0.072, avg grad norm (post clip)   0.000, rho_Whh  1.12, Omega  0.00, alpha  0.000, steps in the past 0.000, valid nll 0.097
  [diag] log10|dL/dh_t| hist bins=60 range=(-7.85,-3.83) mean=-6.46 p50=-6.49 p05=-7.28 p95=-6.10
  [diag] sat-dist hist bins=60 sat<0.05=0.0% mean=0.574 p10=0.540 p90=0.582
Iter 0028720: train nll 0.114, valid error 100.000%, best valid error 100.000%, avg grad norm   0.053, avg grad norm (post clip)   0.000, rho_Whh  1.12, Omega  0.00, alpha  0.000, steps in the past 0.000, valid nll 0.097
  [diag] log10|dL/dh_t| hist bins=60 range=(-7.86,-3.83) mean=-6.48 p50=-6.52 p05=-7.29 p95=-6.10
  [diag] sat-dist hist bins=60 sat<0.05=0.0% mean=0.572 p10=0.541 p90=0.580
Iter 0028740: train nll 0.108, valid error 100.000%, best valid error 100.000%, avg grad norm   0.037, avg grad norm (post clip)   0.000, rho_Whh  1.12, Omega  0.00, alpha  0.000, steps in the past 0.000, valid nll 0.097
  [diag] log10|dL/dh_t| hist bins=60 range=(-7.88,-3.83) mean=-6.53 p50=-6.58 p05=-7.31 p95=-6.10
  [diag] sat-dist hist bins=60 sat<0.05=0.0% mean=0.568 p10=0.541 p90=0.574
Iter 0028760: train nll 0.125, valid error 100.000%, best valid error 100.000%, avg grad norm   0.061, avg grad norm (post clip)   0.000, rho_Whh  1.12, Omega  0.00, alpha  0.000, steps in the past 0.000, valid nll 0.097
  [diag] log10|dL/dh_t| hist bins=60 range=(-7.86,-3.83) mean=-6.47 p50=-6.51 p05=-7.29 p95=-6.10
  [diag] sat-dist hist bins=60 sat<0.05=0.0% mean=0.573 p10=0.541 p90=0.580
Iter 0028780: train nll 0.123, valid error 100.000%, best valid error 100.000%, avg grad norm   0.057, avg grad norm (post clip)   0.000, rho_Whh  1.12, Omega  0.00, alpha  0.000, steps in the past 0.000, valid nll 0.097
  [diag] log10|dL/dh_t| hist bins=60 range=(-7.86,-3.83) mean=-6.47 p50=-6.51 p05=-7.29 p95=-6.10
  [diag] sat-dist hist bins=60 sat<0.05=0.0% mean=0.573 p10=0.540 p90=0.581
Iter 0028800: train nll 0.120, valid error 100.000%, best valid error 100.000%, avg grad norm   0.068, avg grad norm (post clip)   0.000, rho_Whh  1.12, Omega  0.00, alpha  0.000, steps in the past 0.000, valid nll 0.097
  [diag] log10|dL/dh_t| hist bins=60 range=(-7.86,-3.83) mean=-6.46 p50=-6.50 p05=-7.29 p95=-6.10
  [diag] sat-dist hist bins=60 sat<0.05=0.0% mean=0.574 p10=0.540 p90=0.581
Iter 0028820: train nll 0.123, valid error 100.000%, best valid error 100.000%, avg grad norm   0.070, avg grad norm (post clip)   0.000, rho_Whh  1.12, Omega  0.00, alpha  0.000, steps in the past 0.000, valid nll 0.097
  [diag] log10|dL/dh_t| hist bins=60 range=(-7.86,-3.83) mean=-6.47 p50=-6.51 p05=-7.30 p95=-6.10
  [diag] sat-dist hist bins=60 sat<0.05=0.0% mean=0.573 p10=0.540 p90=0.580
Iter 0028840: train nll 0.107, valid error 100.000%, best valid error 100.000%, avg grad norm   0.031, avg grad norm (post clip)   0.000, rho_Whh  1.12, Omega  0.00, alpha  0.000, steps in the past 0.000, valid nll 0.097
  [diag] log10|dL/dh_t| hist bins=60 range=(-7.87,-3.83) mean=-6.48 p50=-6.53 p05=-7.30 p95=-6.11
  [diag] sat-dist hist bins=60 sat<0.05=0.0% mean=0.572 p10=0.541 p90=0.579
Iter 0028860: train nll 0.141, valid error 100.000%, best valid error 100.000%, avg grad norm   0.068, avg grad norm (post clip)   0.000, rho_Whh  1.12, Omega  0.00, alpha  0.000, steps in the past 0.000, valid nll 0.097
  [diag] log10|dL/dh_t| hist bins=60 range=(-7.82,-3.84) mean=-6.22 p50=-6.19 p05=-7.24 p95=-6.10
  [diag] sat-dist hist bins=60 sat<0.05=0.0% mean=0.596 p10=0.544 p90=0.609
Iter 0028880: train nll 0.118, valid error 100.000%, best valid error 100.000%, avg grad norm   0.059, avg grad norm (post clip)   0.000, rho_Whh  1.12, Omega  0.00, alpha  0.000, steps in the past 0.000, valid nll 0.097
  [diag] log10|dL/dh_t| hist bins=60 range=(-7.83,-3.84) mean=-6.28 p50=-6.27 p05=-7.25 p95=-6.10
  [diag] sat-dist hist bins=60 sat<0.05=0.0% mean=0.590 p10=0.543 p90=0.602
Iter 0028900: train nll 0.121, valid error 100.000%, best valid error 100.000%, avg grad norm   0.061, avg grad norm (post clip)   0.000, rho_Whh  1.12, Omega  0.00, alpha  0.000, steps in the past 0.000, valid nll 0.097
  [diag] log10|dL/dh_t| hist bins=60 range=(-7.81,-3.84) mean=-6.11 p50=-6.05 p05=-7.24 p95=-5.94
  [diag] sat-dist hist bins=60 sat<0.05=0.0% mean=0.605 p10=0.545 p90=0.625
Iter 0028920: train nll 0.143, valid error 100.000%, best valid error 100.000%, avg grad norm   0.046, avg grad norm (post clip)   0.000, rho_Whh  1.12, Omega  0.00, alpha  0.000, steps in the past 0.000, valid nll 0.097
  [diag] log10|dL/dh_t| hist bins=60 range=(-7.86,-3.83) mean=-6.43 p50=-6.46 p05=-7.30 p95=-6.11
  [diag] sat-dist hist bins=60 sat<0.05=0.0% mean=0.576 p10=0.539 p90=0.585
Iter 0028940: train nll 0.117, valid error 100.000%, best valid error 100.000%, avg grad norm   0.055, avg grad norm (post clip)   0.000, rho_Whh  1.12, Omega  0.00, alpha  0.000, steps in the past 0.000, valid nll 0.097
  [diag] log10|dL/dh_t| hist bins=60 range=(-7.88,-3.83) mean=-6.51 p50=-6.55 p05=-7.32 p95=-6.11
  [diag] sat-dist hist bins=60 sat<0.05=0.0% mean=0.570 p10=0.541 p90=0.577
Iter 0028960: train nll 0.117, valid error 100.000%, best valid error 100.000%, avg grad norm   0.068, avg grad norm (post clip)   0.000, rho_Whh  1.12, Omega  0.00, alpha  0.000, steps in the past 0.000, valid nll 0.097
  [diag] log10|dL/dh_t| hist bins=60 range=(-7.85,-3.84) mean=-6.38 p50=-6.40 p05=-7.28 p95=-6.11
  [diag] sat-dist hist bins=60 sat<0.05=0.0% mean=0.581 p10=0.540 p90=0.590
Iter 0028980: train nll 0.133, valid error 100.000%, best valid error 100.000%, avg grad norm   0.098, avg grad norm (post clip)   0.000, rho_Whh  1.12, Omega  0.00, alpha  0.000, steps in the past 0.000, valid nll 0.097
  [diag] log10|dL/dh_t| hist bins=60 range=(-7.90,-3.82) mean=-6.58 p50=-6.64 p05=-7.34 p95=-6.11
  [diag] sat-dist hist bins=60 sat<0.05=0.0% mean=0.564 p10=0.538 p90=0.569
Iter 0029000: train nll 0.133, valid error 100.000%, best valid error 100.000%, avg grad norm   0.103, avg grad norm (post clip)   0.000, rho_Whh  1.12, Omega  0.00, alpha  0.000, steps in the past 0.000, valid nll 0.097
  [diag] log10|dL/dh_t| hist bins=60 range=(-7.87,-3.83) mean=-6.45 p50=-6.49 p05=-7.30 p95=-6.11
  [diag] sat-dist hist bins=60 sat<0.05=0.0% mean=0.575 p10=0.539 p90=0.583
Iter 0029020: train nll 0.128, valid error 100.000%, best valid error 100.000%, avg grad norm   0.068, avg grad norm (post clip)   0.000, rho_Whh  1.12, Omega  0.00, alpha  0.000, steps in the past 0.000, valid nll 0.097
  [diag] log10|dL/dh_t| hist bins=60 range=(-7.88,-3.83) mean=-6.48 p50=-6.51 p05=-7.31 p95=-6.11
  [diag] sat-dist hist bins=60 sat<0.05=0.0% mean=0.573 p10=0.540 p90=0.580
Iter 0029040: train nll 0.123, valid error 100.000%, best valid error 100.000%, avg grad norm   0.060, avg grad norm (post clip)   0.000, rho_Whh  1.12, Omega  0.00, alpha  0.000, steps in the past 0.000, valid nll 0.097
  [diag] log10|dL/dh_t| hist bins=60 range=(-7.88,-3.83) mean=-6.50 p50=-6.54 p05=-7.31 p95=-6.11
  [diag] sat-dist hist bins=60 sat<0.05=0.0% mean=0.571 p10=0.541 p90=0.578
Iter 0029060: train nll 0.113, valid error 100.000%, best valid error 100.000%, avg grad norm   0.043, avg grad norm (post clip)   0.000, rho_Whh  1.12, Omega  0.00, alpha  0.000, steps in the past 0.000, valid nll 0.097
  [diag] log10|dL/dh_t| hist bins=60 range=(-7.88,-3.83) mean=-6.48 p50=-6.51 p05=-7.31 p95=-6.11
  [diag] sat-dist hist bins=60 sat<0.05=0.0% mean=0.573 p10=0.540 p90=0.580
Iter 0029080: train nll 0.121, valid error 100.000%, best valid error 100.000%, avg grad norm   0.054, avg grad norm (post clip)   0.000, rho_Whh  1.12, Omega  0.00, alpha  0.000, steps in the past 0.000, valid nll 0.097
  [diag] log10|dL/dh_t| hist bins=60 range=(-7.89,-3.83) mean=-6.51 p50=-6.56 p05=-7.32 p95=-6.11
  [diag] sat-dist hist bins=60 sat<0.05=0.0% mean=0.570 p10=0.541 p90=0.576
Iter 0029100: train nll 0.110, valid error 100.000%, best valid error 100.000%, avg grad norm   0.070, avg grad norm (post clip)   0.000, rho_Whh  1.12, Omega  0.00, alpha  0.000, steps in the past 0.000, valid nll 0.097
  [diag] log10|dL/dh_t| hist bins=60 range=(-7.87,-3.83) mean=-6.46 p50=-6.49 p05=-7.30 p95=-6.11
  [diag] sat-dist hist bins=60 sat<0.05=0.0% mean=0.574 p10=0.539 p90=0.582
Iter 0029120: train nll 0.114, valid error 100.000%, best valid error 100.000%, avg grad norm   0.051, avg grad norm (post clip)   0.000, rho_Whh  1.12, Omega  0.00, alpha  0.000, steps in the past 0.000, valid nll 0.097
  [diag] log10|dL/dh_t| hist bins=60 range=(-7.82,-3.84) mean=-5.89 p50=-5.90 p05=-7.24 p95=-4.66
  [diag] sat-dist hist bins=60 sat<0.05=0.0% mean=0.624 p10=0.545 p90=0.678
Iter 0029140: train nll 0.117, valid error 100.000%, best valid error 100.000%, avg grad norm   0.047, avg grad norm (post clip)   0.000, rho_Whh  1.12, Omega  0.00, alpha  0.000, steps in the past 0.000, valid nll 0.098
  [diag] log10|dL/dh_t| hist bins=60 range=(-7.83,-3.84) mean=-6.24 p50=-6.21 p05=-7.25 p95=-6.11
  [diag] sat-dist hist bins=60 sat<0.05=0.0% mean=0.594 p10=0.543 p90=0.608
Iter 0029160: train nll 0.132, valid error 100.000%, best valid error 100.000%, avg grad norm   0.110, avg grad norm (post clip)   0.000, rho_Whh  1.12, Omega  0.00, alpha  0.000, steps in the past 0.000, valid nll 0.097
  [diag] log10|dL/dh_t| hist bins=60 range=(-7.87,-3.83) mean=-6.45 p50=-6.48 p05=-7.30 p95=-6.11
  [diag] sat-dist hist bins=60 sat<0.05=0.0% mean=0.576 p10=0.538 p90=0.584
Iter 0029180: train nll 0.125, valid error 100.000%, best valid error 100.000%, avg grad norm   0.059, avg grad norm (post clip)   0.000, rho_Whh  1.12, Omega  0.00, alpha  0.000, steps in the past 0.000, valid nll 0.097
  [diag] log10|dL/dh_t| hist bins=60 range=(-7.87,-3.83) mean=-6.44 p50=-6.46 p05=-7.30 p95=-6.12
  [diag] sat-dist hist bins=60 sat<0.05=0.0% mean=0.576 p10=0.539 p90=0.585
Iter 0029200: train nll 0.108, valid error 100.000%, best valid error 100.000%, avg grad norm   0.051, avg grad norm (post clip)   0.000, rho_Whh  1.12, Omega  0.00, alpha  0.000, steps in the past 0.000, valid nll 0.097
  [diag] log10|dL/dh_t| hist bins=60 range=(-7.87,-3.83) mean=-6.46 p50=-6.49 p05=-7.30 p95=-6.12
  [diag] sat-dist hist bins=60 sat<0.05=0.0% mean=0.575 p10=0.539 p90=0.583
Iter 0029220: train nll 0.114, valid error 100.000%, best valid error 100.000%, avg grad norm   0.062, avg grad norm (post clip)   0.000, rho_Whh  1.12, Omega  0.00, alpha  0.000, steps in the past 0.000, valid nll 0.097
  [diag] log10|dL/dh_t| hist bins=60 range=(-7.88,-3.83) mean=-6.46 p50=-6.50 p05=-7.31 p95=-6.12
  [diag] sat-dist hist bins=60 sat<0.05=0.0% mean=0.574 p10=0.539 p90=0.582
Iter 0029240: train nll 0.120, valid error 100.000%, best valid error 100.000%, avg grad norm   0.065, avg grad norm (post clip)   0.000, rho_Whh  1.12, Omega  0.00, alpha  0.000, steps in the past 0.000, valid nll 0.097
  [diag] log10|dL/dh_t| hist bins=60 range=(-7.86,-3.84) mean=-6.37 p50=-6.38 p05=-7.28 p95=-6.12
  [diag] sat-dist hist bins=60 sat<0.05=0.0% mean=0.583 p10=0.540 p90=0.593
Iter 0029260: train nll 0.129, valid error 100.000%, best valid error 100.000%, avg grad norm   0.058, avg grad norm (post clip)   0.000, rho_Whh  1.12, Omega  0.00, alpha  0.000, steps in the past 0.000, valid nll 0.097
  [diag] log10|dL/dh_t| hist bins=60 range=(-7.86,-3.84) mean=-6.41 p50=-6.44 p05=-7.29 p95=-6.12
  [diag] sat-dist hist bins=60 sat<0.05=0.0% mean=0.578 p10=0.540 p90=0.587
Iter 0029280: train nll 0.140, valid error 100.000%, best valid error 100.000%, avg grad norm   0.114, avg grad norm (post clip)   0.000, rho_Whh  1.12, Omega  0.00, alpha  0.000, steps in the past 0.000, valid nll 0.097
  [diag] log10|dL/dh_t| hist bins=60 range=(-7.87,-3.83) mean=-6.45 p50=-6.48 p05=-7.30 p95=-6.12
  [diag] sat-dist hist bins=60 sat<0.05=0.0% mean=0.576 p10=0.539 p90=0.584
Iter 0029300: train nll 0.113, valid error 100.000%, best valid error 100.000%, avg grad norm   0.056, avg grad norm (post clip)   0.000, rho_Whh  1.12, Omega  0.00, alpha  0.000, steps in the past 0.000, valid nll 0.097
  [diag] log10|dL/dh_t| hist bins=60 range=(-7.84,-3.84) mean=-6.26 p50=-6.24 p05=-7.26 p95=-6.12
  [diag] sat-dist hist bins=60 sat<0.05=0.0% mean=0.592 p10=0.543 p90=0.605
Iter 0029320: train nll 0.141, valid error 100.000%, best valid error 100.000%, avg grad norm   0.066, avg grad norm (post clip)   0.000, rho_Whh  1.12, Omega  0.00, alpha  0.000, steps in the past 0.000, valid nll 0.097
  [diag] log10|dL/dh_t| hist bins=60 range=(-7.86,-3.84) mean=-6.39 p50=-6.41 p05=-7.29 p95=-6.12
  [diag] sat-dist hist bins=60 sat<0.05=0.0% mean=0.580 p10=0.540 p90=0.590
Iter 0029340: train nll 0.118, valid error 100.000%, best valid error 100.000%, avg grad norm   0.058, avg grad norm (post clip)   0.000, rho_Whh  1.12, Omega  0.00, alpha  0.000, steps in the past 0.000, valid nll 0.097
  [diag] log10|dL/dh_t| hist bins=60 range=(-7.84,-3.84) mean=-6.24 p50=-6.21 p05=-7.26 p95=-6.12
  [diag] sat-dist hist bins=60 sat<0.05=0.0% mean=0.594 p10=0.543 p90=0.608
Iter 0029360: train nll 0.113, valid error 100.000%, best valid error 100.000%, avg grad norm   0.051, avg grad norm (post clip)   0.000, rho_Whh  1.12, Omega  0.00, alpha  0.000, steps in the past 0.000, valid nll 0.097
  [diag] log10|dL/dh_t| hist bins=60 range=(-7.88,-3.83) mean=-6.48 p50=-6.52 p05=-7.31 p95=-6.12
  [diag] sat-dist hist bins=60 sat<0.05=0.0% mean=0.572 p10=0.540 p90=0.580
Iter 0029380: train nll 0.127, valid error 100.000%, best valid error 100.000%, avg grad norm   0.086, avg grad norm (post clip)   0.000, rho_Whh  1.12, Omega  0.00, alpha  0.000, steps in the past 0.000, valid nll 0.097
  [diag] log10|dL/dh_t| hist bins=60 range=(-7.88,-3.83) mean=-6.45 p50=-6.48 p05=-7.31 p95=-6.12
  [diag] sat-dist hist bins=60 sat<0.05=0.0% mean=0.575 p10=0.538 p90=0.583
Iter 0029400: train nll 0.121, valid error 100.000%, best valid error 100.000%, avg grad norm   0.060, avg grad norm (post clip)   0.000, rho_Whh  1.12, Omega  0.00, alpha  0.000, steps in the past 0.000, valid nll 0.097
  [diag] log10|dL/dh_t| hist bins=60 range=(-7.89,-3.83) mean=-6.48 p50=-6.51 p05=-7.31 p95=-6.12
  [diag] sat-dist hist bins=60 sat<0.05=0.0% mean=0.573 p10=0.540 p90=0.581
Iter 0029420: train nll 0.118, valid error 100.000%, best valid error 100.000%, avg grad norm   0.062, avg grad norm (post clip)   0.000, rho_Whh  1.12, Omega  0.00, alpha  0.000, steps in the past 0.000, valid nll 0.097
  [diag] log10|dL/dh_t| hist bins=60 range=(-7.88,-3.84) mean=-6.44 p50=-6.47 p05=-7.31 p95=-6.12
  [diag] sat-dist hist bins=60 sat<0.05=0.0% mean=0.576 p10=0.538 p90=0.584
Iter 0029440: train nll 0.115, valid error 100.000%, best valid error 100.000%, avg grad norm   0.059, avg grad norm (post clip)   0.000, rho_Whh  1.12, Omega  0.00, alpha  0.000, steps in the past 0.000, valid nll 0.097
  [diag] log10|dL/dh_t| hist bins=60 range=(-7.91,-3.83) mean=-6.56 p50=-6.61 p05=-7.34 p95=-6.12
  [diag] sat-dist hist bins=60 sat<0.05=0.0% mean=0.566 p10=0.539 p90=0.572
Iter 0029460: train nll 0.147, valid error 100.000%, best valid error 100.000%, avg grad norm   0.109, avg grad norm (post clip)   0.000, rho_Whh  1.12, Omega  0.00, alpha  0.000, steps in the past 0.000, valid nll 0.097
  [diag] log10|dL/dh_t| hist bins=60 range=(-7.88,-3.83) mean=-6.48 p50=-6.51 p05=-7.31 p95=-6.12
  [diag] sat-dist hist bins=60 sat<0.05=0.0% mean=0.573 p10=0.539 p90=0.581
Iter 0029480: train nll 0.117, valid error 100.000%, best valid error 100.000%, avg grad norm   0.063, avg grad norm (post clip)   0.000, rho_Whh  1.12, Omega  0.00, alpha  0.000, steps in the past 0.000, valid nll 0.097
  [diag] log10|dL/dh_t| hist bins=60 range=(-7.90,-3.83) mean=-6.52 p50=-6.57 p05=-7.33 p95=-6.13
  [diag] sat-dist hist bins=60 sat<0.05=0.0% mean=0.569 p10=0.541 p90=0.576
Iter 0029500: train nll 0.125, valid error 100.000%, best valid error 100.000%, avg grad norm   0.074, avg grad norm (post clip)   0.000, rho_Whh  1.12, Omega  0.00, alpha  0.000, steps in the past 0.000, valid nll 0.097
  [diag] log10|dL/dh_t| hist bins=60 range=(-7.89,-3.83) mean=-6.49 p50=-6.53 p05=-7.32 p95=-6.13
  [diag] sat-dist hist bins=60 sat<0.05=0.0% mean=0.572 p10=0.540 p90=0.579
Iter 0029520: train nll 0.124, valid error 100.000%, best valid error 100.000%, avg grad norm   0.064, avg grad norm (post clip)   0.000, rho_Whh  1.12, Omega  0.00, alpha  0.000, steps in the past 0.000, valid nll 0.097
  [diag] log10|dL/dh_t| hist bins=60 range=(-7.86,-3.84) mean=-6.32 p50=-6.31 p05=-7.28 p95=-6.12
  [diag] sat-dist hist bins=60 sat<0.05=0.0% mean=0.587 p10=0.541 p90=0.599
Iter 0029540: train nll 0.124, valid error 100.000%, best valid error 100.000%, avg grad norm   0.057, avg grad norm (post clip)   0.000, rho_Whh  1.12, Omega  0.00, alpha  0.000, steps in the past 0.000, valid nll 0.097
  [diag] log10|dL/dh_t| hist bins=60 range=(-7.87,-3.84) mean=-6.39 p50=-6.41 p05=-7.30 p95=-6.13
  [diag] sat-dist hist bins=60 sat<0.05=0.0% mean=0.581 p10=0.539 p90=0.590
Iter 0029560: train nll 0.138, valid error 100.000%, best valid error 100.000%, avg grad norm   0.080, avg grad norm (post clip)   0.000, rho_Whh  1.12, Omega  0.00, alpha  0.000, steps in the past 0.000, valid nll 0.097
  [diag] log10|dL/dh_t| hist bins=60 range=(-7.88,-3.84) mean=-6.43 p50=-6.46 p05=-7.31 p95=-6.13
  [diag] sat-dist hist bins=60 sat<0.05=0.0% mean=0.577 p10=0.538 p90=0.586
Iter 0029580: train nll 0.132, valid error 100.000%, best valid error 100.000%, avg grad norm   0.060, avg grad norm (post clip)   0.000, rho_Whh  1.12, Omega  0.00, alpha  0.000, steps in the past 0.000, valid nll 0.097
  [diag] log10|dL/dh_t| hist bins=60 range=(-7.88,-3.84) mean=-6.39 p50=-6.41 p05=-7.30 p95=-6.13
  [diag] sat-dist hist bins=60 sat<0.05=0.0% mean=0.580 p10=0.539 p90=0.590
Iter 0029600: train nll 0.128, valid error 100.000%, best valid error 100.000%, avg grad norm   0.066, avg grad norm (post clip)   0.000, rho_Whh  1.12, Omega  0.00, alpha  0.000, steps in the past 0.000, valid nll 0.097
  [diag] log10|dL/dh_t| hist bins=60 range=(-7.89,-3.84) mean=-6.43 p50=-6.45 p05=-7.31 p95=-6.13
  [diag] sat-dist hist bins=60 sat<0.05=0.0% mean=0.577 p10=0.538 p90=0.586
Iter 0029620: train nll 0.111, valid error 100.000%, best valid error 100.000%, avg grad norm   0.053, avg grad norm (post clip)   0.000, rho_Whh  1.12, Omega  0.00, alpha  0.000, steps in the past 0.000, valid nll 0.097
  [diag] log10|dL/dh_t| hist bins=60 range=(-7.88,-3.84) mean=-6.36 p50=-6.36 p05=-7.30 p95=-6.13
  [diag] sat-dist hist bins=60 sat<0.05=0.0% mean=0.584 p10=0.539 p90=0.594
Iter 0029640: train nll 0.124, valid error 100.000%, best valid error 100.000%, avg grad norm   0.062, avg grad norm (post clip)   0.000, rho_Whh  1.12, Omega  0.00, alpha  0.000, steps in the past 0.000, valid nll 0.097
  [diag] log10|dL/dh_t| hist bins=60 range=(-7.90,-3.84) mean=-6.45 p50=-6.48 p05=-7.32 p95=-6.13
  [diag] sat-dist hist bins=60 sat<0.05=0.0% mean=0.575 p10=0.537 p90=0.584
Iter 0029660: train nll 0.125, valid error 100.000%, best valid error 100.000%, avg grad norm   0.072, avg grad norm (post clip)   0.000, rho_Whh  1.12, Omega  0.00, alpha  0.000, steps in the past 0.000, valid nll 0.097
  [diag] log10|dL/dh_t| hist bins=60 range=(-7.91,-3.83) mean=-6.48 p50=-6.51 p05=-7.33 p95=-6.13
  [diag] sat-dist hist bins=60 sat<0.05=0.0% mean=0.573 p10=0.539 p90=0.581
Iter 0029680: train nll 0.103, valid error 100.000%, best valid error 100.000%, avg grad norm   0.039, avg grad norm (post clip)   0.000, rho_Whh  1.12, Omega  0.00, alpha  0.000, steps in the past 0.000, valid nll 0.097
  [diag] log10|dL/dh_t| hist bins=60 range=(-7.91,-3.83) mean=-6.48 p50=-6.51 p05=-7.33 p95=-6.13
  [diag] sat-dist hist bins=60 sat<0.05=0.0% mean=0.573 p10=0.538 p90=0.581
Iter 0029700: train nll 0.105, valid error 100.000%, best valid error 100.000%, avg grad norm   0.046, avg grad norm (post clip)   0.000, rho_Whh  1.12, Omega  0.00, alpha  0.000, steps in the past 0.000, valid nll 0.097
  [diag] log10|dL/dh_t| hist bins=60 range=(-7.92,-3.83) mean=-6.51 p50=-6.55 p05=-7.34 p95=-6.13
  [diag] sat-dist hist bins=60 sat<0.05=0.0% mean=0.570 p10=0.540 p90=0.578
Iter 0029720: train nll 0.120, valid error 100.000%, best valid error 100.000%, avg grad norm   0.072, avg grad norm (post clip)   0.000, rho_Whh  1.12, Omega  0.00, alpha  0.000, steps in the past 0.000, valid nll 0.097
  [diag] log10|dL/dh_t| hist bins=60 range=(-7.90,-3.84) mean=-6.44 p50=-6.46 p05=-7.32 p95=-6.13
  [diag] sat-dist hist bins=60 sat<0.05=0.0% mean=0.576 p10=0.537 p90=0.585
Iter 0029740: train nll 0.126, valid error 100.000%, best valid error 100.000%, avg grad norm   0.058, avg grad norm (post clip)   0.000, rho_Whh  1.12, Omega  0.00, alpha  0.000, steps in the past 0.000, valid nll 0.097
  [diag] log10|dL/dh_t| hist bins=60 range=(-7.92,-3.83) mean=-6.53 p50=-6.57 p05=-7.35 p95=-6.13
  [diag] sat-dist hist bins=60 sat<0.05=0.0% mean=0.569 p10=0.539 p90=0.576
Iter 0029760: train nll 0.134, valid error 100.000%, best valid error 100.000%, avg grad norm   0.074, avg grad norm (post clip)   0.000, rho_Whh  1.12, Omega  0.00, alpha  0.000, steps in the past 0.000, valid nll 0.097
  [diag] log10|dL/dh_t| hist bins=60 range=(-7.93,-3.83) mean=-6.57 p50=-6.62 p05=-7.36 p95=-6.13
  [diag] sat-dist hist bins=60 sat<0.05=0.0% mean=0.565 p10=0.538 p90=0.571
Iter 0029780: train nll 0.134, valid error 100.000%, best valid error 100.000%, avg grad norm   0.099, avg grad norm (post clip)   0.000, rho_Whh  1.12, Omega  0.00, alpha  0.000, steps in the past 0.000, valid nll 0.097
  [diag] log10|dL/dh_t| hist bins=60 range=(-7.91,-3.84) mean=-6.46 p50=-6.48 p05=-7.33 p95=-6.13
  [diag] sat-dist hist bins=60 sat<0.05=0.0% mean=0.575 p10=0.537 p90=0.583
Iter 0029800: train nll 0.128, valid error 100.000%, best valid error 100.000%, avg grad norm   0.061, avg grad norm (post clip)   0.000, rho_Whh  1.12, Omega  0.00, alpha  0.000, steps in the past 0.000, valid nll 0.097
  [diag] log10|dL/dh_t| hist bins=60 range=(-7.92,-3.83) mean=-6.50 p50=-6.53 p05=-7.34 p95=-6.13
  [diag] sat-dist hist bins=60 sat<0.05=0.0% mean=0.572 p10=0.539 p90=0.579
Iter 0029820: train nll 0.102, valid error 100.000%, best valid error 100.000%, avg grad norm   0.039, avg grad norm (post clip)   0.000, rho_Whh  1.12, Omega  0.00, alpha  0.000, steps in the past 0.000, valid nll 0.097
  [diag] log10|dL/dh_t| hist bins=60 range=(-7.92,-3.83) mean=-6.51 p50=-6.54 p05=-7.35 p95=-6.14
  [diag] sat-dist hist bins=60 sat<0.05=0.0% mean=0.571 p10=0.539 p90=0.578
Iter 0029840: train nll 0.117, valid error 100.000%, best valid error 100.000%, avg grad norm   0.055, avg grad norm (post clip)   0.000, rho_Whh  1.12, Omega  0.00, alpha  0.000, steps in the past 0.000, valid nll 0.097
  [diag] log10|dL/dh_t| hist bins=60 range=(-7.91,-3.83) mean=-6.46 p50=-6.49 p05=-7.34 p95=-6.14
  [diag] sat-dist hist bins=60 sat<0.05=0.0% mean=0.574 p10=0.537 p90=0.583
Iter 0029860: train nll 0.122, valid error 100.000%, best valid error 100.000%, avg grad norm   0.056, avg grad norm (post clip)   0.000, rho_Whh  1.12, Omega  0.00, alpha  0.000, steps in the past 0.000, valid nll 0.097
  [diag] log10|dL/dh_t| hist bins=60 range=(-7.89,-3.84) mean=-6.30 p50=-6.28 p05=-7.31 p95=-6.13
  [diag] sat-dist hist bins=60 sat<0.05=0.0% mean=0.589 p10=0.539 p90=0.602
Iter 0029880: train nll 0.107, valid error 100.000%, best valid error 100.000%, avg grad norm   0.049, avg grad norm (post clip)   0.000, rho_Whh  1.12, Omega  0.00, alpha  0.000, steps in the past 0.000, valid nll 0.097
  [diag] log10|dL/dh_t| hist bins=60 range=(-7.93,-3.83) mean=-6.53 p50=-6.58 p05=-7.36 p95=-6.14
  [diag] sat-dist hist bins=60 sat<0.05=0.0% mean=0.568 p10=0.538 p90=0.575
Iter 0029900: train nll 0.132, valid error 100.000%, best valid error 100.000%, avg grad norm   0.096, avg grad norm (post clip)   0.000, rho_Whh  1.12, Omega  0.00, alpha  0.000, steps in the past 0.000, valid nll 0.097
  [diag] log10|dL/dh_t| hist bins=60 range=(-7.93,-3.83) mean=-6.49 p50=-6.53 p05=-7.35 p95=-6.14
  [diag] sat-dist hist bins=60 sat<0.05=0.0% mean=0.572 p10=0.538 p90=0.580
Iter 0029920: train nll 0.117, valid error 100.000%, best valid error 100.000%, avg grad norm   0.057, avg grad norm (post clip)   0.000, rho_Whh  1.12, Omega  0.00, alpha  0.000, steps in the past 0.000, valid nll 0.097
  [diag] log10|dL/dh_t| hist bins=60 range=(-7.92,-3.83) mean=-6.50 p50=-6.54 p05=-7.35 p95=-6.14
  [diag] sat-dist hist bins=60 sat<0.05=0.0% mean=0.571 p10=0.539 p90=0.579
Iter 0029940: train nll 0.125, valid error 100.000%, best valid error 100.000%, avg grad norm   0.109, avg grad norm (post clip)   0.000, rho_Whh  1.12, Omega  0.00, alpha  0.000, steps in the past 0.000, valid nll 0.097
  [diag] log10|dL/dh_t| hist bins=60 range=(-7.89,-3.84) mean=-6.36 p50=-6.36 p05=-7.32 p95=-6.14
  [diag] sat-dist hist bins=60 sat<0.05=0.0% mean=0.583 p10=0.538 p90=0.594
Iter 0029960: train nll 0.121, valid error 100.000%, best valid error 100.000%, avg grad norm   0.058, avg grad norm (post clip)   0.000, rho_Whh  1.12, Omega  0.00, alpha  0.000, steps in the past 0.000, valid nll 0.097
  [diag] log10|dL/dh_t| hist bins=60 range=(-7.95,-3.81) mean=-6.70 p50=-6.78 p05=-7.37 p95=-6.14
  [diag] sat-dist hist bins=60 sat<0.05=0.0% mean=0.554 p10=0.535 p90=0.558
Iter 0029980: train nll 0.129, valid error 100.000%, best valid error 100.000%, avg grad norm   0.211, avg grad norm (post clip)   0.000, rho_Whh  1.12, Omega  0.00, alpha  0.000, steps in the past 0.000, valid nll 0.097
  [diag] log10|dL/dh_t| hist bins=60 range=(-7.87,-3.84) mean=-6.42 p50=-6.45 p05=-7.30 p95=-6.14
  [diag] sat-dist hist bins=60 sat<0.05=0.0% mean=0.578 p10=0.540 p90=0.587
Iter 0030000: train nll 0.110, valid error 100.000%, best valid error 100.000%, avg grad norm   0.051, avg grad norm (post clip)   0.000, rho_Whh  1.12, Omega  0.00, alpha  0.000, steps in the past 0.000, valid nll 0.097
  [diag] log10|dL/dh_t| hist bins=60 range=(-7.84,-3.84) mean=-6.25 p50=-6.22 p05=-7.26 p95=-6.14
  [diag] sat-dist hist bins=60 sat<0.05=0.0% mean=0.594 p10=0.544 p90=0.607
Iter 0030020: train nll 0.127, valid error 100.000%, best valid error 100.000%, avg grad norm   0.060, avg grad norm (post clip)   0.000, rho_Whh  1.12, Omega  0.00, alpha  0.000, steps in the past 0.000, valid nll 0.097
  [diag] log10|dL/dh_t| hist bins=60 range=(-7.84,-3.84) mean=-6.22 p50=-6.19 p05=-7.26 p95=-6.11
  [diag] sat-dist hist bins=60 sat<0.05=0.0% mean=0.596 p10=0.544 p90=0.610
Iter 0030040: train nll 0.118, valid error 100.000%, best valid error 100.000%, avg grad norm   0.055, avg grad norm (post clip)   0.000, rho_Whh  1.12, Omega  0.00, alpha  0.000, steps in the past 0.000, valid nll 0.097
  [diag] log10|dL/dh_t| hist bins=60 range=(-7.91,-3.83) mean=-6.54 p50=-6.59 p05=-7.34 p95=-6.14
  [diag] sat-dist hist bins=60 sat<0.05=0.0% mean=0.568 p10=0.540 p90=0.574
Iter 0030060: train nll 0.133, valid error 100.000%, best valid error 100.000%, avg grad norm   0.073, avg grad norm (post clip)   0.000, rho_Whh  1.12, Omega  0.00, alpha  0.000, steps in the past 0.000, valid nll 0.097
  [diag] log10|dL/dh_t| hist bins=60 range=(-7.86,-3.84) mean=-6.32 p50=-6.32 p05=-7.28 p95=-6.14
  [diag] sat-dist hist bins=60 sat<0.05=0.0% mean=0.587 p10=0.542 p90=0.598
Iter 0030080: train nll 0.113, valid error 100.000%, best valid error 100.000%, avg grad norm   0.055, avg grad norm (post clip)   0.000, rho_Whh  1.12, Omega  0.00, alpha  0.000, steps in the past 0.000, valid nll 0.097
  [diag] log10|dL/dh_t| hist bins=60 range=(-7.91,-3.83) mean=-6.53 p50=-6.58 p05=-7.34 p95=-6.14
  [diag] sat-dist hist bins=60 sat<0.05=0.0% mean=0.569 p10=0.540 p90=0.576
Iter 0030100: train nll 0.121, valid error 100.000%, best valid error 100.000%, avg grad norm   0.051, avg grad norm (post clip)   0.000, rho_Whh  1.12, Omega  0.00, alpha  0.000, steps in the past 0.000, valid nll 0.097
  [diag] log10|dL/dh_t| hist bins=60 range=(-7.90,-3.83) mean=-6.48 p50=-6.51 p05=-7.32 p95=-6.14
  [diag] sat-dist hist bins=60 sat<0.05=0.0% mean=0.574 p10=0.538 p90=0.581
Iter 0030120: train nll 0.138, valid error 100.000%, best valid error 100.000%, avg grad norm   0.076, avg grad norm (post clip)   0.000, rho_Whh  1.12, Omega  0.00, alpha  0.000, steps in the past 0.000, valid nll 0.097
  [diag] log10|dL/dh_t| hist bins=60 range=(-7.88,-3.84) mean=-6.40 p50=-6.42 p05=-7.31 p95=-6.14
  [diag] sat-dist hist bins=60 sat<0.05=0.0% mean=0.580 p10=0.539 p90=0.590
Iter 0030140: train nll 0.125, valid error 100.000%, best valid error 100.000%, avg grad norm   0.069, avg grad norm (post clip)   0.000, rho_Whh  1.12, Omega  0.00, alpha  0.000, steps in the past 0.000, valid nll 0.097
  [diag] log10|dL/dh_t| hist bins=60 range=(-7.87,-3.84) mean=-6.34 p50=-6.35 p05=-7.29 p95=-6.14
  [diag] sat-dist hist bins=60 sat<0.05=0.0% mean=0.585 p10=0.541 p90=0.596
Iter 0030160: train nll 0.138, valid error 100.000%, best valid error 100.000%, avg grad norm   0.074, avg grad norm (post clip)   0.000, rho_Whh  1.12, Omega  0.00, alpha  0.000, steps in the past 0.000, valid nll 0.097
  [diag] log10|dL/dh_t| hist bins=60 range=(-7.90,-3.83) mean=-6.48 p50=-6.52 p05=-7.33 p95=-6.14
  [diag] sat-dist hist bins=60 sat<0.05=0.0% mean=0.573 p10=0.538 p90=0.581
Iter 0030180: train nll 0.114, valid error 100.000%, best valid error 100.000%, avg grad norm   0.048, avg grad norm (post clip)   0.000, rho_Whh  1.12, Omega  0.00, alpha  0.000, steps in the past 0.000, valid nll 0.097
  [diag] log10|dL/dh_t| hist bins=60 range=(-7.88,-3.84) mean=-6.35 p50=-6.35 p05=-7.30 p95=-6.14
  [diag] sat-dist hist bins=60 sat<0.05=0.0% mean=0.585 p10=0.540 p90=0.596
Iter 0030200: train nll 0.124, valid error 100.000%, best valid error 100.000%, avg grad norm   0.052, avg grad norm (post clip)   0.000, rho_Whh  1.12, Omega  0.00, alpha  0.000, steps in the past 0.000, valid nll 0.097
  [diag] log10|dL/dh_t| hist bins=60 range=(-7.91,-3.83) mean=-6.48 p50=-6.51 p05=-7.33 p95=-6.14
  [diag] sat-dist hist bins=60 sat<0.05=0.0% mean=0.573 p10=0.538 p90=0.581
Iter 0030220: train nll 0.119, valid error 100.000%, best valid error 100.000%, avg grad norm   0.058, avg grad norm (post clip)   0.000, rho_Whh  1.12, Omega  0.00, alpha  0.000, steps in the past 0.000, valid nll 0.097
  [diag] log10|dL/dh_t| hist bins=60 range=(-7.87,-3.84) mean=-6.29 p50=-6.28 p05=-7.29 p95=-6.14
  [diag] sat-dist hist bins=60 sat<0.05=0.0% mean=0.590 p10=0.542 p90=0.603
Iter 0030240: train nll 0.132, valid error 100.000%, best valid error 100.000%, avg grad norm   0.083, avg grad norm (post clip)   0.000, rho_Whh  1.12, Omega  0.00, alpha  0.000, steps in the past 0.000, valid nll 0.097
  [diag] log10|dL/dh_t| hist bins=60 range=(-7.89,-3.84) mean=-6.44 p50=-6.47 p05=-7.32 p95=-6.14
  [diag] sat-dist hist bins=60 sat<0.05=0.0% mean=0.577 p10=0.538 p90=0.585
Iter 0030260: train nll 0.138, valid error 100.000%, best valid error 100.000%, avg grad norm   0.087, avg grad norm (post clip)   0.000, rho_Whh  1.12, Omega  0.00, alpha  0.000, steps in the past 0.000, valid nll 0.097
  [diag] log10|dL/dh_t| hist bins=60 range=(-7.91,-3.83) mean=-6.50 p50=-6.54 p05=-7.33 p95=-6.15
  [diag] sat-dist hist bins=60 sat<0.05=0.0% mean=0.572 p10=0.539 p90=0.579
Iter 0030280: train nll 0.123, valid error 100.000%, best valid error 100.000%, avg grad norm   0.065, avg grad norm (post clip)   0.000, rho_Whh  1.12, Omega  0.00, alpha  0.000, steps in the past 0.000, valid nll 0.097
  [diag] log10|dL/dh_t| hist bins=60 range=(-7.91,-3.83) mean=-6.49 p50=-6.52 p05=-7.33 p95=-6.15
  [diag] sat-dist hist bins=60 sat<0.05=0.0% mean=0.573 p10=0.538 p90=0.581
Iter 0030300: train nll 0.117, valid error 100.000%, best valid error 100.000%, avg grad norm   0.047, avg grad norm (post clip)   0.000, rho_Whh  1.12, Omega  0.00, alpha  0.000, steps in the past 0.000, valid nll 0.097
  [diag] log10|dL/dh_t| hist bins=60 range=(-7.91,-3.83) mean=-6.50 p50=-6.53 p05=-7.34 p95=-6.15
  [diag] sat-dist hist bins=60 sat<0.05=0.0% mean=0.572 p10=0.539 p90=0.580
Iter 0030320: train nll 0.121, valid error 100.000%, best valid error 100.000%, avg grad norm   0.054, avg grad norm (post clip)   0.000, rho_Whh  1.12, Omega  0.00, alpha  0.000, steps in the past 0.000, valid nll 0.097
  [diag] log10|dL/dh_t| hist bins=60 range=(-7.87,-3.84) mean=-6.29 p50=-6.27 p05=-7.29 p95=-6.15
  [diag] sat-dist hist bins=60 sat<0.05=0.0% mean=0.590 p10=0.541 p90=0.603
Iter 0030340: train nll 0.141, valid error 100.000%, best valid error 100.000%, avg grad norm   0.069, avg grad norm (post clip)   0.000, rho_Whh  1.12, Omega  0.00, alpha  0.000, steps in the past 0.000, valid nll 0.097
  [diag] log10|dL/dh_t| hist bins=60 range=(-7.91,-3.83) mean=-6.48 p50=-6.51 p05=-7.33 p95=-6.15
  [diag] sat-dist hist bins=60 sat<0.05=0.0% mean=0.574 p10=0.538 p90=0.581
Iter 0030360: train nll 0.129, valid error 100.000%, best valid error 100.000%, avg grad norm   0.082, avg grad norm (post clip)   0.000, rho_Whh  1.12, Omega  0.00, alpha  0.000, steps in the past 0.000, valid nll 0.097
  [diag] log10|dL/dh_t| hist bins=60 range=(-7.90,-3.84) mean=-6.44 p50=-6.46 p05=-7.33 p95=-6.15
  [diag] sat-dist hist bins=60 sat<0.05=0.0% mean=0.577 p10=0.538 p90=0.586
Iter 0030380: train nll 0.138, valid error 100.000%, best valid error 100.000%, avg grad norm   0.065, avg grad norm (post clip)   0.000, rho_Whh  1.12, Omega  0.00, alpha  0.000, steps in the past 0.000, valid nll 0.097
  [diag] log10|dL/dh_t| hist bins=60 range=(-7.93,-3.83) mean=-6.55 p50=-6.60 p05=-7.36 p95=-6.15
  [diag] sat-dist hist bins=60 sat<0.05=0.0% mean=0.567 p10=0.539 p90=0.574
Iter 0030400: train nll 0.118, valid error 100.000%, best valid error 100.000%, avg grad norm   0.076, avg grad norm (post clip)   0.000, rho_Whh  1.12, Omega  0.00, alpha  0.000, steps in the past 0.000, valid nll 0.097
  [diag] log10|dL/dh_t| hist bins=60 range=(-7.90,-3.84) mean=-6.42 p50=-6.44 p05=-7.32 p95=-6.15
  [diag] sat-dist hist bins=60 sat<0.05=0.0% mean=0.579 p10=0.538 p90=0.588
Iter 0030420: train nll 0.128, valid error 100.000%, best valid error 100.000%, avg grad norm   0.059, avg grad norm (post clip)   0.000, rho_Whh  1.12, Omega  0.00, alpha  0.000, steps in the past 0.000, valid nll 0.097
  [diag] log10|dL/dh_t| hist bins=60 range=(-7.93,-3.83) mean=-6.53 p50=-6.57 p05=-7.35 p95=-6.15
  [diag] sat-dist hist bins=60 sat<0.05=0.0% mean=0.569 p10=0.540 p90=0.576
Iter 0030440: train nll 0.126, valid error 100.000%, best valid error 100.000%, avg grad norm   0.080, avg grad norm (post clip)   0.000, rho_Whh  1.12, Omega  0.00, alpha  0.000, steps in the past 0.000, valid nll 0.097
  [diag] log10|dL/dh_t| hist bins=60 range=(-7.91,-3.84) mean=-6.46 p50=-6.48 p05=-7.33 p95=-6.15
  [diag] sat-dist hist bins=60 sat<0.05=0.0% mean=0.576 p10=0.537 p90=0.584
Iter 0030460: train nll 0.119, valid error 100.000%, best valid error 100.000%, avg grad norm   0.056, avg grad norm (post clip)   0.000, rho_Whh  1.12, Omega  0.00, alpha  0.000, steps in the past 0.000, valid nll 0.097
  [diag] log10|dL/dh_t| hist bins=60 range=(-7.88,-3.84) mean=-6.31 p50=-6.29 p05=-7.30 p95=-6.15
  [diag] sat-dist hist bins=60 sat<0.05=0.0% mean=0.589 p10=0.541 p90=0.601
Iter 0030480: train nll 0.130, valid error 100.000%, best valid error 100.000%, avg grad norm   0.067, avg grad norm (post clip)   0.000, rho_Whh  1.12, Omega  0.00, alpha  0.000, steps in the past 0.000, valid nll 0.097
  [diag] log10|dL/dh_t| hist bins=60 range=(-7.91,-3.84) mean=-6.47 p50=-6.50 p05=-7.33 p95=-6.15
  [diag] sat-dist hist bins=60 sat<0.05=0.0% mean=0.575 p10=0.537 p90=0.583
Iter 0030500: train nll 0.124, valid error 100.000%, best valid error 100.000%, avg grad norm   0.056, avg grad norm (post clip)   0.000, rho_Whh  1.12, Omega  0.00, alpha  0.000, steps in the past 0.000, valid nll 0.097
  [diag] log10|dL/dh_t| hist bins=60 range=(-7.88,-3.84) mean=-6.28 p50=-6.25 p05=-7.29 p95=-6.15
  [diag] sat-dist hist bins=60 sat<0.05=0.0% mean=0.591 p10=0.541 p90=0.605
Iter 0030520: train nll 0.133, valid error 100.000%, best valid error 100.000%, avg grad norm   0.071, avg grad norm (post clip)   0.000, rho_Whh  1.12, Omega  0.00, alpha  0.000, steps in the past 0.000, valid nll 0.097
  [diag] log10|dL/dh_t| hist bins=60 range=(-7.93,-3.83) mean=-6.53 p50=-6.57 p05=-7.35 p95=-6.15
  [diag] sat-dist hist bins=60 sat<0.05=0.0% mean=0.569 p10=0.540 p90=0.576
Iter 0030540: train nll 0.134, valid error 100.000%, best valid error 100.000%, avg grad norm   0.084, avg grad norm (post clip)   0.000, rho_Whh  1.12, Omega  0.00, alpha  0.000, steps in the past 0.000, valid nll 0.097
  [diag] log10|dL/dh_t| hist bins=60 range=(-7.89,-3.84) mean=-6.37 p50=-6.37 p05=-7.31 p95=-6.15
  [diag] sat-dist hist bins=60 sat<0.05=0.0% mean=0.584 p10=0.539 p90=0.594
Iter 0030560: train nll 0.133, valid error 100.000%, best valid error 100.000%, avg grad norm   0.088, avg grad norm (post clip)   0.000, rho_Whh  1.12, Omega  0.00, alpha  0.000, steps in the past 0.000, valid nll 0.097
  [diag] log10|dL/dh_t| hist bins=60 range=(-7.89,-3.84) mean=-6.33 p50=-6.32 p05=-7.31 p95=-6.15
  [diag] sat-dist hist bins=60 sat<0.05=0.0% mean=0.587 p10=0.540 p90=0.599
Iter 0030580: train nll 0.113, valid error 100.000%, best valid error 100.000%, avg grad norm   0.042, avg grad norm (post clip)   0.000, rho_Whh  1.12, Omega  0.00, alpha  0.000, steps in the past 0.000, valid nll 0.097
  [diag] log10|dL/dh_t| hist bins=60 range=(-7.94,-3.83) mean=-6.57 p50=-6.62 p05=-7.37 p95=-6.16
  [diag] sat-dist hist bins=60 sat<0.05=0.0% mean=0.566 p10=0.538 p90=0.572
Iter 0030600: train nll 0.125, valid error 100.000%, best valid error 100.000%, avg grad norm   0.089, avg grad norm (post clip)   0.000, rho_Whh  1.12, Omega  0.00, alpha  0.000, steps in the past 0.000, valid nll 0.097
  [diag] log10|dL/dh_t| hist bins=60 range=(-7.93,-3.83) mean=-6.51 p50=-6.55 p05=-7.35 p95=-6.16
  [diag] sat-dist hist bins=60 sat<0.05=0.0% mean=0.571 p10=0.539 p90=0.578
Iter 0030620: train nll 0.113, valid error 100.000%, best valid error 100.000%, avg grad norm   0.046, avg grad norm (post clip)   0.000, rho_Whh  1.12, Omega  0.00, alpha  0.000, steps in the past 0.000, valid nll 0.097
  [diag] log10|dL/dh_t| hist bins=60 range=(-7.94,-3.83) mean=-6.55 p50=-6.59 p05=-7.36 p95=-6.16
  [diag] sat-dist hist bins=60 sat<0.05=0.0% mean=0.568 p10=0.538 p90=0.575
Iter 0030640: train nll 0.123, valid error 100.000%, best valid error 100.000%, avg grad norm   0.069, avg grad norm (post clip)   0.000, rho_Whh  1.12, Omega  0.00, alpha  0.000, steps in the past 0.000, valid nll 0.097
  [diag] log10|dL/dh_t| hist bins=60 range=(-7.93,-3.83) mean=-6.51 p50=-6.54 p05=-7.35 p95=-6.16
  [diag] sat-dist hist bins=60 sat<0.05=0.0% mean=0.571 p10=0.538 p90=0.579
Iter 0030660: train nll 0.142, valid error 100.000%, best valid error 100.000%, avg grad norm   0.086, avg grad norm (post clip)   0.000, rho_Whh  1.12, Omega  0.00, alpha  0.000, steps in the past 0.000, valid nll 0.097
  [diag] log10|dL/dh_t| hist bins=60 range=(-7.90,-3.84) mean=-6.34 p50=-6.33 p05=-7.32 p95=-6.16
  [diag] sat-dist hist bins=60 sat<0.05=0.0% mean=0.586 p10=0.539 p90=0.598
Iter 0030680: train nll 0.132, valid error 100.000%, best valid error 100.000%, avg grad norm   0.067, avg grad norm (post clip)   0.000, rho_Whh  1.12, Omega  0.00, alpha  0.000, steps in the past 0.000, valid nll 0.097
  [diag] log10|dL/dh_t| hist bins=60 range=(-7.90,-3.84) mean=-6.37 p50=-6.37 p05=-7.32 p95=-6.16
  [diag] sat-dist hist bins=60 sat<0.05=0.0% mean=0.584 p10=0.538 p90=0.595
Iter 0030700: train nll 0.152, valid error 100.000%, best valid error 100.000%, avg grad norm   0.089, avg grad norm (post clip)   0.000, rho_Whh  1.12, Omega  0.00, alpha  0.000, steps in the past 0.000, valid nll 0.097
  [diag] log10|dL/dh_t| hist bins=60 range=(-7.92,-3.84) mean=-6.46 p50=-6.48 p05=-7.34 p95=-6.16
  [diag] sat-dist hist bins=60 sat<0.05=0.0% mean=0.576 p10=0.536 p90=0.584
Iter 0030720: train nll 0.125, valid error 100.000%, best valid error 100.000%, avg grad norm   0.057, avg grad norm (post clip)   0.000, rho_Whh  1.12, Omega  0.00, alpha  0.000, steps in the past 0.000, valid nll 0.097
  [diag] log10|dL/dh_t| hist bins=60 range=(-7.92,-3.84) mean=-6.45 p50=-6.48 p05=-7.34 p95=-6.16
  [diag] sat-dist hist bins=60 sat<0.05=0.0% mean=0.576 p10=0.536 p90=0.585
Iter 0030740: train nll 0.127, valid error 100.000%, best valid error 100.000%, avg grad norm   0.063, avg grad norm (post clip)   0.000, rho_Whh  1.12, Omega  0.00, alpha  0.000, steps in the past 0.000, valid nll 0.097
  [diag] log10|dL/dh_t| hist bins=60 range=(-7.91,-3.84) mean=-6.36 p50=-6.36 p05=-7.33 p95=-6.16
  [diag] sat-dist hist bins=60 sat<0.05=0.0% mean=0.584 p10=0.538 p90=0.595
Iter 0030760: train nll 0.131, valid error 100.000%, best valid error 100.000%, avg grad norm   0.067, avg grad norm (post clip)   0.000, rho_Whh  1.12, Omega  0.00, alpha  0.000, steps in the past 0.000, valid nll 0.097
  [diag] log10|dL/dh_t| hist bins=60 range=(-7.94,-3.83) mean=-6.51 p50=-6.54 p05=-7.36 p95=-6.16
  [diag] sat-dist hist bins=60 sat<0.05=0.0% mean=0.571 p10=0.538 p90=0.579
Iter 0030780: train nll 0.117, valid error 100.000%, best valid error 100.000%, avg grad norm   0.056, avg grad norm (post clip)   0.000, rho_Whh  1.12, Omega  0.00, alpha  0.000, steps in the past 0.000, valid nll 0.097
  [diag] log10|dL/dh_t| hist bins=60 range=(-7.95,-3.83) mean=-6.54 p50=-6.57 p05=-7.37 p95=-6.16
  [diag] sat-dist hist bins=60 sat<0.05=0.0% mean=0.569 p10=0.538 p90=0.576
Iter 0030800: train nll 0.119, valid error 100.000%, best valid error 100.000%, avg grad norm   0.061, avg grad norm (post clip)   0.000, rho_Whh  1.12, Omega  0.00, alpha  0.000, steps in the past 0.000, valid nll 0.097
  [diag] log10|dL/dh_t| hist bins=60 range=(-10.03,-3.09) mean=-9.65 p50=-10.03 p05=-10.03 p95=-6.76
  [diag] sat-dist hist bins=60 sat<0.05=0.0% mean=0.338 p10=0.331 p90=0.331
Iter 0030820: train nll 0.272, valid error 100.000%, best valid error 100.000%, avg grad norm   3.475, avg grad norm (post clip)   0.000, rho_Whh  1.68, Omega  0.00, alpha  0.000, steps in the past 0.000, valid nll 1.029
  [diag] log10|dL/dh_t| hist bins=60 range=(-9.57,-3.10) mean=-9.20 p50=-9.55 p05=-9.55 p95=-6.53
  [diag] sat-dist hist bins=60 sat<0.05=0.0% mean=0.383 p10=0.377 p90=0.377
Iter 0030840: train nll 1.187, valid error 100.000%, best valid error 100.000%, avg grad norm   0.701, avg grad norm (post clip)   0.000, rho_Whh  1.62, Omega  0.00, alpha  0.000, steps in the past 0.000, valid nll 0.947
  [diag] log10|dL/dh_t| hist bins=60 range=(-8.92,-3.11) mean=-8.48 p50=-8.78 p05=-8.78 p95=-6.28
  [diag] sat-dist hist bins=60 sat<0.05=0.0% mean=0.433 p10=0.427 p90=0.427
Iter 0030860: train nll 1.150, valid error 100.000%, best valid error 100.000%, avg grad norm   0.849, avg grad norm (post clip)   0.000, rho_Whh  1.53, Omega  0.00, alpha  0.000, steps in the past 0.000, valid nll 0.834
  [diag] log10|dL/dh_t| hist bins=60 range=(-8.10,-3.12) mean=-7.64 p50=-7.90 p05=-7.90 p95=-6.01
  [diag] sat-dist hist bins=60 sat<0.05=0.0% mean=0.472 p10=0.466 p90=0.466
Iter 0030880: train nll 0.944, valid error 100.000%, best valid error 100.000%, avg grad norm   0.905, avg grad norm (post clip)   0.000, rho_Whh  1.41, Omega  0.00, alpha  0.000, steps in the past 0.000, valid nll 0.699
  [diag] log10|dL/dh_t| hist bins=60 range=(-6.93,-3.12) mean=-6.42 p50=-6.61 p05=-6.61 p95=-5.68
  [diag] sat-dist hist bins=60 sat<0.05=0.0% mean=0.537 p10=0.530 p90=0.530
Iter 0030900: train nll 0.858, valid error 100.000%, best valid error 100.000%, avg grad norm   1.186, avg grad norm (post clip)   0.000, rho_Whh  1.20, Omega  0.00, alpha  0.000, steps in the past 0.000, valid nll 0.499
  [diag] log10|dL/dh_t| hist bins=60 range=(-5.50,-3.13) mean=-4.69 p50=-4.75 p05=-4.75 p95=-3.98
  [diag] sat-dist hist bins=60 sat<0.05=0.0% mean=0.624 p10=0.618 p90=0.618
Iter 0030920: train nll 0.546, valid error 100.000%, best valid error 100.000%, avg grad norm   1.446, avg grad norm (post clip)   0.000, rho_Whh  0.97, Omega  0.00, alpha  0.000, steps in the past 0.000, valid nll 0.222
  [diag] log10|dL/dh_t| hist bins=60 range=(-5.64,-3.79) mean=-4.99 p50=-5.04 p05=-5.06 p95=-4.46
  [diag] sat-dist hist bins=60 sat<0.05=0.0% mean=0.608 p10=0.601 p90=0.601
Iter 0030940: train nll 0.160, valid error 100.000%, best valid error 100.000%, avg grad norm   0.723, avg grad norm (post clip)   0.000, rho_Whh  0.99, Omega  0.00, alpha  0.000, steps in the past 0.000, valid nll 0.111
  [diag] log10|dL/dh_t| hist bins=60 range=(-5.77,-3.84) mean=-5.17 p50=-5.23 p05=-5.25 p95=-4.71
  [diag] sat-dist hist bins=60 sat<0.05=0.0% mean=0.599 p10=0.592 p90=0.592
Iter 0030960: train nll 0.137, valid error 100.000%, best valid error 100.000%, avg grad norm   0.187, avg grad norm (post clip)   0.000, rho_Whh  1.10, Omega  0.00, alpha  0.000, steps in the past 0.000, valid nll 0.106
  [diag] log10|dL/dh_t| hist bins=60 range=(-5.88,-3.84) mean=-5.27 p50=-5.34 p05=-5.36 p95=-4.84
  [diag] sat-dist hist bins=60 sat<0.05=0.0% mean=0.594 p10=0.587 p90=0.587
Iter 0030980: train nll 0.142, valid error 100.000%, best valid error 100.000%, avg grad norm   0.118, avg grad norm (post clip)   0.000, rho_Whh  1.15, Omega  0.00, alpha  0.000, steps in the past 0.000, valid nll 0.104
  [diag] log10|dL/dh_t| hist bins=60 range=(-5.96,-3.84) mean=-5.35 p50=-5.42 p05=-5.44 p95=-4.94
  [diag] sat-dist hist bins=60 sat<0.05=0.0% mean=0.590 p10=0.583 p90=0.583
Iter 0031000: train nll 0.129, valid error 100.000%, best valid error 100.000%, avg grad norm   0.086, avg grad norm (post clip)   0.000, rho_Whh  1.18, Omega  0.00, alpha  0.000, steps in the past 0.000, valid nll 0.103
  [diag] log10|dL/dh_t| hist bins=60 range=(-6.01,-3.84) mean=-5.40 p50=-5.47 p05=-5.48 p95=-5.00
  [diag] sat-dist hist bins=60 sat<0.05=0.0% mean=0.588 p10=0.582 p90=0.582
Iter 0031020: train nll 0.137, valid error 100.000%, best valid error 100.000%, avg grad norm   0.078, avg grad norm (post clip)   0.000, rho_Whh  1.19, Omega  0.00, alpha  0.000, steps in the past 0.000, valid nll 0.102
  [diag] log10|dL/dh_t| hist bins=60 range=(-6.06,-3.84) mean=-5.44 p50=-5.51 p05=-5.53 p95=-5.05
  [diag] sat-dist hist bins=60 sat<0.05=0.0% mean=0.587 p10=0.580 p90=0.580
Iter 0031040: train nll 0.134, valid error 100.000%, best valid error 100.000%, avg grad norm   0.067, avg grad norm (post clip)   0.000, rho_Whh  1.20, Omega  0.00, alpha  0.000, steps in the past 0.000, valid nll 0.102
  [diag] log10|dL/dh_t| hist bins=60 range=(-6.08,-3.83) mean=-5.46 p50=-5.54 p05=-5.55 p95=-5.08
  [diag] sat-dist hist bins=60 sat<0.05=0.0% mean=0.586 p10=0.580 p90=0.580
Iter 0031060: train nll 0.143, valid error 100.000%, best valid error 100.000%, avg grad norm   0.067, avg grad norm (post clip)   0.000, rho_Whh  1.21, Omega  0.00, alpha  0.000, steps in the past 0.000, valid nll 0.101
  [diag] log10|dL/dh_t| hist bins=60 range=(-6.12,-3.83) mean=-5.49 p50=-5.57 p05=-5.59 p95=-5.12
  [diag] sat-dist hist bins=60 sat<0.05=0.0% mean=0.585 p10=0.579 p90=0.579
Iter 0031080: train nll 0.142, valid error 100.000%, best valid error 100.000%, avg grad norm   0.057, avg grad norm (post clip)   0.000, rho_Whh  1.22, Omega  0.00, alpha  0.000, steps in the past 0.000, valid nll 0.101
  [diag] log10|dL/dh_t| hist bins=60 range=(-6.16,-3.83) mean=-5.53 p50=-5.61 p05=-5.62 p95=-5.16
  [diag] sat-dist hist bins=60 sat<0.05=0.0% mean=0.584 p10=0.578 p90=0.578
Iter 0031100: train nll 0.125, valid error 100.000%, best valid error 100.000%, avg grad norm   0.047, avg grad norm (post clip)   0.000, rho_Whh  1.23, Omega  0.00, alpha  0.000, steps in the past 0.000, valid nll 0.101
  [diag] log10|dL/dh_t| hist bins=60 range=(-6.18,-3.83) mean=-5.54 p50=-5.62 p05=-5.64 p95=-5.18
  [diag] sat-dist hist bins=60 sat<0.05=0.0% mean=0.583 p10=0.578 p90=0.578
Iter 0031120: train nll 0.137, valid error 100.000%, best valid error 100.000%, avg grad norm   0.045, avg grad norm (post clip)   0.000, rho_Whh  1.23, Omega  0.00, alpha  0.000, steps in the past 0.000, valid nll 0.100
  [diag] log10|dL/dh_t| hist bins=60 range=(-6.21,-3.83) mean=-5.58 p50=-5.66 p05=-5.68 p95=-5.22
  [diag] sat-dist hist bins=60 sat<0.05=0.0% mean=0.581 p10=0.576 p90=0.576
Iter 0031140: train nll 0.128, valid error 100.000%, best valid error 100.000%, avg grad norm   0.045, avg grad norm (post clip)   0.000, rho_Whh  1.24, Omega  0.00, alpha  0.000, steps in the past 0.000, valid nll 0.100
  [diag] log10|dL/dh_t| hist bins=60 range=(-6.21,-3.83) mean=-5.57 p50=-5.66 p05=-5.67 p95=-5.22
  [diag] sat-dist hist bins=60 sat<0.05=0.0% mean=0.582 p10=0.577 p90=0.577
Iter 0031160: train nll 0.139, valid error 100.000%, best valid error 100.000%, avg grad norm   0.051, avg grad norm (post clip)   0.000, rho_Whh  1.24, Omega  0.00, alpha  0.000, steps in the past 0.000, valid nll 0.100
  [diag] log10|dL/dh_t| hist bins=60 range=(-6.24,-3.83) mean=-5.59 p50=-5.68 p05=-5.70 p95=-5.24
  [diag] sat-dist hist bins=60 sat<0.05=0.0% mean=0.581 p10=0.576 p90=0.576
Iter 0031180: train nll 0.134, valid error 100.000%, best valid error 100.000%, avg grad norm   0.045, avg grad norm (post clip)   0.000, rho_Whh  1.24, Omega  0.00, alpha  0.000, steps in the past 0.000, valid nll 0.100
  [diag] log10|dL/dh_t| hist bins=60 range=(-6.26,-3.83) mean=-5.62 p50=-5.70 p05=-5.72 p95=-5.27
  [diag] sat-dist hist bins=60 sat<0.05=0.0% mean=0.580 p10=0.575 p90=0.575
Iter 0031200: train nll 0.136, valid error 100.000%, best valid error 100.000%, avg grad norm   0.042, avg grad norm (post clip)   0.000, rho_Whh  1.24, Omega  0.00, alpha  0.000, steps in the past 0.000, valid nll 0.100
  [diag] log10|dL/dh_t| hist bins=60 range=(-6.27,-3.83) mean=-5.63 p50=-5.71 p05=-5.73 p95=-5.28
  [diag] sat-dist hist bins=60 sat<0.05=0.0% mean=0.580 p10=0.575 p90=0.575
Iter 0031220: train nll 0.139, valid error 100.000%, best valid error 100.000%, avg grad norm   0.039, avg grad norm (post clip)   0.000, rho_Whh  1.25, Omega  0.00, alpha  0.000, steps in the past 0.000, valid nll 0.100
  [diag] log10|dL/dh_t| hist bins=60 range=(-6.30,-3.83) mean=-5.65 p50=-5.74 p05=-5.76 p95=-5.31
  [diag] sat-dist hist bins=60 sat<0.05=0.0% mean=0.579 p10=0.574 p90=0.574
Iter 0031240: train nll 0.133, valid error 100.000%, best valid error 100.000%, avg grad norm   0.042, avg grad norm (post clip)   0.000, rho_Whh  1.25, Omega  0.00, alpha  0.000, steps in the past 0.000, valid nll 0.100
  [diag] log10|dL/dh_t| hist bins=60 range=(-6.31,-3.83) mean=-5.66 p50=-5.75 p05=-5.77 p95=-5.32
  [diag] sat-dist hist bins=60 sat<0.05=0.0% mean=0.579 p10=0.574 p90=0.574
Iter 0031260: train nll 0.131, valid error 100.000%, best valid error 100.000%, avg grad norm   0.039, avg grad norm (post clip)   0.000, rho_Whh  1.25, Omega  0.00, alpha  0.000, steps in the past 0.000, valid nll 0.100
  [diag] log10|dL/dh_t| hist bins=60 range=(-6.32,-3.83) mean=-5.67 p50=-5.76 p05=-5.78 p95=-5.34
  [diag] sat-dist hist bins=60 sat<0.05=0.0% mean=0.578 p10=0.573 p90=0.573
Iter 0031280: train nll 0.128, valid error 100.000%, best valid error 100.000%, avg grad norm   0.033, avg grad norm (post clip)   0.000, rho_Whh  1.25, Omega  0.00, alpha  0.000, steps in the past 0.000, valid nll 0.099
  [diag] log10|dL/dh_t| hist bins=60 range=(-6.35,-3.83) mean=-5.70 p50=-5.79 p05=-5.81 p95=-5.36
  [diag] sat-dist hist bins=60 sat<0.05=0.0% mean=0.577 p10=0.572 p90=0.572
Iter 0031300: train nll 0.109, valid error 100.000%, best valid error 100.000%, avg grad norm   0.031, avg grad norm (post clip)   0.000, rho_Whh  1.26, Omega  0.00, alpha  0.000, steps in the past 0.000, valid nll 0.099
  [diag] log10|dL/dh_t| hist bins=60 range=(-6.34,-3.83) mean=-5.69 p50=-5.77 p05=-5.80 p95=-5.35
  [diag] sat-dist hist bins=60 sat<0.05=0.0% mean=0.578 p10=0.573 p90=0.573
Iter 0031320: train nll 0.142, valid error 100.000%, best valid error 100.000%, avg grad norm   0.036, avg grad norm (post clip)   0.000, rho_Whh  1.25, Omega  0.00, alpha  0.000, steps in the past 0.000, valid nll 0.099
  [diag] log10|dL/dh_t| hist bins=60 range=(-6.36,-3.83) mean=-5.71 p50=-5.80 p05=-5.82 p95=-5.38
  [diag] sat-dist hist bins=60 sat<0.05=0.0% mean=0.577 p10=0.572 p90=0.572
Iter 0031340: train nll 0.128, valid error 100.000%, best valid error 100.000%, avg grad norm   0.034, avg grad norm (post clip)   0.000, rho_Whh  1.26, Omega  0.00, alpha  0.000, steps in the past 0.000, valid nll 0.099
  [diag] log10|dL/dh_t| hist bins=60 range=(-6.37,-3.83) mean=-5.71 p50=-5.80 p05=-5.82 p95=-5.38
  [diag] sat-dist hist bins=60 sat<0.05=0.0% mean=0.577 p10=0.573 p90=0.573
Iter 0031360: train nll 0.135, valid error 100.000%, best valid error 100.000%, avg grad norm   0.035, avg grad norm (post clip)   0.000, rho_Whh  1.26, Omega  0.00, alpha  0.000, steps in the past 0.000, valid nll 0.099
  [diag] log10|dL/dh_t| hist bins=60 range=(-6.38,-3.83) mean=-5.72 p50=-5.81 p05=-5.83 p95=-5.39
  [diag] sat-dist hist bins=60 sat<0.05=0.0% mean=0.577 p10=0.572 p90=0.572
Iter 0031380: train nll 0.136, valid error 100.000%, best valid error 100.000%, avg grad norm   0.039, avg grad norm (post clip)   0.000, rho_Whh  1.26, Omega  0.00, alpha  0.000, steps in the past 0.000, valid nll 0.099
  [diag] log10|dL/dh_t| hist bins=60 range=(-6.39,-3.83) mean=-5.73 p50=-5.82 p05=-5.84 p95=-5.40
  [diag] sat-dist hist bins=60 sat<0.05=0.0% mean=0.576 p10=0.572 p90=0.572
Iter 0031400: train nll 0.134, valid error 100.000%, best valid error 100.000%, avg grad norm   0.029, avg grad norm (post clip)   0.000, rho_Whh  1.26, Omega  0.00, alpha  0.000, steps in the past 0.000, valid nll 0.099
  [diag] log10|dL/dh_t| hist bins=60 range=(-6.39,-3.83) mean=-5.72 p50=-5.81 p05=-5.84 p95=-5.40
  [diag] sat-dist hist bins=60 sat<0.05=0.0% mean=0.577 p10=0.573 p90=0.573
Iter 0031420: train nll 0.149, valid error 100.000%, best valid error 100.000%, avg grad norm   0.040, avg grad norm (post clip)   0.000, rho_Whh  1.26, Omega  0.00, alpha  0.000, steps in the past 0.000, valid nll 0.099
  [diag] log10|dL/dh_t| hist bins=60 range=(-6.42,-3.83) mean=-5.75 p50=-5.84 p05=-5.87 p95=-5.43
  [diag] sat-dist hist bins=60 sat<0.05=0.0% mean=0.575 p10=0.571 p90=0.571
Iter 0031440: train nll 0.119, valid error 100.000%, best valid error 100.000%, avg grad norm   0.030, avg grad norm (post clip)   0.000, rho_Whh  1.26, Omega  0.00, alpha  0.000, steps in the past 0.000, valid nll 0.099
  [diag] log10|dL/dh_t| hist bins=60 range=(-6.45,-3.83) mean=-5.78 p50=-5.87 p05=-5.89 p95=-5.46
  [diag] sat-dist hist bins=60 sat<0.05=0.0% mean=0.573 p10=0.569 p90=0.569
Iter 0031460: train nll 0.112, valid error 100.000%, best valid error 100.000%, avg grad norm   0.029, avg grad norm (post clip)   0.000, rho_Whh  1.27, Omega  0.00, alpha  0.000, steps in the past 0.000, valid nll 0.099
  [diag] log10|dL/dh_t| hist bins=60 range=(-6.45,-3.83) mean=-5.78 p50=-5.88 p05=-5.90 p95=-5.47
  [diag] sat-dist hist bins=60 sat<0.05=0.0% mean=0.573 p10=0.569 p90=0.569
Iter 0031480: train nll 0.113, valid error 100.000%, best valid error 100.000%, avg grad norm   0.029, avg grad norm (post clip)   0.000, rho_Whh  1.27, Omega  0.00, alpha  0.000, steps in the past 0.000, valid nll 0.099
  [diag] log10|dL/dh_t| hist bins=60 range=(-6.46,-3.83) mean=-5.79 p50=-5.88 p05=-5.91 p95=-5.47
  [diag] sat-dist hist bins=60 sat<0.05=0.0% mean=0.573 p10=0.569 p90=0.569
Iter 0031500: train nll 0.124, valid error 100.000%, best valid error 100.000%, avg grad norm   0.029, avg grad norm (post clip)   0.000, rho_Whh  1.27, Omega  0.00, alpha  0.000, steps in the past 0.000, valid nll 0.099
  [diag] log10|dL/dh_t| hist bins=60 range=(-6.47,-3.83) mean=-5.79 p50=-5.89 p05=-5.91 p95=-5.48
  [diag] sat-dist hist bins=60 sat<0.05=0.0% mean=0.573 p10=0.569 p90=0.569
Iter 0031520: train nll 0.111, valid error 100.000%, best valid error 100.000%, avg grad norm   0.028, avg grad norm (post clip)   0.000, rho_Whh  1.27, Omega  0.00, alpha  0.000, steps in the past 0.000, valid nll 0.099
  [diag] log10|dL/dh_t| hist bins=60 range=(-6.48,-3.83) mean=-5.80 p50=-5.90 p05=-5.92 p95=-5.49
  [diag] sat-dist hist bins=60 sat<0.05=0.0% mean=0.572 p10=0.568 p90=0.568
Iter 0031540: train nll 0.119, valid error 100.000%, best valid error 100.000%, avg grad norm   0.027, avg grad norm (post clip)   0.000, rho_Whh  1.27, Omega  0.00, alpha  0.000, steps in the past 0.000, valid nll 0.099
  [diag] log10|dL/dh_t| hist bins=60 range=(-6.48,-3.83) mean=-5.80 p50=-5.90 p05=-5.92 p95=-5.49
  [diag] sat-dist hist bins=60 sat<0.05=0.0% mean=0.573 p10=0.569 p90=0.569
Iter 0031560: train nll 0.120, valid error 100.000%, best valid error 100.000%, avg grad norm   0.029, avg grad norm (post clip)   0.000, rho_Whh  1.27, Omega  0.00, alpha  0.000, steps in the past 0.000, valid nll 0.099
  [diag] log10|dL/dh_t| hist bins=60 range=(-6.49,-3.83) mean=-5.81 p50=-5.90 p05=-5.93 p95=-5.50
  [diag] sat-dist hist bins=60 sat<0.05=0.0% mean=0.572 p10=0.569 p90=0.569
Iter 0031580: train nll 0.122, valid error 100.000%, best valid error 100.000%, avg grad norm   0.029, avg grad norm (post clip)   0.000, rho_Whh  1.27, Omega  0.00, alpha  0.000, steps in the past 0.000, valid nll 0.099
  [diag] log10|dL/dh_t| hist bins=60 range=(-6.49,-3.83) mean=-5.81 p50=-5.91 p05=-5.93 p95=-5.50
  [diag] sat-dist hist bins=60 sat<0.05=0.0% mean=0.572 p10=0.568 p90=0.568
Iter 0031600: train nll 0.125, valid error 100.000%, best valid error 100.000%, avg grad norm   0.030, avg grad norm (post clip)   0.000, rho_Whh  1.27, Omega  0.00, alpha  0.000, steps in the past 0.000, valid nll 0.099
  [diag] log10|dL/dh_t| hist bins=60 range=(-6.50,-3.83) mean=-5.82 p50=-5.91 p05=-5.94 p95=-5.51
  [diag] sat-dist hist bins=60 sat<0.05=0.0% mean=0.572 p10=0.568 p90=0.568
Iter 0031620: train nll 0.124, valid error 100.000%, best valid error 100.000%, avg grad norm   0.029, avg grad norm (post clip)   0.000, rho_Whh  1.27, Omega  0.00, alpha  0.000, steps in the past 0.000, valid nll 0.099
  [diag] log10|dL/dh_t| hist bins=60 range=(-6.50,-3.83) mean=-5.81 p50=-5.91 p05=-5.94 p95=-5.51
  [diag] sat-dist hist bins=60 sat<0.05=0.0% mean=0.573 p10=0.569 p90=0.569
Iter 0031640: train nll 0.125, valid error 100.000%, best valid error 100.000%, avg grad norm   0.029, avg grad norm (post clip)   0.000, rho_Whh  1.27, Omega  0.00, alpha  0.000, steps in the past 0.000, valid nll 0.099
  [diag] log10|dL/dh_t| hist bins=60 range=(-6.50,-3.83) mean=-5.81 p50=-5.90 p05=-5.94 p95=-5.50
  [diag] sat-dist hist bins=60 sat<0.05=0.0% mean=0.573 p10=0.570 p90=0.570
Iter 0031660: train nll 0.144, valid error 100.000%, best valid error 100.000%, avg grad norm   0.031, avg grad norm (post clip)   0.000, rho_Whh  1.27, Omega  0.00, alpha  0.000, steps in the past 0.000, valid nll 0.099
  [diag] log10|dL/dh_t| hist bins=60 range=(-6.53,-3.83) mean=-5.84 p50=-5.93 p05=-5.96 p95=-5.53
  [diag] sat-dist hist bins=60 sat<0.05=0.0% mean=0.571 p10=0.568 p90=0.568
Iter 0031680: train nll 0.115, valid error 100.000%, best valid error 100.000%, avg grad norm   0.029, avg grad norm (post clip)   0.000, rho_Whh  1.27, Omega  0.00, alpha  0.000, steps in the past 0.000, valid nll 0.099
  [diag] log10|dL/dh_t| hist bins=60 range=(-6.54,-3.82) mean=-5.85 p50=-5.94 p05=-5.97 p95=-5.54
  [diag] sat-dist hist bins=60 sat<0.05=0.0% mean=0.571 p10=0.567 p90=0.567
Iter 0031700: train nll 0.115, valid error 100.000%, best valid error 100.000%, avg grad norm   0.026, avg grad norm (post clip)   0.000, rho_Whh  1.27, Omega  0.00, alpha  0.000, steps in the past 0.000, valid nll 0.099
  [diag] log10|dL/dh_t| hist bins=60 range=(-6.54,-3.82) mean=-5.85 p50=-5.95 p05=-5.98 p95=-5.54
  [diag] sat-dist hist bins=60 sat<0.05=0.0% mean=0.571 p10=0.567 p90=0.567
Iter 0031720: train nll 0.112, valid error 100.000%, best valid error 100.000%, avg grad norm   0.027, avg grad norm (post clip)   0.000, rho_Whh  1.27, Omega  0.00, alpha  0.000, steps in the past 0.000, valid nll 0.098
  [diag] log10|dL/dh_t| hist bins=60 range=(-6.56,-3.82) mean=-5.86 p50=-5.96 p05=-5.99 p95=-5.54
  [diag] sat-dist hist bins=60 sat<0.05=0.0% mean=0.570 p10=0.566 p90=0.566
Iter 0031740: train nll 0.109, valid error 100.000%, best valid error 100.000%, avg grad norm   0.025, avg grad norm (post clip)   0.000, rho_Whh  1.28, Omega  0.00, alpha  0.000, steps in the past 0.000, valid nll 0.098
  [diag] log10|dL/dh_t| hist bins=60 range=(-6.55,-3.83) mean=-5.86 p50=-5.95 p05=-5.99 p95=-5.54
  [diag] sat-dist hist bins=60 sat<0.05=0.0% mean=0.571 p10=0.567 p90=0.567
Iter 0031760: train nll 0.131, valid error 100.000%, best valid error 100.000%, avg grad norm   0.027, avg grad norm (post clip)   0.000, rho_Whh  1.27, Omega  0.00, alpha  0.000, steps in the past 0.000, valid nll 0.098
  [diag] log10|dL/dh_t| hist bins=60 range=(-6.55,-3.83) mean=-5.85 p50=-5.95 p05=-5.99 p95=-5.54
  [diag] sat-dist hist bins=60 sat<0.05=0.0% mean=0.571 p10=0.568 p90=0.568
Iter 0031780: train nll 0.142, valid error 100.000%, best valid error 100.000%, avg grad norm   0.029, avg grad norm (post clip)   0.000, rho_Whh  1.27, Omega  0.00, alpha  0.000, steps in the past 0.000, valid nll 0.098
  [diag] log10|dL/dh_t| hist bins=60 range=(-6.55,-3.83) mean=-5.85 p50=-5.95 p05=-6.00 p95=-5.55
  [diag] sat-dist hist bins=60 sat<0.05=0.0% mean=0.572 p10=0.568 p90=0.568
Iter 0031800: train nll 0.138, valid error 100.000%, best valid error 100.000%, avg grad norm   0.031, avg grad norm (post clip)   0.000, rho_Whh  1.27, Omega  0.00, alpha  0.000, steps in the past 0.000, valid nll 0.098
  [diag] log10|dL/dh_t| hist bins=60 range=(-6.56,-3.83) mean=-5.86 p50=-5.96 p05=-6.01 p95=-5.55
  [diag] sat-dist hist bins=60 sat<0.05=0.0% mean=0.571 p10=0.568 p90=0.568
Iter 0031820: train nll 0.121, valid error 100.000%, best valid error 100.000%, avg grad norm   0.027, avg grad norm (post clip)   0.000, rho_Whh  1.27, Omega  0.00, alpha  0.000, steps in the past 0.000, valid nll 0.098
  [diag] log10|dL/dh_t| hist bins=60 range=(-6.56,-3.83) mean=-5.86 p50=-5.95 p05=-6.01 p95=-5.55
  [diag] sat-dist hist bins=60 sat<0.05=0.0% mean=0.571 p10=0.568 p90=0.568
Iter 0031840: train nll 0.138, valid error 100.000%, best valid error 100.000%, avg grad norm   0.030, avg grad norm (post clip)   0.000, rho_Whh  1.27, Omega  0.00, alpha  0.000, steps in the past 0.000, valid nll 0.098
  [diag] log10|dL/dh_t| hist bins=60 range=(-6.57,-3.83) mean=-5.86 p50=-5.95 p05=-6.01 p95=-5.55
  [diag] sat-dist hist bins=60 sat<0.05=0.0% mean=0.572 p10=0.568 p90=0.568
Iter 0031860: train nll 0.141, valid error 100.000%, best valid error 100.000%, avg grad norm   0.030, avg grad norm (post clip)   0.000, rho_Whh  1.27, Omega  0.00, alpha  0.000, steps in the past 0.000, valid nll 0.098
  [diag] log10|dL/dh_t| hist bins=60 range=(-6.58,-3.83) mean=-5.88 p50=-5.97 p05=-6.03 p95=-5.56
  [diag] sat-dist hist bins=60 sat<0.05=0.0% mean=0.571 p10=0.567 p90=0.568
Iter 0031880: train nll 0.121, valid error 100.000%, best valid error 100.000%, avg grad norm   0.028, avg grad norm (post clip)   0.000, rho_Whh  1.27, Omega  0.00, alpha  0.000, steps in the past 0.000, valid nll 0.098
  [diag] log10|dL/dh_t| hist bins=60 range=(-6.59,-3.83) mean=-5.89 p50=-5.98 p05=-6.04 p95=-5.56
  [diag] sat-dist hist bins=60 sat<0.05=0.0% mean=0.570 p10=0.567 p90=0.567
Iter 0031900: train nll 0.122, valid error 100.000%, best valid error 100.000%, avg grad norm   0.024, avg grad norm (post clip)   0.000, rho_Whh  1.28, Omega  0.00, alpha  0.000, steps in the past 0.000, valid nll 0.098
  [diag] log10|dL/dh_t| hist bins=60 range=(-6.59,-3.83) mean=-5.88 p50=-5.97 p05=-6.03 p95=-5.56
  [diag] sat-dist hist bins=60 sat<0.05=0.0% mean=0.571 p10=0.568 p90=0.568
Iter 0031920: train nll 0.140, valid error 100.000%, best valid error 100.000%, avg grad norm   0.030, avg grad norm (post clip)   0.000, rho_Whh  1.27, Omega  0.00, alpha  0.000, steps in the past 0.000, valid nll 0.098
  [diag] log10|dL/dh_t| hist bins=60 range=(-6.59,-3.83) mean=-5.88 p50=-5.98 p05=-6.04 p95=-5.56
  [diag] sat-dist hist bins=60 sat<0.05=0.0% mean=0.571 p10=0.568 p90=0.568
Iter 0031940: train nll 0.134, valid error 100.000%, best valid error 100.000%, avg grad norm   0.030, avg grad norm (post clip)   0.000, rho_Whh  1.27, Omega  0.00, alpha  0.000, steps in the past 0.000, valid nll 0.098
  [diag] log10|dL/dh_t| hist bins=60 range=(-6.61,-3.83) mean=-5.90 p50=-5.99 p05=-6.05 p95=-5.56
  [diag] sat-dist hist bins=60 sat<0.05=0.0% mean=0.570 p10=0.567 p90=0.567
Iter 0031960: train nll 0.122, valid error 100.000%, best valid error 100.000%, avg grad norm   0.029, avg grad norm (post clip)   0.000, rho_Whh  1.28, Omega  0.00, alpha  0.000, steps in the past 0.000, valid nll 0.098
  [diag] log10|dL/dh_t| hist bins=60 range=(-6.61,-3.83) mean=-5.89 p50=-5.98 p05=-6.04 p95=-5.57
  [diag] sat-dist hist bins=60 sat<0.05=0.0% mean=0.571 p10=0.568 p90=0.568
Iter 0031980: train nll 0.142, valid error 100.000%, best valid error 100.000%, avg grad norm   0.031, avg grad norm (post clip)   0.000, rho_Whh  1.28, Omega  0.00, alpha  0.000, steps in the past 0.000, valid nll 0.098
  [diag] log10|dL/dh_t| hist bins=60 range=(-6.62,-3.83) mean=-5.90 p50=-6.00 p05=-6.06 p95=-5.57
  [diag] sat-dist hist bins=60 sat<0.05=0.0% mean=0.570 p10=0.567 p90=0.567
Iter 0032000: train nll 0.130, valid error 100.000%, best valid error 100.000%, avg grad norm   0.029, avg grad norm (post clip)   0.000, rho_Whh  1.28, Omega  0.00, alpha  0.000, steps in the past 0.000, valid nll 0.098
  [diag] log10|dL/dh_t| hist bins=60 range=(-6.62,-3.83) mean=-5.90 p50=-6.00 p05=-6.06 p95=-5.57
  [diag] sat-dist hist bins=60 sat<0.05=0.0% mean=0.570 p10=0.567 p90=0.567
Iter 0032020: train nll 0.129, valid error 100.000%, best valid error 100.000%, avg grad norm   0.030, avg grad norm (post clip)   0.000, rho_Whh  1.28, Omega  0.00, alpha  0.000, steps in the past 0.000, valid nll 0.098
  [diag] log10|dL/dh_t| hist bins=60 range=(-6.62,-3.83) mean=-5.90 p50=-5.99 p05=-6.05 p95=-5.57
  [diag] sat-dist hist bins=60 sat<0.05=0.0% mean=0.571 p10=0.568 p90=0.568
Iter 0032040: train nll 0.143, valid error 100.000%, best valid error 100.000%, avg grad norm   0.026, avg grad norm (post clip)   0.000, rho_Whh  1.28, Omega  0.00, alpha  0.000, steps in the past 0.000, valid nll 0.098
  [diag] log10|dL/dh_t| hist bins=60 range=(-6.63,-3.83) mean=-5.91 p50=-6.00 p05=-6.07 p95=-5.57
  [diag] sat-dist hist bins=60 sat<0.05=0.0% mean=0.570 p10=0.567 p90=0.567
Iter 0032060: train nll 0.128, valid error 100.000%, best valid error 100.000%, avg grad norm   0.027, avg grad norm (post clip)   0.000, rho_Whh  1.28, Omega  0.00, alpha  0.000, steps in the past 0.000, valid nll 0.098
  [diag] log10|dL/dh_t| hist bins=60 range=(-6.63,-3.83) mean=-5.91 p50=-6.00 p05=-6.07 p95=-5.58
  [diag] sat-dist hist bins=60 sat<0.05=0.0% mean=0.570 p10=0.567 p90=0.567
Iter 0032080: train nll 0.133, valid error 100.000%, best valid error 100.000%, avg grad norm   0.028, avg grad norm (post clip)   0.000, rho_Whh  1.28, Omega  0.00, alpha  0.000, steps in the past 0.000, valid nll 0.098
  [diag] log10|dL/dh_t| hist bins=60 range=(-6.64,-3.83) mean=-5.91 p50=-6.01 p05=-6.07 p95=-5.58
  [diag] sat-dist hist bins=60 sat<0.05=0.0% mean=0.570 p10=0.567 p90=0.567
Iter 0032100: train nll 0.131, valid error 100.000%, best valid error 100.000%, avg grad norm   0.026, avg grad norm (post clip)   0.000, rho_Whh  1.28, Omega  0.00, alpha  0.000, steps in the past 0.000, valid nll 0.098
  [diag] log10|dL/dh_t| hist bins=60 range=(-6.64,-3.83) mean=-5.91 p50=-6.01 p05=-6.07 p95=-5.58
  [diag] sat-dist hist bins=60 sat<0.05=0.0% mean=0.570 p10=0.568 p90=0.568
Iter 0032120: train nll 0.137, valid error 100.000%, best valid error 100.000%, avg grad norm   0.030, avg grad norm (post clip)   0.000, rho_Whh  1.28, Omega  0.00, alpha  0.000, steps in the past 0.000, valid nll 0.098
  [diag] log10|dL/dh_t| hist bins=60 range=(-6.65,-3.83) mean=-5.92 p50=-6.02 p05=-6.09 p95=-5.58
  [diag] sat-dist hist bins=60 sat<0.05=0.0% mean=0.570 p10=0.567 p90=0.567
Iter 0032140: train nll 0.123, valid error 100.000%, best valid error 100.000%, avg grad norm   0.023, avg grad norm (post clip)   0.000, rho_Whh  1.28, Omega  0.00, alpha  0.000, steps in the past 0.000, valid nll 0.098
  [diag] log10|dL/dh_t| hist bins=60 range=(-6.67,-3.83) mean=-5.94 p50=-6.04 p05=-6.10 p95=-5.58
  [diag] sat-dist hist bins=60 sat<0.05=0.0% mean=0.569 p10=0.566 p90=0.566
Iter 0032160: train nll 0.109, valid error 100.000%, best valid error 100.000%, avg grad norm   0.025, avg grad norm (post clip)   0.000, rho_Whh  1.28, Omega  0.00, alpha  0.000, steps in the past 0.000, valid nll 0.098
  [diag] log10|dL/dh_t| hist bins=60 range=(-6.66,-3.83) mean=-5.93 p50=-6.02 p05=-6.09 p95=-5.59
  [diag] sat-dist hist bins=60 sat<0.05=0.0% mean=0.570 p10=0.567 p90=0.567
Iter 0032180: train nll 0.141, valid error 100.000%, best valid error 100.000%, avg grad norm   0.029, avg grad norm (post clip)   0.000, rho_Whh  1.28, Omega  0.00, alpha  0.000, steps in the past 0.000, valid nll 0.098
  [diag] log10|dL/dh_t| hist bins=60 range=(-6.67,-3.83) mean=-5.93 p50=-6.03 p05=-6.10 p95=-5.59
  [diag] sat-dist hist bins=60 sat<0.05=0.0% mean=0.570 p10=0.567 p90=0.567
Iter 0032200: train nll 0.128, valid error 100.000%, best valid error 100.000%, avg grad norm   0.028, avg grad norm (post clip)   0.000, rho_Whh  1.28, Omega  0.00, alpha  0.000, steps in the past 0.000, valid nll 0.098
  [diag] log10|dL/dh_t| hist bins=60 range=(-6.66,-3.83) mean=-5.92 p50=-6.02 p05=-6.09 p95=-5.59
  [diag] sat-dist hist bins=60 sat<0.05=0.0% mean=0.571 p10=0.568 p90=0.568
Iter 0032220: train nll 0.150, valid error 100.000%, best valid error 100.000%, avg grad norm   0.033, avg grad norm (post clip)   0.000, rho_Whh  1.28, Omega  0.00, alpha  0.000, steps in the past 0.000, valid nll 0.098
  [diag] log10|dL/dh_t| hist bins=60 range=(-6.67,-3.83) mean=-5.93 p50=-6.03 p05=-6.10 p95=-5.59
  [diag] sat-dist hist bins=60 sat<0.05=0.0% mean=0.570 p10=0.567 p90=0.568
Iter 0032240: train nll 0.128, valid error 100.000%, best valid error 100.000%, avg grad norm   0.026, avg grad norm (post clip)   0.000, rho_Whh  1.28, Omega  0.00, alpha  0.000, steps in the past 0.000, valid nll 0.098
  [diag] log10|dL/dh_t| hist bins=60 range=(-6.69,-3.83) mean=-5.95 p50=-6.04 p05=-6.11 p95=-5.59
  [diag] sat-dist hist bins=60 sat<0.05=0.0% mean=0.569 p10=0.567 p90=0.567
Iter 0032260: train nll 0.118, valid error 100.000%, best valid error 100.000%, avg grad norm   0.025, avg grad norm (post clip)   0.000, rho_Whh  1.28, Omega  0.00, alpha  0.000, steps in the past 0.000, valid nll 0.098
  [diag] log10|dL/dh_t| hist bins=60 range=(-6.69,-3.83) mean=-5.95 p50=-6.05 p05=-6.12 p95=-5.60
  [diag] sat-dist hist bins=60 sat<0.05=0.0% mean=0.569 p10=0.566 p90=0.566
Iter 0032280: train nll 0.125, valid error 100.000%, best valid error 100.000%, avg grad norm   0.025, avg grad norm (post clip)   0.000, rho_Whh  1.28, Omega  0.00, alpha  0.000, steps in the past 0.000, valid nll 0.098
  [diag] log10|dL/dh_t| hist bins=60 range=(-6.69,-3.83) mean=-5.95 p50=-6.04 p05=-6.11 p95=-5.60
  [diag] sat-dist hist bins=60 sat<0.05=0.0% mean=0.570 p10=0.567 p90=0.567
Iter 0032300: train nll 0.136, valid error 100.000%, best valid error 100.000%, avg grad norm   0.027, avg grad norm (post clip)   0.000, rho_Whh  1.28, Omega  0.00, alpha  0.000, steps in the past 0.000, valid nll 0.098
  [diag] log10|dL/dh_t| hist bins=60 range=(-6.70,-3.83) mean=-5.95 p50=-6.05 p05=-6.12 p95=-5.60
  [diag] sat-dist hist bins=60 sat<0.05=0.0% mean=0.569 p10=0.567 p90=0.567
Iter 0032320: train nll 0.131, valid error 100.000%, best valid error 100.000%, avg grad norm   0.028, avg grad norm (post clip)   0.000, rho_Whh  1.28, Omega  0.00, alpha  0.000, steps in the past 0.000, valid nll 0.098
  [diag] log10|dL/dh_t| hist bins=60 range=(-6.70,-3.83) mean=-5.95 p50=-6.05 p05=-6.12 p95=-5.60
  [diag] sat-dist hist bins=60 sat<0.05=0.0% mean=0.569 p10=0.567 p90=0.567
Iter 0032340: train nll 0.124, valid error 100.000%, best valid error 100.000%, avg grad norm   0.027, avg grad norm (post clip)   0.000, rho_Whh  1.28, Omega  0.00, alpha  0.000, steps in the past 0.000, valid nll 0.098
  [diag] log10|dL/dh_t| hist bins=60 range=(-6.71,-3.83) mean=-5.96 p50=-6.06 p05=-6.13 p95=-5.60
  [diag] sat-dist hist bins=60 sat<0.05=0.0% mean=0.569 p10=0.567 p90=0.567
Iter 0032360: train nll 0.125, valid error 100.000%, best valid error 100.000%, avg grad norm   0.026, avg grad norm (post clip)   0.000, rho_Whh  1.28, Omega  0.00, alpha  0.000, steps in the past 0.000, valid nll 0.098
  [diag] log10|dL/dh_t| hist bins=60 range=(-6.69,-3.83) mean=-5.94 p50=-6.03 p05=-6.11 p95=-5.60
  [diag] sat-dist hist bins=60 sat<0.05=0.0% mean=0.571 p10=0.569 p90=0.569
Iter 0032380: train nll 0.163, valid error 100.000%, best valid error 100.000%, avg grad norm   0.033, avg grad norm (post clip)   0.000, rho_Whh  1.28, Omega  0.00, alpha  0.000, steps in the past 0.000, valid nll 0.098
  [diag] log10|dL/dh_t| hist bins=60 range=(-6.70,-3.83) mean=-5.95 p50=-6.04 p05=-6.12 p95=-5.60
  [diag] sat-dist hist bins=60 sat<0.05=0.0% mean=0.570 p10=0.568 p90=0.568
Iter 0032400: train nll 0.138, valid error 100.000%, best valid error 100.000%, avg grad norm   0.026, avg grad norm (post clip)   0.000, rho_Whh  1.28, Omega  0.00, alpha  0.000, steps in the past 0.000, valid nll 0.098
  [diag] log10|dL/dh_t| hist bins=60 range=(-6.71,-3.83) mean=-5.95 p50=-6.05 p05=-6.13 p95=-5.61
  [diag] sat-dist hist bins=60 sat<0.05=0.0% mean=0.570 p10=0.568 p90=0.568
Iter 0032420: train nll 0.134, valid error 100.000%, best valid error 100.000%, avg grad norm   0.028, avg grad norm (post clip)   0.000, rho_Whh  1.28, Omega  0.00, alpha  0.000, steps in the past 0.000, valid nll 0.098
  [diag] log10|dL/dh_t| hist bins=60 range=(-6.72,-3.83) mean=-5.96 p50=-6.06 p05=-6.13 p95=-5.61
  [diag] sat-dist hist bins=60 sat<0.05=0.0% mean=0.570 p10=0.567 p90=0.568
Iter 0032440: train nll 0.128, valid error 100.000%, best valid error 100.000%, avg grad norm   0.025, avg grad norm (post clip)   0.000, rho_Whh  1.28, Omega  0.00, alpha  0.000, steps in the past 0.000, valid nll 0.098
  [diag] log10|dL/dh_t| hist bins=60 range=(-6.74,-3.83) mean=-5.98 p50=-6.08 p05=-6.15 p95=-5.61
  [diag] sat-dist hist bins=60 sat<0.05=0.0% mean=0.568 p10=0.566 p90=0.566
Iter 0032460: train nll 0.118, valid error 100.000%, best valid error 100.000%, avg grad norm   0.025, avg grad norm (post clip)   0.000, rho_Whh  1.28, Omega  0.00, alpha  0.000, steps in the past 0.000, valid nll 0.098
  [diag] log10|dL/dh_t| hist bins=60 range=(-6.73,-3.83) mean=-5.98 p50=-6.07 p05=-6.15 p95=-5.61
  [diag] sat-dist hist bins=60 sat<0.05=0.0% mean=0.569 p10=0.567 p90=0.567
Iter 0032480: train nll 0.131, valid error 100.000%, best valid error 100.000%, avg grad norm   0.025, avg grad norm (post clip)   0.000, rho_Whh  1.28, Omega  0.00, alpha  0.000, steps in the past 0.000, valid nll 0.098
  [diag] log10|dL/dh_t| hist bins=60 range=(-6.74,-3.83) mean=-5.98 p50=-6.08 p05=-6.15 p95=-5.61
  [diag] sat-dist hist bins=60 sat<0.05=0.0% mean=0.569 p10=0.567 p90=0.567
Iter 0032500: train nll 0.129, valid error 100.000%, best valid error 100.000%, avg grad norm   0.027, avg grad norm (post clip)   0.000, rho_Whh  1.28, Omega  0.00, alpha  0.000, steps in the past 0.000, valid nll 0.098
  [diag] log10|dL/dh_t| hist bins=60 range=(-6.75,-3.83) mean=-5.99 p50=-6.09 p05=-6.17 p95=-5.62
  [diag] sat-dist hist bins=60 sat<0.05=0.0% mean=0.568 p10=0.566 p90=0.566
Iter 0032520: train nll 0.114, valid error 100.000%, best valid error 100.000%, avg grad norm   0.023, avg grad norm (post clip)   0.000, rho_Whh  1.28, Omega  0.00, alpha  0.000, steps in the past 0.000, valid nll 0.098
  [diag] log10|dL/dh_t| hist bins=60 range=(-6.76,-3.83) mean=-6.00 p50=-6.09 p05=-6.17 p95=-5.62
  [diag] sat-dist hist bins=60 sat<0.05=0.0% mean=0.568 p10=0.566 p90=0.566
Iter 0032540: train nll 0.116, valid error 100.000%, best valid error 100.000%, avg grad norm   0.024, avg grad norm (post clip)   0.000, rho_Whh  1.28, Omega  0.00, alpha  0.000, steps in the past 0.000, valid nll 0.098
  [diag] log10|dL/dh_t| hist bins=60 range=(-6.76,-3.83) mean=-5.99 p50=-6.09 p05=-6.17 p95=-5.62
  [diag] sat-dist hist bins=60 sat<0.05=0.0% mean=0.568 p10=0.566 p90=0.566
Iter 0032560: train nll 0.130, valid error 100.000%, best valid error 100.000%, avg grad norm   0.025, avg grad norm (post clip)   0.000, rho_Whh  1.28, Omega  0.00, alpha  0.000, steps in the past 0.000, valid nll 0.098
  [diag] log10|dL/dh_t| hist bins=60 range=(-6.76,-3.83) mean=-5.99 p50=-6.09 p05=-6.17 p95=-5.62
  [diag] sat-dist hist bins=60 sat<0.05=0.0% mean=0.568 p10=0.566 p90=0.566
Iter 0032580: train nll 0.126, valid error 100.000%, best valid error 100.000%, avg grad norm   0.026, avg grad norm (post clip)   0.000, rho_Whh  1.28, Omega  0.00, alpha  0.000, steps in the past 0.000, valid nll 0.098
  [diag] log10|dL/dh_t| hist bins=60 range=(-6.77,-3.83) mean=-6.01 p50=-6.10 p05=-6.18 p95=-5.62
  [diag] sat-dist hist bins=60 sat<0.05=0.0% mean=0.568 p10=0.565 p90=0.566
Iter 0032600: train nll 0.110, valid error 100.000%, best valid error 100.000%, avg grad norm   0.023, avg grad norm (post clip)   0.000, rho_Whh  1.28, Omega  0.00, alpha  0.000, steps in the past 0.000, valid nll 0.098
  [diag] log10|dL/dh_t| hist bins=60 range=(-6.76,-3.83) mean=-5.99 p50=-6.09 p05=-6.17 p95=-5.62
  [diag] sat-dist hist bins=60 sat<0.05=0.0% mean=0.569 p10=0.567 p90=0.567
Iter 0032620: train nll 0.139, valid error 100.000%, best valid error 100.000%, avg grad norm   0.028, avg grad norm (post clip)   0.000, rho_Whh  1.28, Omega  0.00, alpha  0.000, steps in the past 0.000, valid nll 0.098
  [diag] log10|dL/dh_t| hist bins=60 range=(-6.78,-3.83) mean=-6.01 p50=-6.10 p05=-6.19 p95=-5.63
  [diag] sat-dist hist bins=60 sat<0.05=0.0% mean=0.568 p10=0.566 p90=0.566
Iter 0032640: train nll 0.107, valid error 100.000%, best valid error 100.000%, avg grad norm   0.022, avg grad norm (post clip)   0.000, rho_Whh  1.28, Omega  0.00, alpha  0.000, steps in the past 0.000, valid nll 0.098
  [diag] log10|dL/dh_t| hist bins=60 range=(-6.79,-3.83) mean=-6.02 p50=-6.12 p05=-6.20 p95=-5.63
  [diag] sat-dist hist bins=60 sat<0.05=0.0% mean=0.567 p10=0.565 p90=0.565
Iter 0032660: train nll 0.113, valid error 100.000%, best valid error 100.000%, avg grad norm   0.021, avg grad norm (post clip)   0.000, rho_Whh  1.29, Omega  0.00, alpha  0.000, steps in the past 0.000, valid nll 0.098
  [diag] log10|dL/dh_t| hist bins=60 range=(-6.78,-3.83) mean=-6.02 p50=-6.11 p05=-6.20 p95=-5.63
  [diag] sat-dist hist bins=60 sat<0.05=0.0% mean=0.568 p10=0.565 p90=0.566
Iter 0032680: train nll 0.119, valid error 100.000%, best valid error 100.000%, avg grad norm   0.025, avg grad norm (post clip)   0.000, rho_Whh  1.28, Omega  0.00, alpha  0.000, steps in the past 0.000, valid nll 0.098
  [diag] log10|dL/dh_t| hist bins=60 range=(-6.78,-3.83) mean=-6.01 p50=-6.11 p05=-6.19 p95=-5.63
  [diag] sat-dist hist bins=60 sat<0.05=0.0% mean=0.568 p10=0.566 p90=0.566
Iter 0032700: train nll 0.128, valid error 100.000%, best valid error 100.000%, avg grad norm   0.027, avg grad norm (post clip)   0.000, rho_Whh  1.28, Omega  0.00, alpha  0.000, steps in the past 0.000, valid nll 0.098
  [diag] log10|dL/dh_t| hist bins=60 range=(-6.79,-3.83) mean=-6.02 p50=-6.12 p05=-6.20 p95=-5.63
  [diag] sat-dist hist bins=60 sat<0.05=0.0% mean=0.568 p10=0.565 p90=0.566
Iter 0032720: train nll 0.117, valid error 100.000%, best valid error 100.000%, avg grad norm   0.025, avg grad norm (post clip)   0.000, rho_Whh  1.28, Omega  0.00, alpha  0.000, steps in the past 0.000, valid nll 0.098
  [diag] log10|dL/dh_t| hist bins=60 range=(-6.79,-3.83) mean=-6.01 p50=-6.11 p05=-6.20 p95=-5.63
  [diag] sat-dist hist bins=60 sat<0.05=0.0% mean=0.568 p10=0.566 p90=0.566
Iter 0032740: train nll 0.125, valid error 100.000%, best valid error 100.000%, avg grad norm   0.025, avg grad norm (post clip)   0.000, rho_Whh  1.28, Omega  0.00, alpha  0.000, steps in the past 0.000, valid nll 0.098
  [diag] log10|dL/dh_t| hist bins=60 range=(-6.79,-3.83) mean=-6.01 p50=-6.11 p05=-6.19 p95=-5.63
  [diag] sat-dist hist bins=60 sat<0.05=0.0% mean=0.569 p10=0.567 p90=0.567
Iter 0032760: train nll 0.132, valid error 100.000%, best valid error 100.000%, avg grad norm   0.025, avg grad norm (post clip)   0.000, rho_Whh  1.28, Omega  0.00, alpha  0.000, steps in the past 0.000, valid nll 0.098
  [diag] log10|dL/dh_t| hist bins=60 range=(-6.80,-3.83) mean=-6.02 p50=-6.12 p05=-6.20 p95=-5.64
  [diag] sat-dist hist bins=60 sat<0.05=0.0% mean=0.568 p10=0.566 p90=0.566
Iter 0032780: train nll 0.116, valid error 100.000%, best valid error 100.000%, avg grad norm   0.023, avg grad norm (post clip)   0.000, rho_Whh  1.28, Omega  0.00, alpha  0.000, steps in the past 0.000, valid nll 0.098
  [diag] log10|dL/dh_t| hist bins=60 range=(-6.80,-3.83) mean=-6.02 p50=-6.12 p05=-6.21 p95=-5.64
  [diag] sat-dist hist bins=60 sat<0.05=0.0% mean=0.568 p10=0.566 p90=0.566
Iter 0032800: train nll 0.124, valid error 100.000%, best valid error 100.000%, avg grad norm   0.025, avg grad norm (post clip)   0.000, rho_Whh  1.28, Omega  0.00, alpha  0.000, steps in the past 0.000, valid nll 0.098
  [diag] log10|dL/dh_t| hist bins=60 range=(-6.80,-3.83) mean=-6.02 p50=-6.12 p05=-6.21 p95=-5.64
  [diag] sat-dist hist bins=60 sat<0.05=0.0% mean=0.568 p10=0.566 p90=0.567
Iter 0032820: train nll 0.126, valid error 100.000%, best valid error 100.000%, avg grad norm   0.025, avg grad norm (post clip)   0.000, rho_Whh  1.28, Omega  0.00, alpha  0.000, steps in the past 0.000, valid nll 0.098
  [diag] log10|dL/dh_t| hist bins=60 range=(-6.79,-3.83) mean=-6.01 p50=-6.10 p05=-6.20 p95=-5.64
  [diag] sat-dist hist bins=60 sat<0.05=0.0% mean=0.569 p10=0.567 p90=0.568
Iter 0032840: train nll 0.137, valid error 100.000%, best valid error 100.000%, avg grad norm   0.027, avg grad norm (post clip)   0.000, rho_Whh  1.28, Omega  0.00, alpha  0.000, steps in the past 0.000, valid nll 0.098
  [diag] log10|dL/dh_t| hist bins=60 range=(-6.82,-3.83) mean=-6.03 p50=-6.13 p05=-6.22 p95=-5.64
  [diag] sat-dist hist bins=60 sat<0.05=0.0% mean=0.568 p10=0.566 p90=0.566
Iter 0032860: train nll 0.111, valid error 100.000%, best valid error 100.000%, avg grad norm   0.025, avg grad norm (post clip)   0.000, rho_Whh  1.28, Omega  0.00, alpha  0.000, steps in the past 0.000, valid nll 0.098
  [diag] log10|dL/dh_t| hist bins=60 range=(-6.81,-3.83) mean=-6.02 p50=-6.12 p05=-6.21 p95=-5.64
  [diag] sat-dist hist bins=60 sat<0.05=0.0% mean=0.569 p10=0.567 p90=0.567
Iter 0032880: train nll 0.131, valid error 100.000%, best valid error 100.000%, avg grad norm   0.028, avg grad norm (post clip)   0.000, rho_Whh  1.28, Omega  0.00, alpha  0.000, steps in the past 0.000, valid nll 0.098
  [diag] log10|dL/dh_t| hist bins=60 range=(-6.82,-3.83) mean=-6.04 p50=-6.13 p05=-6.22 p95=-5.64
  [diag] sat-dist hist bins=60 sat<0.05=0.0% mean=0.568 p10=0.566 p90=0.566
Iter 0032900: train nll 0.113, valid error 100.000%, best valid error 100.000%, avg grad norm   0.022, avg grad norm (post clip)   0.000, rho_Whh  1.28, Omega  0.00, alpha  0.000, steps in the past 0.000, valid nll 0.098
  [diag] log10|dL/dh_t| hist bins=60 range=(-6.83,-3.83) mean=-6.04 p50=-6.14 p05=-6.23 p95=-5.65
  [diag] sat-dist hist bins=60 sat<0.05=0.0% mean=0.568 p10=0.566 p90=0.566
Iter 0032920: train nll 0.123, valid error 100.000%, best valid error 100.000%, avg grad norm   0.027, avg grad norm (post clip)   0.000, rho_Whh  1.29, Omega  0.00, alpha  0.000, steps in the past 0.000, valid nll 0.098
  [diag] log10|dL/dh_t| hist bins=60 range=(-6.82,-3.83) mean=-6.03 p50=-6.13 p05=-6.22 p95=-5.65
  [diag] sat-dist hist bins=60 sat<0.05=0.0% mean=0.568 p10=0.566 p90=0.567
Iter 0032940: train nll 0.126, valid error 100.000%, best valid error 100.000%, avg grad norm   0.023, avg grad norm (post clip)   0.000, rho_Whh  1.28, Omega  0.00, alpha  0.000, steps in the past 0.000, valid nll 0.098
  [diag] log10|dL/dh_t| hist bins=60 range=(-6.83,-3.83) mean=-6.04 p50=-6.13 p05=-6.23 p95=-5.65
  [diag] sat-dist hist bins=60 sat<0.05=0.0% mean=0.568 p10=0.566 p90=0.566
Iter 0032960: train nll 0.118, valid error 100.000%, best valid error 100.000%, avg grad norm   0.025, avg grad norm (post clip)   0.000, rho_Whh  1.28, Omega  0.00, alpha  0.000, steps in the past 0.000, valid nll 0.098
  [diag] log10|dL/dh_t| hist bins=60 range=(-6.83,-3.83) mean=-6.04 p50=-6.14 p05=-6.23 p95=-5.65
  [diag] sat-dist hist bins=60 sat<0.05=0.0% mean=0.568 p10=0.566 p90=0.566
Iter 0032980: train nll 0.124, valid error 100.000%, best valid error 100.000%, avg grad norm   0.025, avg grad norm (post clip)   0.000, rho_Whh  1.28, Omega  0.00, alpha  0.000, steps in the past 0.000, valid nll 0.098
  [diag] log10|dL/dh_t| hist bins=60 range=(-6.82,-3.83) mean=-6.02 p50=-6.12 p05=-6.22 p95=-5.65
  [diag] sat-dist hist bins=60 sat<0.05=0.0% mean=0.569 p10=0.568 p90=0.568
Iter 0033000: train nll 0.145, valid error 100.000%, best valid error 100.000%, avg grad norm   0.027, avg grad norm (post clip)   0.000, rho_Whh  1.28, Omega  0.00, alpha  0.000, steps in the past 0.000, valid nll 0.098
  [diag] log10|dL/dh_t| hist bins=60 range=(-6.83,-3.83) mean=-6.03 p50=-6.13 p05=-6.22 p95=-5.65
  [diag] sat-dist hist bins=60 sat<0.05=0.0% mean=0.569 p10=0.567 p90=0.568
Iter 0033020: train nll 0.123, valid error 100.000%, best valid error 100.000%, avg grad norm   0.028, avg grad norm (post clip)   0.000, rho_Whh  1.28, Omega  0.00, alpha  0.000, steps in the past 0.000, valid nll 0.098
  [diag] log10|dL/dh_t| hist bins=60 range=(-6.83,-3.83) mean=-6.03 p50=-6.13 p05=-6.23 p95=-5.65
  [diag] sat-dist hist bins=60 sat<0.05=0.0% mean=0.569 p10=0.567 p90=0.568
Iter 0033040: train nll 0.127, valid error 100.000%, best valid error 100.000%, avg grad norm   0.023, avg grad norm (post clip)   0.000, rho_Whh  1.28, Omega  0.00, alpha  0.000, steps in the past 0.000, valid nll 0.098
  [diag] log10|dL/dh_t| hist bins=60 range=(-6.84,-3.83) mean=-6.04 p50=-6.13 p05=-6.23 p95=-5.66
  [diag] sat-dist hist bins=60 sat<0.05=0.0% mean=0.569 p10=0.567 p90=0.567
Iter 0033060: train nll 0.131, valid error 100.000%, best valid error 100.000%, avg grad norm   0.026, avg grad norm (post clip)   0.000, rho_Whh  1.28, Omega  0.00, alpha  0.000, steps in the past 0.000, valid nll 0.098
  [diag] log10|dL/dh_t| hist bins=60 range=(-6.84,-3.83) mean=-6.04 p50=-6.14 p05=-6.24 p95=-5.66
  [diag] sat-dist hist bins=60 sat<0.05=0.0% mean=0.569 p10=0.567 p90=0.567
Iter 0033080: train nll 0.126, valid error 100.000%, best valid error 100.000%, avg grad norm   0.025, avg grad norm (post clip)   0.000, rho_Whh  1.28, Omega  0.00, alpha  0.000, steps in the past 0.000, valid nll 0.098
  [diag] log10|dL/dh_t| hist bins=60 range=(-6.85,-3.83) mean=-6.04 p50=-6.14 p05=-6.24 p95=-5.66
  [diag] sat-dist hist bins=60 sat<0.05=0.0% mean=0.568 p10=0.567 p90=0.567
Iter 0033100: train nll 0.122, valid error 100.000%, best valid error 100.000%, avg grad norm   0.024, avg grad norm (post clip)   0.000, rho_Whh  1.28, Omega  0.00, alpha  0.000, steps in the past 0.000, valid nll 0.098
  [diag] log10|dL/dh_t| hist bins=60 range=(-6.85,-3.83) mean=-6.04 p50=-6.14 p05=-6.24 p95=-5.66
  [diag] sat-dist hist bins=60 sat<0.05=0.0% mean=0.569 p10=0.567 p90=0.568
Iter 0033120: train nll 0.135, valid error 100.000%, best valid error 100.000%, avg grad norm   0.028, avg grad norm (post clip)   0.000, rho_Whh  1.28, Omega  0.00, alpha  0.000, steps in the past 0.000, valid nll 0.098
  [diag] log10|dL/dh_t| hist bins=60 range=(-6.85,-3.83) mean=-6.05 p50=-6.14 p05=-6.24 p95=-5.66
  [diag] sat-dist hist bins=60 sat<0.05=0.0% mean=0.569 p10=0.567 p90=0.567
Iter 0033140: train nll 0.131, valid error 100.000%, best valid error 100.000%, avg grad norm   0.026, avg grad norm (post clip)   0.000, rho_Whh  1.28, Omega  0.00, alpha  0.000, steps in the past 0.000, valid nll 0.098
  [diag] log10|dL/dh_t| hist bins=60 range=(-6.86,-3.83) mean=-6.05 p50=-6.14 p05=-6.24 p95=-5.66
  [diag] sat-dist hist bins=60 sat<0.05=0.0% mean=0.569 p10=0.567 p90=0.568
Iter 0033160: train nll 0.134, valid error 100.000%, best valid error 100.000%, avg grad norm   0.026, avg grad norm (post clip)   0.000, rho_Whh  1.28, Omega  0.00, alpha  0.000, steps in the past 0.000, valid nll 0.098
  [diag] log10|dL/dh_t| hist bins=60 range=(-6.87,-3.83) mean=-6.06 p50=-6.16 p05=-6.26 p95=-5.66
  [diag] sat-dist hist bins=60 sat<0.05=0.0% mean=0.568 p10=0.566 p90=0.567
Iter 0033180: train nll 0.116, valid error 100.000%, best valid error 100.000%, avg grad norm   0.023, avg grad norm (post clip)   0.000, rho_Whh  1.29, Omega  0.00, alpha  0.000, steps in the past 0.000, valid nll 0.098
  [diag] log10|dL/dh_t| hist bins=60 range=(-6.88,-3.83) mean=-6.07 p50=-6.16 p05=-6.27 p95=-5.67
  [diag] sat-dist hist bins=60 sat<0.05=0.0% mean=0.568 p10=0.566 p90=0.566
Iter 0033200: train nll 0.118, valid error 100.000%, best valid error 100.000%, avg grad norm   0.023, avg grad norm (post clip)   0.000, rho_Whh  1.29, Omega  0.00, alpha  0.000, steps in the past 0.000, valid nll 0.098
  [diag] log10|dL/dh_t| hist bins=60 range=(-6.88,-3.83) mean=-6.07 p50=-6.17 p05=-6.27 p95=-5.67
  [diag] sat-dist hist bins=60 sat<0.05=0.0% mean=0.567 p10=0.566 p90=0.566
Iter 0033220: train nll 0.117, valid error 100.000%, best valid error 100.000%, avg grad norm   0.022, avg grad norm (post clip)   0.000, rho_Whh  1.29, Omega  0.00, alpha  0.000, steps in the past 0.000, valid nll 0.098
  [diag] log10|dL/dh_t| hist bins=60 range=(-6.88,-3.83) mean=-6.07 p50=-6.17 p05=-6.27 p95=-5.67
  [diag] sat-dist hist bins=60 sat<0.05=0.0% mean=0.567 p10=0.566 p90=0.566
Iter 0033240: train nll 0.120, valid error 100.000%, best valid error 100.000%, avg grad norm   0.026, avg grad norm (post clip)   0.000, rho_Whh  1.29, Omega  0.00, alpha  0.000, steps in the past 0.000, valid nll 0.098
  [diag] log10|dL/dh_t| hist bins=60 range=(-6.88,-3.83) mean=-6.06 p50=-6.16 p05=-6.26 p95=-5.67
  [diag] sat-dist hist bins=60 sat<0.05=0.0% mean=0.568 p10=0.567 p90=0.567
Iter 0033260: train nll 0.135, valid error 100.000%, best valid error 100.000%, avg grad norm   0.028, avg grad norm (post clip)   0.000, rho_Whh  1.29, Omega  0.00, alpha  0.000, steps in the past 0.000, valid nll 0.098
  [diag] log10|dL/dh_t| hist bins=60 range=(-6.88,-3.83) mean=-6.06 p50=-6.16 p05=-6.26 p95=-5.67
  [diag] sat-dist hist bins=60 sat<0.05=0.0% mean=0.568 p10=0.567 p90=0.567
Iter 0033280: train nll 0.133, valid error 100.000%, best valid error 100.000%, avg grad norm   0.025, avg grad norm (post clip)   0.000, rho_Whh  1.29, Omega  0.00, alpha  0.000, steps in the past 0.000, valid nll 0.098
  [diag] log10|dL/dh_t| hist bins=60 range=(-6.87,-3.83) mean=-6.05 p50=-6.14 p05=-6.25 p95=-5.67
  [diag] sat-dist hist bins=60 sat<0.05=0.0% mean=0.569 p10=0.568 p90=0.568
Iter 0033300: train nll 0.139, valid error 100.000%, best valid error 100.000%, avg grad norm   0.027, avg grad norm (post clip)   0.000, rho_Whh  1.28, Omega  0.00, alpha  0.000, steps in the past 0.000, valid nll 0.098
  [diag] log10|dL/dh_t| hist bins=60 range=(-6.88,-3.83) mean=-6.06 p50=-6.15 p05=-6.26 p95=-5.67
  [diag] sat-dist hist bins=60 sat<0.05=0.0% mean=0.569 p10=0.567 p90=0.568
Iter 0033320: train nll 0.129, valid error 100.000%, best valid error 100.000%, avg grad norm   0.025, avg grad norm (post clip)   0.000, rho_Whh  1.28, Omega  0.00, alpha  0.000, steps in the past 0.000, valid nll 0.098
  [diag] log10|dL/dh_t| hist bins=60 range=(-6.88,-3.83) mean=-6.05 p50=-6.15 p05=-6.26 p95=-5.67
  [diag] sat-dist hist bins=60 sat<0.05=0.0% mean=0.569 p10=0.567 p90=0.568
Iter 0033340: train nll 0.136, valid error 100.000%, best valid error 100.000%, avg grad norm   0.028, avg grad norm (post clip)   0.000, rho_Whh  1.28, Omega  0.00, alpha  0.000, steps in the past 0.000, valid nll 0.098
  [diag] log10|dL/dh_t| hist bins=60 range=(-6.88,-3.83) mean=-6.05 p50=-6.15 p05=-6.26 p95=-5.68
  [diag] sat-dist hist bins=60 sat<0.05=0.0% mean=0.569 p10=0.568 p90=0.568
Iter 0033360: train nll 0.139, valid error 100.000%, best valid error 100.000%, avg grad norm   0.027, avg grad norm (post clip)   0.000, rho_Whh  1.28, Omega  0.00, alpha  0.000, steps in the past 0.000, valid nll 0.098
  [diag] log10|dL/dh_t| hist bins=60 range=(-6.89,-3.83) mean=-6.07 p50=-6.16 p05=-6.27 p95=-5.68
  [diag] sat-dist hist bins=60 sat<0.05=0.0% mean=0.569 p10=0.567 p90=0.568
Iter 0033380: train nll 0.123, valid error 100.000%, best valid error 100.000%, avg grad norm   0.023, avg grad norm (post clip)   0.000, rho_Whh  1.29, Omega  0.00, alpha  0.000, steps in the past 0.000, valid nll 0.098
  [diag] log10|dL/dh_t| hist bins=60 range=(-6.90,-3.83) mean=-6.08 p50=-6.17 p05=-6.28 p95=-5.68
  [diag] sat-dist hist bins=60 sat<0.05=0.0% mean=0.568 p10=0.566 p90=0.567
Iter 0033400: train nll 0.120, valid error 100.000%, best valid error 100.000%, avg grad norm   0.023, avg grad norm (post clip)   0.000, rho_Whh  1.29, Omega  0.00, alpha  0.000, steps in the past 0.000, valid nll 0.098
  [diag] log10|dL/dh_t| hist bins=60 range=(-6.91,-3.83) mean=-6.08 p50=-6.17 p05=-6.29 p95=-5.68
  [diag] sat-dist hist bins=60 sat<0.05=0.0% mean=0.568 p10=0.566 p90=0.567
Iter 0033420: train nll 0.128, valid error 100.000%, best valid error 100.000%, avg grad norm   0.025, avg grad norm (post clip)   0.000, rho_Whh  1.29, Omega  0.00, alpha  0.000, steps in the past 0.000, valid nll 0.097
  [diag] log10|dL/dh_t| hist bins=60 range=(-6.91,-3.83) mean=-6.08 p50=-6.18 p05=-6.29 p95=-5.68
  [diag] sat-dist hist bins=60 sat<0.05=0.0% mean=0.568 p10=0.566 p90=0.567
Iter 0033440: train nll 0.121, valid error 100.000%, best valid error 100.000%, avg grad norm   0.023, avg grad norm (post clip)   0.000, rho_Whh  1.29, Omega  0.00, alpha  0.000, steps in the past 0.000, valid nll 0.097
  [diag] log10|dL/dh_t| hist bins=60 range=(-6.92,-3.83) mean=-6.09 p50=-6.19 p05=-6.30 p95=-5.68
  [diag] sat-dist hist bins=60 sat<0.05=0.0% mean=0.567 p10=0.566 p90=0.566
Iter 0033460: train nll 0.114, valid error 100.000%, best valid error 100.000%, avg grad norm   0.023, avg grad norm (post clip)   0.000, rho_Whh  1.29, Omega  0.00, alpha  0.000, steps in the past 0.000, valid nll 0.097
  [diag] log10|dL/dh_t| hist bins=60 range=(-6.92,-3.83) mean=-6.09 p50=-6.18 p05=-6.30 p95=-5.68
  [diag] sat-dist hist bins=60 sat<0.05=0.0% mean=0.568 p10=0.566 p90=0.567
Iter 0033480: train nll 0.131, valid error 100.000%, best valid error 100.000%, avg grad norm   0.025, avg grad norm (post clip)   0.000, rho_Whh  1.29, Omega  0.00, alpha  0.000, steps in the past 0.000, valid nll 0.097
  [diag] log10|dL/dh_t| hist bins=60 range=(-6.92,-3.83) mean=-6.09 p50=-6.19 p05=-6.30 p95=-5.69
  [diag] sat-dist hist bins=60 sat<0.05=0.0% mean=0.567 p10=0.566 p90=0.566
Iter 0033500: train nll 0.118, valid error 100.000%, best valid error 100.000%, avg grad norm   0.025, avg grad norm (post clip)   0.000, rho_Whh  1.29, Omega  0.00, alpha  0.000, steps in the past 0.000, valid nll 0.097
  [diag] log10|dL/dh_t| hist bins=60 range=(-6.92,-3.83) mean=-6.09 p50=-6.19 p05=-6.30 p95=-5.69
  [diag] sat-dist hist bins=60 sat<0.05=0.0% mean=0.568 p10=0.566 p90=0.567
Iter 0033520: train nll 0.127, valid error 100.000%, best valid error 100.000%, avg grad norm   0.024, avg grad norm (post clip)   0.000, rho_Whh  1.29, Omega  0.00, alpha  0.000, steps in the past 0.000, valid nll 0.097
  [diag] log10|dL/dh_t| hist bins=60 range=(-6.93,-3.83) mean=-6.10 p50=-6.19 p05=-6.31 p95=-5.69
  [diag] sat-dist hist bins=60 sat<0.05=0.0% mean=0.567 p10=0.566 p90=0.567
Iter 0033540: train nll 0.119, valid error 100.000%, best valid error 100.000%, avg grad norm   0.024, avg grad norm (post clip)   0.000, rho_Whh  1.29, Omega  0.00, alpha  0.000, steps in the past 0.000, valid nll 0.097
  [diag] log10|dL/dh_t| hist bins=60 range=(-6.92,-3.83) mean=-6.08 p50=-6.17 p05=-6.30 p95=-5.69
  [diag] sat-dist hist bins=60 sat<0.05=0.0% mean=0.569 p10=0.567 p90=0.568
Iter 0033560: train nll 0.144, valid error 100.000%, best valid error 100.000%, avg grad norm   0.031, avg grad norm (post clip)   0.000, rho_Whh  1.29, Omega  0.00, alpha  0.000, steps in the past 0.000, valid nll 0.097
  [diag] log10|dL/dh_t| hist bins=60 range=(-6.92,-3.83) mean=-6.09 p50=-6.18 p05=-6.31 p95=-5.69
  [diag] sat-dist hist bins=60 sat<0.05=0.0% mean=0.568 p10=0.567 p90=0.568
Iter 0033580: train nll 0.125, valid error 100.000%, best valid error 100.000%, avg grad norm   0.023, avg grad norm (post clip)   0.000, rho_Whh  1.29, Omega  0.00, alpha  0.000, steps in the past 0.000, valid nll 0.097
  [diag] log10|dL/dh_t| hist bins=60 range=(-6.93,-3.83) mean=-6.09 p50=-6.18 p05=-6.31 p95=-5.69
  [diag] sat-dist hist bins=60 sat<0.05=0.0% mean=0.569 p10=0.567 p90=0.568
Iter 0033600: train nll 0.131, valid error 100.000%, best valid error 100.000%, avg grad norm   0.026, avg grad norm (post clip)   0.000, rho_Whh  1.29, Omega  0.00, alpha  0.000, steps in the past 0.000, valid nll 0.097
  [diag] log10|dL/dh_t| hist bins=60 range=(-6.92,-3.83) mean=-6.07 p50=-6.17 p05=-6.30 p95=-5.69
  [diag] sat-dist hist bins=60 sat<0.05=0.0% mean=0.570 p10=0.568 p90=0.569
Iter 0033620: train nll 0.145, valid error 100.000%, best valid error 100.000%, avg grad norm   0.028, avg grad norm (post clip)   0.000, rho_Whh  1.29, Omega  0.00, alpha  0.000, steps in the past 0.000, valid nll 0.097
  [diag] log10|dL/dh_t| hist bins=60 range=(-6.92,-3.83) mean=-6.08 p50=-6.17 p05=-6.31 p95=-5.69
  [diag] sat-dist hist bins=60 sat<0.05=0.0% mean=0.569 p10=0.568 p90=0.569
Iter 0033640: train nll 0.136, valid error 100.000%, best valid error 100.000%, avg grad norm   0.024, avg grad norm (post clip)   0.000, rho_Whh  1.29, Omega  0.00, alpha  0.000, steps in the past 0.000, valid nll 0.097
  [diag] log10|dL/dh_t| hist bins=60 range=(-6.93,-3.83) mean=-6.08 p50=-6.18 p05=-6.32 p95=-5.70
  [diag] sat-dist hist bins=60 sat<0.05=0.0% mean=0.569 p10=0.567 p90=0.568
Iter 0033660: train nll 0.129, valid error 100.000%, best valid error 100.000%, avg grad norm   0.025, avg grad norm (post clip)   0.000, rho_Whh  1.29, Omega  0.00, alpha  0.000, steps in the past 0.000, valid nll 0.097
  [diag] log10|dL/dh_t| hist bins=60 range=(-6.93,-3.83) mean=-6.08 p50=-6.17 p05=-6.31 p95=-5.70
  [diag] sat-dist hist bins=60 sat<0.05=0.0% mean=0.570 p10=0.568 p90=0.569
Iter 0033680: train nll 0.146, valid error 100.000%, best valid error 100.000%, avg grad norm   0.028, avg grad norm (post clip)   0.000, rho_Whh  1.29, Omega  0.00, alpha  0.000, steps in the past 0.000, valid nll 0.097
  [diag] log10|dL/dh_t| hist bins=60 range=(-6.94,-3.83) mean=-6.09 p50=-6.19 p05=-6.32 p95=-5.70
  [diag] sat-dist hist bins=60 sat<0.05=0.0% mean=0.569 p10=0.567 p90=0.568
Iter 0033700: train nll 0.125, valid error 100.000%, best valid error 100.000%, avg grad norm   0.024, avg grad norm (post clip)   0.000, rho_Whh  1.29, Omega  0.00, alpha  0.000, steps in the past 0.000, valid nll 0.097
  [diag] log10|dL/dh_t| hist bins=60 range=(-6.96,-3.83) mean=-6.11 p50=-6.21 p05=-6.34 p95=-5.70
  [diag] sat-dist hist bins=60 sat<0.05=0.0% mean=0.567 p10=0.566 p90=0.567
Iter 0033720: train nll 0.108, valid error 100.000%, best valid error 100.000%, avg grad norm   0.022, avg grad norm (post clip)   0.000, rho_Whh  1.29, Omega  0.00, alpha  0.000, steps in the past 0.000, valid nll 0.097
  [diag] log10|dL/dh_t| hist bins=60 range=(-6.95,-3.83) mean=-6.10 p50=-6.19 p05=-6.33 p95=-5.70
  [diag] sat-dist hist bins=60 sat<0.05=0.0% mean=0.569 p10=0.567 p90=0.568
Iter 0033740: train nll 0.138, valid error 100.000%, best valid error 100.000%, avg grad norm   0.029, avg grad norm (post clip)   0.000, rho_Whh  1.29, Omega  0.00, alpha  0.000, steps in the past 0.000, valid nll 0.097
  [diag] log10|dL/dh_t| hist bins=60 range=(-6.96,-3.83) mean=-6.11 p50=-6.20 p05=-6.34 p95=-5.70
  [diag] sat-dist hist bins=60 sat<0.05=0.0% mean=0.568 p10=0.566 p90=0.567
Iter 0033760: train nll 0.122, valid error 100.000%, best valid error 100.000%, avg grad norm   0.025, avg grad norm (post clip)   0.000, rho_Whh  1.29, Omega  0.00, alpha  0.000, steps in the past 0.000, valid nll 0.097
  [diag] log10|dL/dh_t| hist bins=60 range=(-6.94,-3.83) mean=-6.08 p50=-6.18 p05=-6.33 p95=-5.70
  [diag] sat-dist hist bins=60 sat<0.05=0.0% mean=0.570 p10=0.568 p90=0.569
Iter 0033780: train nll 0.152, valid error 100.000%, best valid error 100.000%, avg grad norm   0.031, avg grad norm (post clip)   0.000, rho_Whh  1.29, Omega  0.00, alpha  0.000, steps in the past 0.000, valid nll 0.097
  [diag] log10|dL/dh_t| hist bins=60 range=(-6.95,-3.83) mean=-6.09 p50=-6.19 p05=-6.34 p95=-5.70
  [diag] sat-dist hist bins=60 sat<0.05=0.0% mean=0.569 p10=0.568 p90=0.569
Iter 0033800: train nll 0.137, valid error 100.000%, best valid error 100.000%, avg grad norm   0.029, avg grad norm (post clip)   0.000, rho_Whh  1.29, Omega  0.00, alpha  0.000, steps in the past 0.000, valid nll 0.097
  [diag] log10|dL/dh_t| hist bins=60 range=(-6.96,-3.83) mean=-6.10 p50=-6.19 p05=-6.34 p95=-5.71
  [diag] sat-dist hist bins=60 sat<0.05=0.0% mean=0.569 p10=0.567 p90=0.569
Iter 0033820: train nll 0.128, valid error 100.000%, best valid error 100.000%, avg grad norm   0.026, avg grad norm (post clip)   0.000, rho_Whh  1.29, Omega  0.00, alpha  0.000, steps in the past 0.000, valid nll 0.097
  [diag] log10|dL/dh_t| hist bins=60 range=(-6.97,-3.83) mean=-6.11 p50=-6.21 p05=-6.35 p95=-5.71
  [diag] sat-dist hist bins=60 sat<0.05=0.0% mean=0.568 p10=0.567 p90=0.568
Iter 0033840: train nll 0.121, valid error 100.000%, best valid error 100.000%, avg grad norm   0.024, avg grad norm (post clip)   0.000, rho_Whh  1.29, Omega  0.00, alpha  0.000, steps in the past 0.000, valid nll 0.097
  [diag] log10|dL/dh_t| hist bins=60 range=(-6.98,-3.83) mean=-6.12 p50=-6.22 p05=-6.36 p95=-5.71
  [diag] sat-dist hist bins=60 sat<0.05=0.0% mean=0.568 p10=0.566 p90=0.567
Iter 0033860: train nll 0.111, valid error 100.000%, best valid error 100.000%, avg grad norm   0.023, avg grad norm (post clip)   0.000, rho_Whh  1.29, Omega  0.00, alpha  0.000, steps in the past 0.000, valid nll 0.097
  [diag] log10|dL/dh_t| hist bins=60 range=(-6.97,-3.83) mean=-6.12 p50=-6.21 p05=-6.36 p95=-5.71
  [diag] sat-dist hist bins=60 sat<0.05=0.0% mean=0.568 p10=0.566 p90=0.568
Iter 0033880: train nll 0.120, valid error 100.000%, best valid error 100.000%, avg grad norm   0.025, avg grad norm (post clip)   0.000, rho_Whh  1.29, Omega  0.00, alpha  0.000, steps in the past 0.000, valid nll 0.097
  [diag] log10|dL/dh_t| hist bins=60 range=(-6.97,-3.83) mean=-6.11 p50=-6.20 p05=-6.36 p95=-5.71
  [diag] sat-dist hist bins=60 sat<0.05=0.0% mean=0.569 p10=0.567 p90=0.568
Iter 0033900: train nll 0.131, valid error 100.000%, best valid error 100.000%, avg grad norm   0.025, avg grad norm (post clip)   0.000, rho_Whh  1.29, Omega  0.00, alpha  0.000, steps in the past 0.000, valid nll 0.097
  [diag] log10|dL/dh_t| hist bins=60 range=(-6.98,-3.83) mean=-6.13 p50=-6.22 p05=-6.37 p95=-5.71
  [diag] sat-dist hist bins=60 sat<0.05=0.0% mean=0.568 p10=0.566 p90=0.567
Iter 0033920: train nll 0.113, valid error 100.000%, best valid error 100.000%, avg grad norm   0.021, avg grad norm (post clip)   0.000, rho_Whh  1.29, Omega  0.00, alpha  0.000, steps in the past 0.000, valid nll 0.097
  [diag] log10|dL/dh_t| hist bins=60 range=(-6.98,-3.83) mean=-6.12 p50=-6.22 p05=-6.37 p95=-5.71
  [diag] sat-dist hist bins=60 sat<0.05=0.0% mean=0.568 p10=0.566 p90=0.568
Iter 0033940: train nll 0.123, valid error 100.000%, best valid error 100.000%, avg grad norm   0.026, avg grad norm (post clip)   0.000, rho_Whh  1.29, Omega  0.00, alpha  0.000, steps in the past 0.000, valid nll 0.097
  [diag] log10|dL/dh_t| hist bins=60 range=(-6.98,-3.83) mean=-6.12 p50=-6.22 p05=-6.37 p95=-5.71
  [diag] sat-dist hist bins=60 sat<0.05=0.0% mean=0.568 p10=0.567 p90=0.568
Iter 0033960: train nll 0.120, valid error 100.000%, best valid error 100.000%, avg grad norm   0.023, avg grad norm (post clip)   0.000, rho_Whh  1.29, Omega  0.00, alpha  0.000, steps in the past 0.000, valid nll 0.097
  [diag] log10|dL/dh_t| hist bins=60 range=(-6.99,-3.83) mean=-6.13 p50=-6.22 p05=-6.37 p95=-5.72
  [diag] sat-dist hist bins=60 sat<0.05=0.0% mean=0.568 p10=0.566 p90=0.567
Iter 0033980: train nll 0.119, valid error 100.000%, best valid error 100.000%, avg grad norm   0.023, avg grad norm (post clip)   0.000, rho_Whh  1.29, Omega  0.00, alpha  0.000, steps in the past 0.000, valid nll 0.097
  [diag] log10|dL/dh_t| hist bins=60 range=(-7.00,-3.83) mean=-6.13 p50=-6.23 p05=-6.38 p95=-5.72
  [diag] sat-dist hist bins=60 sat<0.05=0.0% mean=0.567 p10=0.566 p90=0.567
Iter 0034000: train nll 0.116, valid error 100.000%, best valid error 100.000%, avg grad norm   0.022, avg grad norm (post clip)   0.000, rho_Whh  1.29, Omega  0.00, alpha  0.000, steps in the past 0.000, valid nll 0.097
  [diag] log10|dL/dh_t| hist bins=60 range=(-6.98,-3.83) mean=-6.11 p50=-6.20 p05=-6.37 p95=-5.72
  [diag] sat-dist hist bins=60 sat<0.05=0.0% mean=0.569 p10=0.568 p90=0.569
Iter 0034020: train nll 0.145, valid error 100.000%, best valid error 100.000%, avg grad norm   0.029, avg grad norm (post clip)   0.000, rho_Whh  1.29, Omega  0.00, alpha  0.000, steps in the past 0.000, valid nll 0.097
  [diag] log10|dL/dh_t| hist bins=60 range=(-6.99,-3.83) mean=-6.12 p50=-6.21 p05=-6.37 p95=-5.72
  [diag] sat-dist hist bins=60 sat<0.05=0.0% mean=0.569 p10=0.568 p90=0.569
Iter 0034040: train nll 0.125, valid error 100.000%, best valid error 100.000%, avg grad norm   0.025, avg grad norm (post clip)   0.000, rho_Whh  1.29, Omega  0.00, alpha  0.000, steps in the past 0.000, valid nll 0.097
  [diag] log10|dL/dh_t| hist bins=60 range=(-6.99,-3.83) mean=-6.12 p50=-6.22 p05=-6.38 p95=-5.72
  [diag] sat-dist hist bins=60 sat<0.05=0.0% mean=0.568 p10=0.567 p90=0.568
Iter 0034060: train nll 0.127, valid error 100.000%, best valid error 100.000%, avg grad norm   0.023, avg grad norm (post clip)   0.000, rho_Whh  1.29, Omega  0.00, alpha  0.000, steps in the past 0.000, valid nll 0.097
  [diag] log10|dL/dh_t| hist bins=60 range=(-6.99,-3.83) mean=-6.12 p50=-6.21 p05=-6.38 p95=-5.72
  [diag] sat-dist hist bins=60 sat<0.05=0.0% mean=0.569 p10=0.567 p90=0.569
Iter 0034080: train nll 0.133, valid error 100.000%, best valid error 100.000%, avg grad norm   0.027, avg grad norm (post clip)   0.000, rho_Whh  1.29, Omega  0.00, alpha  0.000, steps in the past 0.000, valid nll 0.097
  [diag] log10|dL/dh_t| hist bins=60 range=(-7.01,-3.83) mean=-6.14 p50=-6.23 p05=-6.39 p95=-5.72
  [diag] sat-dist hist bins=60 sat<0.05=0.0% mean=0.568 p10=0.566 p90=0.567
Iter 0034100: train nll 0.113, valid error 100.000%, best valid error 100.000%, avg grad norm   0.021, avg grad norm (post clip)   0.000, rho_Whh  1.29, Omega  0.00, alpha  0.000, steps in the past 0.000, valid nll 0.097
  [diag] log10|dL/dh_t| hist bins=60 range=(-7.00,-3.83) mean=-6.13 p50=-6.23 p05=-6.39 p95=-5.72
  [diag] sat-dist hist bins=60 sat<0.05=0.0% mean=0.568 p10=0.567 p90=0.568
Iter 0034120: train nll 0.126, valid error 100.000%, best valid error 100.000%, avg grad norm   0.025, avg grad norm (post clip)   0.000, rho_Whh  1.29, Omega  0.00, alpha  0.000, steps in the past 0.000, valid nll 0.097
  [diag] log10|dL/dh_t| hist bins=60 range=(-7.00,-3.83) mean=-6.12 p50=-6.22 p05=-6.39 p95=-5.73
  [diag] sat-dist hist bins=60 sat<0.05=0.0% mean=0.569 p10=0.568 p90=0.569
Iter 0034140: train nll 0.133, valid error 100.000%, best valid error 100.000%, avg grad norm   0.026, avg grad norm (post clip)   0.000, rho_Whh  1.29, Omega  0.00, alpha  0.000, steps in the past 0.000, valid nll 0.097
  [diag] log10|dL/dh_t| hist bins=60 range=(-7.01,-3.83) mean=-6.13 p50=-6.23 p05=-6.40 p95=-5.73
  [diag] sat-dist hist bins=60 sat<0.05=0.0% mean=0.568 p10=0.567 p90=0.568
Iter 0034160: train nll 0.121, valid error 100.000%, best valid error 100.000%, avg grad norm   0.021, avg grad norm (post clip)   0.000, rho_Whh  1.29, Omega  0.00, alpha  0.000, steps in the past 0.000, valid nll 0.097
  [diag] log10|dL/dh_t| hist bins=60 range=(-7.01,-3.83) mean=-6.14 p50=-6.23 p05=-6.40 p95=-5.73
  [diag] sat-dist hist bins=60 sat<0.05=0.0% mean=0.568 p10=0.567 p90=0.568
Iter 0034180: train nll 0.120, valid error 100.000%, best valid error 100.000%, avg grad norm   0.023, avg grad norm (post clip)   0.000, rho_Whh  1.29, Omega  0.00, alpha  0.000, steps in the past 0.000, valid nll 0.097
  [diag] log10|dL/dh_t| hist bins=60 range=(-7.01,-3.83) mean=-6.13 p50=-6.23 p05=-6.40 p95=-5.73
  [diag] sat-dist hist bins=60 sat<0.05=0.0% mean=0.568 p10=0.567 p90=0.568
Iter 0034200: train nll 0.129, valid error 100.000%, best valid error 100.000%, avg grad norm   0.026, avg grad norm (post clip)   0.000, rho_Whh  1.29, Omega  0.00, alpha  0.000, steps in the past 0.000, valid nll 0.097
  [diag] log10|dL/dh_t| hist bins=60 range=(-7.03,-3.83) mean=-6.15 p50=-6.25 p05=-6.41 p95=-5.73
  [diag] sat-dist hist bins=60 sat<0.05=0.0% mean=0.567 p10=0.566 p90=0.567
Iter 0034220: train nll 0.111, valid error 100.000%, best valid error 100.000%, avg grad norm   0.023, avg grad norm (post clip)   0.000, rho_Whh  1.29, Omega  0.00, alpha  0.000, steps in the past 0.000, valid nll 0.097
  [diag] log10|dL/dh_t| hist bins=60 range=(-7.01,-3.84) mean=-6.12 p50=-6.22 p05=-6.40 p95=-5.73
  [diag] sat-dist hist bins=60 sat<0.05=0.0% mean=0.569 p10=0.568 p90=0.570
Iter 0034240: train nll 0.144, valid error 100.000%, best valid error 100.000%, avg grad norm   0.030, avg grad norm (post clip)   0.000, rho_Whh  1.29, Omega  0.00, alpha  0.000, steps in the past 0.000, valid nll 0.097
  [diag] log10|dL/dh_t| hist bins=60 range=(-7.03,-3.83) mean=-6.15 p50=-6.24 p05=-6.41 p95=-5.73
  [diag] sat-dist hist bins=60 sat<0.05=0.0% mean=0.568 p10=0.566 p90=0.568
Iter 0034260: train nll 0.104, valid error 100.000%, best valid error 100.000%, avg grad norm   0.023, avg grad norm (post clip)   0.000, rho_Whh  1.29, Omega  0.00, alpha  0.000, steps in the past 0.000, valid nll 0.097
  [diag] log10|dL/dh_t| hist bins=60 range=(-7.03,-3.83) mean=-6.15 p50=-6.24 p05=-6.42 p95=-5.73
  [diag] sat-dist hist bins=60 sat<0.05=0.0% mean=0.568 p10=0.567 p90=0.568
Iter 0034280: train nll 0.121, valid error 100.000%, best valid error 100.000%, avg grad norm   0.024, avg grad norm (post clip)   0.000, rho_Whh  1.29, Omega  0.00, alpha  0.000, steps in the past 0.000, valid nll 0.097
  [diag] log10|dL/dh_t| hist bins=60 range=(-7.03,-3.83) mean=-6.14 p50=-6.24 p05=-6.41 p95=-5.73
  [diag] sat-dist hist bins=60 sat<0.05=0.0% mean=0.568 p10=0.567 p90=0.568
Iter 0034300: train nll 0.130, valid error 100.000%, best valid error 100.000%, avg grad norm   0.024, avg grad norm (post clip)   0.000, rho_Whh  1.29, Omega  0.00, alpha  0.000, steps in the past 0.000, valid nll 0.097
  [diag] log10|dL/dh_t| hist bins=60 range=(-7.03,-3.83) mean=-6.14 p50=-6.24 p05=-6.42 p95=-5.74
  [diag] sat-dist hist bins=60 sat<0.05=0.0% mean=0.569 p10=0.567 p90=0.568
Iter 0034320: train nll 0.126, valid error 100.000%, best valid error 100.000%, avg grad norm   0.024, avg grad norm (post clip)   0.000, rho_Whh  1.29, Omega  0.00, alpha  0.000, steps in the past 0.000, valid nll 0.097
  [diag] log10|dL/dh_t| hist bins=60 range=(-7.02,-3.84) mean=-6.13 p50=-6.22 p05=-6.41 p95=-5.74
  [diag] sat-dist hist bins=60 sat<0.05=0.0% mean=0.570 p10=0.568 p90=0.570
Iter 0034340: train nll 0.146, valid error 100.000%, best valid error 100.000%, avg grad norm   0.029, avg grad norm (post clip)   0.000, rho_Whh  1.29, Omega  0.00, alpha  0.000, steps in the past 0.000, valid nll 0.097
  [diag] log10|dL/dh_t| hist bins=60 range=(-7.03,-3.84) mean=-6.13 p50=-6.23 p05=-6.41 p95=-5.74
  [diag] sat-dist hist bins=60 sat<0.05=0.0% mean=0.569 p10=0.568 p90=0.569
Iter 0034360: train nll 0.132, valid error 100.000%, best valid error 100.000%, avg grad norm   0.026, avg grad norm (post clip)   0.000, rho_Whh  1.29, Omega  0.00, alpha  0.000, steps in the past 0.000, valid nll 0.097
  [diag] log10|dL/dh_t| hist bins=60 range=(-7.04,-3.83) mean=-6.15 p50=-6.25 p05=-6.43 p95=-5.74
  [diag] sat-dist hist bins=60 sat<0.05=0.0% mean=0.568 p10=0.567 p90=0.568
Iter 0034380: train nll 0.111, valid error 100.000%, best valid error 100.000%, avg grad norm   0.023, avg grad norm (post clip)   0.000, rho_Whh  1.29, Omega  0.00, alpha  0.000, steps in the past 0.000, valid nll 0.097
  [diag] log10|dL/dh_t| hist bins=60 range=(-7.04,-3.84) mean=-6.15 p50=-6.24 p05=-6.43 p95=-5.74
  [diag] sat-dist hist bins=60 sat<0.05=0.0% mean=0.569 p10=0.567 p90=0.569
Iter 0034400: train nll 0.125, valid error 100.000%, best valid error 100.000%, avg grad norm   0.024, avg grad norm (post clip)   0.000, rho_Whh  1.29, Omega  0.00, alpha  0.000, steps in the past 0.000, valid nll 0.097
  [diag] log10|dL/dh_t| hist bins=60 range=(-7.04,-3.84) mean=-6.15 p50=-6.24 p05=-6.43 p95=-5.74
  [diag] sat-dist hist bins=60 sat<0.05=0.0% mean=0.569 p10=0.567 p90=0.569
Iter 0034420: train nll 0.129, valid error 100.000%, best valid error 100.000%, avg grad norm   0.025, avg grad norm (post clip)   0.000, rho_Whh  1.29, Omega  0.00, alpha  0.000, steps in the past 0.000, valid nll 0.097
  [diag] log10|dL/dh_t| hist bins=60 range=(-7.03,-3.84) mean=-6.13 p50=-6.23 p05=-6.42 p95=-5.74
  [diag] sat-dist hist bins=60 sat<0.05=0.0% mean=0.570 p10=0.568 p90=0.570
Iter 0034440: train nll 0.137, valid error 100.000%, best valid error 100.000%, avg grad norm   0.028, avg grad norm (post clip)   0.000, rho_Whh  1.29, Omega  0.00, alpha  0.000, steps in the past 0.000, valid nll 0.097
  [diag] log10|dL/dh_t| hist bins=60 range=(-7.03,-3.84) mean=-6.13 p50=-6.22 p05=-6.42 p95=-5.74
  [diag] sat-dist hist bins=60 sat<0.05=0.0% mean=0.570 p10=0.569 p90=0.570
Iter 0034460: train nll 0.134, valid error 100.000%, best valid error 100.000%, avg grad norm   0.025, avg grad norm (post clip)   0.000, rho_Whh  1.29, Omega  0.00, alpha  0.000, steps in the past 0.000, valid nll 0.097
  [diag] log10|dL/dh_t| hist bins=60 range=(-7.05,-3.83) mean=-6.16 p50=-6.25 p05=-6.44 p95=-5.75
  [diag] sat-dist hist bins=60 sat<0.05=0.0% mean=0.568 p10=0.567 p90=0.568
Iter 0034480: train nll 0.116, valid error 100.000%, best valid error 100.000%, avg grad norm   0.025, avg grad norm (post clip)   0.000, rho_Whh  1.29, Omega  0.00, alpha  0.000, steps in the past 0.000, valid nll 0.097
  [diag] log10|dL/dh_t| hist bins=60 range=(-7.07,-3.83) mean=-6.18 p50=-6.27 p05=-6.45 p95=-5.75
  [diag] sat-dist hist bins=60 sat<0.05=0.0% mean=0.567 p10=0.566 p90=0.567
Iter 0034500: train nll 0.105, valid error 100.000%, best valid error 100.000%, avg grad norm   0.021, avg grad norm (post clip)   0.000, rho_Whh  1.29, Omega  0.00, alpha  0.000, steps in the past 0.000, valid nll 0.097
  [diag] log10|dL/dh_t| hist bins=60 range=(-7.05,-3.84) mean=-6.15 p50=-6.24 p05=-6.44 p95=-5.75
  [diag] sat-dist hist bins=60 sat<0.05=0.0% mean=0.569 p10=0.568 p90=0.569
Iter 0034520: train nll 0.139, valid error 100.000%, best valid error 100.000%, avg grad norm   0.029, avg grad norm (post clip)   0.000, rho_Whh  1.29, Omega  0.00, alpha  0.000, steps in the past 0.000, valid nll 0.097
  [diag] log10|dL/dh_t| hist bins=60 range=(-7.04,-3.84) mean=-6.13 p50=-6.23 p05=-6.43 p95=-5.75
  [diag] sat-dist hist bins=60 sat<0.05=0.0% mean=0.570 p10=0.569 p90=0.571
Iter 0034540: train nll 0.138, valid error 100.000%, best valid error 100.000%, avg grad norm   0.033, avg grad norm (post clip)   0.000, rho_Whh  1.29, Omega  0.00, alpha  0.000, steps in the past 0.000, valid nll 0.097
  [diag] log10|dL/dh_t| hist bins=60 range=(-7.05,-3.84) mean=-6.14 p50=-6.23 p05=-6.44 p95=-5.75
  [diag] sat-dist hist bins=60 sat<0.05=0.0% mean=0.570 p10=0.569 p90=0.570
Iter 0034560: train nll 0.135, valid error 100.000%, best valid error 100.000%, avg grad norm   0.025, avg grad norm (post clip)   0.000, rho_Whh  1.29, Omega  0.00, alpha  0.000, steps in the past 0.000, valid nll 0.097
  [diag] log10|dL/dh_t| hist bins=60 range=(-7.06,-3.84) mean=-6.15 p50=-6.24 p05=-6.45 p95=-5.75
  [diag] sat-dist hist bins=60 sat<0.05=0.0% mean=0.569 p10=0.568 p90=0.570
Iter 0034580: train nll 0.129, valid error 100.000%, best valid error 100.000%, avg grad norm   0.023, avg grad norm (post clip)   0.000, rho_Whh  1.29, Omega  0.00, alpha  0.000, steps in the past 0.000, valid nll 0.097
  [diag] log10|dL/dh_t| hist bins=60 range=(-7.06,-3.84) mean=-6.16 p50=-6.25 p05=-6.45 p95=-5.75
  [diag] sat-dist hist bins=60 sat<0.05=0.0% mean=0.569 p10=0.567 p90=0.569
Iter 0034600: train nll 0.123, valid error 100.000%, best valid error 100.000%, avg grad norm   0.022, avg grad norm (post clip)   0.000, rho_Whh  1.29, Omega  0.00, alpha  0.000, steps in the past 0.000, valid nll 0.097
  [diag] log10|dL/dh_t| hist bins=60 range=(-7.07,-3.83) mean=-6.17 p50=-6.27 p05=-6.46 p95=-5.75
  [diag] sat-dist hist bins=60 sat<0.05=0.0% mean=0.568 p10=0.567 p90=0.568
Iter 0034620: train nll 0.120, valid error 100.000%, best valid error 100.000%, avg grad norm   0.024, avg grad norm (post clip)   0.000, rho_Whh  1.29, Omega  0.00, alpha  0.000, steps in the past 0.000, valid nll 0.097
  [diag] log10|dL/dh_t| hist bins=60 range=(-7.06,-3.84) mean=-6.14 p50=-6.23 p05=-6.44 p95=-5.75
  [diag] sat-dist hist bins=60 sat<0.05=0.0% mean=0.570 p10=0.569 p90=0.570
Iter 0034640: train nll 0.151, valid error 100.000%, best valid error 100.000%, avg grad norm   0.029, avg grad norm (post clip)   0.000, rho_Whh  1.29, Omega  0.00, alpha  0.000, steps in the past 0.000, valid nll 0.097
  [diag] log10|dL/dh_t| hist bins=60 range=(-7.07,-3.84) mean=-6.16 p50=-6.25 p05=-6.46 p95=-5.75
  [diag] sat-dist hist bins=60 sat<0.05=0.0% mean=0.569 p10=0.568 p90=0.569
Iter 0034660: train nll 0.125, valid error 100.000%, best valid error 100.000%, avg grad norm   0.025, avg grad norm (post clip)   0.000, rho_Whh  1.29, Omega  0.00, alpha  0.000, steps in the past 0.000, valid nll 0.097
  [diag] log10|dL/dh_t| hist bins=60 range=(-7.06,-3.84) mean=-6.15 p50=-6.24 p05=-6.45 p95=-5.76
  [diag] sat-dist hist bins=60 sat<0.05=0.0% mean=0.570 p10=0.568 p90=0.570
Iter 0034680: train nll 0.132, valid error 100.000%, best valid error 100.000%, avg grad norm   0.027, avg grad norm (post clip)   0.000, rho_Whh  1.29, Omega  0.00, alpha  0.000, steps in the past 0.000, valid nll 0.097
  [diag] log10|dL/dh_t| hist bins=60 range=(-7.08,-3.84) mean=-6.17 p50=-6.26 p05=-6.46 p95=-5.76
  [diag] sat-dist hist bins=60 sat<0.05=0.0% mean=0.569 p10=0.567 p90=0.569
Iter 0034700: train nll 0.122, valid error 100.000%, best valid error 100.000%, avg grad norm   0.023, avg grad norm (post clip)   0.000, rho_Whh  1.29, Omega  0.00, alpha  0.000, steps in the past 0.000, valid nll 0.097
  [diag] log10|dL/dh_t| hist bins=60 range=(-7.07,-3.84) mean=-6.16 p50=-6.25 p05=-6.46 p95=-5.76
  [diag] sat-dist hist bins=60 sat<0.05=0.0% mean=0.569 p10=0.568 p90=0.570
Iter 0034720: train nll 0.142, valid error 100.000%, best valid error 100.000%, avg grad norm   0.028, avg grad norm (post clip)   0.000, rho_Whh  1.29, Omega  0.00, alpha  0.000, steps in the past 0.000, valid nll 0.097
  [diag] log10|dL/dh_t| hist bins=60 range=(-7.08,-3.84) mean=-6.17 p50=-6.26 p05=-6.47 p95=-5.76
  [diag] sat-dist hist bins=60 sat<0.05=0.0% mean=0.569 p10=0.568 p90=0.569
Iter 0034740: train nll 0.124, valid error 100.000%, best valid error 100.000%, avg grad norm   0.026, avg grad norm (post clip)   0.000, rho_Whh  1.29, Omega  0.00, alpha  0.000, steps in the past 0.000, valid nll 0.097
  [diag] log10|dL/dh_t| hist bins=60 range=(-7.09,-3.84) mean=-6.17 p50=-6.27 p05=-6.47 p95=-5.76
  [diag] sat-dist hist bins=60 sat<0.05=0.0% mean=0.568 p10=0.567 p90=0.569
Iter 0034760: train nll 0.122, valid error 100.000%, best valid error 100.000%, avg grad norm   0.022, avg grad norm (post clip)   0.000, rho_Whh  1.29, Omega  0.00, alpha  0.000, steps in the past 0.000, valid nll 0.097
  [diag] log10|dL/dh_t| hist bins=60 range=(-7.08,-3.84) mean=-6.16 p50=-6.25 p05=-6.47 p95=-5.76
  [diag] sat-dist hist bins=60 sat<0.05=0.0% mean=0.569 p10=0.568 p90=0.570
Iter 0034780: train nll 0.133, valid error 100.000%, best valid error 100.000%, avg grad norm   0.028, avg grad norm (post clip)   0.000, rho_Whh  1.29, Omega  0.00, alpha  0.000, steps in the past 0.000, valid nll 0.097
  [diag] log10|dL/dh_t| hist bins=60 range=(-7.09,-3.84) mean=-6.17 p50=-6.27 p05=-6.48 p95=-5.76
  [diag] sat-dist hist bins=60 sat<0.05=0.0% mean=0.569 p10=0.567 p90=0.569
Iter 0034800: train nll 0.117, valid error 100.000%, best valid error 100.000%, avg grad norm   0.023, avg grad norm (post clip)   0.000, rho_Whh  1.29, Omega  0.00, alpha  0.000, steps in the past 0.000, valid nll 0.097
  [diag] log10|dL/dh_t| hist bins=60 range=(-7.09,-3.84) mean=-6.18 p50=-6.27 p05=-6.48 p95=-5.76
  [diag] sat-dist hist bins=60 sat<0.05=0.0% mean=0.568 p10=0.567 p90=0.569
Iter 0034820: train nll 0.125, valid error 100.000%, best valid error 100.000%, avg grad norm   0.026, avg grad norm (post clip)   0.000, rho_Whh  1.29, Omega  0.00, alpha  0.000, steps in the past 0.000, valid nll 0.097
  [diag] log10|dL/dh_t| hist bins=60 range=(-7.10,-3.84) mean=-6.18 p50=-6.28 p05=-6.48 p95=-5.77
  [diag] sat-dist hist bins=60 sat<0.05=0.0% mean=0.568 p10=0.567 p90=0.569
Iter 0034840: train nll 0.126, valid error 100.000%, best valid error 100.000%, avg grad norm   0.024, avg grad norm (post clip)   0.000, rho_Whh  1.29, Omega  0.00, alpha  0.000, steps in the past 0.000, valid nll 0.097
  [diag] log10|dL/dh_t| hist bins=60 range=(-7.10,-3.84) mean=-6.18 p50=-6.27 p05=-6.48 p95=-5.77
  [diag] sat-dist hist bins=60 sat<0.05=0.0% mean=0.569 p10=0.567 p90=0.569
Iter 0034860: train nll 0.125, valid error 100.000%, best valid error 100.000%, avg grad norm   0.024, avg grad norm (post clip)   0.000, rho_Whh  1.29, Omega  0.00, alpha  0.000, steps in the past 0.000, valid nll 0.097
  [diag] log10|dL/dh_t| hist bins=60 range=(-7.10,-3.84) mean=-6.18 p50=-6.28 p05=-6.49 p95=-5.77
  [diag] sat-dist hist bins=60 sat<0.05=0.0% mean=0.568 p10=0.567 p90=0.569
Iter 0034880: train nll 0.125, valid error 100.000%, best valid error 100.000%, avg grad norm   0.023, avg grad norm (post clip)   0.000, rho_Whh  1.29, Omega  0.00, alpha  0.000, steps in the past 0.000, valid nll 0.097
  [diag] log10|dL/dh_t| hist bins=60 range=(-7.10,-3.84) mean=-6.18 p50=-6.28 p05=-6.49 p95=-5.77
  [diag] sat-dist hist bins=60 sat<0.05=0.0% mean=0.568 p10=0.567 p90=0.569
Iter 0034900: train nll 0.123, valid error 100.000%, best valid error 100.000%, avg grad norm   0.026, avg grad norm (post clip)   0.000, rho_Whh  1.29, Omega  0.00, alpha  0.000, steps in the past 0.000, valid nll 0.097
  [diag] log10|dL/dh_t| hist bins=60 range=(-7.11,-3.84) mean=-6.19 p50=-6.28 p05=-6.49 p95=-5.77
  [diag] sat-dist hist bins=60 sat<0.05=0.0% mean=0.568 p10=0.567 p90=0.569
Iter 0034920: train nll 0.120, valid error 100.000%, best valid error 100.000%, avg grad norm   0.023, avg grad norm (post clip)   0.000, rho_Whh  1.29, Omega  0.00, alpha  0.000, steps in the past 0.000, valid nll 0.097
  [diag] log10|dL/dh_t| hist bins=60 range=(-7.11,-3.84) mean=-6.19 p50=-6.28 p05=-6.49 p95=-5.77
  [diag] sat-dist hist bins=60 sat<0.05=0.0% mean=0.568 p10=0.567 p90=0.569
Iter 0034940: train nll 0.117, valid error 100.000%, best valid error 100.000%, avg grad norm   0.023, avg grad norm (post clip)   0.000, rho_Whh  1.29, Omega  0.00, alpha  0.000, steps in the past 0.000, valid nll 0.097
  [diag] log10|dL/dh_t| hist bins=60 range=(-7.11,-3.84) mean=-6.18 p50=-6.28 p05=-6.49 p95=-5.77
  [diag] sat-dist hist bins=60 sat<0.05=0.0% mean=0.569 p10=0.567 p90=0.569
Iter 0034960: train nll 0.125, valid error 100.000%, best valid error 100.000%, avg grad norm   0.023, avg grad norm (post clip)   0.000, rho_Whh  1.29, Omega  0.00, alpha  0.000, steps in the past 0.000, valid nll 0.097
  [diag] log10|dL/dh_t| hist bins=60 range=(-7.10,-3.84) mean=-6.17 p50=-6.26 p05=-6.48 p95=-5.77
  [diag] sat-dist hist bins=60 sat<0.05=0.0% mean=0.570 p10=0.568 p90=0.570
Iter 0034980: train nll 0.135, valid error 100.000%, best valid error 100.000%, avg grad norm   0.027, avg grad norm (post clip)   0.000, rho_Whh  1.29, Omega  0.00, alpha  0.000, steps in the past 0.000, valid nll 0.097
  [diag] log10|dL/dh_t| hist bins=60 range=(-7.11,-3.84) mean=-6.19 p50=-6.28 p05=-6.49 p95=-5.77
  [diag] sat-dist hist bins=60 sat<0.05=0.0% mean=0.569 p10=0.567 p90=0.569
Iter 0035000: train nll 0.117, valid error 100.000%, best valid error 100.000%, avg grad norm   0.027, avg grad norm (post clip)   0.000, rho_Whh  1.29, Omega  0.00, alpha  0.000, steps in the past 0.000, valid nll 0.097
  [diag] log10|dL/dh_t| hist bins=60 range=(-7.11,-3.84) mean=-6.19 p50=-6.28 p05=-6.50 p95=-5.77
  [diag] sat-dist hist bins=60 sat<0.05=0.0% mean=0.569 p10=0.567 p90=0.569
Iter 0035020: train nll 0.125, valid error 100.000%, best valid error 100.000%, avg grad norm   0.026, avg grad norm (post clip)   0.000, rho_Whh  1.29, Omega  0.00, alpha  0.000, steps in the past 0.000, valid nll 0.097
  [diag] log10|dL/dh_t| hist bins=60 range=(-7.11,-3.84) mean=-6.18 p50=-6.27 p05=-6.49 p95=-5.78
  [diag] sat-dist hist bins=60 sat<0.05=0.0% mean=0.569 p10=0.568 p90=0.570
Iter 0035040: train nll 0.130, valid error 100.000%, best valid error 100.000%, avg grad norm   0.026, avg grad norm (post clip)   0.000, rho_Whh  1.29, Omega  0.00, alpha  0.000, steps in the past 0.000, valid nll 0.097
  [diag] log10|dL/dh_t| hist bins=60 range=(-7.12,-3.84) mean=-6.19 p50=-6.28 p05=-6.50 p95=-5.78
  [diag] sat-dist hist bins=60 sat<0.05=0.0% mean=0.569 p10=0.568 p90=0.570
Iter 0035060: train nll 0.120, valid error 100.000%, best valid error 100.000%, avg grad norm   0.025, avg grad norm (post clip)   0.000, rho_Whh  1.29, Omega  0.00, alpha  0.000, steps in the past 0.000, valid nll 0.097
  [diag] log10|dL/dh_t| hist bins=60 range=(-7.13,-3.84) mean=-6.20 p50=-6.29 p05=-6.51 p95=-5.78
  [diag] sat-dist hist bins=60 sat<0.05=0.0% mean=0.568 p10=0.567 p90=0.569
Iter 0035080: train nll 0.109, valid error 100.000%, best valid error 100.000%, avg grad norm   0.021, avg grad norm (post clip)   0.000, rho_Whh  1.29, Omega  0.00, alpha  0.000, steps in the past 0.000, valid nll 0.097
  [diag] log10|dL/dh_t| hist bins=60 range=(-7.12,-3.84) mean=-6.19 p50=-6.28 p05=-6.50 p95=-5.78
  [diag] sat-dist hist bins=60 sat<0.05=0.0% mean=0.569 p10=0.568 p90=0.570
Iter 0035100: train nll 0.133, valid error 100.000%, best valid error 100.000%, avg grad norm   0.024, avg grad norm (post clip)   0.000, rho_Whh  1.29, Omega  0.00, alpha  0.000, steps in the past 0.000, valid nll 0.097
  [diag] log10|dL/dh_t| hist bins=60 range=(-7.11,-3.84) mean=-6.18 p50=-6.27 p05=-6.50 p95=-5.78
  [diag] sat-dist hist bins=60 sat<0.05=0.0% mean=0.570 p10=0.569 p90=0.571
Iter 0035120: train nll 0.137, valid error 100.000%, best valid error 100.000%, avg grad norm   0.024, avg grad norm (post clip)   0.000, rho_Whh  1.29, Omega  0.00, alpha  0.000, steps in the past 0.000, valid nll 0.097
  [diag] log10|dL/dh_t| hist bins=60 range=(-7.12,-3.84) mean=-6.18 p50=-6.27 p05=-6.50 p95=-5.78
  [diag] sat-dist hist bins=60 sat<0.05=0.0% mean=0.570 p10=0.569 p90=0.571
Iter 0035140: train nll 0.133, valid error 100.000%, best valid error 100.000%, avg grad norm   0.028, avg grad norm (post clip)   0.000, rho_Whh  1.29, Omega  0.00, alpha  0.000, steps in the past 0.000, valid nll 0.097
  [diag] log10|dL/dh_t| hist bins=60 range=(-7.12,-3.84) mean=-6.19 p50=-6.28 p05=-6.51 p95=-5.78
  [diag] sat-dist hist bins=60 sat<0.05=0.0% mean=0.569 p10=0.568 p90=0.570
Iter 0035160: train nll 0.119, valid error 100.000%, best valid error 100.000%, avg grad norm   0.024, avg grad norm (post clip)   0.000, rho_Whh  1.29, Omega  0.00, alpha  0.000, steps in the past 0.000, valid nll 0.097
  [diag] log10|dL/dh_t| hist bins=60 range=(-7.13,-3.84) mean=-6.20 p50=-6.29 p05=-6.51 p95=-5.78
  [diag] sat-dist hist bins=60 sat<0.05=0.0% mean=0.569 p10=0.567 p90=0.569
Iter 0035180: train nll 0.120, valid error 100.000%, best valid error 100.000%, avg grad norm   0.025, avg grad norm (post clip)   0.000, rho_Whh  1.29, Omega  0.00, alpha  0.000, steps in the past 0.000, valid nll 0.097
  [diag] log10|dL/dh_t| hist bins=60 range=(-7.13,-3.84) mean=-6.20 p50=-6.29 p05=-6.52 p95=-5.78
  [diag] sat-dist hist bins=60 sat<0.05=0.0% mean=0.568 p10=0.567 p90=0.569
Iter 0035200: train nll 0.119, valid error 100.000%, best valid error 100.000%, avg grad norm   0.023, avg grad norm (post clip)   0.000, rho_Whh  1.29, Omega  0.00, alpha  0.000, steps in the past 0.000, valid nll 0.097
  [diag] log10|dL/dh_t| hist bins=60 range=(-7.14,-3.84) mean=-6.21 p50=-6.30 p05=-6.52 p95=-5.79
  [diag] sat-dist hist bins=60 sat<0.05=0.0% mean=0.568 p10=0.567 p90=0.569
Iter 0035220: train nll 0.121, valid error 100.000%, best valid error 100.000%, avg grad norm   0.024, avg grad norm (post clip)   0.000, rho_Whh  1.29, Omega  0.00, alpha  0.000, steps in the past 0.000, valid nll 0.097
  [diag] log10|dL/dh_t| hist bins=60 range=(-7.15,-3.84) mean=-6.22 p50=-6.31 p05=-6.53 p95=-5.79
  [diag] sat-dist hist bins=60 sat<0.05=0.0% mean=0.567 p10=0.566 p90=0.568
Iter 0035240: train nll 0.108, valid error 100.000%, best valid error 100.000%, avg grad norm   0.021, avg grad norm (post clip)   0.000, rho_Whh  1.29, Omega  0.00, alpha  0.000, steps in the past 0.000, valid nll 0.097
  [diag] log10|dL/dh_t| hist bins=60 range=(-7.16,-3.83) mean=-6.23 p50=-6.32 p05=-6.54 p95=-5.79
  [diag] sat-dist hist bins=60 sat<0.05=0.0% mean=0.567 p10=0.566 p90=0.567
Iter 0035260: train nll 0.106, valid error 100.000%, best valid error 100.000%, avg grad norm   0.021, avg grad norm (post clip)   0.000, rho_Whh  1.29, Omega  0.00, alpha  0.000, steps in the past 0.000, valid nll 0.097
  [diag] log10|dL/dh_t| hist bins=60 range=(-7.15,-3.84) mean=-6.22 p50=-6.32 p05=-6.53 p95=-5.79
  [diag] sat-dist hist bins=60 sat<0.05=0.0% mean=0.567 p10=0.566 p90=0.568
Iter 0035280: train nll 0.118, valid error 100.000%, best valid error 100.000%, avg grad norm   0.023, avg grad norm (post clip)   0.000, rho_Whh  1.29, Omega  0.00, alpha  0.000, steps in the past 0.000, valid nll 0.097
  [diag] log10|dL/dh_t| hist bins=60 range=(-7.14,-3.84) mean=-6.19 p50=-6.28 p05=-6.52 p95=-5.79
  [diag] sat-dist hist bins=60 sat<0.05=0.0% mean=0.570 p10=0.568 p90=0.570
Iter 0035300: train nll 0.138, valid error 100.000%, best valid error 100.000%, avg grad norm   0.027, avg grad norm (post clip)   0.000, rho_Whh  1.29, Omega  0.00, alpha  0.000, steps in the past 0.000, valid nll 0.097
  [diag] log10|dL/dh_t| hist bins=60 range=(-7.14,-3.84) mean=-6.20 p50=-6.30 p05=-6.52 p95=-5.79
  [diag] sat-dist hist bins=60 sat<0.05=0.0% mean=0.569 p10=0.568 p90=0.570
Iter 0035320: train nll 0.118, valid error 100.000%, best valid error 100.000%, avg grad norm   0.024, avg grad norm (post clip)   0.000, rho_Whh  1.29, Omega  0.00, alpha  0.000, steps in the past 0.000, valid nll 0.097
  [diag] log10|dL/dh_t| hist bins=60 range=(-7.14,-3.84) mean=-6.20 p50=-6.29 p05=-6.52 p95=-5.79
  [diag] sat-dist hist bins=60 sat<0.05=0.0% mean=0.569 p10=0.568 p90=0.570
Iter 0035340: train nll 0.125, valid error 100.000%, best valid error 100.000%, avg grad norm   0.023, avg grad norm (post clip)   0.000, rho_Whh  1.29, Omega  0.00, alpha  0.000, steps in the past 0.000, valid nll 0.097
  [diag] log10|dL/dh_t| hist bins=60 range=(-7.14,-3.84) mean=-6.20 p50=-6.29 p05=-6.52 p95=-5.79
  [diag] sat-dist hist bins=60 sat<0.05=0.0% mean=0.569 p10=0.568 p90=0.570
Iter 0035360: train nll 0.130, valid error 100.000%, best valid error 100.000%, avg grad norm   0.025, avg grad norm (post clip)   0.000, rho_Whh  1.29, Omega  0.00, alpha  0.000, steps in the past 0.000, valid nll 0.097
  [diag] log10|dL/dh_t| hist bins=60 range=(-7.15,-3.84) mean=-6.21 p50=-6.30 p05=-6.53 p95=-5.79
  [diag] sat-dist hist bins=60 sat<0.05=0.0% mean=0.569 p10=0.567 p90=0.569
Iter 0035380: train nll 0.117, valid error 100.000%, best valid error 100.000%, avg grad norm   0.022, avg grad norm (post clip)   0.000, rho_Whh  1.29, Omega  0.00, alpha  0.000, steps in the past 0.000, valid nll 0.097
  [diag] log10|dL/dh_t| hist bins=60 range=(-7.14,-3.84) mean=-6.19 p50=-6.28 p05=-6.52 p95=-5.79
  [diag] sat-dist hist bins=60 sat<0.05=0.0% mean=0.570 p10=0.569 p90=0.571
Iter 0035400: train nll 0.134, valid error 100.000%, best valid error 100.000%, avg grad norm   0.025, avg grad norm (post clip)   0.000, rho_Whh  1.29, Omega  0.00, alpha  0.000, steps in the past 0.000, valid nll 0.097
  [diag] log10|dL/dh_t| hist bins=60 range=(-7.14,-3.84) mean=-6.19 p50=-6.28 p05=-6.52 p95=-5.79
  [diag] sat-dist hist bins=60 sat<0.05=0.0% mean=0.570 p10=0.569 p90=0.571
Iter 0035420: train nll 0.131, valid error 100.000%, best valid error 100.000%, avg grad norm   0.025, avg grad norm (post clip)   0.000, rho_Whh  1.29, Omega  0.00, alpha  0.000, steps in the past 0.000, valid nll 0.097
  [diag] log10|dL/dh_t| hist bins=60 range=(-7.16,-3.84) mean=-6.21 p50=-6.30 p05=-6.53 p95=-5.80
  [diag] sat-dist hist bins=60 sat<0.05=0.0% mean=0.569 p10=0.568 p90=0.570
Iter 0035440: train nll 0.118, valid error 100.000%, best valid error 100.000%, avg grad norm   0.026, avg grad norm (post clip)   0.000, rho_Whh  1.29, Omega  0.00, alpha  0.000, steps in the past 0.000, valid nll 0.097
  [diag] log10|dL/dh_t| hist bins=60 range=(-7.16,-3.84) mean=-6.22 p50=-6.31 p05=-6.54 p95=-5.80
  [diag] sat-dist hist bins=60 sat<0.05=0.0% mean=0.568 p10=0.567 p90=0.569
Iter 0035460: train nll 0.119, valid error 100.000%, best valid error 100.000%, avg grad norm   0.022, avg grad norm (post clip)   0.000, rho_Whh  1.29, Omega  0.00, alpha  0.000, steps in the past 0.000, valid nll 0.097
  [diag] log10|dL/dh_t| hist bins=60 range=(-7.16,-3.84) mean=-6.21 p50=-6.30 p05=-6.54 p95=-5.80
  [diag] sat-dist hist bins=60 sat<0.05=0.0% mean=0.569 p10=0.568 p90=0.570
Iter 0035480: train nll 0.130, valid error 100.000%, best valid error 100.000%, avg grad norm   0.027, avg grad norm (post clip)   0.000, rho_Whh  1.29, Omega  0.00, alpha  0.000, steps in the past 0.000, valid nll 0.097
  [diag] log10|dL/dh_t| hist bins=60 range=(-7.16,-3.84) mean=-6.21 p50=-6.31 p05=-6.54 p95=-5.80
  [diag] sat-dist hist bins=60 sat<0.05=0.0% mean=0.569 p10=0.568 p90=0.570
Iter 0035500: train nll 0.118, valid error 100.000%, best valid error 100.000%, avg grad norm   0.022, avg grad norm (post clip)   0.000, rho_Whh  1.29, Omega  0.00, alpha  0.000, steps in the past 0.000, valid nll 0.097
  [diag] log10|dL/dh_t| hist bins=60 range=(-7.16,-3.84) mean=-6.21 p50=-6.30 p05=-6.54 p95=-5.80
  [diag] sat-dist hist bins=60 sat<0.05=0.0% mean=0.569 p10=0.568 p90=0.570
Iter 0035520: train nll 0.128, valid error 100.000%, best valid error 100.000%, avg grad norm   0.025, avg grad norm (post clip)   0.000, rho_Whh  1.29, Omega  0.00, alpha  0.000, steps in the past 0.000, valid nll 0.097
  [diag] log10|dL/dh_t| hist bins=60 range=(-7.17,-3.84) mean=-6.22 p50=-6.31 p05=-6.55 p95=-5.80
  [diag] sat-dist hist bins=60 sat<0.05=0.0% mean=0.569 p10=0.567 p90=0.570
Iter 0035540: train nll 0.120, valid error 100.000%, best valid error 100.000%, avg grad norm   0.024, avg grad norm (post clip)   0.000, rho_Whh  1.29, Omega  0.00, alpha  0.000, steps in the past 0.000, valid nll 0.097
  [diag] log10|dL/dh_t| hist bins=60 range=(-7.17,-3.84) mean=-6.22 p50=-6.31 p05=-6.55 p95=-5.80
  [diag] sat-dist hist bins=60 sat<0.05=0.0% mean=0.569 p10=0.568 p90=0.570
Iter 0035560: train nll 0.130, valid error 100.000%, best valid error 100.000%, avg grad norm   0.027, avg grad norm (post clip)   0.000, rho_Whh  1.29, Omega  0.00, alpha  0.000, steps in the past 0.000, valid nll 0.097
  [diag] log10|dL/dh_t| hist bins=60 range=(-7.18,-3.84) mean=-6.23 p50=-6.32 p05=-6.56 p95=-5.80
  [diag] sat-dist hist bins=60 sat<0.05=0.0% mean=0.568 p10=0.567 p90=0.569
Iter 0035580: train nll 0.114, valid error 100.000%, best valid error 100.000%, avg grad norm   0.023, avg grad norm (post clip)   0.000, rho_Whh  1.29, Omega  0.00, alpha  0.000, steps in the past 0.000, valid nll 0.097
  [diag] log10|dL/dh_t| hist bins=60 range=(-7.18,-3.84) mean=-6.23 p50=-6.32 p05=-6.56 p95=-5.80
  [diag] sat-dist hist bins=60 sat<0.05=0.0% mean=0.568 p10=0.567 p90=0.569
Iter 0035600: train nll 0.120, valid error 100.000%, best valid error 100.000%, avg grad norm   0.026, avg grad norm (post clip)   0.000, rho_Whh  1.29, Omega  0.00, alpha  0.000, steps in the past 0.000, valid nll 0.097
  [diag] log10|dL/dh_t| hist bins=60 range=(-7.19,-3.84) mean=-6.24 p50=-6.33 p05=-6.56 p95=-5.81
  [diag] sat-dist hist bins=60 sat<0.05=0.0% mean=0.568 p10=0.567 p90=0.569
Iter 0035620: train nll 0.111, valid error 100.000%, best valid error 100.000%, avg grad norm   0.020, avg grad norm (post clip)   0.000, rho_Whh  1.29, Omega  0.00, alpha  0.000, steps in the past 0.000, valid nll 0.097
  [diag] log10|dL/dh_t| hist bins=60 range=(-7.18,-3.84) mean=-6.22 p50=-6.31 p05=-6.55 p95=-5.81
  [diag] sat-dist hist bins=60 sat<0.05=0.0% mean=0.569 p10=0.568 p90=0.570
Iter 0035640: train nll 0.132, valid error 100.000%, best valid error 100.000%, avg grad norm   0.030, avg grad norm (post clip)   0.000, rho_Whh  1.29, Omega  0.00, alpha  0.000, steps in the past 0.000, valid nll 0.097
  [diag] log10|dL/dh_t| hist bins=60 range=(-7.18,-3.84) mean=-6.22 p50=-6.31 p05=-6.55 p95=-5.81
  [diag] sat-dist hist bins=60 sat<0.05=0.0% mean=0.569 p10=0.568 p90=0.570
Iter 0035660: train nll 0.127, valid error 100.000%, best valid error 100.000%, avg grad norm   0.025, avg grad norm (post clip)   0.000, rho_Whh  1.29, Omega  0.00, alpha  0.000, steps in the past 0.000, valid nll 0.097
  [diag] log10|dL/dh_t| hist bins=60 range=(-7.18,-3.84) mean=-6.22 p50=-6.31 p05=-6.56 p95=-5.81
  [diag] sat-dist hist bins=60 sat<0.05=0.0% mean=0.569 p10=0.568 p90=0.570
Iter 0035680: train nll 0.128, valid error 100.000%, best valid error 100.000%, avg grad norm   0.025, avg grad norm (post clip)   0.000, rho_Whh  1.29, Omega  0.00, alpha  0.000, steps in the past 0.000, valid nll 0.097
  [diag] log10|dL/dh_t| hist bins=60 range=(-7.18,-3.84) mean=-6.22 p50=-6.31 p05=-6.56 p95=-5.81
  [diag] sat-dist hist bins=60 sat<0.05=0.0% mean=0.569 p10=0.568 p90=0.570
Iter 0035700: train nll 0.124, valid error 100.000%, best valid error 100.000%, avg grad norm   0.024, avg grad norm (post clip)   0.000, rho_Whh  1.29, Omega  0.00, alpha  0.000, steps in the past 0.000, valid nll 0.097
  [diag] log10|dL/dh_t| hist bins=60 range=(-7.19,-3.84) mean=-6.22 p50=-6.31 p05=-6.56 p95=-5.81
  [diag] sat-dist hist bins=60 sat<0.05=0.0% mean=0.569 p10=0.568 p90=0.570
Iter 0035720: train nll 0.127, valid error 100.000%, best valid error 100.000%, avg grad norm   0.026, avg grad norm (post clip)   0.000, rho_Whh  1.29, Omega  0.00, alpha  0.000, steps in the past 0.000, valid nll 0.097
  [diag] log10|dL/dh_t| hist bins=60 range=(-7.19,-3.84) mean=-6.22 p50=-6.31 p05=-6.56 p95=-5.81
  [diag] sat-dist hist bins=60 sat<0.05=0.0% mean=0.569 p10=0.568 p90=0.570
Iter 0035740: train nll 0.131, valid error 100.000%, best valid error 100.000%, avg grad norm   0.023, avg grad norm (post clip)   0.000, rho_Whh  1.29, Omega  0.00, alpha  0.000, steps in the past 0.000, valid nll 0.097
  [diag] log10|dL/dh_t| hist bins=60 range=(-7.18,-3.84) mean=-6.20 p50=-6.29 p05=-6.55 p95=-5.81
  [diag] sat-dist hist bins=60 sat<0.05=0.0% mean=0.571 p10=0.570 p90=0.572
Iter 0035760: train nll 0.145, valid error 100.000%, best valid error 100.000%, avg grad norm   0.032, avg grad norm (post clip)   0.000, rho_Whh  1.29, Omega  0.00, alpha  0.000, steps in the past 0.000, valid nll 0.097
  [diag] log10|dL/dh_t| hist bins=60 range=(-7.19,-3.84) mean=-6.22 p50=-6.31 p05=-6.56 p95=-5.81
  [diag] sat-dist hist bins=60 sat<0.05=0.0% mean=0.569 p10=0.568 p90=0.571
Iter 0035780: train nll 0.126, valid error 100.000%, best valid error 100.000%, avg grad norm   0.025, avg grad norm (post clip)   0.000, rho_Whh  1.29, Omega  0.00, alpha  0.000, steps in the past 0.000, valid nll 0.097
  [diag] log10|dL/dh_t| hist bins=60 range=(-7.19,-3.84) mean=-6.22 p50=-6.31 p05=-6.56 p95=-5.81
  [diag] sat-dist hist bins=60 sat<0.05=0.0% mean=0.569 p10=0.568 p90=0.571
Iter 0035800: train nll 0.122, valid error 100.000%, best valid error 100.000%, avg grad norm   0.024, avg grad norm (post clip)   0.000, rho_Whh  1.29, Omega  0.00, alpha  0.000, steps in the past 0.000, valid nll 0.097
  [diag] log10|dL/dh_t| hist bins=60 range=(-7.20,-3.84) mean=-6.23 p50=-6.32 p05=-6.57 p95=-5.82
  [diag] sat-dist hist bins=60 sat<0.05=0.0% mean=0.569 p10=0.568 p90=0.571
Iter 0035820: train nll 0.126, valid error 100.000%, best valid error 100.000%, avg grad norm   0.023, avg grad norm (post clip)   0.000, rho_Whh  1.29, Omega  0.00, alpha  0.000, steps in the past 0.000, valid nll 0.097
  [diag] log10|dL/dh_t| hist bins=60 range=(-7.20,-3.84) mean=-6.24 p50=-6.33 p05=-6.58 p95=-5.82
  [diag] sat-dist hist bins=60 sat<0.05=0.0% mean=0.568 p10=0.567 p90=0.570
Iter 0035840: train nll 0.110, valid error 100.000%, best valid error 100.000%, avg grad norm   0.023, avg grad norm (post clip)   0.000, rho_Whh  1.29, Omega  0.00, alpha  0.000, steps in the past 0.000, valid nll 0.097
  [diag] log10|dL/dh_t| hist bins=60 range=(-7.21,-3.84) mean=-6.25 p50=-6.34 p05=-6.58 p95=-5.82
  [diag] sat-dist hist bins=60 sat<0.05=0.0% mean=0.568 p10=0.567 p90=0.569
Iter 0035860: train nll 0.110, valid error 100.000%, best valid error 100.000%, avg grad norm   0.020, avg grad norm (post clip)   0.000, rho_Whh  1.29, Omega  0.00, alpha  0.000, steps in the past 0.000, valid nll 0.097
  [diag] log10|dL/dh_t| hist bins=60 range=(-7.20,-3.84) mean=-6.23 p50=-6.32 p05=-6.57 p95=-5.82
  [diag] sat-dist hist bins=60 sat<0.05=0.0% mean=0.569 p10=0.568 p90=0.571
Iter 0035880: train nll 0.130, valid error 100.000%, best valid error 100.000%, avg grad norm   0.025, avg grad norm (post clip)   0.000, rho_Whh  1.29, Omega  0.00, alpha  0.000, steps in the past 0.000, valid nll 0.097
  [diag] log10|dL/dh_t| hist bins=60 range=(-7.22,-3.84) mean=-6.26 p50=-6.35 p05=-6.59 p95=-5.82
  [diag] sat-dist hist bins=60 sat<0.05=0.0% mean=0.567 p10=0.566 p90=0.568
Iter 0035900: train nll 0.099, valid error 100.000%, best valid error 100.000%, avg grad norm   0.020, avg grad norm (post clip)   0.000, rho_Whh  1.29, Omega  0.00, alpha  0.000, steps in the past 0.000, valid nll 0.097
  [diag] log10|dL/dh_t| hist bins=60 range=(-7.22,-3.84) mean=-6.25 p50=-6.34 p05=-6.59 p95=-5.82
  [diag] sat-dist hist bins=60 sat<0.05=0.0% mean=0.568 p10=0.567 p90=0.569
Iter 0035920: train nll 0.114, valid error 100.000%, best valid error 100.000%, avg grad norm   0.022, avg grad norm (post clip)   0.000, rho_Whh  1.29, Omega  0.00, alpha  0.000, steps in the past 0.000, valid nll 0.097
  [diag] log10|dL/dh_t| hist bins=60 range=(-7.22,-3.84) mean=-6.26 p50=-6.35 p05=-6.59 p95=-5.82
  [diag] sat-dist hist bins=60 sat<0.05=0.0% mean=0.567 p10=0.566 p90=0.569
Iter 0035940: train nll 0.113, valid error 100.000%, best valid error 100.000%, avg grad norm   0.021, avg grad norm (post clip)   0.000, rho_Whh  1.29, Omega  0.00, alpha  0.000, steps in the past 0.000, valid nll 0.097
  [diag] log10|dL/dh_t| hist bins=60 range=(-7.22,-3.84) mean=-6.25 p50=-6.35 p05=-6.59 p95=-5.82
  [diag] sat-dist hist bins=60 sat<0.05=0.0% mean=0.568 p10=0.566 p90=0.569
Iter 0035960: train nll 0.110, valid error 100.000%, best valid error 100.000%, avg grad norm   0.022, avg grad norm (post clip)   0.000, rho_Whh  1.29, Omega  0.00, alpha  0.000, steps in the past 0.000, valid nll 0.097
  [diag] log10|dL/dh_t| hist bins=60 range=(-7.21,-3.84) mean=-6.23 p50=-6.32 p05=-6.58 p95=-5.82
  [diag] sat-dist hist bins=60 sat<0.05=0.0% mean=0.569 p10=0.568 p90=0.571
Iter 0035980: train nll 0.137, valid error 100.000%, best valid error 100.000%, avg grad norm   0.028, avg grad norm (post clip)   0.000, rho_Whh  1.29, Omega  0.00, alpha  0.000, steps in the past 0.000, valid nll 0.097
  [diag] log10|dL/dh_t| hist bins=60 range=(-7.21,-3.84) mean=-6.22 p50=-6.31 p05=-6.57 p95=-5.82
  [diag] sat-dist hist bins=60 sat<0.05=0.0% mean=0.570 p10=0.569 p90=0.572
Iter 0036000: train nll 0.137, valid error 100.000%, best valid error 100.000%, avg grad norm   0.026, avg grad norm (post clip)   0.000, rho_Whh  1.29, Omega  0.00, alpha  0.000, steps in the past 0.000, valid nll 0.097
  [diag] log10|dL/dh_t| hist bins=60 range=(-7.20,-3.84) mean=-6.22 p50=-6.31 p05=-6.57 p95=-5.82
  [diag] sat-dist hist bins=60 sat<0.05=0.0% mean=0.570 p10=0.569 p90=0.572
Iter 0036020: train nll 0.130, valid error 100.000%, best valid error 100.000%, avg grad norm   0.026, avg grad norm (post clip)   0.000, rho_Whh  1.29, Omega  0.00, alpha  0.000, steps in the past 0.000, valid nll 0.097
  [diag] log10|dL/dh_t| hist bins=60 range=(-7.22,-3.84) mean=-6.24 p50=-6.33 p05=-6.59 p95=-5.83
  [diag] sat-dist hist bins=60 sat<0.05=0.0% mean=0.569 p10=0.568 p90=0.571
Iter 0036040: train nll 0.122, valid error 100.000%, best valid error 100.000%, avg grad norm   0.025, avg grad norm (post clip)   0.000, rho_Whh  1.29, Omega  0.00, alpha  0.000, steps in the past 0.000, valid nll 0.097
  [diag] log10|dL/dh_t| hist bins=60 range=(-7.21,-3.84) mean=-6.22 p50=-6.31 p05=-6.58 p95=-5.83
  [diag] sat-dist hist bins=60 sat<0.05=0.0% mean=0.570 p10=0.569 p90=0.572
Iter 0036060: train nll 0.142, valid error 100.000%, best valid error 100.000%, avg grad norm   0.027, avg grad norm (post clip)   0.000, rho_Whh  1.29, Omega  0.00, alpha  0.000, steps in the past 0.000, valid nll 0.097
  [diag] log10|dL/dh_t| hist bins=60 range=(-7.20,-3.84) mean=-6.21 p50=-6.30 p05=-6.57 p95=-5.83
  [diag] sat-dist hist bins=60 sat<0.05=0.0% mean=0.571 p10=0.569 p90=0.573
Iter 0036080: train nll 0.150, valid error 100.000%, best valid error 100.000%, avg grad norm   0.030, avg grad norm (post clip)   0.000, rho_Whh  1.29, Omega  0.00, alpha  0.000, steps in the past 0.000, valid nll 0.097
  [diag] log10|dL/dh_t| hist bins=60 range=(-7.22,-3.84) mean=-6.24 p50=-6.33 p05=-6.59 p95=-5.83
  [diag] sat-dist hist bins=60 sat<0.05=0.0% mean=0.569 p10=0.568 p90=0.571
Iter 0036100: train nll 0.111, valid error 100.000%, best valid error 100.000%, avg grad norm   0.025, avg grad norm (post clip)   0.000, rho_Whh  1.29, Omega  0.00, alpha  0.000, steps in the past 0.000, valid nll 0.097
  [diag] log10|dL/dh_t| hist bins=60 range=(-7.22,-3.84) mean=-6.24 p50=-6.33 p05=-6.59 p95=-5.83
  [diag] sat-dist hist bins=60 sat<0.05=0.0% mean=0.569 p10=0.568 p90=0.571
Iter 0036120: train nll 0.130, valid error 100.000%, best valid error 100.000%, avg grad norm   0.024, avg grad norm (post clip)   0.000, rho_Whh  1.29, Omega  0.00, alpha  0.000, steps in the past 0.000, valid nll 0.097
  [diag] log10|dL/dh_t| hist bins=60 range=(-7.21,-3.84) mean=-6.21 p50=-6.30 p05=-6.58 p95=-5.83
  [diag] sat-dist hist bins=60 sat<0.05=0.0% mean=0.571 p10=0.569 p90=0.573
Iter 0036140: train nll 0.155, valid error 100.000%, best valid error 100.000%, avg grad norm   0.029, avg grad norm (post clip)   0.000, rho_Whh  1.29, Omega  0.00, alpha  0.000, steps in the past 0.000, valid nll 0.097
  [diag] log10|dL/dh_t| hist bins=60 range=(-7.23,-3.84) mean=-6.24 p50=-6.34 p05=-6.60 p95=-5.83
  [diag] sat-dist hist bins=60 sat<0.05=0.0% mean=0.569 p10=0.568 p90=0.571
Iter 0036160: train nll 0.114, valid error 100.000%, best valid error 100.000%, avg grad norm   0.024, avg grad norm (post clip)   0.000, rho_Whh  1.29, Omega  0.00, alpha  0.000, steps in the past 0.000, valid nll 0.097
  [diag] log10|dL/dh_t| hist bins=60 range=(-7.23,-3.84) mean=-6.24 p50=-6.33 p05=-6.59 p95=-5.83
  [diag] sat-dist hist bins=60 sat<0.05=0.0% mean=0.570 p10=0.568 p90=0.571
Iter 0036180: train nll 0.135, valid error 100.000%, best valid error 100.000%, avg grad norm   0.026, avg grad norm (post clip)   0.000, rho_Whh  1.29, Omega  0.00, alpha  0.000, steps in the past 0.000, valid nll 0.097
  [diag] log10|dL/dh_t| hist bins=60 range=(-7.23,-3.84) mean=-6.23 p50=-6.32 p05=-6.59 p95=-5.83
  [diag] sat-dist hist bins=60 sat<0.05=0.0% mean=0.570 p10=0.568 p90=0.572
Iter 0036200: train nll 0.132, valid error 100.000%, best valid error 100.000%, avg grad norm   0.027, avg grad norm (post clip)   0.000, rho_Whh  1.29, Omega  0.00, alpha  0.000, steps in the past 0.000, valid nll 0.097
  [diag] log10|dL/dh_t| hist bins=60 range=(-7.24,-3.84) mean=-6.25 p50=-6.34 p05=-6.60 p95=-5.83
  [diag] sat-dist hist bins=60 sat<0.05=0.0% mean=0.569 p10=0.568 p90=0.571
Iter 0036220: train nll 0.116, valid error 100.000%, best valid error 100.000%, avg grad norm   0.024, avg grad norm (post clip)   0.000, rho_Whh  1.29, Omega  0.00, alpha  0.000, steps in the past 0.000, valid nll 0.097
  [diag] log10|dL/dh_t| hist bins=60 range=(-7.23,-3.84) mean=-6.24 p50=-6.33 p05=-6.60 p95=-5.84
  [diag] sat-dist hist bins=60 sat<0.05=0.0% mean=0.569 p10=0.568 p90=0.571
Iter 0036240: train nll 0.131, valid error 100.000%, best valid error 100.000%, avg grad norm   0.027, avg grad norm (post clip)   0.000, rho_Whh  1.29, Omega  0.00, alpha  0.000, steps in the past 0.000, valid nll 0.097
  [diag] log10|dL/dh_t| hist bins=60 range=(-7.24,-3.84) mean=-6.25 p50=-6.34 p05=-6.61 p95=-5.84
  [diag] sat-dist hist bins=60 sat<0.05=0.0% mean=0.569 p10=0.567 p90=0.570
Iter 0036260: train nll 0.121, valid error 100.000%, best valid error 100.000%, avg grad norm   0.023, avg grad norm (post clip)   0.000, rho_Whh  1.29, Omega  0.00, alpha  0.000, steps in the past 0.000, valid nll 0.097
  [diag] log10|dL/dh_t| hist bins=60 range=(-7.24,-3.84) mean=-6.25 p50=-6.34 p05=-6.61 p95=-5.84
  [diag] sat-dist hist bins=60 sat<0.05=0.0% mean=0.569 p10=0.568 p90=0.571
Iter 0036280: train nll 0.118, valid error 100.000%, best valid error 100.000%, avg grad norm   0.023, avg grad norm (post clip)   0.000, rho_Whh  1.29, Omega  0.00, alpha  0.000, steps in the past 0.000, valid nll 0.097
  [diag] log10|dL/dh_t| hist bins=60 range=(-7.24,-3.84) mean=-6.24 p50=-6.33 p05=-6.60 p95=-5.84
  [diag] sat-dist hist bins=60 sat<0.05=0.0% mean=0.570 p10=0.568 p90=0.571
Iter 0036300: train nll 0.131, valid error 100.000%, best valid error 100.000%, avg grad norm   0.025, avg grad norm (post clip)   0.000, rho_Whh  1.29, Omega  0.00, alpha  0.000, steps in the past 0.000, valid nll 0.097
  [diag] log10|dL/dh_t| hist bins=60 range=(-7.24,-3.84) mean=-6.25 p50=-6.33 p05=-6.61 p95=-5.84
  [diag] sat-dist hist bins=60 sat<0.05=0.0% mean=0.569 p10=0.568 p90=0.571
Iter 0036320: train nll 0.135, valid error 100.000%, best valid error 100.000%, avg grad norm   0.026, avg grad norm (post clip)   0.000, rho_Whh  1.29, Omega  0.00, alpha  0.000, steps in the past 0.000, valid nll 0.097
  [diag] log10|dL/dh_t| hist bins=60 range=(-7.24,-3.84) mean=-6.25 p50=-6.34 p05=-6.61 p95=-5.84
  [diag] sat-dist hist bins=60 sat<0.05=0.0% mean=0.569 p10=0.568 p90=0.571
Iter 0036340: train nll 0.126, valid error 100.000%, best valid error 100.000%, avg grad norm   0.026, avg grad norm (post clip)   0.000, rho_Whh  1.29, Omega  0.00, alpha  0.000, steps in the past 0.000, valid nll 0.097
  [diag] log10|dL/dh_t| hist bins=60 range=(-7.25,-3.84) mean=-6.26 p50=-6.35 p05=-6.62 p95=-5.84
  [diag] sat-dist hist bins=60 sat<0.05=0.0% mean=0.568 p10=0.567 p90=0.570
Iter 0036360: train nll 0.116, valid error 100.000%, best valid error 100.000%, avg grad norm   0.024, avg grad norm (post clip)   0.000, rho_Whh  1.29, Omega  0.00, alpha  0.000, steps in the past 0.000, valid nll 0.097
  [diag] log10|dL/dh_t| hist bins=60 range=(-7.24,-3.84) mean=-6.24 p50=-6.33 p05=-6.61 p95=-5.84
  [diag] sat-dist hist bins=60 sat<0.05=0.0% mean=0.570 p10=0.568 p90=0.572
Iter 0036380: train nll 0.138, valid error 100.000%, best valid error 100.000%, avg grad norm   0.027, avg grad norm (post clip)   0.000, rho_Whh  1.29, Omega  0.00, alpha  0.000, steps in the past 0.000, valid nll 0.097
  [diag] log10|dL/dh_t| hist bins=60 range=(-7.26,-3.84) mean=-6.27 p50=-6.36 p05=-6.62 p95=-5.84
  [diag] sat-dist hist bins=60 sat<0.05=0.0% mean=0.568 p10=0.567 p90=0.570
Iter 0036400: train nll 0.117, valid error 100.000%, best valid error 100.000%, avg grad norm   0.024, avg grad norm (post clip)   0.000, rho_Whh  1.29, Omega  0.00, alpha  0.000, steps in the past 0.000, valid nll 0.097
  [diag] log10|dL/dh_t| hist bins=60 range=(-7.25,-3.84) mean=-6.25 p50=-6.34 p05=-6.61 p95=-5.84
  [diag] sat-dist hist bins=60 sat<0.05=0.0% mean=0.569 p10=0.567 p90=0.571
Iter 0036420: train nll 0.134, valid error 100.000%, best valid error 100.000%, avg grad norm   0.026, avg grad norm (post clip)   0.000, rho_Whh  1.29, Omega  0.00, alpha  0.000, steps in the past 0.000, valid nll 0.097
  [diag] log10|dL/dh_t| hist bins=60 range=(-7.25,-3.84) mean=-6.24 p50=-6.33 p05=-6.61 p95=-5.84
  [diag] sat-dist hist bins=60 sat<0.05=0.0% mean=0.570 p10=0.568 p90=0.572
Iter 0036440: train nll 0.132, valid error 100.000%, best valid error 100.000%, avg grad norm   0.023, avg grad norm (post clip)   0.000, rho_Whh  1.29, Omega  0.00, alpha  0.000, steps in the past 0.000, valid nll 0.097
  [diag] log10|dL/dh_t| hist bins=60 range=(-7.25,-3.84) mean=-6.25 p50=-6.34 p05=-6.62 p95=-5.85
  [diag] sat-dist hist bins=60 sat<0.05=0.0% mean=0.570 p10=0.567 p90=0.571
Iter 0036460: train nll 0.124, valid error 100.000%, best valid error 100.000%, avg grad norm   0.026, avg grad norm (post clip)   0.000, rho_Whh  1.29, Omega  0.00, alpha  0.000, steps in the past 0.000, valid nll 0.097
  [diag] log10|dL/dh_t| hist bins=60 range=(-7.25,-3.84) mean=-6.25 p50=-6.34 p05=-6.62 p95=-5.85
  [diag] sat-dist hist bins=60 sat<0.05=0.0% mean=0.570 p10=0.568 p90=0.572
Iter 0036480: train nll 0.125, valid error 100.000%, best valid error 100.000%, avg grad norm   0.025, avg grad norm (post clip)   0.000, rho_Whh  1.29, Omega  0.00, alpha  0.000, steps in the past 0.000, valid nll 0.097
  [diag] log10|dL/dh_t| hist bins=60 range=(-7.27,-3.84) mean=-6.27 p50=-6.36 p05=-6.63 p95=-5.85
  [diag] sat-dist hist bins=60 sat<0.05=0.0% mean=0.568 p10=0.567 p90=0.570
Iter 0036500: train nll 0.115, valid error 100.000%, best valid error 100.000%, avg grad norm   0.025, avg grad norm (post clip)   0.000, rho_Whh  1.29, Omega  0.00, alpha  0.000, steps in the past 0.000, valid nll 0.097
  [diag] log10|dL/dh_t| hist bins=60 range=(-7.27,-3.84) mean=-6.27 p50=-6.36 p05=-6.63 p95=-5.85
  [diag] sat-dist hist bins=60 sat<0.05=0.0% mean=0.568 p10=0.567 p90=0.570
Iter 0036520: train nll 0.116, valid error 100.000%, best valid error 100.000%, avg grad norm   0.022, avg grad norm (post clip)   0.000, rho_Whh  1.29, Omega  0.00, alpha  0.000, steps in the past 0.000, valid nll 0.097
  [diag] log10|dL/dh_t| hist bins=60 range=(-7.27,-3.84) mean=-6.27 p50=-6.36 p05=-6.63 p95=-5.85
  [diag] sat-dist hist bins=60 sat<0.05=0.0% mean=0.568 p10=0.567 p90=0.570
Iter 0036540: train nll 0.114, valid error 100.000%, best valid error 100.000%, avg grad norm   0.023, avg grad norm (post clip)   0.000, rho_Whh  1.29, Omega  0.00, alpha  0.000, steps in the past 0.000, valid nll 0.097
  [diag] log10|dL/dh_t| hist bins=60 range=(-7.26,-3.84) mean=-6.26 p50=-6.35 p05=-6.63 p95=-5.85
  [diag] sat-dist hist bins=60 sat<0.05=0.0% mean=0.569 p10=0.567 p90=0.571
Iter 0036560: train nll 0.132, valid error 100.000%, best valid error 100.000%, avg grad norm   0.024, avg grad norm (post clip)   0.000, rho_Whh  1.29, Omega  0.00, alpha  0.000, steps in the past 0.000, valid nll 0.097
  [diag] log10|dL/dh_t| hist bins=60 range=(-7.27,-3.84) mean=-6.27 p50=-6.36 p05=-6.63 p95=-5.85
  [diag] sat-dist hist bins=60 sat<0.05=0.0% mean=0.569 p10=0.567 p90=0.570
Iter 0036580: train nll 0.122, valid error 100.000%, best valid error 100.000%, avg grad norm   0.025, avg grad norm (post clip)   0.000, rho_Whh  1.29, Omega  0.00, alpha  0.000, steps in the past 0.000, valid nll 0.097
  [diag] log10|dL/dh_t| hist bins=60 range=(-7.27,-3.84) mean=-6.27 p50=-6.36 p05=-6.64 p95=-5.85
  [diag] sat-dist hist bins=60 sat<0.05=0.0% mean=0.568 p10=0.567 p90=0.570
Iter 0036600: train nll 0.126, valid error 100.000%, best valid error 100.000%, avg grad norm   0.026, avg grad norm (post clip)   0.000, rho_Whh  1.29, Omega  0.00, alpha  0.000, steps in the past 0.000, valid nll 0.097
  [diag] log10|dL/dh_t| hist bins=60 range=(-7.26,-3.84) mean=-6.25 p50=-6.34 p05=-6.63 p95=-5.85
  [diag] sat-dist hist bins=60 sat<0.05=0.0% mean=0.570 p10=0.567 p90=0.572
Iter 0036620: train nll 0.141, valid error 100.000%, best valid error 100.000%, avg grad norm   0.026, avg grad norm (post clip)   0.000, rho_Whh  1.29, Omega  0.00, alpha  0.000, steps in the past 0.000, valid nll 0.097
  [diag] log10|dL/dh_t| hist bins=60 range=(-7.27,-3.84) mean=-6.27 p50=-6.36 p05=-6.64 p95=-5.85
  [diag] sat-dist hist bins=60 sat<0.05=0.0% mean=0.569 p10=0.567 p90=0.570
Iter 0036640: train nll 0.116, valid error 100.000%, best valid error 100.000%, avg grad norm   0.024, avg grad norm (post clip)   0.000, rho_Whh  1.29, Omega  0.00, alpha  0.000, steps in the past 0.000, valid nll 0.097
  [diag] log10|dL/dh_t| hist bins=60 range=(-7.27,-3.84) mean=-6.27 p50=-6.36 p05=-6.64 p95=-5.86
  [diag] sat-dist hist bins=60 sat<0.05=0.0% mean=0.569 p10=0.567 p90=0.571
Iter 0036660: train nll 0.121, valid error 100.000%, best valid error 100.000%, avg grad norm   0.024, avg grad norm (post clip)   0.000, rho_Whh  1.29, Omega  0.00, alpha  0.000, steps in the past 0.000, valid nll 0.097
  [diag] log10|dL/dh_t| hist bins=60 range=(-7.28,-3.84) mean=-6.28 p50=-6.37 p05=-6.64 p95=-5.86
  [diag] sat-dist hist bins=60 sat<0.05=0.0% mean=0.568 p10=0.566 p90=0.570
Iter 0036680: train nll 0.116, valid error 100.000%, best valid error 100.000%, avg grad norm   0.023, avg grad norm (post clip)   0.000, rho_Whh  1.29, Omega  0.00, alpha  0.000, steps in the past 0.000, valid nll 0.097
  [diag] log10|dL/dh_t| hist bins=60 range=(-7.27,-3.84) mean=-6.26 p50=-6.35 p05=-6.63 p95=-5.86
  [diag] sat-dist hist bins=60 sat<0.05=0.0% mean=0.570 p10=0.567 p90=0.571
Iter 0036700: train nll 0.130, valid error 100.000%, best valid error 100.000%, avg grad norm   0.022, avg grad norm (post clip)   0.000, rho_Whh  1.29, Omega  0.00, alpha  0.000, steps in the past 0.000, valid nll 0.097
  [diag] log10|dL/dh_t| hist bins=60 range=(-7.28,-3.84) mean=-6.27 p50=-6.36 p05=-6.64 p95=-5.86
  [diag] sat-dist hist bins=60 sat<0.05=0.0% mean=0.569 p10=0.567 p90=0.571
Iter 0036720: train nll 0.121, valid error 100.000%, best valid error 100.000%, avg grad norm   0.025, avg grad norm (post clip)   0.000, rho_Whh  1.29, Omega  0.00, alpha  0.000, steps in the past 0.000, valid nll 0.097
  [diag] log10|dL/dh_t| hist bins=60 range=(-7.28,-3.84) mean=-6.27 p50=-6.36 p05=-6.64 p95=-5.86
  [diag] sat-dist hist bins=60 sat<0.05=0.0% mean=0.569 p10=0.567 p90=0.571
Iter 0036740: train nll 0.126, valid error 100.000%, best valid error 100.000%, avg grad norm   0.025, avg grad norm (post clip)   0.000, rho_Whh  1.29, Omega  0.00, alpha  0.000, steps in the past 0.000, valid nll 0.097
  [diag] log10|dL/dh_t| hist bins=60 range=(-7.28,-3.84) mean=-6.27 p50=-6.36 p05=-6.64 p95=-5.86
  [diag] sat-dist hist bins=60 sat<0.05=0.0% mean=0.569 p10=0.567 p90=0.571
Iter 0036760: train nll 0.119, valid error 100.000%, best valid error 100.000%, avg grad norm   0.021, avg grad norm (post clip)   0.000, rho_Whh  1.29, Omega  0.00, alpha  0.000, steps in the past 0.000, valid nll 0.097
  [diag] log10|dL/dh_t| hist bins=60 range=(-7.27,-3.84) mean=-6.24 p50=-6.33 p05=-6.63 p95=-5.86
  [diag] sat-dist hist bins=60 sat<0.05=0.0% mean=0.571 p10=0.569 p90=0.574
Iter 0036780: train nll 0.148, valid error 100.000%, best valid error 100.000%, avg grad norm   0.030, avg grad norm (post clip)   0.000, rho_Whh  1.29, Omega  0.00, alpha  0.000, steps in the past 0.000, valid nll 0.097
  [diag] log10|dL/dh_t| hist bins=60 range=(-7.28,-3.84) mean=-6.26 p50=-6.35 p05=-6.64 p95=-5.86
  [diag] sat-dist hist bins=60 sat<0.05=0.0% mean=0.570 p10=0.567 p90=0.572
Iter 0036800: train nll 0.128, valid error 100.000%, best valid error 100.000%, avg grad norm   0.026, avg grad norm (post clip)   0.000, rho_Whh  1.29, Omega  0.00, alpha  0.000, steps in the past 0.000, valid nll 0.097
  [diag] log10|dL/dh_t| hist bins=60 range=(-7.29,-3.84) mean=-6.27 p50=-6.36 p05=-6.65 p95=-5.86
  [diag] sat-dist hist bins=60 sat<0.05=0.0% mean=0.569 p10=0.567 p90=0.571
Iter 0036820: train nll 0.122, valid error 100.000%, best valid error 100.000%, avg grad norm   0.026, avg grad norm (post clip)   0.000, rho_Whh  1.29, Omega  0.00, alpha  0.000, steps in the past 0.000, valid nll 0.097
  [diag] log10|dL/dh_t| hist bins=60 range=(-7.29,-3.84) mean=-6.27 p50=-6.36 p05=-6.65 p95=-5.86
  [diag] sat-dist hist bins=60 sat<0.05=0.0% mean=0.569 p10=0.567 p90=0.571
Iter 0036840: train nll 0.126, valid error 100.000%, best valid error 100.000%, avg grad norm   0.023, avg grad norm (post clip)   0.000, rho_Whh  1.29, Omega  0.00, alpha  0.000, steps in the past 0.000, valid nll 0.097
  [diag] log10|dL/dh_t| hist bins=60 range=(-7.29,-3.84) mean=-6.27 p50=-6.36 p05=-6.65 p95=-5.86
  [diag] sat-dist hist bins=60 sat<0.05=0.0% mean=0.569 p10=0.567 p90=0.571
Iter 0036860: train nll 0.130, valid error 100.000%, best valid error 100.000%, avg grad norm   0.025, avg grad norm (post clip)   0.000, rho_Whh  1.29, Omega  0.00, alpha  0.000, steps in the past 0.000, valid nll 0.097
  [diag] log10|dL/dh_t| hist bins=60 range=(-7.29,-3.84) mean=-6.27 p50=-6.35 p05=-6.65 p95=-5.86
  [diag] sat-dist hist bins=60 sat<0.05=0.0% mean=0.570 p10=0.567 p90=0.572
Iter 0036880: train nll 0.127, valid error 100.000%, best valid error 100.000%, avg grad norm   0.024, avg grad norm (post clip)   0.000, rho_Whh  1.29, Omega  0.00, alpha  0.000, steps in the past 0.000, valid nll 0.097
  [diag] log10|dL/dh_t| hist bins=60 range=(-7.28,-3.84) mean=-6.26 p50=-6.34 p05=-6.64 p95=-5.87
  [diag] sat-dist hist bins=60 sat<0.05=0.0% mean=0.570 p10=0.568 p90=0.572
Iter 0036900: train nll 0.131, valid error 100.000%, best valid error 100.000%, avg grad norm   0.029, avg grad norm (post clip)   0.000, rho_Whh  1.29, Omega  0.00, alpha  0.000, steps in the past 0.000, valid nll 0.097
  [diag] log10|dL/dh_t| hist bins=60 range=(-7.30,-3.84) mean=-6.28 p50=-6.36 p05=-6.65 p95=-5.87
  [diag] sat-dist hist bins=60 sat<0.05=0.0% mean=0.569 p10=0.567 p90=0.571
Iter 0036920: train nll 0.126, valid error 100.000%, best valid error 100.000%, avg grad norm   0.023, avg grad norm (post clip)   0.000, rho_Whh  1.29, Omega  0.00, alpha  0.000, steps in the past 0.000, valid nll 0.097
  [diag] log10|dL/dh_t| hist bins=60 range=(-7.30,-3.84) mean=-6.28 p50=-6.37 p05=-6.66 p95=-5.87
  [diag] sat-dist hist bins=60 sat<0.05=0.0% mean=0.569 p10=0.566 p90=0.571
Iter 0036940: train nll 0.130, valid error 100.000%, best valid error 100.000%, avg grad norm   0.028, avg grad norm (post clip)   0.000, rho_Whh  1.29, Omega  0.00, alpha  0.000, steps in the past 0.000, valid nll 0.097
  [diag] log10|dL/dh_t| hist bins=60 range=(-7.29,-3.84) mean=-6.26 p50=-6.34 p05=-6.65 p95=-5.87
  [diag] sat-dist hist bins=60 sat<0.05=0.0% mean=0.570 p10=0.568 p90=0.573
Iter 0036960: train nll 0.141, valid error 100.000%, best valid error 100.000%, avg grad norm   0.031, avg grad norm (post clip)   0.000, rho_Whh  1.29, Omega  0.00, alpha  0.000, steps in the past 0.000, valid nll 0.097
  [diag] log10|dL/dh_t| hist bins=60 range=(-7.30,-3.84) mean=-6.27 p50=-6.36 p05=-6.65 p95=-5.87
  [diag] sat-dist hist bins=60 sat<0.05=0.0% mean=0.570 p10=0.567 p90=0.572
Iter 0036980: train nll 0.132, valid error 100.000%, best valid error 100.000%, avg grad norm   0.024, avg grad norm (post clip)   0.000, rho_Whh  1.29, Omega  0.00, alpha  0.000, steps in the past 0.000, valid nll 0.097
  [diag] log10|dL/dh_t| hist bins=60 range=(-7.31,-3.84) mean=-6.29 p50=-6.38 p05=-6.67 p95=-5.87
  [diag] sat-dist hist bins=60 sat<0.05=0.0% mean=0.568 p10=0.566 p90=0.570
Iter 0037000: train nll 0.113, valid error 100.000%, best valid error 100.000%, avg grad norm   0.024, avg grad norm (post clip)   0.000, rho_Whh  1.29, Omega  0.00, alpha  0.000, steps in the past 0.000, valid nll 0.097
  [diag] log10|dL/dh_t| hist bins=60 range=(-7.31,-3.84) mean=-6.29 p50=-6.38 p05=-6.67 p95=-5.87
  [diag] sat-dist hist bins=60 sat<0.05=0.0% mean=0.568 p10=0.566 p90=0.570
Iter 0037020: train nll 0.122, valid error 100.000%, best valid error 100.000%, avg grad norm   0.025, avg grad norm (post clip)   0.000, rho_Whh  1.29, Omega  0.00, alpha  0.000, steps in the past 0.000, valid nll 0.097
  [diag] log10|dL/dh_t| hist bins=60 range=(-7.31,-3.84) mean=-6.30 p50=-6.39 p05=-6.67 p95=-5.87
  [diag] sat-dist hist bins=60 sat<0.05=0.0% mean=0.568 p10=0.565 p90=0.570
Iter 0037040: train nll 0.112, valid error 100.000%, best valid error 100.000%, avg grad norm   0.022, avg grad norm (post clip)   0.000, rho_Whh  1.30, Omega  0.00, alpha  0.000, steps in the past 0.000, valid nll 0.097
  [diag] log10|dL/dh_t| hist bins=60 range=(-7.31,-3.84) mean=-6.30 p50=-6.39 p05=-6.67 p95=-5.87
  [diag] sat-dist hist bins=60 sat<0.05=0.0% mean=0.568 p10=0.565 p90=0.570
Iter 0037060: train nll 0.110, valid error 100.000%, best valid error 100.000%, avg grad norm   0.020, avg grad norm (post clip)   0.000, rho_Whh  1.30, Omega  0.00, alpha  0.000, steps in the past 0.000, valid nll 0.097
  [diag] log10|dL/dh_t| hist bins=60 range=(-7.31,-3.84) mean=-6.29 p50=-6.38 p05=-6.67 p95=-5.87
  [diag] sat-dist hist bins=60 sat<0.05=0.0% mean=0.568 p10=0.566 p90=0.570
Iter 0037080: train nll 0.121, valid error 100.000%, best valid error 100.000%, avg grad norm   0.025, avg grad norm (post clip)   0.000, rho_Whh  1.29, Omega  0.00, alpha  0.000, steps in the past 0.000, valid nll 0.097
  [diag] log10|dL/dh_t| hist bins=60 range=(-7.30,-3.84) mean=-6.27 p50=-6.36 p05=-6.66 p95=-5.87
  [diag] sat-dist hist bins=60 sat<0.05=0.0% mean=0.570 p10=0.567 p90=0.572
Iter 0037100: train nll 0.120, valid error 100.000%, best valid error 100.000%, avg grad norm   0.024, avg grad norm (post clip)   0.000, rho_Whh  1.29, Omega  0.00, alpha  0.000, steps in the past 0.000, valid nll 0.097
  [diag] log10|dL/dh_t| hist bins=60 range=(-7.31,-3.84) mean=-6.27 p50=-6.36 p05=-6.66 p95=-5.88
  [diag] sat-dist hist bins=60 sat<0.05=0.0% mean=0.570 p10=0.567 p90=0.572
Iter 0037120: train nll 0.124, valid error 100.000%, best valid error 100.000%, avg grad norm   0.027, avg grad norm (post clip)   0.000, rho_Whh  1.29, Omega  0.00, alpha  0.000, steps in the past 0.000, valid nll 0.097
  [diag] log10|dL/dh_t| hist bins=60 range=(-7.31,-3.84) mean=-6.27 p50=-6.36 p05=-6.66 p95=-5.88
  [diag] sat-dist hist bins=60 sat<0.05=0.0% mean=0.570 p10=0.567 p90=0.572
Iter 0037140: train nll 0.127, valid error 100.000%, best valid error 100.000%, avg grad norm   0.027, avg grad norm (post clip)   0.000, rho_Whh  1.29, Omega  0.00, alpha  0.000, steps in the past 0.000, valid nll 0.097
  [diag] log10|dL/dh_t| hist bins=60 range=(-7.30,-3.84) mean=-6.26 p50=-6.35 p05=-6.66 p95=-5.88
  [diag] sat-dist hist bins=60 sat<0.05=0.0% mean=0.571 p10=0.568 p90=0.573
Iter 0037160: train nll 0.146, valid error 100.000%, best valid error 100.000%, avg grad norm   0.029, avg grad norm (post clip)   0.000, rho_Whh  1.29, Omega  0.00, alpha  0.000, steps in the past 0.000, valid nll 0.097
  [diag] log10|dL/dh_t| hist bins=60 range=(-7.31,-3.84) mean=-6.27 p50=-6.36 p05=-6.67 p95=-5.88
  [diag] sat-dist hist bins=60 sat<0.05=0.0% mean=0.570 p10=0.567 p90=0.572
Iter 0037180: train nll 0.129, valid error 100.000%, best valid error 100.000%, avg grad norm   0.026, avg grad norm (post clip)   0.000, rho_Whh  1.29, Omega  0.00, alpha  0.000, steps in the past 0.000, valid nll 0.097
  [diag] log10|dL/dh_t| hist bins=60 range=(-7.32,-3.84) mean=-6.29 p50=-6.38 p05=-6.68 p95=-5.88
  [diag] sat-dist hist bins=60 sat<0.05=0.0% mean=0.569 p10=0.566 p90=0.571
Iter 0037200: train nll 0.122, valid error 100.000%, best valid error 100.000%, avg grad norm   0.026, avg grad norm (post clip)   0.000, rho_Whh  1.29, Omega  0.00, alpha  0.000, steps in the past 0.000, valid nll 0.097
  [diag] log10|dL/dh_t| hist bins=60 range=(-7.32,-3.84) mean=-6.30 p50=-6.38 p05=-6.68 p95=-5.88
  [diag] sat-dist hist bins=60 sat<0.05=0.0% mean=0.569 p10=0.566 p90=0.571
Iter 0037220: train nll 0.118, valid error 100.000%, best valid error 100.000%, avg grad norm   0.025, avg grad norm (post clip)   0.000, rho_Whh  1.29, Omega  0.00, alpha  0.000, steps in the past 0.000, valid nll 0.097
  [diag] log10|dL/dh_t| hist bins=60 range=(-7.33,-3.84) mean=-6.30 p50=-6.39 p05=-6.68 p95=-5.88
  [diag] sat-dist hist bins=60 sat<0.05=0.0% mean=0.568 p10=0.566 p90=0.571
Iter 0037240: train nll 0.123, valid error 100.000%, best valid error 100.000%, avg grad norm   0.024, avg grad norm (post clip)   0.000, rho_Whh  1.30, Omega  0.00, alpha  0.000, steps in the past 0.000, valid nll 0.097
  [diag] log10|dL/dh_t| hist bins=60 range=(-7.33,-3.84) mean=-6.30 p50=-6.39 p05=-6.68 p95=-5.88
  [diag] sat-dist hist bins=60 sat<0.05=0.0% mean=0.568 p10=0.566 p90=0.570
Iter 0037260: train nll 0.114, valid error 100.000%, best valid error 100.000%, avg grad norm   0.023, avg grad norm (post clip)   0.000, rho_Whh  1.30, Omega  0.00, alpha  0.000, steps in the past 0.000, valid nll 0.097
  [diag] log10|dL/dh_t| hist bins=60 range=(-7.32,-3.84) mean=-6.29 p50=-6.38 p05=-6.68 p95=-5.88
  [diag] sat-dist hist bins=60 sat<0.05=0.0% mean=0.569 p10=0.566 p90=0.571
Iter 0037280: train nll 0.132, valid error 100.000%, best valid error 100.000%, avg grad norm   0.026, avg grad norm (post clip)   0.000, rho_Whh  1.29, Omega  0.00, alpha  0.000, steps in the past 0.000, valid nll 0.097
  [diag] log10|dL/dh_t| hist bins=60 range=(-7.32,-3.84) mean=-6.27 p50=-6.36 p05=-6.67 p95=-5.88
  [diag] sat-dist hist bins=60 sat<0.05=0.0% mean=0.570 p10=0.567 p90=0.573
Iter 0037300: train nll 0.129, valid error 100.000%, best valid error 100.000%, avg grad norm   0.025, avg grad norm (post clip)   0.000, rho_Whh  1.29, Omega  0.00, alpha  0.000, steps in the past 0.000, valid nll 0.097
  [diag] log10|dL/dh_t| hist bins=60 range=(-7.33,-3.84) mean=-6.29 p50=-6.38 p05=-6.68 p95=-5.88
  [diag] sat-dist hist bins=60 sat<0.05=0.0% mean=0.569 p10=0.566 p90=0.571
Iter 0037320: train nll 0.122, valid error 100.000%, best valid error 100.000%, avg grad norm   0.025, avg grad norm (post clip)   0.000, rho_Whh  1.29, Omega  0.00, alpha  0.000, steps in the past 0.000, valid nll 0.097
  [diag] log10|dL/dh_t| hist bins=60 range=(-7.32,-3.84) mean=-6.28 p50=-6.36 p05=-6.68 p95=-5.88
  [diag] sat-dist hist bins=60 sat<0.05=0.0% mean=0.570 p10=0.567 p90=0.573
Iter 0037340: train nll 0.133, valid error 100.000%, best valid error 100.000%, avg grad norm   0.027, avg grad norm (post clip)   0.000, rho_Whh  1.29, Omega  0.00, alpha  0.000, steps in the past 0.000, valid nll 0.097
  [diag] log10|dL/dh_t| hist bins=60 range=(-7.32,-3.84) mean=-6.27 p50=-6.36 p05=-6.68 p95=-5.89
  [diag] sat-dist hist bins=60 sat<0.05=0.0% mean=0.570 p10=0.567 p90=0.573
Iter 0037360: train nll 0.139, valid error 100.000%, best valid error 100.000%, avg grad norm   0.029, avg grad norm (post clip)   0.000, rho_Whh  1.29, Omega  0.00, alpha  0.000, steps in the past 0.000, valid nll 0.097
  [diag] log10|dL/dh_t| hist bins=60 range=(-7.33,-3.84) mean=-6.29 p50=-6.37 p05=-6.68 p95=-5.89
  [diag] sat-dist hist bins=60 sat<0.05=0.0% mean=0.570 p10=0.567 p90=0.572
Iter 0037380: train nll 0.124, valid error 100.000%, best valid error 100.000%, avg grad norm   0.026, avg grad norm (post clip)   0.000, rho_Whh  1.29, Omega  0.00, alpha  0.000, steps in the past 0.000, valid nll 0.097
  [diag] log10|dL/dh_t| hist bins=60 range=(-7.34,-3.84) mean=-6.30 p50=-6.38 p05=-6.69 p95=-5.89
  [diag] sat-dist hist bins=60 sat<0.05=0.0% mean=0.569 p10=0.566 p90=0.571
Iter 0037400: train nll 0.116, valid error 100.000%, best valid error 100.000%, avg grad norm   0.025, avg grad norm (post clip)   0.000, rho_Whh  1.30, Omega  0.00, alpha  0.000, steps in the past 0.000, valid nll 0.097
  [diag] log10|dL/dh_t| hist bins=60 range=(-7.34,-3.84) mean=-6.30 p50=-6.39 p05=-6.69 p95=-5.89
  [diag] sat-dist hist bins=60 sat<0.05=0.0% mean=0.568 p10=0.566 p90=0.571
Iter 0037420: train nll 0.125, valid error 100.000%, best valid error 100.000%, avg grad norm   0.023, avg grad norm (post clip)   0.000, rho_Whh  1.30, Omega  0.00, alpha  0.000, steps in the past 0.000, valid nll 0.097
  [diag] log10|dL/dh_t| hist bins=60 range=(-7.34,-3.84) mean=-6.31 p50=-6.40 p05=-6.69 p95=-5.89
  [diag] sat-dist hist bins=60 sat<0.05=0.0% mean=0.568 p10=0.565 p90=0.570
Iter 0037440: train nll 0.120, valid error 100.000%, best valid error 100.000%, avg grad norm   0.024, avg grad norm (post clip)   0.000, rho_Whh  1.30, Omega  0.00, alpha  0.000, steps in the past 0.000, valid nll 0.097
  [diag] log10|dL/dh_t| hist bins=60 range=(-7.34,-3.84) mean=-6.30 p50=-6.39 p05=-6.69 p95=-5.89
  [diag] sat-dist hist bins=60 sat<0.05=0.0% mean=0.569 p10=0.566 p90=0.571
Iter 0037460: train nll 0.119, valid error 100.000%, best valid error 100.000%, avg grad norm   0.024, avg grad norm (post clip)   0.000, rho_Whh  1.30, Omega  0.00, alpha  0.000, steps in the past 0.000, valid nll 0.097
  [diag] log10|dL/dh_t| hist bins=60 range=(-7.35,-3.84) mean=-6.31 p50=-6.39 p05=-6.70 p95=-5.89
  [diag] sat-dist hist bins=60 sat<0.05=0.0% mean=0.569 p10=0.566 p90=0.571
Iter 0037480: train nll 0.119, valid error 100.000%, best valid error 100.000%, avg grad norm   0.026, avg grad norm (post clip)   0.000, rho_Whh  1.30, Omega  0.00, alpha  0.000, steps in the past 0.000, valid nll 0.097
  [diag] log10|dL/dh_t| hist bins=60 range=(-7.35,-3.84) mean=-6.30 p50=-6.39 p05=-6.70 p95=-5.89
  [diag] sat-dist hist bins=60 sat<0.05=0.0% mean=0.569 p10=0.566 p90=0.571
Iter 0037500: train nll 0.133, valid error 100.000%, best valid error 100.000%, avg grad norm   0.033, avg grad norm (post clip)   0.000, rho_Whh  1.30, Omega  0.00, alpha  0.000, steps in the past 0.000, valid nll 0.097
  [diag] log10|dL/dh_t| hist bins=60 range=(-7.35,-3.84) mean=-6.31 p50=-6.40 p05=-6.70 p95=-5.89
  [diag] sat-dist hist bins=60 sat<0.05=0.0% mean=0.568 p10=0.565 p90=0.570
Iter 0037520: train nll 0.123, valid error 100.000%, best valid error 100.000%, avg grad norm   0.024, avg grad norm (post clip)   0.000, rho_Whh  1.30, Omega  0.00, alpha  0.000, steps in the past 0.000, valid nll 0.097
  [diag] log10|dL/dh_t| hist bins=60 range=(-7.34,-3.84) mean=-6.28 p50=-6.36 p05=-6.69 p95=-5.89
  [diag] sat-dist hist bins=60 sat<0.05=0.0% mean=0.571 p10=0.567 p90=0.573
Iter 0037540: train nll 0.144, valid error 100.000%, best valid error 100.000%, avg grad norm   0.027, avg grad norm (post clip)   0.000, rho_Whh  1.29, Omega  0.00, alpha  0.000, steps in the past 0.000, valid nll 0.097
  [diag] log10|dL/dh_t| hist bins=60 range=(-7.34,-3.84) mean=-6.29 p50=-6.37 p05=-6.69 p95=-5.89
  [diag] sat-dist hist bins=60 sat<0.05=0.0% mean=0.570 p10=0.566 p90=0.572
Iter 0037560: train nll 0.130, valid error 100.000%, best valid error 100.000%, avg grad norm   0.025, avg grad norm (post clip)   0.000, rho_Whh  1.29, Omega  0.00, alpha  0.000, steps in the past 0.000, valid nll 0.097
  [diag] log10|dL/dh_t| hist bins=60 range=(-7.35,-3.84) mean=-6.30 p50=-6.39 p05=-6.70 p95=-5.90
  [diag] sat-dist hist bins=60 sat<0.05=0.0% mean=0.569 p10=0.566 p90=0.572
Iter 0037580: train nll 0.128, valid error 100.000%, best valid error 100.000%, avg grad norm   0.023, avg grad norm (post clip)   0.000, rho_Whh  1.29, Omega  0.00, alpha  0.000, steps in the past 0.000, valid nll 0.097
  [diag] log10|dL/dh_t| hist bins=60 range=(-7.36,-3.84) mean=-6.31 p50=-6.40 p05=-6.70 p95=-5.90
  [diag] sat-dist hist bins=60 sat<0.05=0.0% mean=0.569 p10=0.566 p90=0.571
Iter 0037600: train nll 0.125, valid error 100.000%, best valid error 100.000%, avg grad norm   0.031, avg grad norm (post clip)   0.000, rho_Whh  1.30, Omega  0.00, alpha  0.000, steps in the past 0.000, valid nll 0.097
  [diag] log10|dL/dh_t| hist bins=60 range=(-7.36,-3.84) mean=-6.32 p50=-6.41 p05=-6.71 p95=-5.90
  [diag] sat-dist hist bins=60 sat<0.05=0.0% mean=0.568 p10=0.565 p90=0.570
Iter 0037620: train nll 0.117, valid error 100.000%, best valid error 100.000%, avg grad norm   0.020, avg grad norm (post clip)   0.000, rho_Whh  1.30, Omega  0.00, alpha  0.000, steps in the past 0.000, valid nll 0.097
  [diag] log10|dL/dh_t| hist bins=60 range=(-7.36,-3.84) mean=-6.31 p50=-6.40 p05=-6.71 p95=-5.90
  [diag] sat-dist hist bins=60 sat<0.05=0.0% mean=0.568 p10=0.565 p90=0.571
Iter 0037640: train nll 0.121, valid error 100.000%, best valid error 100.000%, avg grad norm   0.022, avg grad norm (post clip)   0.000, rho_Whh  1.30, Omega  0.00, alpha  0.000, steps in the past 0.000, valid nll 0.097
  [diag] log10|dL/dh_t| hist bins=60 range=(-7.36,-3.84) mean=-6.31 p50=-6.40 p05=-6.71 p95=-5.90
  [diag] sat-dist hist bins=60 sat<0.05=0.0% mean=0.568 p10=0.566 p90=0.571
Iter 0037660: train nll 0.123, valid error 100.000%, best valid error 100.000%, avg grad norm   0.024, avg grad norm (post clip)   0.000, rho_Whh  1.30, Omega  0.00, alpha  0.000, steps in the past 0.000, valid nll 0.097
  [diag] log10|dL/dh_t| hist bins=60 range=(-7.36,-3.84) mean=-6.32 p50=-6.40 p05=-6.71 p95=-5.90
  [diag] sat-dist hist bins=60 sat<0.05=0.0% mean=0.568 p10=0.565 p90=0.571
Iter 0037680: train nll 0.112, valid error 100.000%, best valid error 100.000%, avg grad norm   0.023, avg grad norm (post clip)   0.000, rho_Whh  1.30, Omega  0.00, alpha  0.000, steps in the past 0.000, valid nll 0.097
  [diag] log10|dL/dh_t| hist bins=60 range=(-7.35,-3.84) mean=-6.30 p50=-6.38 p05=-6.70 p95=-5.90
  [diag] sat-dist hist bins=60 sat<0.05=0.0% mean=0.570 p10=0.566 p90=0.572
Iter 0037700: train nll 0.137, valid error 100.000%, best valid error 100.000%, avg grad norm   0.025, avg grad norm (post clip)   0.000, rho_Whh  1.29, Omega  0.00, alpha  0.000, steps in the past 0.000, valid nll 0.097
  [diag] log10|dL/dh_t| hist bins=60 range=(-7.36,-3.84) mean=-6.30 p50=-6.38 p05=-6.71 p95=-5.90
  [diag] sat-dist hist bins=60 sat<0.05=0.0% mean=0.570 p10=0.566 p90=0.572
Iter 0037720: train nll 0.129, valid error 100.000%, best valid error 100.000%, avg grad norm   0.027, avg grad norm (post clip)   0.000, rho_Whh  1.29, Omega  0.00, alpha  0.000, steps in the past 0.000, valid nll 0.097
  [diag] log10|dL/dh_t| hist bins=60 range=(-7.37,-3.84) mean=-6.33 p50=-6.42 p05=-6.71 p95=-5.90
  [diag] sat-dist hist bins=60 sat<0.05=0.0% mean=0.567 p10=0.564 p90=0.569
Iter 0037740: train nll 0.107, valid error 100.000%, best valid error 100.000%, avg grad norm   0.024, avg grad norm (post clip)   0.000, rho_Whh  1.30, Omega  0.00, alpha  0.000, steps in the past 0.000, valid nll 0.097
  [diag] log10|dL/dh_t| hist bins=60 range=(-7.36,-3.84) mean=-6.30 p50=-6.38 p05=-6.71 p95=-5.90
  [diag] sat-dist hist bins=60 sat<0.05=0.0% mean=0.570 p10=0.566 p90=0.573
Iter 0037760: train nll 0.137, valid error 100.000%, best valid error 100.000%, avg grad norm   0.029, avg grad norm (post clip)   0.000, rho_Whh  1.29, Omega  0.00, alpha  0.000, steps in the past 0.000, valid nll 0.097
  [diag] log10|dL/dh_t| hist bins=60 range=(-7.37,-3.84) mean=-6.31 p50=-6.40 p05=-6.71 p95=-5.90
  [diag] sat-dist hist bins=60 sat<0.05=0.0% mean=0.569 p10=0.566 p90=0.572
Iter 0037780: train nll 0.124, valid error 100.000%, best valid error 100.000%, avg grad norm   0.022, avg grad norm (post clip)   0.000, rho_Whh  1.30, Omega  0.00, alpha  0.000, steps in the past 0.000, valid nll 0.097
  [diag] log10|dL/dh_t| hist bins=60 range=(-7.36,-3.84) mean=-6.30 p50=-6.39 p05=-6.71 p95=-5.90
  [diag] sat-dist hist bins=60 sat<0.05=0.0% mean=0.569 p10=0.566 p90=0.572
Iter 0037800: train nll 0.129, valid error 100.000%, best valid error 100.000%, avg grad norm   0.027, avg grad norm (post clip)   0.000, rho_Whh  1.30, Omega  0.00, alpha  0.000, steps in the past 0.000, valid nll 0.097
  [diag] log10|dL/dh_t| hist bins=60 range=(-7.36,-3.84) mean=-6.29 p50=-6.37 p05=-6.71 p95=-5.91
  [diag] sat-dist hist bins=60 sat<0.05=0.0% mean=0.571 p10=0.566 p90=0.573
Iter 0037820: train nll 0.136, valid error 100.000%, best valid error 100.000%, avg grad norm   0.028, avg grad norm (post clip)   0.000, rho_Whh  1.29, Omega  0.00, alpha  0.000, steps in the past 0.000, valid nll 0.097
  [diag] log10|dL/dh_t| hist bins=60 range=(-7.36,-3.84) mean=-6.30 p50=-6.38 p05=-6.71 p95=-5.91
  [diag] sat-dist hist bins=60 sat<0.05=0.0% mean=0.570 p10=0.566 p90=0.573
Iter 0037840: train nll 0.133, valid error 100.000%, best valid error 100.000%, avg grad norm   0.029, avg grad norm (post clip)   0.000, rho_Whh  1.29, Omega  0.00, alpha  0.000, steps in the past 0.000, valid nll 0.097
  [diag] log10|dL/dh_t| hist bins=60 range=(-7.36,-3.84) mean=-6.29 p50=-6.37 p05=-6.71 p95=-5.91
  [diag] sat-dist hist bins=60 sat<0.05=0.0% mean=0.571 p10=0.566 p90=0.574
Iter 0037860: train nll 0.142, valid error 100.000%, best valid error 100.000%, avg grad norm   0.028, avg grad norm (post clip)   0.000, rho_Whh  1.29, Omega  0.00, alpha  0.000, steps in the past 0.000, valid nll 0.097
  [diag] log10|dL/dh_t| hist bins=60 range=(-7.37,-3.84) mean=-6.31 p50=-6.40 p05=-6.72 p95=-5.91
  [diag] sat-dist hist bins=60 sat<0.05=0.0% mean=0.569 p10=0.565 p90=0.572
Iter 0037880: train nll 0.118, valid error 100.000%, best valid error 100.000%, avg grad norm   0.023, avg grad norm (post clip)   0.000, rho_Whh  1.30, Omega  0.00, alpha  0.000, steps in the past 0.000, valid nll 0.097
  [diag] log10|dL/dh_t| hist bins=60 range=(-7.37,-3.84) mean=-6.31 p50=-6.39 p05=-6.72 p95=-5.91
  [diag] sat-dist hist bins=60 sat<0.05=0.0% mean=0.569 p10=0.565 p90=0.572
Iter 0037900: train nll 0.132, valid error 100.000%, best valid error 100.000%, avg grad norm   0.028, avg grad norm (post clip)   0.000, rho_Whh  1.30, Omega  0.00, alpha  0.000, steps in the past 0.000, valid nll 0.097
  [diag] log10|dL/dh_t| hist bins=60 range=(-7.38,-3.84) mean=-6.31 p50=-6.40 p05=-6.72 p95=-5.91
  [diag] sat-dist hist bins=60 sat<0.05=0.0% mean=0.569 p10=0.565 p90=0.572
Iter 0037920: train nll 0.124, valid error 100.000%, best valid error 100.000%, avg grad norm   0.024, avg grad norm (post clip)   0.000, rho_Whh  1.30, Omega  0.00, alpha  0.000, steps in the past 0.000, valid nll 0.097
  [diag] log10|dL/dh_t| hist bins=60 range=(-7.39,-3.84) mean=-6.34 p50=-6.42 p05=-6.73 p95=-5.91
  [diag] sat-dist hist bins=60 sat<0.05=0.0% mean=0.568 p10=0.565 p90=0.570
Iter 0037940: train nll 0.110, valid error 100.000%, best valid error 100.000%, avg grad norm   0.021, avg grad norm (post clip)   0.000, rho_Whh  1.30, Omega  0.00, alpha  0.000, steps in the past 0.000, valid nll 0.097
  [diag] log10|dL/dh_t| hist bins=60 range=(-7.38,-3.84) mean=-6.32 p50=-6.40 p05=-6.72 p95=-5.91
  [diag] sat-dist hist bins=60 sat<0.05=0.0% mean=0.569 p10=0.565 p90=0.572
Iter 0037960: train nll 0.123, valid error 100.000%, best valid error 100.000%, avg grad norm   0.023, avg grad norm (post clip)   0.000, rho_Whh  1.30, Omega  0.00, alpha  0.000, steps in the past 0.000, valid nll 0.097
  [diag] log10|dL/dh_t| hist bins=60 range=(-7.37,-3.84) mean=-6.30 p50=-6.39 p05=-6.72 p95=-5.91
  [diag] sat-dist hist bins=60 sat<0.05=0.0% mean=0.570 p10=0.566 p90=0.573
Iter 0037980: train nll 0.136, valid error 100.000%, best valid error 100.000%, avg grad norm   0.027, avg grad norm (post clip)   0.000, rho_Whh  1.29, Omega  0.00, alpha  0.000, steps in the past 0.000, valid nll 0.097
  [diag] log10|dL/dh_t| hist bins=60 range=(-7.38,-3.84) mean=-6.32 p50=-6.40 p05=-6.73 p95=-5.91
  [diag] sat-dist hist bins=60 sat<0.05=0.0% mean=0.569 p10=0.565 p90=0.572
Iter 0038000: train nll 0.122, valid error 100.000%, best valid error 100.000%, avg grad norm   0.023, avg grad norm (post clip)   0.000, rho_Whh  1.30, Omega  0.00, alpha  0.000, steps in the past 0.000, valid nll 0.097
  [diag] log10|dL/dh_t| hist bins=60 range=(-7.38,-3.84) mean=-6.31 p50=-6.40 p05=-6.73 p95=-5.91
  [diag] sat-dist hist bins=60 sat<0.05=0.0% mean=0.569 p10=0.565 p90=0.572
Iter 0038020: train nll 0.133, valid error 100.000%, best valid error 100.000%, avg grad norm   0.029, avg grad norm (post clip)   0.000, rho_Whh  1.30, Omega  0.00, alpha  0.000, steps in the past 0.000, valid nll 0.097
  [diag] log10|dL/dh_t| hist bins=60 range=(-7.39,-3.84) mean=-6.32 p50=-6.41 p05=-6.73 p95=-5.92
  [diag] sat-dist hist bins=60 sat<0.05=0.0% mean=0.569 p10=0.565 p90=0.572
Iter 0038040: train nll 0.125, valid error 100.000%, best valid error 100.000%, avg grad norm   0.023, avg grad norm (post clip)   0.000, rho_Whh  1.30, Omega  0.00, alpha  0.000, steps in the past 0.000, valid nll 0.097
  [diag] log10|dL/dh_t| hist bins=60 range=(-7.38,-3.84) mean=-6.31 p50=-6.39 p05=-6.73 p95=-5.92
  [diag] sat-dist hist bins=60 sat<0.05=0.0% mean=0.570 p10=0.565 p90=0.573
Iter 0038060: train nll 0.136, valid error 100.000%, best valid error 100.000%, avg grad norm   0.029, avg grad norm (post clip)   0.000, rho_Whh  1.30, Omega  0.00, alpha  0.000, steps in the past 0.000, valid nll 0.097
  [diag] log10|dL/dh_t| hist bins=60 range=(-7.40,-3.84) mean=-6.33 p50=-6.42 p05=-6.73 p95=-5.92
  [diag] sat-dist hist bins=60 sat<0.05=0.0% mean=0.568 p10=0.564 p90=0.570
Iter 0038080: train nll 0.114, valid error 100.000%, best valid error 100.000%, avg grad norm   0.021, avg grad norm (post clip)   0.000, rho_Whh  1.30, Omega  0.00, alpha  0.000, steps in the past 0.000, valid nll 0.097
  [diag] log10|dL/dh_t| hist bins=60 range=(-7.39,-3.84) mean=-6.32 p50=-6.40 p05=-6.73 p95=-5.92
  [diag] sat-dist hist bins=60 sat<0.05=0.0% mean=0.569 p10=0.565 p90=0.572
Iter 0038100: train nll 0.133, valid error 100.000%, best valid error 100.000%, avg grad norm   0.024, avg grad norm (post clip)   0.000, rho_Whh  1.30, Omega  0.00, alpha  0.000, steps in the past 0.000, valid nll 0.097
  [diag] log10|dL/dh_t| hist bins=60 range=(-7.41,-3.84) mean=-6.35 p50=-6.44 p05=-6.74 p95=-5.92
  [diag] sat-dist hist bins=60 sat<0.05=0.0% mean=0.567 p10=0.564 p90=0.569
Iter 0038120: train nll 0.103, valid error 100.000%, best valid error 100.000%, avg grad norm   0.022, avg grad norm (post clip)   0.000, rho_Whh  1.30, Omega  0.00, alpha  0.000, steps in the past 0.000, valid nll 0.097
  [diag] log10|dL/dh_t| hist bins=60 range=(-7.39,-3.84) mean=-6.32 p50=-6.40 p05=-6.73 p95=-5.92
  [diag] sat-dist hist bins=60 sat<0.05=0.0% mean=0.570 p10=0.565 p90=0.572
Iter 0038140: train nll 0.134, valid error 100.000%, best valid error 100.000%, avg grad norm   0.029, avg grad norm (post clip)   0.000, rho_Whh  1.30, Omega  0.00, alpha  0.000, steps in the past 0.000, valid nll 0.097
  [diag] log10|dL/dh_t| hist bins=60 range=(-7.39,-3.84) mean=-6.31 p50=-6.40 p05=-6.73 p95=-5.92
  [diag] sat-dist hist bins=60 sat<0.05=0.0% mean=0.570 p10=0.565 p90=0.573
Iter 0038160: train nll 0.135, valid error 100.000%, best valid error 100.000%, avg grad norm   0.027, avg grad norm (post clip)   0.000, rho_Whh  1.30, Omega  0.00, alpha  0.000, steps in the past 0.000, valid nll 0.097
  [diag] log10|dL/dh_t| hist bins=60 range=(-7.39,-3.84) mean=-6.30 p50=-6.39 p05=-6.73 p95=-5.92
  [diag] sat-dist hist bins=60 sat<0.05=0.0% mean=0.570 p10=0.566 p90=0.573
Iter 0038180: train nll 0.135, valid error 100.000%, best valid error 100.000%, avg grad norm   0.027, avg grad norm (post clip)   0.000, rho_Whh  1.30, Omega  0.00, alpha  0.000, steps in the past 0.000, valid nll 0.097
  [diag] log10|dL/dh_t| hist bins=60 range=(-7.40,-3.84) mean=-6.33 p50=-6.41 p05=-6.74 p95=-5.92
  [diag] sat-dist hist bins=60 sat<0.05=0.0% mean=0.569 p10=0.564 p90=0.572
Iter 0038200: train nll 0.119, valid error 100.000%, best valid error 100.000%, avg grad norm   0.023, avg grad norm (post clip)   0.000, rho_Whh  1.30, Omega  0.00, alpha  0.000, steps in the past 0.000, valid nll 0.097
  [diag] log10|dL/dh_t| hist bins=60 range=(-7.40,-3.84) mean=-6.33 p50=-6.42 p05=-6.74 p95=-5.92
  [diag] sat-dist hist bins=60 sat<0.05=0.0% mean=0.569 p10=0.564 p90=0.571
Iter 0038220: train nll 0.121, valid error 100.000%, best valid error 100.000%, avg grad norm   0.023, avg grad norm (post clip)   0.000, rho_Whh  1.30, Omega  0.00, alpha  0.000, steps in the past 0.000, valid nll 0.097
  [diag] log10|dL/dh_t| hist bins=60 range=(-7.41,-3.84) mean=-6.34 p50=-6.43 p05=-6.74 p95=-5.92
  [diag] sat-dist hist bins=60 sat<0.05=0.0% mean=0.568 p10=0.564 p90=0.570
Iter 0038240: train nll 0.114, valid error 100.000%, best valid error 100.000%, avg grad norm   0.023, avg grad norm (post clip)   0.000, rho_Whh  1.30, Omega  0.00, alpha  0.000, steps in the past 0.000, valid nll 0.097
  [diag] log10|dL/dh_t| hist bins=60 range=(-7.40,-3.84) mean=-6.33 p50=-6.42 p05=-6.74 p95=-5.92
  [diag] sat-dist hist bins=60 sat<0.05=0.0% mean=0.569 p10=0.564 p90=0.572
Iter 0038260: train nll 0.122, valid error 100.000%, best valid error 100.000%, avg grad norm   0.025, avg grad norm (post clip)   0.000, rho_Whh  1.30, Omega  0.00, alpha  0.000, steps in the past 0.000, valid nll 0.097
  [diag] log10|dL/dh_t| hist bins=60 range=(-7.41,-3.84) mean=-6.34 p50=-6.42 p05=-6.74 p95=-5.93
  [diag] sat-dist hist bins=60 sat<0.05=0.0% mean=0.568 p10=0.564 p90=0.571
Iter 0038280: train nll 0.120, valid error 100.000%, best valid error 100.000%, avg grad norm   0.026, avg grad norm (post clip)   0.000, rho_Whh  1.30, Omega  0.00, alpha  0.000, steps in the past 0.000, valid nll 0.097
  [diag] log10|dL/dh_t| hist bins=60 range=(-7.40,-3.84) mean=-6.33 p50=-6.41 p05=-6.74 p95=-5.93
  [diag] sat-dist hist bins=60 sat<0.05=0.0% mean=0.569 p10=0.565 p90=0.572
Iter 0038300: train nll 0.128, valid error 100.000%, best valid error 100.000%, avg grad norm   0.028, avg grad norm (post clip)   0.000, rho_Whh  1.30, Omega  0.00, alpha  0.000, steps in the past 0.000, valid nll 0.097
  [diag] log10|dL/dh_t| hist bins=60 range=(-7.40,-3.84) mean=-6.31 p50=-6.39 p05=-6.74 p95=-5.93
  [diag] sat-dist hist bins=60 sat<0.05=0.0% mean=0.571 p10=0.566 p90=0.574
Iter 0038320: train nll 0.137, valid error 100.000%, best valid error 100.000%, avg grad norm   0.028, avg grad norm (post clip)   0.000, rho_Whh  1.30, Omega  0.00, alpha  0.000, steps in the past 0.000, valid nll 0.097
  [diag] log10|dL/dh_t| hist bins=60 range=(-7.41,-3.84) mean=-6.33 p50=-6.42 p05=-6.75 p95=-5.93
  [diag] sat-dist hist bins=60 sat<0.05=0.0% mean=0.569 p10=0.564 p90=0.572
Iter 0038340: train nll 0.121, valid error 100.000%, best valid error 100.000%, avg grad norm   0.026, avg grad norm (post clip)   0.000, rho_Whh  1.30, Omega  0.00, alpha  0.000, steps in the past 0.000, valid nll 0.097
  [diag] log10|dL/dh_t| hist bins=60 range=(-7.41,-3.84) mean=-6.33 p50=-6.42 p05=-6.75 p95=-5.93
  [diag] sat-dist hist bins=60 sat<0.05=0.0% mean=0.569 p10=0.564 p90=0.572
Iter 0038360: train nll 0.130, valid error 100.000%, best valid error 100.000%, avg grad norm   0.027, avg grad norm (post clip)   0.000, rho_Whh  1.30, Omega  0.00, alpha  0.000, steps in the past 0.000, valid nll 0.097
  [diag] log10|dL/dh_t| hist bins=60 range=(-7.40,-3.84) mean=-6.31 p50=-6.39 p05=-6.74 p95=-5.93
  [diag] sat-dist hist bins=60 sat<0.05=0.0% mean=0.571 p10=0.566 p90=0.574
Iter 0038380: train nll 0.140, valid error 100.000%, best valid error 100.000%, avg grad norm   0.029, avg grad norm (post clip)   0.000, rho_Whh  1.30, Omega  0.00, alpha  0.000, steps in the past 0.000, valid nll 0.097
  [diag] log10|dL/dh_t| hist bins=60 range=(-7.41,-3.84) mean=-6.32 p50=-6.40 p05=-6.75 p95=-5.93
  [diag] sat-dist hist bins=60 sat<0.05=0.0% mean=0.570 p10=0.565 p90=0.573
Iter 0038400: train nll 0.134, valid error 100.000%, best valid error 100.000%, avg grad norm   0.029, avg grad norm (post clip)   0.000, rho_Whh  1.30, Omega  0.00, alpha  0.000, steps in the past 0.000, valid nll 0.097
  [diag] log10|dL/dh_t| hist bins=60 range=(-7.42,-3.84) mean=-6.34 p50=-6.42 p05=-6.75 p95=-5.93
  [diag] sat-dist hist bins=60 sat<0.05=0.0% mean=0.569 p10=0.564 p90=0.572
Iter 0038420: train nll 0.120, valid error 100.000%, best valid error 100.000%, avg grad norm   0.023, avg grad norm (post clip)   0.000, rho_Whh  1.30, Omega  0.00, alpha  0.000, steps in the past 0.000, valid nll 0.097
  [diag] log10|dL/dh_t| hist bins=60 range=(-7.42,-3.84) mean=-6.34 p50=-6.43 p05=-6.75 p95=-5.93
  [diag] sat-dist hist bins=60 sat<0.05=0.0% mean=0.568 p10=0.564 p90=0.571
Iter 0038440: train nll 0.118, valid error 100.000%, best valid error 100.000%, avg grad norm   0.023, avg grad norm (post clip)   0.000, rho_Whh  1.30, Omega  0.00, alpha  0.000, steps in the past 0.000, valid nll 0.097
  [diag] log10|dL/dh_t| hist bins=60 range=(-7.41,-3.84) mean=-6.32 p50=-6.41 p05=-6.75 p95=-5.93
  [diag] sat-dist hist bins=60 sat<0.05=0.0% mean=0.570 p10=0.565 p90=0.573
Iter 0038460: train nll 0.129, valid error 100.000%, best valid error 100.000%, avg grad norm   0.026, avg grad norm (post clip)   0.000, rho_Whh  1.30, Omega  0.00, alpha  0.000, steps in the past 0.000, valid nll 0.097
  [diag] log10|dL/dh_t| hist bins=60 range=(-7.42,-3.84) mean=-6.33 p50=-6.42 p05=-6.75 p95=-5.93
  [diag] sat-dist hist bins=60 sat<0.05=0.0% mean=0.569 p10=0.564 p90=0.572
Iter 0038480: train nll 0.123, valid error 100.000%, best valid error 100.000%, avg grad norm   0.024, avg grad norm (post clip)   0.000, rho_Whh  1.30, Omega  0.00, alpha  0.000, steps in the past 0.000, valid nll 0.097
  [diag] log10|dL/dh_t| hist bins=60 range=(-7.41,-3.84) mean=-6.32 p50=-6.41 p05=-6.75 p95=-5.93
  [diag] sat-dist hist bins=60 sat<0.05=0.0% mean=0.570 p10=0.565 p90=0.573
Iter 0038500: train nll 0.132, valid error 100.000%, best valid error 100.000%, avg grad norm   0.028, avg grad norm (post clip)   0.000, rho_Whh  1.30, Omega  0.00, alpha  0.000, steps in the past 0.000, valid nll 0.097
  [diag] log10|dL/dh_t| hist bins=60 range=(-7.41,-3.84) mean=-6.32 p50=-6.40 p05=-6.75 p95=-5.93
  [diag] sat-dist hist bins=60 sat<0.05=0.0% mean=0.570 p10=0.565 p90=0.573
Iter 0038520: train nll 0.133, valid error 100.000%, best valid error 100.000%, avg grad norm   0.028, avg grad norm (post clip)   0.000, rho_Whh  1.30, Omega  0.00, alpha  0.000, steps in the past 0.000, valid nll 0.097
  [diag] log10|dL/dh_t| hist bins=60 range=(-7.42,-3.84) mean=-6.33 p50=-6.41 p05=-6.76 p95=-5.94
  [diag] sat-dist hist bins=60 sat<0.05=0.0% mean=0.570 p10=0.565 p90=0.573
Iter 0038540: train nll 0.129, valid error 100.000%, best valid error 100.000%, avg grad norm   0.026, avg grad norm (post clip)   0.000, rho_Whh  1.30, Omega  0.00, alpha  0.000, steps in the past 0.000, valid nll 0.097
  [diag] log10|dL/dh_t| hist bins=60 range=(-7.42,-3.84) mean=-6.33 p50=-6.41 p05=-6.76 p95=-5.94
  [diag] sat-dist hist bins=60 sat<0.05=0.0% mean=0.570 p10=0.565 p90=0.573
Iter 0038560: train nll 0.129, valid error 100.000%, best valid error 100.000%, avg grad norm   0.027, avg grad norm (post clip)   0.000, rho_Whh  1.30, Omega  0.00, alpha  0.000, steps in the past 0.000, valid nll 0.097
  [diag] log10|dL/dh_t| hist bins=60 range=(-7.44,-3.84) mean=-6.36 p50=-6.45 p05=-6.76 p95=-5.94
  [diag] sat-dist hist bins=60 sat<0.05=0.0% mean=0.567 p10=0.563 p90=0.570
Iter 0038580: train nll 0.104, valid error 100.000%, best valid error 100.000%, avg grad norm   0.021, avg grad norm (post clip)   0.000, rho_Whh  1.30, Omega  0.00, alpha  0.000, steps in the past 0.000, valid nll 0.097
  [diag] log10|dL/dh_t| hist bins=60 range=(-7.44,-3.84) mean=-6.37 p50=-6.45 p05=-6.76 p95=-5.94
  [diag] sat-dist hist bins=60 sat<0.05=0.0% mean=0.567 p10=0.563 p90=0.570
Iter 0038600: train nll 0.110, valid error 100.000%, best valid error 100.000%, avg grad norm   0.022, avg grad norm (post clip)   0.000, rho_Whh  1.30, Omega  0.00, alpha  0.000, steps in the past 0.000, valid nll 0.097
  [diag] log10|dL/dh_t| hist bins=60 range=(-7.43,-3.84) mean=-6.34 p50=-6.42 p05=-6.76 p95=-5.94
  [diag] sat-dist hist bins=60 sat<0.05=0.0% mean=0.569 p10=0.564 p90=0.572
Iter 0038620: train nll 0.130, valid error 100.000%, best valid error 100.000%, avg grad norm   0.026, avg grad norm (post clip)   0.000, rho_Whh  1.30, Omega  0.00, alpha  0.000, steps in the past 0.000, valid nll 0.097
  [diag] log10|dL/dh_t| hist bins=60 range=(-7.44,-3.84) mean=-6.35 p50=-6.44 p05=-6.77 p95=-5.94
  [diag] sat-dist hist bins=60 sat<0.05=0.0% mean=0.568 p10=0.563 p90=0.571
Iter 0038640: train nll 0.112, valid error 100.000%, best valid error 100.000%, avg grad norm   0.023, avg grad norm (post clip)   0.000, rho_Whh  1.30, Omega  0.00, alpha  0.000, steps in the past 0.000, valid nll 0.097
  [diag] log10|dL/dh_t| hist bins=60 range=(-7.44,-3.84) mean=-6.36 p50=-6.45 p05=-6.77 p95=-5.94
  [diag] sat-dist hist bins=60 sat<0.05=0.0% mean=0.568 p10=0.563 p90=0.570
Iter 0038660: train nll 0.115, valid error 100.000%, best valid error 100.000%, avg grad norm   0.023, avg grad norm (post clip)   0.000, rho_Whh  1.30, Omega  0.00, alpha  0.000, steps in the past 0.000, valid nll 0.097
  [diag] log10|dL/dh_t| hist bins=60 range=(-7.44,-3.84) mean=-6.37 p50=-6.45 p05=-6.77 p95=-5.94
  [diag] sat-dist hist bins=60 sat<0.05=0.0% mean=0.567 p10=0.563 p90=0.570
Iter 0038680: train nll 0.114, valid error 100.000%, best valid error 100.000%, avg grad norm   0.021, avg grad norm (post clip)   0.000, rho_Whh  1.30, Omega  0.00, alpha  0.000, steps in the past 0.000, valid nll 0.097
  [diag] log10|dL/dh_t| hist bins=60 range=(-7.43,-3.84) mean=-6.33 p50=-6.41 p05=-6.77 p95=-5.94
  [diag] sat-dist hist bins=60 sat<0.05=0.0% mean=0.570 p10=0.565 p90=0.573
Iter 0038700: train nll 0.129, valid error 100.000%, best valid error 100.000%, avg grad norm   0.030, avg grad norm (post clip)   0.000, rho_Whh  1.30, Omega  0.00, alpha  0.000, steps in the past 0.000, valid nll 0.097
  [diag] log10|dL/dh_t| hist bins=60 range=(-7.43,-3.84) mean=-6.33 p50=-6.42 p05=-6.77 p95=-5.94
  [diag] sat-dist hist bins=60 sat<0.05=0.0% mean=0.570 p10=0.565 p90=0.573
Iter 0038720: train nll 0.119, valid error 100.000%, best valid error 100.000%, avg grad norm   0.024, avg grad norm (post clip)   0.000, rho_Whh  1.30, Omega  0.00, alpha  0.000, steps in the past 0.000, valid nll 0.097
  [diag] log10|dL/dh_t| hist bins=60 range=(-7.43,-3.84) mean=-6.34 p50=-6.42 p05=-6.77 p95=-5.94
  [diag] sat-dist hist bins=60 sat<0.05=0.0% mean=0.570 p10=0.564 p90=0.573
Iter 0038740: train nll 0.128, valid error 100.000%, best valid error 100.000%, avg grad norm   0.027, avg grad norm (post clip)   0.000, rho_Whh  1.30, Omega  0.00, alpha  0.000, steps in the past 0.000, valid nll 0.097
  [diag] log10|dL/dh_t| hist bins=60 range=(-7.44,-3.84) mean=-6.35 p50=-6.44 p05=-6.77 p95=-5.94
  [diag] sat-dist hist bins=60 sat<0.05=0.0% mean=0.568 p10=0.564 p90=0.571
Iter 0038760: train nll 0.119, valid error 100.000%, best valid error 100.000%, avg grad norm   0.024, avg grad norm (post clip)   0.000, rho_Whh  1.30, Omega  0.00, alpha  0.000, steps in the past 0.000, valid nll 0.097
  [diag] log10|dL/dh_t| hist bins=60 range=(-7.44,-3.84) mean=-6.34 p50=-6.43 p05=-6.77 p95=-5.94
  [diag] sat-dist hist bins=60 sat<0.05=0.0% mean=0.569 p10=0.564 p90=0.572
Iter 0038780: train nll 0.125, valid error 100.000%, best valid error 100.000%, avg grad norm   0.023, avg grad norm (post clip)   0.000, rho_Whh  1.30, Omega  0.00, alpha  0.000, steps in the past 0.000, valid nll 0.097
  [diag] log10|dL/dh_t| hist bins=60 range=(-7.44,-3.84) mean=-6.34 p50=-6.43 p05=-6.77 p95=-5.95
  [diag] sat-dist hist bins=60 sat<0.05=0.0% mean=0.569 p10=0.564 p90=0.572
Iter 0038800: train nll 0.127, valid error 100.000%, best valid error 100.000%, avg grad norm   0.026, avg grad norm (post clip)   0.000, rho_Whh  1.30, Omega  0.00, alpha  0.000, steps in the past 0.000, valid nll 0.097
  [diag] log10|dL/dh_t| hist bins=60 range=(-7.44,-3.84) mean=-6.34 p50=-6.42 p05=-6.77 p95=-5.95
  [diag] sat-dist hist bins=60 sat<0.05=0.0% mean=0.570 p10=0.564 p90=0.573
Iter 0038820: train nll 0.138, valid error 100.000%, best valid error 100.000%, avg grad norm   0.028, avg grad norm (post clip)   0.000, rho_Whh  1.30, Omega  0.00, alpha  0.000, steps in the past 0.000, valid nll 0.097
  [diag] log10|dL/dh_t| hist bins=60 range=(-7.45,-3.84) mean=-6.37 p50=-6.45 p05=-6.78 p95=-5.95
  [diag] sat-dist hist bins=60 sat<0.05=0.0% mean=0.568 p10=0.563 p90=0.570
Iter 0038840: train nll 0.107, valid error 100.000%, best valid error 100.000%, avg grad norm   0.023, avg grad norm (post clip)   0.000, rho_Whh  1.30, Omega  0.00, alpha  0.000, steps in the past 0.000, valid nll 0.097
  [diag] log10|dL/dh_t| hist bins=60 range=(-7.45,-3.84) mean=-6.35 p50=-6.44 p05=-6.78 p95=-5.95
  [diag] sat-dist hist bins=60 sat<0.05=0.0% mean=0.568 p10=0.564 p90=0.571
Iter 0038860: train nll 0.128, valid error 100.000%, best valid error 100.000%, avg grad norm   0.025, avg grad norm (post clip)   0.000, rho_Whh  1.30, Omega  0.00, alpha  0.000, steps in the past 0.000, valid nll 0.097
  [diag] log10|dL/dh_t| hist bins=60 range=(-7.43,-3.84) mean=-6.32 p50=-6.40 p05=-6.77 p95=-5.95
  [diag] sat-dist hist bins=60 sat<0.05=0.0% mean=0.571 p10=0.566 p90=0.574
Iter 0038880: train nll 0.139, valid error 100.000%, best valid error 100.000%, avg grad norm   0.028, avg grad norm (post clip)   0.000, rho_Whh  1.30, Omega  0.00, alpha  0.000, steps in the past 0.000, valid nll 0.097
  [diag] log10|dL/dh_t| hist bins=60 range=(-7.45,-3.84) mean=-6.36 p50=-6.44 p05=-6.78 p95=-5.95
  [diag] sat-dist hist bins=60 sat<0.05=0.0% mean=0.568 p10=0.563 p90=0.571
Iter 0038900: train nll 0.119, valid error 100.000%, best valid error 100.000%, avg grad norm   0.026, avg grad norm (post clip)   0.000, rho_Whh  1.30, Omega  0.00, alpha  0.000, steps in the past 0.000, valid nll 0.097
  [diag] log10|dL/dh_t| hist bins=60 range=(-7.45,-3.84) mean=-6.35 p50=-6.44 p05=-6.78 p95=-5.95
  [diag] sat-dist hist bins=60 sat<0.05=0.0% mean=0.569 p10=0.564 p90=0.572
Iter 0038920: train nll 0.119, valid error 100.000%, best valid error 100.000%, avg grad norm   0.026, avg grad norm (post clip)   0.000, rho_Whh  1.30, Omega  0.00, alpha  0.000, steps in the past 0.000, valid nll 0.097
  [diag] log10|dL/dh_t| hist bins=60 range=(-7.45,-3.84) mean=-6.35 p50=-6.43 p05=-6.78 p95=-5.95
  [diag] sat-dist hist bins=60 sat<0.05=0.0% mean=0.569 p10=0.564 p90=0.572
Iter 0038940: train nll 0.124, valid error 100.000%, best valid error 100.000%, avg grad norm   0.024, avg grad norm (post clip)   0.000, rho_Whh  1.30, Omega  0.00, alpha  0.000, steps in the past 0.000, valid nll 0.097
  [diag] log10|dL/dh_t| hist bins=60 range=(-7.45,-3.84) mean=-6.35 p50=-6.43 p05=-6.78 p95=-5.95
  [diag] sat-dist hist bins=60 sat<0.05=0.0% mean=0.569 p10=0.564 p90=0.572
Iter 0038960: train nll 0.123, valid error 100.000%, best valid error 100.000%, avg grad norm   0.026, avg grad norm (post clip)   0.000, rho_Whh  1.30, Omega  0.00, alpha  0.000, steps in the past 0.000, valid nll 0.097
  [diag] log10|dL/dh_t| hist bins=60 range=(-7.45,-3.84) mean=-6.33 p50=-6.42 p05=-6.78 p95=-5.95
  [diag] sat-dist hist bins=60 sat<0.05=0.0% mean=0.570 p10=0.565 p90=0.573
Iter 0038980: train nll 0.132, valid error 100.000%, best valid error 100.000%, avg grad norm   0.026, avg grad norm (post clip)   0.000, rho_Whh  1.30, Omega  0.00, alpha  0.000, steps in the past 0.000, valid nll 0.097
  [diag] log10|dL/dh_t| hist bins=60 range=(-7.45,-3.84) mean=-6.35 p50=-6.43 p05=-6.78 p95=-5.95
  [diag] sat-dist hist bins=60 sat<0.05=0.0% mean=0.569 p10=0.564 p90=0.572
Iter 0039000: train nll 0.122, valid error 100.000%, best valid error 100.000%, avg grad norm   0.024, avg grad norm (post clip)   0.000, rho_Whh  1.30, Omega  0.00, alpha  0.000, steps in the past 0.000, valid nll 0.097
  [diag] log10|dL/dh_t| hist bins=60 range=(-7.46,-3.84) mean=-6.37 p50=-6.45 p05=-6.79 p95=-5.95
  [diag] sat-dist hist bins=60 sat<0.05=0.0% mean=0.568 p10=0.563 p90=0.571
Iter 0039020: train nll 0.113, valid error 100.000%, best valid error 100.000%, avg grad norm   0.024, avg grad norm (post clip)   0.000, rho_Whh  1.30, Omega  0.00, alpha  0.000, steps in the past 0.000, valid nll 0.097
  [diag] log10|dL/dh_t| hist bins=60 range=(-7.46,-3.84) mean=-6.35 p50=-6.44 p05=-6.79 p95=-5.96
  [diag] sat-dist hist bins=60 sat<0.05=0.0% mean=0.569 p10=0.564 p90=0.572
Iter 0039040: train nll 0.127, valid error 100.000%, best valid error 100.000%, avg grad norm   0.026, avg grad norm (post clip)   0.000, rho_Whh  1.30, Omega  0.00, alpha  0.000, steps in the past 0.000, valid nll 0.097
  [diag] log10|dL/dh_t| hist bins=60 range=(-7.45,-3.84) mean=-6.33 p50=-6.41 p05=-6.78 p95=-5.96
  [diag] sat-dist hist bins=60 sat<0.05=0.0% mean=0.570 p10=0.565 p90=0.574
Iter 0039060: train nll 0.145, valid error 100.000%, best valid error 100.000%, avg grad norm   0.032, avg grad norm (post clip)   0.000, rho_Whh  1.30, Omega  0.00, alpha  0.000, steps in the past 0.000, valid nll 0.097
  [diag] log10|dL/dh_t| hist bins=60 range=(-7.46,-3.84) mean=-6.35 p50=-6.44 p05=-6.79 p95=-5.96
  [diag] sat-dist hist bins=60 sat<0.05=0.0% mean=0.569 p10=0.564 p90=0.572
Iter 0039080: train nll 0.121, valid error 100.000%, best valid error 100.000%, avg grad norm   0.025, avg grad norm (post clip)   0.000, rho_Whh  1.30, Omega  0.00, alpha  0.000, steps in the past 0.000, valid nll 0.097
  [diag] log10|dL/dh_t| hist bins=60 range=(-7.47,-3.84) mean=-6.37 p50=-6.45 p05=-6.79 p95=-5.96
  [diag] sat-dist hist bins=60 sat<0.05=0.0% mean=0.568 p10=0.563 p90=0.571
Iter 0039100: train nll 0.120, valid error 100.000%, best valid error 100.000%, avg grad norm   0.025, avg grad norm (post clip)   0.000, rho_Whh  1.30, Omega  0.00, alpha  0.000, steps in the past 0.000, valid nll 0.097
  [diag] log10|dL/dh_t| hist bins=60 range=(-7.46,-3.84) mean=-6.36 p50=-6.44 p05=-6.79 p95=-5.96
  [diag] sat-dist hist bins=60 sat<0.05=0.0% mean=0.569 p10=0.563 p90=0.572
Iter 0039120: train nll 0.129, valid error 100.000%, best valid error 100.000%, avg grad norm   0.026, avg grad norm (post clip)   0.000, rho_Whh  1.30, Omega  0.00, alpha  0.000, steps in the past 0.000, valid nll 0.097
  [diag] log10|dL/dh_t| hist bins=60 range=(-7.46,-3.84) mean=-6.34 p50=-6.43 p05=-6.79 p95=-5.96
  [diag] sat-dist hist bins=60 sat<0.05=0.0% mean=0.569 p10=0.564 p90=0.573
Iter 0039140: train nll 0.132, valid error 100.000%, best valid error 100.000%, avg grad norm   0.030, avg grad norm (post clip)   0.000, rho_Whh  1.30, Omega  0.00, alpha  0.000, steps in the past 0.000, valid nll 0.097
  [diag] log10|dL/dh_t| hist bins=60 range=(-7.47,-3.84) mean=-6.36 p50=-6.44 p05=-6.79 p95=-5.96
  [diag] sat-dist hist bins=60 sat<0.05=0.0% mean=0.568 p10=0.563 p90=0.572
Iter 0039160: train nll 0.117, valid error 100.000%, best valid error 100.000%, avg grad norm   0.024, avg grad norm (post clip)   0.000, rho_Whh  1.30, Omega  0.00, alpha  0.000, steps in the past 0.000, valid nll 0.097
  [diag] log10|dL/dh_t| hist bins=60 range=(-7.47,-3.84) mean=-6.37 p50=-6.45 p05=-6.79 p95=-5.96
  [diag] sat-dist hist bins=60 sat<0.05=0.0% mean=0.568 p10=0.563 p90=0.571
Iter 0039180: train nll 0.126, valid error 100.000%, best valid error 100.000%, avg grad norm   0.024, avg grad norm (post clip)   0.000, rho_Whh  1.30, Omega  0.00, alpha  0.000, steps in the past 0.000, valid nll 0.097
  [diag] log10|dL/dh_t| hist bins=60 range=(-7.46,-3.84) mean=-6.34 p50=-6.42 p05=-6.79 p95=-5.96
  [diag] sat-dist hist bins=60 sat<0.05=0.0% mean=0.570 p10=0.564 p90=0.574
Iter 0039200: train nll 0.130, valid error 100.000%, best valid error 100.000%, avg grad norm   0.024, avg grad norm (post clip)   0.000, rho_Whh  1.30, Omega  0.00, alpha  0.000, steps in the past 0.000, valid nll 0.097
  [diag] log10|dL/dh_t| hist bins=60 range=(-7.47,-3.84) mean=-6.35 p50=-6.43 p05=-6.79 p95=-5.96
  [diag] sat-dist hist bins=60 sat<0.05=0.0% mean=0.569 p10=0.564 p90=0.572
Iter 0039220: train nll 0.132, valid error 100.000%, best valid error 100.000%, avg grad norm   0.025, avg grad norm (post clip)   0.000, rho_Whh  1.30, Omega  0.00, alpha  0.000, steps in the past 0.000, valid nll 0.097
  [diag] log10|dL/dh_t| hist bins=60 range=(-7.47,-3.84) mean=-6.35 p50=-6.43 p05=-6.80 p95=-5.96
  [diag] sat-dist hist bins=60 sat<0.05=0.0% mean=0.569 p10=0.564 p90=0.572
Iter 0039240: train nll 0.128, valid error 100.000%, best valid error 100.000%, avg grad norm   0.027, avg grad norm (post clip)   0.000, rho_Whh  1.30, Omega  0.00, alpha  0.000, steps in the past 0.000, valid nll 0.097
  [diag] log10|dL/dh_t| hist bins=60 range=(-7.47,-3.84) mean=-6.35 p50=-6.43 p05=-6.80 p95=-5.96
  [diag] sat-dist hist bins=60 sat<0.05=0.0% mean=0.569 p10=0.564 p90=0.572
Iter 0039260: train nll 0.129, valid error 100.000%, best valid error 100.000%, avg grad norm   0.028, avg grad norm (post clip)   0.000, rho_Whh  1.30, Omega  0.00, alpha  0.000, steps in the past 0.000, valid nll 0.097
  [diag] log10|dL/dh_t| hist bins=60 range=(-7.47,-3.84) mean=-6.36 p50=-6.44 p05=-6.80 p95=-5.96
  [diag] sat-dist hist bins=60 sat<0.05=0.0% mean=0.569 p10=0.563 p90=0.572
Iter 0039280: train nll 0.125, valid error 100.000%, best valid error 100.000%, avg grad norm   0.028, avg grad norm (post clip)   0.000, rho_Whh  1.30, Omega  0.00, alpha  0.000, steps in the past 0.000, valid nll 0.097
  [diag] log10|dL/dh_t| hist bins=60 range=(-7.48,-3.84) mean=-6.38 p50=-6.47 p05=-6.80 p95=-5.97
  [diag] sat-dist hist bins=60 sat<0.05=0.0% mean=0.567 p10=0.562 p90=0.570
Iter 0039300: train nll 0.114, valid error 100.000%, best valid error 100.000%, avg grad norm   0.022, avg grad norm (post clip)   0.000, rho_Whh  1.30, Omega  0.00, alpha  0.000, steps in the past 0.000, valid nll 0.097
  [diag] log10|dL/dh_t| hist bins=60 range=(-7.49,-3.84) mean=-6.38 p50=-6.47 p05=-6.80 p95=-5.97
  [diag] sat-dist hist bins=60 sat<0.05=0.0% mean=0.567 p10=0.562 p90=0.570
Iter 0039320: train nll 0.121, valid error 100.000%, best valid error 100.000%, avg grad norm   0.024, avg grad norm (post clip)   0.000, rho_Whh  1.30, Omega  0.00, alpha  0.000, steps in the past 0.000, valid nll 0.097
  [diag] log10|dL/dh_t| hist bins=60 range=(-7.48,-3.84) mean=-6.36 p50=-6.44 p05=-6.80 p95=-5.97
  [diag] sat-dist hist bins=60 sat<0.05=0.0% mean=0.569 p10=0.563 p90=0.572
Iter 0039340: train nll 0.125, valid error 100.000%, best valid error 100.000%, avg grad norm   0.029, avg grad norm (post clip)   0.000, rho_Whh  1.30, Omega  0.00, alpha  0.000, steps in the past 0.000, valid nll 0.097
  [diag] log10|dL/dh_t| hist bins=60 range=(-7.49,-3.84) mean=-6.39 p50=-6.48 p05=-6.81 p95=-5.97
  [diag] sat-dist hist bins=60 sat<0.05=0.0% mean=0.567 p10=0.562 p90=0.569
Iter 0039360: train nll 0.107, valid error 100.000%, best valid error 100.000%, avg grad norm   0.022, avg grad norm (post clip)   0.000, rho_Whh  1.30, Omega  0.00, alpha  0.000, steps in the past 0.000, valid nll 0.097
  [diag] log10|dL/dh_t| hist bins=60 range=(-7.48,-3.84) mean=-6.37 p50=-6.45 p05=-6.80 p95=-5.97
  [diag] sat-dist hist bins=60 sat<0.05=0.0% mean=0.568 p10=0.563 p90=0.571
Iter 0039380: train nll 0.122, valid error 100.000%, best valid error 100.000%, avg grad norm   0.024, avg grad norm (post clip)   0.000, rho_Whh  1.30, Omega  0.00, alpha  0.000, steps in the past 0.000, valid nll 0.097
  [diag] log10|dL/dh_t| hist bins=60 range=(-7.48,-3.84) mean=-6.36 p50=-6.44 p05=-6.80 p95=-5.97
  [diag] sat-dist hist bins=60 sat<0.05=0.0% mean=0.569 p10=0.563 p90=0.572
Iter 0039400: train nll 0.126, valid error 100.000%, best valid error 100.000%, avg grad norm   0.027, avg grad norm (post clip)   0.000, rho_Whh  1.30, Omega  0.00, alpha  0.000, steps in the past 0.000, valid nll 0.097
  [diag] log10|dL/dh_t| hist bins=60 range=(-7.46,-3.84) mean=-6.32 p50=-6.39 p05=-6.80 p95=-5.97
  [diag] sat-dist hist bins=60 sat<0.05=0.0% mean=0.572 p10=0.564 p90=0.576
Iter 0039420: train nll 0.146, valid error 100.000%, best valid error 100.000%, avg grad norm   0.029, avg grad norm (post clip)   0.000, rho_Whh  1.30, Omega  0.00, alpha  0.000, steps in the past 0.000, valid nll 0.097
  [diag] log10|dL/dh_t| hist bins=60 range=(-7.48,-3.84) mean=-6.36 p50=-6.44 p05=-6.81 p95=-5.97
  [diag] sat-dist hist bins=60 sat<0.05=0.0% mean=0.569 p10=0.563 p90=0.572
Iter 0039440: train nll 0.122, valid error 100.000%, best valid error 100.000%, avg grad norm   0.025, avg grad norm (post clip)   0.000, rho_Whh  1.30, Omega  0.00, alpha  0.000, steps in the past 0.000, valid nll 0.097
  [diag] log10|dL/dh_t| hist bins=60 range=(-7.50,-3.84) mean=-6.40 p50=-6.49 p05=-6.81 p95=-5.97
  [diag] sat-dist hist bins=60 sat<0.05=0.0% mean=0.566 p10=0.561 p90=0.569
Iter 0039460: train nll 0.104, valid error 100.000%, best valid error 100.000%, avg grad norm   0.022, avg grad norm (post clip)   0.000, rho_Whh  1.30, Omega  0.00, alpha  0.000, steps in the past 0.000, valid nll 0.097
  [diag] log10|dL/dh_t| hist bins=60 range=(-7.50,-3.84) mean=-6.40 p50=-6.48 p05=-6.81 p95=-5.97
  [diag] sat-dist hist bins=60 sat<0.05=0.0% mean=0.566 p10=0.561 p90=0.569
Iter 0039480: train nll 0.111, valid error 100.000%, best valid error 100.000%, avg grad norm   0.022, avg grad norm (post clip)   0.000, rho_Whh  1.30, Omega  0.00, alpha  0.000, steps in the past 0.000, valid nll 0.097
  [diag] log10|dL/dh_t| hist bins=60 range=(-7.49,-3.84) mean=-6.37 p50=-6.45 p05=-6.81 p95=-5.97
  [diag] sat-dist hist bins=60 sat<0.05=0.0% mean=0.568 p10=0.563 p90=0.572
Iter 0039500: train nll 0.128, valid error 100.000%, best valid error 100.000%, avg grad norm   0.026, avg grad norm (post clip)   0.000, rho_Whh  1.30, Omega  0.00, alpha  0.000, steps in the past 0.000, valid nll 0.097
  [diag] log10|dL/dh_t| hist bins=60 range=(-7.49,-3.84) mean=-6.37 p50=-6.45 p05=-6.81 p95=-5.97
  [diag] sat-dist hist bins=60 sat<0.05=0.0% mean=0.568 p10=0.563 p90=0.572
Iter 0039520: train nll 0.132, valid error 100.000%, best valid error 100.000%, avg grad norm   0.027, avg grad norm (post clip)   0.000, rho_Whh  1.30, Omega  0.00, alpha  0.000, steps in the past 0.000, valid nll 0.097
  [diag] log10|dL/dh_t| hist bins=60 range=(-7.49,-3.84) mean=-6.37 p50=-6.45 p05=-6.81 p95=-5.97
  [diag] sat-dist hist bins=60 sat<0.05=0.0% mean=0.568 p10=0.563 p90=0.571
Iter 0039540: train nll 0.117, valid error 100.000%, best valid error 100.000%, avg grad norm   0.025, avg grad norm (post clip)   0.000, rho_Whh  1.30, Omega  0.00, alpha  0.000, steps in the past 0.000, valid nll 0.097
  [diag] log10|dL/dh_t| hist bins=60 range=(-7.49,-3.84) mean=-6.35 p50=-6.43 p05=-6.81 p95=-5.97
  [diag] sat-dist hist bins=60 sat<0.05=0.0% mean=0.570 p10=0.564 p90=0.573
Iter 0039560: train nll 0.128, valid error 100.000%, best valid error 100.000%, avg grad norm   0.029, avg grad norm (post clip)   0.000, rho_Whh  1.30, Omega  0.00, alpha  0.000, steps in the past 0.000, valid nll 0.097
  [diag] log10|dL/dh_t| hist bins=60 range=(-7.50,-3.84) mean=-6.38 p50=-6.46 p05=-6.82 p95=-5.98
  [diag] sat-dist hist bins=60 sat<0.05=0.0% mean=0.568 p10=0.562 p90=0.571
Iter 0039580: train nll 0.121, valid error 100.000%, best valid error 100.000%, avg grad norm   0.026, avg grad norm (post clip)   0.000, rho_Whh  1.30, Omega  0.00, alpha  0.000, steps in the past 0.000, valid nll 0.097
  [diag] log10|dL/dh_t| hist bins=60 range=(-7.50,-3.84) mean=-6.38 p50=-6.47 p05=-6.82 p95=-5.98
  [diag] sat-dist hist bins=60 sat<0.05=0.0% mean=0.567 p10=0.562 p90=0.570
Iter 0039600: train nll 0.121, valid error 100.000%, best valid error 100.000%, avg grad norm   0.021, avg grad norm (post clip)   0.000, rho_Whh  1.30, Omega  0.00, alpha  0.000, steps in the past 0.000, valid nll 0.097
  [diag] log10|dL/dh_t| hist bins=60 range=(-7.51,-3.84) mean=-6.39 p50=-6.47 p05=-6.82 p95=-5.98
  [diag] sat-dist hist bins=60 sat<0.05=0.0% mean=0.567 p10=0.562 p90=0.570
Iter 0039620: train nll 0.119, valid error 100.000%, best valid error 100.000%, avg grad norm   0.024, avg grad norm (post clip)   0.000, rho_Whh  1.30, Omega  0.00, alpha  0.000, steps in the past 0.000, valid nll 0.097
  [diag] log10|dL/dh_t| hist bins=60 range=(-7.49,-3.84) mean=-6.36 p50=-6.44 p05=-6.82 p95=-5.98
  [diag] sat-dist hist bins=60 sat<0.05=0.0% mean=0.569 p10=0.563 p90=0.573
Iter 0039640: train nll 0.135, valid error 100.000%, best valid error 100.000%, avg grad norm   0.028, avg grad norm (post clip)   0.000, rho_Whh  1.30, Omega  0.00, alpha  0.000, steps in the past 0.000, valid nll 0.097
  [diag] log10|dL/dh_t| hist bins=60 range=(-7.50,-3.84) mean=-6.38 p50=-6.46 p05=-6.82 p95=-5.98
  [diag] sat-dist hist bins=60 sat<0.05=0.0% mean=0.568 p10=0.562 p90=0.571
Iter 0039660: train nll 0.116, valid error 100.000%, best valid error 100.000%, avg grad norm   0.023, avg grad norm (post clip)   0.000, rho_Whh  1.30, Omega  0.00, alpha  0.000, steps in the past 0.000, valid nll 0.097
  [diag] log10|dL/dh_t| hist bins=60 range=(-7.49,-3.84) mean=-6.34 p50=-6.41 p05=-6.82 p95=-5.98
  [diag] sat-dist hist bins=60 sat<0.05=0.0% mean=0.571 p10=0.563 p90=0.575
Iter 0039680: train nll 0.144, valid error 100.000%, best valid error 100.000%, avg grad norm   0.033, avg grad norm (post clip)   0.000, rho_Whh  1.30, Omega  0.00, alpha  0.000, steps in the past 0.000, valid nll 0.097
  [diag] log10|dL/dh_t| hist bins=60 range=(-7.49,-3.84) mean=-6.35 p50=-6.42 p05=-6.82 p95=-5.98
  [diag] sat-dist hist bins=60 sat<0.05=0.0% mean=0.570 p10=0.564 p90=0.574
Iter 0039700: train nll 0.140, valid error 100.000%, best valid error 100.000%, avg grad norm   0.030, avg grad norm (post clip)   0.000, rho_Whh  1.30, Omega  0.00, alpha  0.000, steps in the past 0.000, valid nll 0.097
  [diag] log10|dL/dh_t| hist bins=60 range=(-7.50,-3.84) mean=-6.36 p50=-6.44 p05=-6.82 p95=-5.98
  [diag] sat-dist hist bins=60 sat<0.05=0.0% mean=0.569 p10=0.563 p90=0.573
Iter 0039720: train nll 0.129, valid error 100.000%, best valid error 100.000%, avg grad norm   0.032, avg grad norm (post clip)   0.000, rho_Whh  1.30, Omega  0.00, alpha  0.000, steps in the past 0.000, valid nll 0.097
  [diag] log10|dL/dh_t| hist bins=60 range=(-7.50,-3.84) mean=-6.36 p50=-6.44 p05=-6.82 p95=-5.98
  [diag] sat-dist hist bins=60 sat<0.05=0.0% mean=0.569 p10=0.563 p90=0.573
Iter 0039740: train nll 0.135, valid error 100.000%, best valid error 100.000%, avg grad norm   0.024, avg grad norm (post clip)   0.000, rho_Whh  1.30, Omega  0.00, alpha  0.000, steps in the past 0.000, valid nll 0.097
  [diag] log10|dL/dh_t| hist bins=60 range=(-7.51,-3.84) mean=-6.38 p50=-6.47 p05=-6.83 p95=-5.98
  [diag] sat-dist hist bins=60 sat<0.05=0.0% mean=0.567 p10=0.562 p90=0.571
Iter 0039760: train nll 0.115, valid error 100.000%, best valid error 100.000%, avg grad norm   0.024, avg grad norm (post clip)   0.000, rho_Whh  1.30, Omega  0.00, alpha  0.000, steps in the past 0.000, valid nll 0.097
  [diag] log10|dL/dh_t| hist bins=60 range=(-7.51,-3.84) mean=-6.38 p50=-6.46 p05=-6.83 p95=-5.98
  [diag] sat-dist hist bins=60 sat<0.05=0.0% mean=0.568 p10=0.562 p90=0.571
Iter 0039780: train nll 0.122, valid error 100.000%, best valid error 100.000%, avg grad norm   0.025, avg grad norm (post clip)   0.000, rho_Whh  1.30, Omega  0.00, alpha  0.000, steps in the past 0.000, valid nll 0.097
  [diag] log10|dL/dh_t| hist bins=60 range=(-7.51,-3.84) mean=-6.38 p50=-6.46 p05=-6.83 p95=-5.98
  [diag] sat-dist hist bins=60 sat<0.05=0.0% mean=0.568 p10=0.562 p90=0.571
Iter 0039800: train nll 0.123, valid error 100.000%, best valid error 100.000%, avg grad norm   0.026, avg grad norm (post clip)   0.000, rho_Whh  1.30, Omega  0.00, alpha  0.000, steps in the past 0.000, valid nll 0.097
  [diag] log10|dL/dh_t| hist bins=60 range=(-7.51,-3.84) mean=-6.38 p50=-6.46 p05=-6.83 p95=-5.98
  [diag] sat-dist hist bins=60 sat<0.05=0.0% mean=0.568 p10=0.562 p90=0.571
Iter 0039820: train nll 0.117, valid error 100.000%, best valid error 100.000%, avg grad norm   0.025, avg grad norm (post clip)   0.000, rho_Whh  1.30, Omega  0.00, alpha  0.000, steps in the past 0.000, valid nll 0.097
  [diag] log10|dL/dh_t| hist bins=60 range=(-7.52,-3.84) mean=-6.39 p50=-6.47 p05=-6.83 p95=-5.99
  [diag] sat-dist hist bins=60 sat<0.05=0.0% mean=0.567 p10=0.562 p90=0.571
Iter 0039840: train nll 0.122, valid error 100.000%, best valid error 100.000%, avg grad norm   0.027, avg grad norm (post clip)   0.000, rho_Whh  1.30, Omega  0.00, alpha  0.000, steps in the past 0.000, valid nll 0.097
  [diag] log10|dL/dh_t| hist bins=60 range=(-7.52,-3.84) mean=-6.40 p50=-6.49 p05=-6.83 p95=-5.99
  [diag] sat-dist hist bins=60 sat<0.05=0.0% mean=0.566 p10=0.561 p90=0.569
Iter 0039860: train nll 0.109, valid error 100.000%, best valid error 100.000%, avg grad norm   0.021, avg grad norm (post clip)   0.000, rho_Whh  1.30, Omega  0.00, alpha  0.000, steps in the past 0.000, valid nll 0.097
  [diag] log10|dL/dh_t| hist bins=60 range=(-7.52,-3.84) mean=-6.38 p50=-6.46 p05=-6.83 p95=-5.99
  [diag] sat-dist hist bins=60 sat<0.05=0.0% mean=0.568 p10=0.562 p90=0.571
Iter 0039880: train nll 0.130, valid error 100.000%, best valid error 100.000%, avg grad norm   0.031, avg grad norm (post clip)   0.000, rho_Whh  1.30, Omega  0.00, alpha  0.000, steps in the past 0.000, valid nll 0.097
  [diag] log10|dL/dh_t| hist bins=60 range=(-7.52,-3.84) mean=-6.38 p50=-6.46 p05=-6.83 p95=-5.99
  [diag] sat-dist hist bins=60 sat<0.05=0.0% mean=0.568 p10=0.562 p90=0.571
Iter 0039900: train nll 0.125, valid error 100.000%, best valid error 100.000%, avg grad norm   0.027, avg grad norm (post clip)   0.000, rho_Whh  1.30, Omega  0.00, alpha  0.000, steps in the past 0.000, valid nll 0.097
  [diag] log10|dL/dh_t| hist bins=60 range=(-7.53,-3.84) mean=-6.41 p50=-6.50 p05=-6.84 p95=-5.99
  [diag] sat-dist hist bins=60 sat<0.05=0.0% mean=0.566 p10=0.560 p90=0.569
Iter 0039920: train nll 0.105, valid error 100.000%, best valid error 100.000%, avg grad norm   0.024, avg grad norm (post clip)   0.000, rho_Whh  1.30, Omega  0.00, alpha  0.000, steps in the past 0.000, valid nll 0.097
  [diag] log10|dL/dh_t| hist bins=60 range=(-7.51,-3.84) mean=-6.37 p50=-6.45 p05=-6.83 p95=-5.99
  [diag] sat-dist hist bins=60 sat<0.05=0.0% mean=0.568 p10=0.562 p90=0.572
Iter 0039940: train nll 0.129, valid error 100.000%, best valid error 100.000%, avg grad norm   0.026, avg grad norm (post clip)   0.000, rho_Whh  1.30, Omega  0.00, alpha  0.000, steps in the past 0.000, valid nll 0.097
  [diag] log10|dL/dh_t| hist bins=60 range=(-7.51,-3.84) mean=-6.37 p50=-6.45 p05=-6.83 p95=-5.99
  [diag] sat-dist hist bins=60 sat<0.05=0.0% mean=0.569 p10=0.563 p90=0.573
Iter 0039960: train nll 0.125, valid error 100.000%, best valid error 100.000%, avg grad norm   0.027, avg grad norm (post clip)   0.000, rho_Whh  1.30, Omega  0.00, alpha  0.000, steps in the past 0.000, valid nll 0.097
  [diag] log10|dL/dh_t| hist bins=60 range=(-7.51,-3.84) mean=-6.36 p50=-6.44 p05=-6.83 p95=-5.99
  [diag] sat-dist hist bins=60 sat<0.05=0.0% mean=0.569 p10=0.563 p90=0.573
Iter 0039980: train nll 0.138, valid error 100.000%, best valid error 100.000%, avg grad norm   0.025, avg grad norm (post clip)   0.000, rho_Whh  1.30, Omega  0.00, alpha  0.000, steps in the past 0.000, valid nll 0.097
  [diag] log10|dL/dh_t| hist bins=60 range=(-7.53,-3.84) mean=-6.40 p50=-6.48 p05=-6.84 p95=-5.99
  [diag] sat-dist hist bins=60 sat<0.05=0.0% mean=0.567 p10=0.561 p90=0.570
Iter 0040000: train nll 0.112, valid error 100.000%, best valid error 100.000%, avg grad norm   0.023, avg grad norm (post clip)   0.000, rho_Whh  1.30, Omega  0.00, alpha  0.000, steps in the past 0.000, valid nll 0.097
  [diag] log10|dL/dh_t| hist bins=60 range=(-7.54,-3.84) mean=-6.41 p50=-6.50 p05=-6.84 p95=-5.99
  [diag] sat-dist hist bins=60 sat<0.05=0.0% mean=0.566 p10=0.560 p90=0.569
Iter 0040020: train nll 0.108, valid error 100.000%, best valid error 100.000%, avg grad norm   0.020, avg grad norm (post clip)   0.000, rho_Whh  1.30, Omega  0.00, alpha  0.000, steps in the past 0.000, valid nll 0.097
  [diag] log10|dL/dh_t| hist bins=60 range=(-7.53,-3.84) mean=-6.39 p50=-6.48 p05=-6.84 p95=-5.99
  [diag] sat-dist hist bins=60 sat<0.05=0.0% mean=0.567 p10=0.561 p90=0.570
Iter 0040040: train nll 0.127, valid error 100.000%, best valid error 100.000%, avg grad norm   0.028, avg grad norm (post clip)   0.000, rho_Whh  1.30, Omega  0.00, alpha  0.000, steps in the past 0.000, valid nll 0.097
  [diag] log10|dL/dh_t| hist bins=60 range=(-7.53,-3.84) mean=-6.40 p50=-6.48 p05=-6.84 p95=-5.99
  [diag] sat-dist hist bins=60 sat<0.05=0.0% mean=0.567 p10=0.561 p90=0.570
Iter 0040060: train nll 0.113, valid error 100.000%, best valid error 100.000%, avg grad norm   0.021, avg grad norm (post clip)   0.000, rho_Whh  1.30, Omega  0.00, alpha  0.000, steps in the past 0.000, valid nll 0.097
  [diag] log10|dL/dh_t| hist bins=60 range=(-7.53,-3.84) mean=-6.40 p50=-6.48 p05=-6.84 p95=-5.99
  [diag] sat-dist hist bins=60 sat<0.05=0.0% mean=0.567 p10=0.561 p90=0.570
Iter 0040080: train nll 0.122, valid error 100.000%, best valid error 100.000%, avg grad norm   0.026, avg grad norm (post clip)   0.000, rho_Whh  1.30, Omega  0.00, alpha  0.000, steps in the past 0.000, valid nll 0.097
  [diag] log10|dL/dh_t| hist bins=60 range=(-7.53,-3.84) mean=-6.40 p50=-6.48 p05=-6.84 p95=-5.99
  [diag] sat-dist hist bins=60 sat<0.05=0.0% mean=0.567 p10=0.561 p90=0.570
Iter 0040100: train nll 0.124, valid error 100.000%, best valid error 100.000%, avg grad norm   0.024, avg grad norm (post clip)   0.000, rho_Whh  1.30, Omega  0.00, alpha  0.000, steps in the past 0.000, valid nll 0.097
  [diag] log10|dL/dh_t| hist bins=60 range=(-7.53,-3.84) mean=-6.39 p50=-6.47 p05=-6.84 p95=-6.00
  [diag] sat-dist hist bins=60 sat<0.05=0.0% mean=0.568 p10=0.562 p90=0.571
Iter 0040120: train nll 0.128, valid error 100.000%, best valid error 100.000%, avg grad norm   0.026, avg grad norm (post clip)   0.000, rho_Whh  1.30, Omega  0.00, alpha  0.000, steps in the past 0.000, valid nll 0.097
  [diag] log10|dL/dh_t| hist bins=60 range=(-7.53,-3.84) mean=-6.38 p50=-6.46 p05=-6.84 p95=-6.00
  [diag] sat-dist hist bins=60 sat<0.05=0.0% mean=0.568 p10=0.562 p90=0.572
Iter 0040140: train nll 0.125, valid error 100.000%, best valid error 100.000%, avg grad norm   0.029, avg grad norm (post clip)   0.000, rho_Whh  1.30, Omega  0.00, alpha  0.000, steps in the past 0.000, valid nll 0.097
  [diag] log10|dL/dh_t| hist bins=60 range=(-7.53,-3.84) mean=-6.38 p50=-6.46 p05=-6.84 p95=-6.00
  [diag] sat-dist hist bins=60 sat<0.05=0.0% mean=0.568 p10=0.562 p90=0.572
Iter 0040160: train nll 0.129, valid error 100.000%, best valid error 100.000%, avg grad norm   0.026, avg grad norm (post clip)   0.000, rho_Whh  1.30, Omega  0.00, alpha  0.000, steps in the past 0.000, valid nll 0.097
  [diag] log10|dL/dh_t| hist bins=60 range=(-7.52,-3.84) mean=-6.36 p50=-6.44 p05=-6.84 p95=-6.00
  [diag] sat-dist hist bins=60 sat<0.05=0.0% mean=0.570 p10=0.562 p90=0.574
Iter 0040180: train nll 0.131, valid error 100.000%, best valid error 100.000%, avg grad norm   0.027, avg grad norm (post clip)   0.000, rho_Whh  1.30, Omega  0.00, alpha  0.000, steps in the past 0.000, valid nll 0.097
  [diag] log10|dL/dh_t| hist bins=60 range=(-7.53,-3.84) mean=-6.37 p50=-6.45 p05=-6.85 p95=-6.00
  [diag] sat-dist hist bins=60 sat<0.05=0.0% mean=0.569 p10=0.562 p90=0.572
Iter 0040200: train nll 0.120, valid error 100.000%, best valid error 100.000%, avg grad norm   0.024, avg grad norm (post clip)   0.000, rho_Whh  1.30, Omega  0.00, alpha  0.000, steps in the past 0.000, valid nll 0.097
  [diag] log10|dL/dh_t| hist bins=60 range=(-7.54,-3.84) mean=-6.40 p50=-6.48 p05=-6.85 p95=-6.00
  [diag] sat-dist hist bins=60 sat<0.05=0.0% mean=0.567 p10=0.561 p90=0.571
Iter 0040220: train nll 0.119, valid error 100.000%, best valid error 100.000%, avg grad norm   0.024, avg grad norm (post clip)   0.000, rho_Whh  1.30, Omega  0.00, alpha  0.000, steps in the past 0.000, valid nll 0.097
  [diag] log10|dL/dh_t| hist bins=60 range=(-7.53,-3.84) mean=-6.37 p50=-6.45 p05=-6.85 p95=-6.00
  [diag] sat-dist hist bins=60 sat<0.05=0.0% mean=0.569 p10=0.562 p90=0.573
Iter 0040240: train nll 0.126, valid error 100.000%, best valid error 100.000%, avg grad norm   0.026, avg grad norm (post clip)   0.000, rho_Whh  1.30, Omega  0.00, alpha  0.000, steps in the past 0.000, valid nll 0.097
  [diag] log10|dL/dh_t| hist bins=60 range=(-7.54,-3.84) mean=-6.38 p50=-6.46 p05=-6.85 p95=-6.00
  [diag] sat-dist hist bins=60 sat<0.05=0.0% mean=0.568 p10=0.562 p90=0.572
Iter 0040260: train nll 0.121, valid error 100.000%, best valid error 100.000%, avg grad norm   0.029, avg grad norm (post clip)   0.000, rho_Whh  1.30, Omega  0.00, alpha  0.000, steps in the past 0.000, valid nll 0.097
  [diag] log10|dL/dh_t| hist bins=60 range=(-7.55,-3.84) mean=-6.40 p50=-6.49 p05=-6.85 p95=-6.00
  [diag] sat-dist hist bins=60 sat<0.05=0.0% mean=0.567 p10=0.561 p90=0.570
Iter 0040280: train nll 0.119, valid error 100.000%, best valid error 100.000%, avg grad norm   0.022, avg grad norm (post clip)   0.000, rho_Whh  1.30, Omega  0.00, alpha  0.000, steps in the past 0.000, valid nll 0.097
  [diag] log10|dL/dh_t| hist bins=60 range=(-7.54,-3.84) mean=-6.38 p50=-6.46 p05=-6.85 p95=-6.00
  [diag] sat-dist hist bins=60 sat<0.05=0.0% mean=0.568 p10=0.562 p90=0.572
Iter 0040300: train nll 0.131, valid error 100.000%, best valid error 100.000%, avg grad norm   0.028, avg grad norm (post clip)   0.000, rho_Whh  1.30, Omega  0.00, alpha  0.000, steps in the past 0.000, valid nll 0.097
  [diag] log10|dL/dh_t| hist bins=60 range=(-7.54,-3.84) mean=-6.37 p50=-6.44 p05=-6.85 p95=-6.00
  [diag] sat-dist hist bins=60 sat<0.05=0.0% mean=0.569 p10=0.562 p90=0.573
Iter 0040320: train nll 0.130, valid error 100.000%, best valid error 100.000%, avg grad norm   0.029, avg grad norm (post clip)   0.000, rho_Whh  1.30, Omega  0.00, alpha  0.000, steps in the past 0.000, valid nll 0.097
  [diag] log10|dL/dh_t| hist bins=60 range=(-7.54,-3.84) mean=-6.38 p50=-6.45 p05=-6.85 p95=-6.00
  [diag] sat-dist hist bins=60 sat<0.05=0.0% mean=0.569 p10=0.562 p90=0.573
Iter 0040340: train nll 0.126, valid error 100.000%, best valid error 100.000%, avg grad norm   0.028, avg grad norm (post clip)   0.000, rho_Whh  1.30, Omega  0.00, alpha  0.000, steps in the past 0.000, valid nll 0.097
  [diag] log10|dL/dh_t| hist bins=60 range=(-7.55,-3.84) mean=-6.40 p50=-6.48 p05=-6.86 p95=-6.00
  [diag] sat-dist hist bins=60 sat<0.05=0.0% mean=0.567 p10=0.561 p90=0.571
Iter 0040360: train nll 0.117, valid error 100.000%, best valid error 100.000%, avg grad norm   0.026, avg grad norm (post clip)   0.000, rho_Whh  1.30, Omega  0.00, alpha  0.000, steps in the past 0.000, valid nll 0.097
  [diag] log10|dL/dh_t| hist bins=60 range=(-7.55,-3.84) mean=-6.39 p50=-6.47 p05=-6.86 p95=-6.00
  [diag] sat-dist hist bins=60 sat<0.05=0.0% mean=0.568 p10=0.561 p90=0.571
Iter 0040380: train nll 0.134, valid error 100.000%, best valid error 100.000%, avg grad norm   0.030, avg grad norm (post clip)   0.000, rho_Whh  1.30, Omega  0.00, alpha  0.000, steps in the past 0.000, valid nll 0.097
  [diag] log10|dL/dh_t| hist bins=60 range=(-7.55,-3.84) mean=-6.39 p50=-6.47 p05=-6.86 p95=-6.01
  [diag] sat-dist hist bins=60 sat<0.05=0.0% mean=0.568 p10=0.561 p90=0.571
Iter 0040400: train nll 0.122, valid error 100.000%, best valid error 100.000%, avg grad norm   0.027, avg grad norm (post clip)   0.000, rho_Whh  1.30, Omega  0.00, alpha  0.000, steps in the past 0.000, valid nll 0.097
  [diag] log10|dL/dh_t| hist bins=60 range=(-7.54,-3.84) mean=-6.37 p50=-6.44 p05=-6.86 p95=-6.01
  [diag] sat-dist hist bins=60 sat<0.05=0.0% mean=0.570 p10=0.561 p90=0.574
Iter 0040420: train nll 0.141, valid error 100.000%, best valid error 100.000%, avg grad norm   0.028, avg grad norm (post clip)   0.000, rho_Whh  1.30, Omega  0.00, alpha  0.000, steps in the past 0.000, valid nll 0.097
  [diag] log10|dL/dh_t| hist bins=60 range=(-7.55,-3.84) mean=-6.39 p50=-6.47 p05=-6.86 p95=-6.01
  [diag] sat-dist hist bins=60 sat<0.05=0.0% mean=0.568 p10=0.561 p90=0.571
Iter 0040440: train nll 0.122, valid error 100.000%, best valid error 100.000%, avg grad norm   0.025, avg grad norm (post clip)   0.000, rho_Whh  1.30, Omega  0.00, alpha  0.000, steps in the past 0.000, valid nll 0.097
  [diag] log10|dL/dh_t| hist bins=60 range=(-7.55,-3.84) mean=-6.38 p50=-6.45 p05=-6.86 p95=-6.01
  [diag] sat-dist hist bins=60 sat<0.05=0.0% mean=0.569 p10=0.561 p90=0.573
Iter 0040460: train nll 0.131, valid error 100.000%, best valid error 100.000%, avg grad norm   0.030, avg grad norm (post clip)   0.000, rho_Whh  1.30, Omega  0.00, alpha  0.000, steps in the past 0.000, valid nll 0.097
  [diag] log10|dL/dh_t| hist bins=60 range=(-7.56,-3.84) mean=-6.40 p50=-6.48 p05=-6.86 p95=-6.01
  [diag] sat-dist hist bins=60 sat<0.05=0.0% mean=0.567 p10=0.561 p90=0.571
Iter 0040480: train nll 0.115, valid error 100.000%, best valid error 100.000%, avg grad norm   0.024, avg grad norm (post clip)   0.000, rho_Whh  1.30, Omega  0.00, alpha  0.000, steps in the past 0.000, valid nll 0.097
  [diag] log10|dL/dh_t| hist bins=60 range=(-7.56,-3.84) mean=-6.40 p50=-6.48 p05=-6.86 p95=-6.01
  [diag] sat-dist hist bins=60 sat<0.05=0.0% mean=0.567 p10=0.560 p90=0.571
Iter 0040500: train nll 0.125, valid error 100.000%, best valid error 100.000%, avg grad norm   0.024, avg grad norm (post clip)   0.000, rho_Whh  1.30, Omega  0.00, alpha  0.000, steps in the past 0.000, valid nll 0.097
  [diag] log10|dL/dh_t| hist bins=60 range=(-7.56,-3.84) mean=-6.39 p50=-6.47 p05=-6.86 p95=-6.01
  [diag] sat-dist hist bins=60 sat<0.05=0.0% mean=0.568 p10=0.561 p90=0.572
Iter 0040520: train nll 0.125, valid error 100.000%, best valid error 100.000%, avg grad norm   0.024, avg grad norm (post clip)   0.000, rho_Whh  1.30, Omega  0.00, alpha  0.000, steps in the past 0.000, valid nll 0.097
  [diag] log10|dL/dh_t| hist bins=60 range=(-7.54,-3.84) mean=-6.36 p50=-6.43 p05=-6.86 p95=-6.01
  [diag] sat-dist hist bins=60 sat<0.05=0.0% mean=0.570 p10=0.561 p90=0.575
Iter 0040540: train nll 0.152, valid error 100.000%, best valid error 100.000%, avg grad norm   0.031, avg grad norm (post clip)   0.000, rho_Whh  1.30, Omega  0.00, alpha  0.000, steps in the past 0.000, valid nll 0.097
  [diag] log10|dL/dh_t| hist bins=60 range=(-7.55,-3.84) mean=-6.38 p50=-6.46 p05=-6.86 p95=-6.01
  [diag] sat-dist hist bins=60 sat<0.05=0.0% mean=0.569 p10=0.561 p90=0.573
Iter 0040560: train nll 0.124, valid error 100.000%, best valid error 100.000%, avg grad norm   0.028, avg grad norm (post clip)   0.000, rho_Whh  1.30, Omega  0.00, alpha  0.000, steps in the past 0.000, valid nll 0.097
  [diag] log10|dL/dh_t| hist bins=60 range=(-7.55,-3.84) mean=-6.37 p50=-6.44 p05=-6.86 p95=-6.01
  [diag] sat-dist hist bins=60 sat<0.05=0.0% mean=0.570 p10=0.560 p90=0.574
Iter 0040580: train nll 0.133, valid error 100.000%, best valid error 100.000%, avg grad norm   0.027, avg grad norm (post clip)   0.000, rho_Whh  1.30, Omega  0.00, alpha  0.000, steps in the past 0.000, valid nll 0.097
  [diag] log10|dL/dh_t| hist bins=60 range=(-7.56,-3.84) mean=-6.38 p50=-6.46 p05=-6.87 p95=-6.01
  [diag] sat-dist hist bins=60 sat<0.05=0.0% mean=0.569 p10=0.561 p90=0.573
Iter 0040600: train nll 0.129, valid error 100.000%, best valid error 100.000%, avg grad norm   0.026, avg grad norm (post clip)   0.000, rho_Whh  1.30, Omega  0.00, alpha  0.000, steps in the past 0.000, valid nll 0.097
  [diag] log10|dL/dh_t| hist bins=60 range=(-7.56,-3.84) mean=-6.39 p50=-6.47 p05=-6.87 p95=-6.01
  [diag] sat-dist hist bins=60 sat<0.05=0.0% mean=0.568 p10=0.561 p90=0.572
Iter 0040620: train nll 0.128, valid error 100.000%, best valid error 100.000%, avg grad norm   0.031, avg grad norm (post clip)   0.000, rho_Whh  1.30, Omega  0.00, alpha  0.000, steps in the past 0.000, valid nll 0.097
  [diag] log10|dL/dh_t| hist bins=60 range=(-7.57,-3.84) mean=-6.40 p50=-6.48 p05=-6.87 p95=-6.01
  [diag] sat-dist hist bins=60 sat<0.05=0.0% mean=0.567 p10=0.560 p90=0.571
Iter 0040640: train nll 0.124, valid error 100.000%, best valid error 100.000%, avg grad norm   0.025, avg grad norm (post clip)   0.000, rho_Whh  1.30, Omega  0.00, alpha  0.000, steps in the past 0.000, valid nll 0.097
  [diag] log10|dL/dh_t| hist bins=60 range=(-7.56,-3.84) mean=-6.38 p50=-6.45 p05=-6.87 p95=-6.01
  [diag] sat-dist hist bins=60 sat<0.05=0.0% mean=0.569 p10=0.560 p90=0.573
Iter 0040660: train nll 0.138, valid error 100.000%, best valid error 100.000%, avg grad norm   0.030, avg grad norm (post clip)   0.000, rho_Whh  1.30, Omega  0.00, alpha  0.000, steps in the past 0.000, valid nll 0.097
  [diag] log10|dL/dh_t| hist bins=60 range=(-7.56,-3.84) mean=-6.39 p50=-6.47 p05=-6.87 p95=-6.01
  [diag] sat-dist hist bins=60 sat<0.05=0.0% mean=0.568 p10=0.561 p90=0.572
Iter 0040680: train nll 0.136, valid error 100.000%, best valid error 100.000%, avg grad norm   0.028, avg grad norm (post clip)   0.000, rho_Whh  1.30, Omega  0.00, alpha  0.000, steps in the past 0.000, valid nll 0.097
  [diag] log10|dL/dh_t| hist bins=60 range=(-7.57,-3.84) mean=-6.40 p50=-6.48 p05=-6.87 p95=-6.02
  [diag] sat-dist hist bins=60 sat<0.05=0.0% mean=0.567 p10=0.560 p90=0.571
Iter 0040700: train nll 0.119, valid error 100.000%, best valid error 100.000%, avg grad norm   0.023, avg grad norm (post clip)   0.000, rho_Whh  1.30, Omega  0.00, alpha  0.000, steps in the past 0.000, valid nll 0.097
  [diag] log10|dL/dh_t| hist bins=60 range=(-7.57,-3.84) mean=-6.40 p50=-6.48 p05=-6.87 p95=-6.02
  [diag] sat-dist hist bins=60 sat<0.05=0.0% mean=0.567 p10=0.560 p90=0.571
Iter 0040720: train nll 0.120, valid error 100.000%, best valid error 100.000%, avg grad norm   0.024, avg grad norm (post clip)   0.000, rho_Whh  1.30, Omega  0.00, alpha  0.000, steps in the past 0.000, valid nll 0.097
  [diag] log10|dL/dh_t| hist bins=60 range=(-7.58,-3.84) mean=-6.41 p50=-6.49 p05=-6.88 p95=-6.02
  [diag] sat-dist hist bins=60 sat<0.05=0.0% mean=0.566 p10=0.560 p90=0.570
Iter 0040740: train nll 0.117, valid error 100.000%, best valid error 100.000%, avg grad norm   0.026, avg grad norm (post clip)   0.000, rho_Whh  1.30, Omega  0.00, alpha  0.000, steps in the past 0.000, valid nll 0.097
  [diag] log10|dL/dh_t| hist bins=60 range=(-7.57,-3.84) mean=-6.39 p50=-6.47 p05=-6.87 p95=-6.02
  [diag] sat-dist hist bins=60 sat<0.05=0.0% mean=0.568 p10=0.560 p90=0.572
Iter 0040760: train nll 0.135, valid error 100.000%, best valid error 100.000%, avg grad norm   0.031, avg grad norm (post clip)   0.000, rho_Whh  1.30, Omega  0.00, alpha  0.000, steps in the past 0.000, valid nll 0.097
  [diag] log10|dL/dh_t| hist bins=60 range=(-7.56,-3.84) mean=-6.37 p50=-6.44 p05=-6.87 p95=-6.02
  [diag] sat-dist hist bins=60 sat<0.05=0.0% mean=0.570 p10=0.560 p90=0.574
Iter 0040780: train nll 0.144, valid error 100.000%, best valid error 100.000%, avg grad norm   0.029, avg grad norm (post clip)   0.000, rho_Whh  1.30, Omega  0.00, alpha  0.000, steps in the past 0.000, valid nll 0.097
  [diag] log10|dL/dh_t| hist bins=60 range=(-7.57,-3.84) mean=-6.39 p50=-6.47 p05=-6.88 p95=-6.02
  [diag] sat-dist hist bins=60 sat<0.05=0.0% mean=0.568 p10=0.560 p90=0.572
Iter 0040800: train nll 0.131, valid error 100.000%, best valid error 100.000%, avg grad norm   0.031, avg grad norm (post clip)   0.000, rho_Whh  1.30, Omega  0.00, alpha  0.000, steps in the past 0.000, valid nll 0.097
  [diag] log10|dL/dh_t| hist bins=60 range=(-7.57,-3.84) mean=-6.38 p50=-6.46 p05=-6.88 p95=-6.02
  [diag] sat-dist hist bins=60 sat<0.05=0.0% mean=0.569 p10=0.560 p90=0.573
Iter 0040820: train nll 0.129, valid error 100.000%, best valid error 100.000%, avg grad norm   0.029, avg grad norm (post clip)   0.000, rho_Whh  1.30, Omega  0.00, alpha  0.000, steps in the past 0.000, valid nll 0.097
  [diag] log10|dL/dh_t| hist bins=60 range=(-7.58,-3.84) mean=-6.42 p50=-6.50 p05=-6.88 p95=-6.02
  [diag] sat-dist hist bins=60 sat<0.05=0.0% mean=0.566 p10=0.559 p90=0.570
Iter 0040840: train nll 0.113, valid error 100.000%, best valid error 100.000%, avg grad norm   0.025, avg grad norm (post clip)   0.000, rho_Whh  1.30, Omega  0.00, alpha  0.000, steps in the past 0.000, valid nll 0.097
  [diag] log10|dL/dh_t| hist bins=60 range=(-7.58,-3.84) mean=-6.41 p50=-6.49 p05=-6.88 p95=-6.02
  [diag] sat-dist hist bins=60 sat<0.05=0.0% mean=0.567 p10=0.560 p90=0.571
Iter 0040860: train nll 0.125, valid error 100.000%, best valid error 100.000%, avg grad norm   0.027, avg grad norm (post clip)   0.000, rho_Whh  1.30, Omega  0.00, alpha  0.000, steps in the past 0.000, valid nll 0.097
  [diag] log10|dL/dh_t| hist bins=60 range=(-7.58,-3.84) mean=-6.40 p50=-6.47 p05=-6.88 p95=-6.02
  [diag] sat-dist hist bins=60 sat<0.05=0.0% mean=0.568 p10=0.560 p90=0.572
Iter 0040880: train nll 0.129, valid error 100.000%, best valid error 100.000%, avg grad norm   0.026, avg grad norm (post clip)   0.000, rho_Whh  1.30, Omega  0.00, alpha  0.000, steps in the past 0.000, valid nll 0.097
  [diag] log10|dL/dh_t| hist bins=60 range=(-7.59,-3.84) mean=-6.42 p50=-6.50 p05=-6.88 p95=-6.02
  [diag] sat-dist hist bins=60 sat<0.05=0.0% mean=0.566 p10=0.559 p90=0.570
Iter 0040900: train nll 0.110, valid error 100.000%, best valid error 100.000%, avg grad norm   0.024, avg grad norm (post clip)   0.000, rho_Whh  1.30, Omega  0.00, alpha  0.000, steps in the past 0.000, valid nll 0.097
  [diag] log10|dL/dh_t| hist bins=60 range=(-7.57,-3.84) mean=-6.37 p50=-6.44 p05=-6.88 p95=-6.02
  [diag] sat-dist hist bins=60 sat<0.05=0.0% mean=0.570 p10=0.560 p90=0.575
Iter 0040920: train nll 0.142, valid error 100.000%, best valid error 100.000%, avg grad norm   0.030, avg grad norm (post clip)   0.000, rho_Whh  1.30, Omega  0.00, alpha  0.000, steps in the past 0.000, valid nll 0.097
  [diag] log10|dL/dh_t| hist bins=60 range=(-7.59,-3.84) mean=-6.42 p50=-6.50 p05=-6.89 p95=-6.02
  [diag] sat-dist hist bins=60 sat<0.05=0.0% mean=0.566 p10=0.559 p90=0.570
Iter 0040940: train nll 0.116, valid error 100.000%, best valid error 100.000%, avg grad norm   0.025, avg grad norm (post clip)   0.000, rho_Whh  1.30, Omega  0.00, alpha  0.000, steps in the past 0.000, valid nll 0.097
  [diag] log10|dL/dh_t| hist bins=60 range=(-7.59,-3.84) mean=-6.41 p50=-6.49 p05=-6.89 p95=-6.03
  [diag] sat-dist hist bins=60 sat<0.05=0.0% mean=0.567 p10=0.560 p90=0.571
Iter 0040960: train nll 0.123, valid error 100.000%, best valid error 100.000%, avg grad norm   0.029, avg grad norm (post clip)   0.000, rho_Whh  1.30, Omega  0.00, alpha  0.000, steps in the past 0.000, valid nll 0.097
  [diag] log10|dL/dh_t| hist bins=60 range=(-7.58,-3.84) mean=-6.38 p50=-6.45 p05=-6.88 p95=-6.03
  [diag] sat-dist hist bins=60 sat<0.05=0.0% mean=0.569 p10=0.559 p90=0.573
Iter 0040980: train nll 0.140, valid error 100.000%, best valid error 100.000%, avg grad norm   0.028, avg grad norm (post clip)   0.000, rho_Whh  1.30, Omega  0.00, alpha  0.000, steps in the past 0.000, valid nll 0.097
  [diag] log10|dL/dh_t| hist bins=60 range=(-7.58,-3.84) mean=-6.40 p50=-6.47 p05=-6.89 p95=-6.03
  [diag] sat-dist hist bins=60 sat<0.05=0.0% mean=0.568 p10=0.559 p90=0.572
Iter 0041000: train nll 0.136, valid error 100.000%, best valid error 100.000%, avg grad norm   0.027, avg grad norm (post clip)   0.000, rho_Whh  1.30, Omega  0.00, alpha  0.000, steps in the past 0.000, valid nll 0.097
  [diag] log10|dL/dh_t| hist bins=60 range=(-7.58,-3.84) mean=-6.40 p50=-6.47 p05=-6.89 p95=-6.03
  [diag] sat-dist hist bins=60 sat<0.05=0.0% mean=0.568 p10=0.559 p90=0.572
Iter 0041020: train nll 0.132, valid error 100.000%, best valid error 100.000%, avg grad norm   0.032, avg grad norm (post clip)   0.000, rho_Whh  1.30, Omega  0.00, alpha  0.000, steps in the past 0.000, valid nll 0.097
  [diag] log10|dL/dh_t| hist bins=60 range=(-7.59,-3.84) mean=-6.40 p50=-6.47 p05=-6.89 p95=-6.03
  [diag] sat-dist hist bins=60 sat<0.05=0.0% mean=0.568 p10=0.559 p90=0.572
Iter 0041040: train nll 0.124, valid error 100.000%, best valid error 100.000%, avg grad norm   0.026, avg grad norm (post clip)   0.000, rho_Whh  1.30, Omega  0.00, alpha  0.000, steps in the past 0.000, valid nll 0.097
  [diag] log10|dL/dh_t| hist bins=60 range=(-7.60,-3.84) mean=-6.42 p50=-6.50 p05=-6.89 p95=-6.03
  [diag] sat-dist hist bins=60 sat<0.05=0.0% mean=0.566 p10=0.559 p90=0.570
Iter 0041060: train nll 0.119, valid error 100.000%, best valid error 100.000%, avg grad norm   0.025, avg grad norm (post clip)   0.000, rho_Whh  1.30, Omega  0.00, alpha  0.000, steps in the past 0.000, valid nll 0.097
  [diag] log10|dL/dh_t| hist bins=60 range=(-7.60,-3.84) mean=-6.44 p50=-6.52 p05=-6.89 p95=-6.03
  [diag] sat-dist hist bins=60 sat<0.05=0.0% mean=0.565 p10=0.558 p90=0.569
Iter 0041080: train nll 0.112, valid error 100.000%, best valid error 100.000%, avg grad norm   0.024, avg grad norm (post clip)   0.000, rho_Whh  1.30, Omega  0.00, alpha  0.000, steps in the past 0.000, valid nll 0.097
  [diag] log10|dL/dh_t| hist bins=60 range=(-7.59,-3.84) mean=-6.40 p50=-6.47 p05=-6.89 p95=-6.03
  [diag] sat-dist hist bins=60 sat<0.05=0.0% mean=0.568 p10=0.559 p90=0.572
Iter 0041100: train nll 0.143, valid error 100.000%, best valid error 100.000%, avg grad norm   0.027, avg grad norm (post clip)   0.000, rho_Whh  1.30, Omega  0.00, alpha  0.000, steps in the past 0.000, valid nll 0.097
  [diag] log10|dL/dh_t| hist bins=60 range=(-7.59,-3.84) mean=-6.41 p50=-6.48 p05=-6.89 p95=-6.03
  [diag] sat-dist hist bins=60 sat<0.05=0.0% mean=0.567 p10=0.559 p90=0.571
Iter 0041120: train nll 0.133, valid error 100.000%, best valid error 100.000%, avg grad norm   0.029, avg grad norm (post clip)   0.000, rho_Whh  1.30, Omega  0.00, alpha  0.000, steps in the past 0.000, valid nll 0.097
  [diag] log10|dL/dh_t| hist bins=60 range=(-7.60,-3.84) mean=-6.42 p50=-6.50 p05=-6.89 p95=-6.03
  [diag] sat-dist hist bins=60 sat<0.05=0.0% mean=0.567 p10=0.559 p90=0.571
Iter 0041140: train nll 0.117, valid error 100.000%, best valid error 100.000%, avg grad norm   0.028, avg grad norm (post clip)   0.000, rho_Whh  1.30, Omega  0.00, alpha  0.000, steps in the past 0.000, valid nll 0.097
  [diag] log10|dL/dh_t| hist bins=60 range=(-7.60,-3.84) mean=-6.42 p50=-6.50 p05=-6.90 p95=-6.03
  [diag] sat-dist hist bins=60 sat<0.05=0.0% mean=0.566 p10=0.559 p90=0.570
Iter 0041160: train nll 0.114, valid error 100.000%, best valid error 100.000%, avg grad norm   0.023, avg grad norm (post clip)   0.000, rho_Whh  1.30, Omega  0.00, alpha  0.000, steps in the past 0.000, valid nll 0.097
  [diag] log10|dL/dh_t| hist bins=60 range=(-7.61,-3.84) mean=-6.44 p50=-6.52 p05=-6.90 p95=-6.03
  [diag] sat-dist hist bins=60 sat<0.05=0.0% mean=0.565 p10=0.558 p90=0.569
Iter 0041180: train nll 0.113, valid error 100.000%, best valid error 100.000%, avg grad norm   0.025, avg grad norm (post clip)   0.000, rho_Whh  1.30, Omega  0.00, alpha  0.000, steps in the past 0.000, valid nll 0.097
  [diag] log10|dL/dh_t| hist bins=60 range=(-7.61,-3.84) mean=-6.43 p50=-6.51 p05=-6.90 p95=-6.03
  [diag] sat-dist hist bins=60 sat<0.05=0.0% mean=0.566 p10=0.559 p90=0.570
Iter 0041200: train nll 0.115, valid error 100.000%, best valid error 100.000%, avg grad norm   0.026, avg grad norm (post clip)   0.000, rho_Whh  1.30, Omega  0.00, alpha  0.000, steps in the past 0.000, valid nll 0.097
  [diag] log10|dL/dh_t| hist bins=60 range=(-7.60,-3.84) mean=-6.42 p50=-6.50 p05=-6.90 p95=-6.03
  [diag] sat-dist hist bins=60 sat<0.05=0.0% mean=0.566 p10=0.559 p90=0.570
Iter 0041220: train nll 0.128, valid error 100.000%, best valid error 100.000%, avg grad norm   0.030, avg grad norm (post clip)   0.000, rho_Whh  1.30, Omega  0.00, alpha  0.000, steps in the past 0.000, valid nll 0.097
  [diag] log10|dL/dh_t| hist bins=60 range=(-7.60,-3.84) mean=-6.42 p50=-6.49 p05=-6.90 p95=-6.03
  [diag] sat-dist hist bins=60 sat<0.05=0.0% mean=0.567 p10=0.559 p90=0.571
Iter 0041240: train nll 0.127, valid error 100.000%, best valid error 100.000%, avg grad norm   0.029, avg grad norm (post clip)   0.000, rho_Whh  1.30, Omega  0.00, alpha  0.000, steps in the past 0.000, valid nll 0.097
  [diag] log10|dL/dh_t| hist bins=60 range=(-7.61,-3.84) mean=-6.42 p50=-6.50 p05=-6.90 p95=-6.04
  [diag] sat-dist hist bins=60 sat<0.05=0.0% mean=0.567 p10=0.559 p90=0.570
Iter 0041260: train nll 0.124, valid error 100.000%, best valid error 100.000%, avg grad norm   0.028, avg grad norm (post clip)   0.000, rho_Whh  1.30, Omega  0.00, alpha  0.000, steps in the past 0.000, valid nll 0.097
  [diag] log10|dL/dh_t| hist bins=60 range=(-7.60,-3.84) mean=-6.40 p50=-6.47 p05=-6.90 p95=-6.04
  [diag] sat-dist hist bins=60 sat<0.05=0.0% mean=0.568 p10=0.558 p90=0.572
Iter 0041280: train nll 0.131, valid error 100.000%, best valid error 100.000%, avg grad norm   0.028, avg grad norm (post clip)   0.000, rho_Whh  1.30, Omega  0.00, alpha  0.000, steps in the past 0.000, valid nll 0.097
  [diag] log10|dL/dh_t| hist bins=60 range=(-7.61,-3.84) mean=-6.44 p50=-6.52 p05=-6.90 p95=-6.04
  [diag] sat-dist hist bins=60 sat<0.05=0.0% mean=0.565 p10=0.558 p90=0.569
Iter 0041300: train nll 0.110, valid error 100.000%, best valid error 100.000%, avg grad norm   0.023, avg grad norm (post clip)   0.000, rho_Whh  1.30, Omega  0.00, alpha  0.000, steps in the past 0.000, valid nll 0.097
  [diag] log10|dL/dh_t| hist bins=60 range=(-7.59,-3.84) mean=-6.37 p50=-6.44 p05=-6.90 p95=-6.04
  [diag] sat-dist hist bins=60 sat<0.05=0.0% mean=0.570 p10=0.559 p90=0.575
Iter 0041320: train nll 0.141, valid error 100.000%, best valid error 100.000%, avg grad norm   0.035, avg grad norm (post clip)   0.000, rho_Whh  1.30, Omega  0.00, alpha  0.000, steps in the past 0.000, valid nll 0.097
  [diag] log10|dL/dh_t| hist bins=60 range=(-7.61,-3.84) mean=-6.43 p50=-6.51 p05=-6.90 p95=-6.04
  [diag] sat-dist hist bins=60 sat<0.05=0.0% mean=0.566 p10=0.559 p90=0.570
Iter 0041340: train nll 0.111, valid error 100.000%, best valid error 100.000%, avg grad norm   0.025, avg grad norm (post clip)   0.000, rho_Whh  1.30, Omega  0.00, alpha  0.000, steps in the past 0.000, valid nll 0.097
  [diag] log10|dL/dh_t| hist bins=60 range=(-7.61,-3.84) mean=-6.42 p50=-6.50 p05=-6.90 p95=-6.04
  [diag] sat-dist hist bins=60 sat<0.05=0.0% mean=0.567 p10=0.559 p90=0.571
Iter 0041360: train nll 0.116, valid error 100.000%, best valid error 100.000%, avg grad norm   0.027, avg grad norm (post clip)   0.000, rho_Whh  1.30, Omega  0.00, alpha  0.000, steps in the past 0.000, valid nll 0.097
  [diag] log10|dL/dh_t| hist bins=60 range=(-7.61,-3.84) mean=-6.42 p50=-6.49 p05=-6.91 p95=-6.04
  [diag] sat-dist hist bins=60 sat<0.05=0.0% mean=0.567 p10=0.558 p90=0.571
Iter 0041380: train nll 0.117, valid error 100.000%, best valid error 100.000%, avg grad norm   0.023, avg grad norm (post clip)   0.000, rho_Whh  1.30, Omega  0.00, alpha  0.000, steps in the past 0.000, valid nll 0.097
  [diag] log10|dL/dh_t| hist bins=60 range=(-7.61,-3.84) mean=-6.43 p50=-6.50 p05=-6.91 p95=-6.04
  [diag] sat-dist hist bins=60 sat<0.05=0.0% mean=0.566 p10=0.559 p90=0.571
Iter 0041400: train nll 0.119, valid error 100.000%, best valid error 100.000%, avg grad norm   0.023, avg grad norm (post clip)   0.000, rho_Whh  1.30, Omega  0.00, alpha  0.000, steps in the past 0.000, valid nll 0.097
  [diag] log10|dL/dh_t| hist bins=60 range=(-7.62,-3.84) mean=-6.44 p50=-6.52 p05=-6.91 p95=-6.04
  [diag] sat-dist hist bins=60 sat<0.05=0.0% mean=0.565 p10=0.558 p90=0.569
Iter 0041420: train nll 0.112, valid error 100.000%, best valid error 100.000%, avg grad norm   0.023, avg grad norm (post clip)   0.000, rho_Whh  1.30, Omega  0.00, alpha  0.000, steps in the past 0.000, valid nll 0.097
  [diag] log10|dL/dh_t| hist bins=60 range=(-7.62,-3.84) mean=-6.44 p50=-6.52 p05=-6.91 p95=-6.04
  [diag] sat-dist hist bins=60 sat<0.05=0.0% mean=0.566 p10=0.558 p90=0.569
Iter 0041440: train nll 0.116, valid error 100.000%, best valid error 100.000%, avg grad norm   0.023, avg grad norm (post clip)   0.000, rho_Whh  1.30, Omega  0.00, alpha  0.000, steps in the past 0.000, valid nll 0.097
  [diag] log10|dL/dh_t| hist bins=60 range=(-7.61,-3.84) mean=-6.42 p50=-6.49 p05=-6.91 p95=-6.04
  [diag] sat-dist hist bins=60 sat<0.05=0.0% mean=0.567 p10=0.558 p90=0.571
Iter 0041460: train nll 0.132, valid error 100.000%, best valid error 100.000%, avg grad norm   0.025, avg grad norm (post clip)   0.000, rho_Whh  1.30, Omega  0.00, alpha  0.000, steps in the past 0.000, valid nll 0.097
  [diag] log10|dL/dh_t| hist bins=60 range=(-7.62,-3.84) mean=-6.43 p50=-6.50 p05=-6.91 p95=-6.04
  [diag] sat-dist hist bins=60 sat<0.05=0.0% mean=0.567 p10=0.558 p90=0.571
Iter 0041480: train nll 0.116, valid error 100.000%, best valid error 100.000%, avg grad norm   0.024, avg grad norm (post clip)   0.000, rho_Whh  1.30, Omega  0.00, alpha  0.000, steps in the past 0.000, valid nll 0.097
  [diag] log10|dL/dh_t| hist bins=60 range=(-7.61,-3.84) mean=-6.41 p50=-6.49 p05=-6.91 p95=-6.04
  [diag] sat-dist hist bins=60 sat<0.05=0.0% mean=0.568 p10=0.558 p90=0.572
Iter 0041500: train nll 0.133, valid error 100.000%, best valid error 100.000%, avg grad norm   0.030, avg grad norm (post clip)   0.000, rho_Whh  1.30, Omega  0.00, alpha  0.000, steps in the past 0.000, valid nll 0.097
  [diag] log10|dL/dh_t| hist bins=60 range=(-7.62,-3.84) mean=-6.41 p50=-6.49 p05=-6.91 p95=-6.04
  [diag] sat-dist hist bins=60 sat<0.05=0.0% mean=0.567 p10=0.558 p90=0.572
Iter 0041520: train nll 0.127, valid error 100.000%, best valid error 100.000%, avg grad norm   0.026, avg grad norm (post clip)   0.000, rho_Whh  1.30, Omega  0.00, alpha  0.000, steps in the past 0.000, valid nll 0.097
  [diag] log10|dL/dh_t| hist bins=60 range=(-7.62,-3.84) mean=-6.43 p50=-6.51 p05=-6.91 p95=-6.05
  [diag] sat-dist hist bins=60 sat<0.05=0.0% mean=0.566 p10=0.558 p90=0.570
Iter 0041540: train nll 0.127, valid error 100.000%, best valid error 100.000%, avg grad norm   0.027, avg grad norm (post clip)   0.000, rho_Whh  1.30, Omega  0.00, alpha  0.000, steps in the past 0.000, valid nll 0.097
  [diag] log10|dL/dh_t| hist bins=60 range=(-7.61,-3.84) mean=-6.39 p50=-6.45 p05=-6.91 p95=-6.04
  [diag] sat-dist hist bins=60 sat<0.05=0.0% mean=0.569 p10=0.559 p90=0.574
Iter 0041560: train nll 0.154, valid error 100.000%, best valid error 100.000%, avg grad norm   0.032, avg grad norm (post clip)   0.000, rho_Whh  1.30, Omega  0.00, alpha  0.000, steps in the past 0.000, valid nll 0.097
  [diag] log10|dL/dh_t| hist bins=60 range=(-7.62,-3.84) mean=-6.41 p50=-6.48 p05=-6.91 p95=-6.05
  [diag] sat-dist hist bins=60 sat<0.05=0.0% mean=0.568 p10=0.558 p90=0.572
Iter 0041580: train nll 0.124, valid error 100.000%, best valid error 100.000%, avg grad norm   0.026, avg grad norm (post clip)   0.000, rho_Whh  1.30, Omega  0.00, alpha  0.000, steps in the past 0.000, valid nll 0.097
  [diag] log10|dL/dh_t| hist bins=60 range=(-7.63,-3.84) mean=-6.43 p50=-6.51 p05=-6.92 p95=-6.05
  [diag] sat-dist hist bins=60 sat<0.05=0.0% mean=0.566 p10=0.558 p90=0.570
Iter 0041600: train nll 0.116, valid error 100.000%, best valid error 100.000%, avg grad norm   0.027, avg grad norm (post clip)   0.000, rho_Whh  1.30, Omega  0.00, alpha  0.000, steps in the past 0.000, valid nll 0.097
  [diag] log10|dL/dh_t| hist bins=60 range=(-7.63,-3.84) mean=-6.43 p50=-6.50 p05=-6.92 p95=-6.05
  [diag] sat-dist hist bins=60 sat<0.05=0.0% mean=0.567 p10=0.558 p90=0.571
Iter 0041620: train nll 0.118, valid error 100.000%, best valid error 100.000%, avg grad norm   0.026, avg grad norm (post clip)   0.000, rho_Whh  1.30, Omega  0.00, alpha  0.000, steps in the past 0.000, valid nll 0.097
  [diag] log10|dL/dh_t| hist bins=60 range=(-7.62,-3.84) mean=-6.41 p50=-6.48 p05=-6.92 p95=-6.05
  [diag] sat-dist hist bins=60 sat<0.05=0.0% mean=0.568 p10=0.558 p90=0.572
Iter 0041640: train nll 0.124, valid error 100.000%, best valid error 100.000%, avg grad norm   0.028, avg grad norm (post clip)   0.000, rho_Whh  1.30, Omega  0.00, alpha  0.000, steps in the past 0.000, valid nll 0.097
  [diag] log10|dL/dh_t| hist bins=60 range=(-7.63,-3.84) mean=-6.43 p50=-6.51 p05=-6.92 p95=-6.05
  [diag] sat-dist hist bins=60 sat<0.05=0.0% mean=0.566 p10=0.558 p90=0.571
Iter 0041660: train nll 0.113, valid error 100.000%, best valid error 100.000%, avg grad norm   0.027, avg grad norm (post clip)   0.000, rho_Whh  1.30, Omega  0.00, alpha  0.000, steps in the past 0.000, valid nll 0.097
  [diag] log10|dL/dh_t| hist bins=60 range=(-7.63,-3.84) mean=-6.44 p50=-6.52 p05=-6.92 p95=-6.05
  [diag] sat-dist hist bins=60 sat<0.05=0.0% mean=0.566 p10=0.558 p90=0.570
Iter 0041680: train nll 0.119, valid error 100.000%, best valid error 100.000%, avg grad norm   0.028, avg grad norm (post clip)   0.000, rho_Whh  1.30, Omega  0.00, alpha  0.000, steps in the past 0.000, valid nll 0.097
  [diag] log10|dL/dh_t| hist bins=60 range=(-7.63,-3.84) mean=-6.42 p50=-6.50 p05=-6.92 p95=-6.05
  [diag] sat-dist hist bins=60 sat<0.05=0.0% mean=0.567 p10=0.557 p90=0.571
Iter 0041700: train nll 0.120, valid error 100.000%, best valid error 100.000%, avg grad norm   0.028, avg grad norm (post clip)   0.000, rho_Whh  1.30, Omega  0.00, alpha  0.000, steps in the past 0.000, valid nll 0.097
  [diag] log10|dL/dh_t| hist bins=60 range=(-7.62,-3.84) mean=-6.39 p50=-6.46 p05=-6.92 p95=-6.05
  [diag] sat-dist hist bins=60 sat<0.05=0.0% mean=0.569 p10=0.558 p90=0.574
Iter 0041720: train nll 0.137, valid error 100.000%, best valid error 100.000%, avg grad norm   0.033, avg grad norm (post clip)   0.000, rho_Whh  1.30, Omega  0.00, alpha  0.000, steps in the past 0.000, valid nll 0.097
  [diag] log10|dL/dh_t| hist bins=60 range=(-7.64,-3.84) mean=-6.45 p50=-6.52 p05=-6.92 p95=-6.05
  [diag] sat-dist hist bins=60 sat<0.05=0.0% mean=0.565 p10=0.558 p90=0.569
Iter 0041740: train nll 0.122, valid error 100.000%, best valid error 100.000%, avg grad norm   0.024, avg grad norm (post clip)   0.000, rho_Whh  1.30, Omega  0.00, alpha  0.000, steps in the past 0.000, valid nll 0.097
  [diag] log10|dL/dh_t| hist bins=60 range=(-7.64,-3.84) mean=-6.44 p50=-6.52 p05=-6.93 p95=-6.05
  [diag] sat-dist hist bins=60 sat<0.05=0.0% mean=0.565 p10=0.558 p90=0.569
Iter 0041760: train nll 0.114, valid error 100.000%, best valid error 100.000%, avg grad norm   0.025, avg grad norm (post clip)   0.000, rho_Whh  1.30, Omega  0.00, alpha  0.000, steps in the past 0.000, valid nll 0.097
  [diag] log10|dL/dh_t| hist bins=60 range=(-7.64,-3.84) mean=-6.44 p50=-6.51 p05=-6.93 p95=-6.05
  [diag] sat-dist hist bins=60 sat<0.05=0.0% mean=0.566 p10=0.558 p90=0.570
Iter 0041780: train nll 0.126, valid error 100.000%, best valid error 100.000%, avg grad norm   0.026, avg grad norm (post clip)   0.000, rho_Whh  1.30, Omega  0.00, alpha  0.000, steps in the past 0.000, valid nll 0.097
  [diag] log10|dL/dh_t| hist bins=60 range=(-7.64,-3.84) mean=-6.43 p50=-6.50 p05=-6.93 p95=-6.05
  [diag] sat-dist hist bins=60 sat<0.05=0.0% mean=0.567 p10=0.557 p90=0.571
Iter 0041800: train nll 0.132, valid error 100.000%, best valid error 100.000%, avg grad norm   0.027, avg grad norm (post clip)   0.000, rho_Whh  1.30, Omega  0.00, alpha  0.000, steps in the past 0.000, valid nll 0.097
  [diag] log10|dL/dh_t| hist bins=60 range=(-7.62,-3.84) mean=-6.38 p50=-6.45 p05=-6.92 p95=-6.05
  [diag] sat-dist hist bins=60 sat<0.05=0.0% mean=0.570 p10=0.558 p90=0.575
Iter 0041820: train nll 0.132, valid error 100.000%, best valid error 100.000%, avg grad norm   0.030, avg grad norm (post clip)   0.000, rho_Whh  1.30, Omega  0.00, alpha  0.000, steps in the past 0.000, valid nll 0.097
  [diag] log10|dL/dh_t| hist bins=60 range=(-7.64,-3.84) mean=-6.43 p50=-6.50 p05=-6.93 p95=-6.05
  [diag] sat-dist hist bins=60 sat<0.05=0.0% mean=0.567 p10=0.557 p90=0.571
Iter 0041840: train nll 0.128, valid error 100.000%, best valid error 100.000%, avg grad norm   0.030, avg grad norm (post clip)   0.000, rho_Whh  1.30, Omega  0.00, alpha  0.000, steps in the past 0.000, valid nll 0.097
  [diag] log10|dL/dh_t| hist bins=60 range=(-7.64,-3.84) mean=-6.43 p50=-6.50 p05=-6.93 p95=-6.06
  [diag] sat-dist hist bins=60 sat<0.05=0.0% mean=0.567 p10=0.557 p90=0.571
Iter 0041860: train nll 0.135, valid error 100.000%, best valid error 100.000%, avg grad norm   0.031, avg grad norm (post clip)   0.000, rho_Whh  1.30, Omega  0.00, alpha  0.000, steps in the past 0.000, valid nll 0.097
  [diag] log10|dL/dh_t| hist bins=60 range=(-7.65,-3.84) mean=-6.45 p50=-6.52 p05=-6.93 p95=-6.06
  [diag] sat-dist hist bins=60 sat<0.05=0.0% mean=0.565 p10=0.557 p90=0.570
Iter 0041880: train nll 0.126, valid error 100.000%, best valid error 100.000%, avg grad norm   0.026, avg grad norm (post clip)   0.000, rho_Whh  1.30, Omega  0.00, alpha  0.000, steps in the past 0.000, valid nll 0.097
  [diag] log10|dL/dh_t| hist bins=60 range=(-7.65,-3.84) mean=-6.44 p50=-6.51 p05=-6.93 p95=-6.06
  [diag] sat-dist hist bins=60 sat<0.05=0.0% mean=0.566 p10=0.557 p90=0.570
Iter 0041900: train nll 0.122, valid error 100.000%, best valid error 100.000%, avg grad norm   0.025, avg grad norm (post clip)   0.000, rho_Whh  1.30, Omega  0.00, alpha  0.000, steps in the past 0.000, valid nll 0.097
  [diag] log10|dL/dh_t| hist bins=60 range=(-7.64,-3.84) mean=-6.42 p50=-6.49 p05=-6.93 p95=-6.06
  [diag] sat-dist hist bins=60 sat<0.05=0.0% mean=0.567 p10=0.557 p90=0.572
Iter 0041920: train nll 0.135, valid error 100.000%, best valid error 100.000%, avg grad norm   0.028, avg grad norm (post clip)   0.000, rho_Whh  1.30, Omega  0.00, alpha  0.000, steps in the past 0.000, valid nll 0.097
  [diag] log10|dL/dh_t| hist bins=60 range=(-7.65,-3.84) mean=-6.44 p50=-6.51 p05=-6.93 p95=-6.06
  [diag] sat-dist hist bins=60 sat<0.05=0.0% mean=0.566 p10=0.556 p90=0.570
Iter 0041940: train nll 0.124, valid error 100.000%, best valid error 100.000%, avg grad norm   0.025, avg grad norm (post clip)   0.000, rho_Whh  1.30, Omega  0.00, alpha  0.000, steps in the past 0.000, valid nll 0.097
  [diag] log10|dL/dh_t| hist bins=60 range=(-7.65,-3.84) mean=-6.44 p50=-6.52 p05=-6.93 p95=-6.06
  [diag] sat-dist hist bins=60 sat<0.05=0.0% mean=0.566 p10=0.557 p90=0.570
Iter 0041960: train nll 0.114, valid error 100.000%, best valid error 100.000%, avg grad norm   0.023, avg grad norm (post clip)   0.000, rho_Whh  1.31, Omega  0.00, alpha  0.000, steps in the past 0.000, valid nll 0.097
  [diag] log10|dL/dh_t| hist bins=60 range=(-7.66,-3.84) mean=-6.45 p50=-6.53 p05=-6.94 p95=-6.06
  [diag] sat-dist hist bins=60 sat<0.05=0.0% mean=0.565 p10=0.557 p90=0.569
Iter 0041980: train nll 0.122, valid error 100.000%, best valid error 100.000%, avg grad norm   0.027, avg grad norm (post clip)   0.000, rho_Whh  1.31, Omega  0.00, alpha  0.000, steps in the past 0.000, valid nll 0.097
  [diag] log10|dL/dh_t| hist bins=60 range=(-7.65,-3.84) mean=-6.43 p50=-6.51 p05=-6.94 p95=-6.06
  [diag] sat-dist hist bins=60 sat<0.05=0.0% mean=0.566 p10=0.556 p90=0.571
Iter 0042000: train nll 0.127, valid error 100.000%, best valid error 100.000%, avg grad norm   0.026, avg grad norm (post clip)   0.000, rho_Whh  1.30, Omega  0.00, alpha  0.000, steps in the past 0.000, valid nll 0.097
  [diag] log10|dL/dh_t| hist bins=60 range=(-7.65,-3.84) mean=-6.42 p50=-6.49 p05=-6.94 p95=-6.06
  [diag] sat-dist hist bins=60 sat<0.05=0.0% mean=0.567 p10=0.557 p90=0.572
Iter 0042020: train nll 0.126, valid error 100.000%, best valid error 100.000%, avg grad norm   0.029, avg grad norm (post clip)   0.000, rho_Whh  1.30, Omega  0.00, alpha  0.000, steps in the past 0.000, valid nll 0.097
  [diag] log10|dL/dh_t| hist bins=60 range=(-7.65,-3.84) mean=-6.44 p50=-6.51 p05=-6.94 p95=-6.06
  [diag] sat-dist hist bins=60 sat<0.05=0.0% mean=0.566 p10=0.556 p90=0.571
Iter 0042040: train nll 0.122, valid error 100.000%, best valid error 100.000%, avg grad norm   0.026, avg grad norm (post clip)   0.000, rho_Whh  1.30, Omega  0.00, alpha  0.000, steps in the past 0.000, valid nll 0.097
  [diag] log10|dL/dh_t| hist bins=60 range=(-7.66,-3.84) mean=-6.45 p50=-6.53 p05=-6.94 p95=-6.06
  [diag] sat-dist hist bins=60 sat<0.05=0.0% mean=0.565 p10=0.557 p90=0.569
Iter 0042060: train nll 0.118, valid error 100.000%, best valid error 100.000%, avg grad norm   0.028, avg grad norm (post clip)   0.000, rho_Whh  1.31, Omega  0.00, alpha  0.000, steps in the past 0.000, valid nll 0.097
  [diag] log10|dL/dh_t| hist bins=60 range=(-7.67,-3.84) mean=-6.49 p50=-6.57 p05=-6.95 p95=-6.06
  [diag] sat-dist hist bins=60 sat<0.05=0.0% mean=0.563 p10=0.556 p90=0.567
Iter 0042080: train nll 0.101, valid error 100.000%, best valid error 100.000%, avg grad norm   0.021, avg grad norm (post clip)   0.000, rho_Whh  1.31, Omega  0.00, alpha  0.000, steps in the past 0.000, valid nll 0.097
  [diag] log10|dL/dh_t| hist bins=60 range=(-7.66,-3.84) mean=-6.46 p50=-6.54 p05=-6.94 p95=-6.06
  [diag] sat-dist hist bins=60 sat<0.05=0.0% mean=0.564 p10=0.557 p90=0.569
Iter 0042100: train nll 0.117, valid error 100.000%, best valid error 100.000%, avg grad norm   0.025, avg grad norm (post clip)   0.000, rho_Whh  1.31, Omega  0.00, alpha  0.000, steps in the past 0.000, valid nll 0.097
  [diag] log10|dL/dh_t| hist bins=60 range=(-7.66,-3.84) mean=-6.44 p50=-6.51 p05=-6.94 p95=-6.06
  [diag] sat-dist hist bins=60 sat<0.05=0.0% mean=0.566 p10=0.556 p90=0.571
Iter 0042120: train nll 0.125, valid error 100.000%, best valid error 100.000%, avg grad norm   0.029, avg grad norm (post clip)   0.000, rho_Whh  1.31, Omega  0.00, alpha  0.000, steps in the past 0.000, valid nll 0.097
  [diag] log10|dL/dh_t| hist bins=60 range=(-7.65,-3.84) mean=-6.40 p50=-6.47 p05=-6.94 p95=-6.06
  [diag] sat-dist hist bins=60 sat<0.05=0.0% mean=0.569 p10=0.557 p90=0.574
Iter 0042140: train nll 0.141, valid error 100.000%, best valid error 100.000%, avg grad norm   0.031, avg grad norm (post clip)   0.000, rho_Whh  1.30, Omega  0.00, alpha  0.000, steps in the past 0.000, valid nll 0.097
  [diag] log10|dL/dh_t| hist bins=60 range=(-7.66,-3.84) mean=-6.45 p50=-6.53 p05=-6.94 p95=-6.07
  [diag] sat-dist hist bins=60 sat<0.05=0.0% mean=0.565 p10=0.556 p90=0.570
Iter 0042160: train nll 0.112, valid error 100.000%, best valid error 100.000%, avg grad norm   0.025, avg grad norm (post clip)   0.000, rho_Whh  1.31, Omega  0.00, alpha  0.000, steps in the past 0.000, valid nll 0.097
  [diag] log10|dL/dh_t| hist bins=60 range=(-7.66,-3.84) mean=-6.45 p50=-6.52 p05=-6.94 p95=-6.07
  [diag] sat-dist hist bins=60 sat<0.05=0.0% mean=0.566 p10=0.556 p90=0.570
Iter 0042180: train nll 0.129, valid error 100.000%, best valid error 100.000%, avg grad norm   0.029, avg grad norm (post clip)   0.000, rho_Whh  1.31, Omega  0.00, alpha  0.000, steps in the past 0.000, valid nll 0.097
  [diag] log10|dL/dh_t| hist bins=60 range=(-7.67,-3.84) mean=-6.47 p50=-6.55 p05=-6.95 p95=-6.07
  [diag] sat-dist hist bins=60 sat<0.05=0.0% mean=0.564 p10=0.556 p90=0.568
Iter 0042200: train nll 0.111, valid error 100.000%, best valid error 100.000%, avg grad norm   0.024, avg grad norm (post clip)   0.000, rho_Whh  1.31, Omega  0.00, alpha  0.000, steps in the past 0.000, valid nll 0.097
  [diag] log10|dL/dh_t| hist bins=60 range=(-7.65,-3.84) mean=-6.40 p50=-6.47 p05=-6.94 p95=-6.07
  [diag] sat-dist hist bins=60 sat<0.05=0.0% mean=0.569 p10=0.557 p90=0.574
Iter 0042220: train nll 0.134, valid error 100.000%, best valid error 100.000%, avg grad norm   0.030, avg grad norm (post clip)   0.000, rho_Whh  1.30, Omega  0.00, alpha  0.000, steps in the past 0.000, valid nll 0.097
  [diag] log10|dL/dh_t| hist bins=60 range=(-7.66,-3.84) mean=-6.44 p50=-6.51 p05=-6.95 p95=-6.07
  [diag] sat-dist hist bins=60 sat<0.05=0.0% mean=0.566 p10=0.556 p90=0.571
Iter 0042240: train nll 0.120, valid error 100.000%, best valid error 100.000%, avg grad norm   0.025, avg grad norm (post clip)   0.000, rho_Whh  1.31, Omega  0.00, alpha  0.000, steps in the past 0.000, valid nll 0.097
  [diag] log10|dL/dh_t| hist bins=60 range=(-7.67,-3.84) mean=-6.46 p50=-6.54 p05=-6.95 p95=-6.07
  [diag] sat-dist hist bins=60 sat<0.05=0.0% mean=0.565 p10=0.556 p90=0.569
Iter 0042260: train nll 0.120, valid error 100.000%, best valid error 100.000%, avg grad norm   0.023, avg grad norm (post clip)   0.000, rho_Whh  1.31, Omega  0.00, alpha  0.000, steps in the past 0.000, valid nll 0.097
  [diag] log10|dL/dh_t| hist bins=60 range=(-7.67,-3.84) mean=-6.45 p50=-6.52 p05=-6.95 p95=-6.07
  [diag] sat-dist hist bins=60 sat<0.05=0.0% mean=0.566 p10=0.555 p90=0.570
Iter 0042280: train nll 0.119, valid error 100.000%, best valid error 100.000%, avg grad norm   0.024, avg grad norm (post clip)   0.000, rho_Whh  1.31, Omega  0.00, alpha  0.000, steps in the past 0.000, valid nll 0.097
  [diag] log10|dL/dh_t| hist bins=60 range=(-7.67,-3.84) mean=-6.44 p50=-6.51 p05=-6.95 p95=-6.07
  [diag] sat-dist hist bins=60 sat<0.05=0.0% mean=0.566 p10=0.556 p90=0.571
Iter 0042300: train nll 0.125, valid error 100.000%, best valid error 100.000%, avg grad norm   0.027, avg grad norm (post clip)   0.000, rho_Whh  1.31, Omega  0.00, alpha  0.000, steps in the past 0.000, valid nll 0.097
  [diag] log10|dL/dh_t| hist bins=60 range=(-7.66,-3.84) mean=-6.43 p50=-6.50 p05=-6.95 p95=-6.07
  [diag] sat-dist hist bins=60 sat<0.05=0.0% mean=0.567 p10=0.556 p90=0.572
Iter 0042320: train nll 0.129, valid error 100.000%, best valid error 100.000%, avg grad norm   0.028, avg grad norm (post clip)   0.000, rho_Whh  1.31, Omega  0.00, alpha  0.000, steps in the past 0.000, valid nll 0.097
  [diag] log10|dL/dh_t| hist bins=60 range=(-7.68,-3.84) mean=-6.46 p50=-6.54 p05=-6.95 p95=-6.07
  [diag] sat-dist hist bins=60 sat<0.05=0.0% mean=0.565 p10=0.556 p90=0.569
Iter 0042340: train nll 0.117, valid error 100.000%, best valid error 100.000%, avg grad norm   0.028, avg grad norm (post clip)   0.000, rho_Whh  1.31, Omega  0.00, alpha  0.000, steps in the past 0.000, valid nll 0.097
  [diag] log10|dL/dh_t| hist bins=60 range=(-7.67,-3.84) mean=-6.43 p50=-6.50 p05=-6.95 p95=-6.07
  [diag] sat-dist hist bins=60 sat<0.05=0.0% mean=0.567 p10=0.556 p90=0.572
Iter 0042360: train nll 0.125, valid error 100.000%, best valid error 100.000%, avg grad norm   0.030, avg grad norm (post clip)   0.000, rho_Whh  1.31, Omega  0.00, alpha  0.000, steps in the past 0.000, valid nll 0.097
  [diag] log10|dL/dh_t| hist bins=60 range=(-7.66,-3.84) mean=-6.40 p50=-6.46 p05=-6.95 p95=-6.07
  [diag] sat-dist hist bins=60 sat<0.05=0.0% mean=0.569 p10=0.557 p90=0.575
Iter 0042380: train nll 0.148, valid error 100.000%, best valid error 100.000%, avg grad norm   0.034, avg grad norm (post clip)   0.000, rho_Whh  1.30, Omega  0.00, alpha  0.000, steps in the past 0.000, valid nll 0.097
  [diag] log10|dL/dh_t| hist bins=60 range=(-7.66,-3.84) mean=-6.40 p50=-6.46 p05=-6.95 p95=-6.07
  [diag] sat-dist hist bins=60 sat<0.05=0.0% mean=0.570 p10=0.557 p90=0.575
Iter 0042400: train nll 0.140, valid error 100.000%, best valid error 100.000%, avg grad norm   0.031, avg grad norm (post clip)   0.000, rho_Whh  1.30, Omega  0.00, alpha  0.000, steps in the past 0.000, valid nll 0.097
  [diag] log10|dL/dh_t| hist bins=60 range=(-7.67,-3.84) mean=-6.44 p50=-6.52 p05=-6.95 p95=-6.07
  [diag] sat-dist hist bins=60 sat<0.05=0.0% mean=0.566 p10=0.555 p90=0.571
Iter 0042420: train nll 0.120, valid error 100.000%, best valid error 100.000%, avg grad norm   0.026, avg grad norm (post clip)   0.000, rho_Whh  1.31, Omega  0.00, alpha  0.000, steps in the past 0.000, valid nll 0.097
  [diag] log10|dL/dh_t| hist bins=60 range=(-7.68,-3.84) mean=-6.47 p50=-6.54 p05=-6.96 p95=-6.08
  [diag] sat-dist hist bins=60 sat<0.05=0.0% mean=0.565 p10=0.556 p90=0.569
Iter 0042440: train nll 0.112, valid error 100.000%, best valid error 100.000%, avg grad norm   0.025, avg grad norm (post clip)   0.000, rho_Whh  1.31, Omega  0.00, alpha  0.000, steps in the past 0.000, valid nll 0.097
  [diag] log10|dL/dh_t| hist bins=60 range=(-7.68,-3.84) mean=-6.45 p50=-6.52 p05=-6.96 p95=-6.08
  [diag] sat-dist hist bins=60 sat<0.05=0.0% mean=0.566 p10=0.555 p90=0.570
Iter 0042460: train nll 0.130, valid error 100.000%, best valid error 100.000%, avg grad norm   0.030, avg grad norm (post clip)   0.000, rho_Whh  1.31, Omega  0.00, alpha  0.000, steps in the past 0.000, valid nll 0.097
  [diag] log10|dL/dh_t| hist bins=60 range=(-7.68,-3.84) mean=-6.44 p50=-6.51 p05=-6.96 p95=-6.08
  [diag] sat-dist hist bins=60 sat<0.05=0.0% mean=0.566 p10=0.555 p90=0.571
Iter 0042480: train nll 0.122, valid error 100.000%, best valid error 100.000%, avg grad norm   0.028, avg grad norm (post clip)   0.000, rho_Whh  1.31, Omega  0.00, alpha  0.000, steps in the past 0.000, valid nll 0.097
  [diag] log10|dL/dh_t| hist bins=60 range=(-7.67,-3.84) mean=-6.43 p50=-6.50 p05=-6.96 p95=-6.08
  [diag] sat-dist hist bins=60 sat<0.05=0.0% mean=0.567 p10=0.556 p90=0.572
Iter 0042500: train nll 0.131, valid error 100.000%, best valid error 100.000%, avg grad norm   0.030, avg grad norm (post clip)   0.000, rho_Whh  1.31, Omega  0.00, alpha  0.000, steps in the past 0.000, valid nll 0.097
  [diag] log10|dL/dh_t| hist bins=60 range=(-7.69,-3.84) mean=-6.47 p50=-6.55 p05=-6.96 p95=-6.08
  [diag] sat-dist hist bins=60 sat<0.05=0.0% mean=0.564 p10=0.556 p90=0.569
Iter 0042520: train nll 0.109, valid error 100.000%, best valid error 100.000%, avg grad norm   0.024, avg grad norm (post clip)   0.000, rho_Whh  1.31, Omega  0.00, alpha  0.000, steps in the past 0.000, valid nll 0.097
  [diag] log10|dL/dh_t| hist bins=60 range=(-7.69,-3.84) mean=-6.46 p50=-6.54 p05=-6.96 p95=-6.08
  [diag] sat-dist hist bins=60 sat<0.05=0.0% mean=0.565 p10=0.555 p90=0.569
Iter 0042540: train nll 0.121, valid error 100.000%, best valid error 100.000%, avg grad norm   0.025, avg grad norm (post clip)   0.000, rho_Whh  1.31, Omega  0.00, alpha  0.000, steps in the past 0.000, valid nll 0.097
  [diag] log10|dL/dh_t| hist bins=60 range=(-7.67,-3.84) mean=-6.39 p50=-6.45 p05=-6.96 p95=-6.08
  [diag] sat-dist hist bins=60 sat<0.05=0.0% mean=0.570 p10=0.557 p90=0.576
Iter 0042560: train nll 0.139, valid error 100.000%, best valid error 100.000%, avg grad norm   0.032, avg grad norm (post clip)   0.000, rho_Whh  1.30, Omega  0.00, alpha  0.000, steps in the past 0.000, valid nll 0.097
  [diag] log10|dL/dh_t| hist bins=60 range=(-7.68,-3.84) mean=-6.44 p50=-6.51 p05=-6.96 p95=-6.08
  [diag] sat-dist hist bins=60 sat<0.05=0.0% mean=0.567 p10=0.555 p90=0.572
Iter 0042580: train nll 0.124, valid error 100.000%, best valid error 100.000%, avg grad norm   0.030, avg grad norm (post clip)   0.000, rho_Whh  1.31, Omega  0.00, alpha  0.000, steps in the past 0.000, valid nll 0.097
  [diag] log10|dL/dh_t| hist bins=60 range=(-7.69,-3.84) mean=-6.47 p50=-6.55 p05=-6.97 p95=-6.08
  [diag] sat-dist hist bins=60 sat<0.05=0.0% mean=0.564 p10=0.555 p90=0.569
Iter 0042600: train nll 0.121, valid error 100.000%, best valid error 100.000%, avg grad norm   0.028, avg grad norm (post clip)   0.000, rho_Whh  1.31, Omega  0.00, alpha  0.000, steps in the past 0.000, valid nll 0.097
  [diag] log10|dL/dh_t| hist bins=60 range=(-7.68,-3.84) mean=-6.44 p50=-6.51 p05=-6.96 p95=-6.08
  [diag] sat-dist hist bins=60 sat<0.05=0.0% mean=0.567 p10=0.555 p90=0.572
Iter 0042620: train nll 0.124, valid error 100.000%, best valid error 100.000%, avg grad norm   0.031, avg grad norm (post clip)   0.000, rho_Whh  1.31, Omega  0.00, alpha  0.000, steps in the past 0.000, valid nll 0.097
  [diag] log10|dL/dh_t| hist bins=60 range=(-7.67,-3.84) mean=-6.40 p50=-6.46 p05=-6.96 p95=-6.08
  [diag] sat-dist hist bins=60 sat<0.05=0.0% mean=0.570 p10=0.557 p90=0.575
Iter 0042640: train nll 0.151, valid error 100.000%, best valid error 100.000%, avg grad norm   0.032, avg grad norm (post clip)   0.000, rho_Whh  1.30, Omega  0.00, alpha  0.000, steps in the past 0.000, valid nll 0.097
  [diag] log10|dL/dh_t| hist bins=60 range=(-7.69,-3.84) mean=-6.44 p50=-6.51 p05=-6.96 p95=-6.08
  [diag] sat-dist hist bins=60 sat<0.05=0.0% mean=0.567 p10=0.555 p90=0.572
Iter 0042660: train nll 0.137, valid error 100.000%, best valid error 100.000%, avg grad norm   0.032, avg grad norm (post clip)   0.000, rho_Whh  1.31, Omega  0.00, alpha  0.000, steps in the past 0.000, valid nll 0.097
  [diag] log10|dL/dh_t| hist bins=60 range=(-7.69,-3.84) mean=-6.45 p50=-6.52 p05=-6.97 p95=-6.08
  [diag] sat-dist hist bins=60 sat<0.05=0.0% mean=0.566 p10=0.555 p90=0.571
Iter 0042680: train nll 0.135, valid error 100.000%, best valid error 100.000%, avg grad norm   0.032, avg grad norm (post clip)   0.000, rho_Whh  1.31, Omega  0.00, alpha  0.000, steps in the past 0.000, valid nll 0.097
  [diag] log10|dL/dh_t| hist bins=60 range=(-7.71,-3.84) mean=-6.50 p50=-6.57 p05=-6.98 p95=-6.08
  [diag] sat-dist hist bins=60 sat<0.05=0.0% mean=0.563 p10=0.555 p90=0.567
Iter 0042700: train nll 0.103, valid error 100.000%, best valid error 100.000%, avg grad norm   0.021, avg grad norm (post clip)   0.000, rho_Whh  1.31, Omega  0.00, alpha  0.000, steps in the past 0.000, valid nll 0.097
  [diag] log10|dL/dh_t| hist bins=60 range=(-7.70,-3.84) mean=-6.48 p50=-6.56 p05=-6.98 p95=-6.08
  [diag] sat-dist hist bins=60 sat<0.05=0.0% mean=0.564 p10=0.555 p90=0.568
Iter 0042720: train nll 0.113, valid error 100.000%, best valid error 100.000%, avg grad norm   0.024, avg grad norm (post clip)   0.000, rho_Whh  1.31, Omega  0.00, alpha  0.000, steps in the past 0.000, valid nll 0.097
  [diag] log10|dL/dh_t| hist bins=60 range=(-7.67,-3.84) mean=-6.37 p50=-6.43 p05=-6.96 p95=-6.08
  [diag] sat-dist hist bins=60 sat<0.05=0.0% mean=0.572 p10=0.557 p90=0.578
Iter 0042740: train nll 0.142, valid error 100.000%, best valid error 100.000%, avg grad norm   0.031, avg grad norm (post clip)   0.000, rho_Whh  1.30, Omega  0.00, alpha  0.000, steps in the past 0.000, valid nll 0.097
  [diag] log10|dL/dh_t| hist bins=60 range=(-7.70,-3.84) mean=-6.46 p50=-6.53 p05=-6.97 p95=-6.09
  [diag] sat-dist hist bins=60 sat<0.05=0.0% mean=0.566 p10=0.554 p90=0.570
Iter 0042760: train nll 0.126, valid error 100.000%, best valid error 100.000%, avg grad norm   0.034, avg grad norm (post clip)   0.000, rho_Whh  1.31, Omega  0.00, alpha  0.000, steps in the past 0.000, valid nll 0.097
  [diag] log10|dL/dh_t| hist bins=60 range=(-7.69,-3.84) mean=-6.43 p50=-6.50 p05=-6.97 p95=-6.09
  [diag] sat-dist hist bins=60 sat<0.05=0.0% mean=0.568 p10=0.555 p90=0.573
Iter 0042780: train nll 0.135, valid error 100.000%, best valid error 100.000%, avg grad norm   0.029, avg grad norm (post clip)   0.000, rho_Whh  1.31, Omega  0.00, alpha  0.000, steps in the past 0.000, valid nll 0.097
  [diag] log10|dL/dh_t| hist bins=60 range=(-7.70,-3.84) mean=-6.46 p50=-6.54 p05=-6.98 p95=-6.09
  [diag] sat-dist hist bins=60 sat<0.05=0.0% mean=0.565 p10=0.554 p90=0.570
Iter 0042800: train nll 0.116, valid error 100.000%, best valid error 100.000%, avg grad norm   0.026, avg grad norm (post clip)   0.000, rho_Whh  1.31, Omega  0.00, alpha  0.000, steps in the past 0.000, valid nll 0.097
  [diag] log10|dL/dh_t| hist bins=60 range=(-7.70,-3.84) mean=-6.45 p50=-6.53 p05=-6.97 p95=-6.09
  [diag] sat-dist hist bins=60 sat<0.05=0.0% mean=0.566 p10=0.554 p90=0.571
Iter 0042820: train nll 0.121, valid error 100.000%, best valid error 100.000%, avg grad norm   0.026, avg grad norm (post clip)   0.000, rho_Whh  1.31, Omega  0.00, alpha  0.000, steps in the past 0.000, valid nll 0.097
  [diag] log10|dL/dh_t| hist bins=60 range=(-7.71,-3.84) mean=-6.48 p50=-6.55 p05=-6.98 p95=-6.09
  [diag] sat-dist hist bins=60 sat<0.05=0.0% mean=0.564 p10=0.554 p90=0.569
Iter 0042840: train nll 0.123, valid error 100.000%, best valid error 100.000%, avg grad norm   0.026, avg grad norm (post clip)   0.000, rho_Whh  1.31, Omega  0.00, alpha  0.000, steps in the past 0.000, valid nll 0.097
  [diag] log10|dL/dh_t| hist bins=60 range=(-7.70,-3.84) mean=-6.45 p50=-6.52 p05=-6.97 p95=-6.09
  [diag] sat-dist hist bins=60 sat<0.05=0.0% mean=0.566 p10=0.554 p90=0.571
Iter 0042860: train nll 0.132, valid error 100.000%, best valid error 100.000%, avg grad norm   0.030, avg grad norm (post clip)   0.000, rho_Whh  1.31, Omega  0.00, alpha  0.000, steps in the past 0.000, valid nll 0.097
  [diag] log10|dL/dh_t| hist bins=60 range=(-7.70,-3.84) mean=-6.44 p50=-6.50 p05=-6.97 p95=-6.09
  [diag] sat-dist hist bins=60 sat<0.05=0.0% mean=0.567 p10=0.555 p90=0.572
Iter 0042880: train nll 0.147, valid error 100.000%, best valid error 100.000%, avg grad norm   0.032, avg grad norm (post clip)   0.000, rho_Whh  1.31, Omega  0.00, alpha  0.000, steps in the past 0.000, valid nll 0.097
  [diag] log10|dL/dh_t| hist bins=60 range=(-7.70,-3.84) mean=-6.45 p50=-6.52 p05=-6.98 p95=-6.09
  [diag] sat-dist hist bins=60 sat<0.05=0.0% mean=0.566 p10=0.554 p90=0.571
Iter 0042900: train nll 0.117, valid error 100.000%, best valid error 100.000%, avg grad norm   0.026, avg grad norm (post clip)   0.000, rho_Whh  1.31, Omega  0.00, alpha  0.000, steps in the past 0.000, valid nll 0.097
  [diag] log10|dL/dh_t| hist bins=60 range=(-7.70,-3.84) mean=-6.45 p50=-6.51 p05=-6.98 p95=-6.09
  [diag] sat-dist hist bins=60 sat<0.05=0.0% mean=0.566 p10=0.554 p90=0.571
Iter 0042920: train nll 0.127, valid error 100.000%, best valid error 100.000%, avg grad norm   0.030, avg grad norm (post clip)   0.000, rho_Whh  1.31, Omega  0.00, alpha  0.000, steps in the past 0.000, valid nll 0.097
  [diag] log10|dL/dh_t| hist bins=60 range=(-7.71,-3.84) mean=-6.46 p50=-6.53 p05=-6.98 p95=-6.09
  [diag] sat-dist hist bins=60 sat<0.05=0.0% mean=0.566 p10=0.554 p90=0.570
Iter 0042940: train nll 0.117, valid error 100.000%, best valid error 100.000%, avg grad norm   0.026, avg grad norm (post clip)   0.000, rho_Whh  1.31, Omega  0.00, alpha  0.000, steps in the past 0.000, valid nll 0.097
  [diag] log10|dL/dh_t| hist bins=60 range=(-7.72,-3.84) mean=-6.49 p50=-6.57 p05=-6.99 p95=-6.09
  [diag] sat-dist hist bins=60 sat<0.05=0.0% mean=0.563 p10=0.554 p90=0.568
Iter 0042960: train nll 0.119, valid error 100.000%, best valid error 100.000%, avg grad norm   0.028, avg grad norm (post clip)   0.000, rho_Whh  1.31, Omega  0.00, alpha  0.000, steps in the past 0.000, valid nll 0.097
  [diag] log10|dL/dh_t| hist bins=60 range=(-7.71,-3.84) mean=-6.48 p50=-6.55 p05=-6.99 p95=-6.09
  [diag] sat-dist hist bins=60 sat<0.05=0.0% mean=0.564 p10=0.553 p90=0.569
Iter 0042980: train nll 0.120, valid error 100.000%, best valid error 100.000%, avg grad norm   0.024, avg grad norm (post clip)   0.000, rho_Whh  1.31, Omega  0.00, alpha  0.000, steps in the past 0.000, valid nll 0.097
  [diag] log10|dL/dh_t| hist bins=60 range=(-7.71,-3.84) mean=-6.46 p50=-6.53 p05=-6.98 p95=-6.09
  [diag] sat-dist hist bins=60 sat<0.05=0.0% mean=0.566 p10=0.554 p90=0.570
Iter 0043000: train nll 0.131, valid error 100.000%, best valid error 100.000%, avg grad norm   0.030, avg grad norm (post clip)   0.000, rho_Whh  1.31, Omega  0.00, alpha  0.000, steps in the past 0.000, valid nll 0.097
  [diag] log10|dL/dh_t| hist bins=60 range=(-7.71,-3.84) mean=-6.45 p50=-6.52 p05=-6.98 p95=-6.09
  [diag] sat-dist hist bins=60 sat<0.05=0.0% mean=0.566 p10=0.554 p90=0.571
Iter 0043020: train nll 0.119, valid error 100.000%, best valid error 100.000%, avg grad norm   0.025, avg grad norm (post clip)   0.000, rho_Whh  1.31, Omega  0.00, alpha  0.000, steps in the past 0.000, valid nll 0.097
  [diag] log10|dL/dh_t| hist bins=60 range=(-7.70,-3.84) mean=-6.43 p50=-6.50 p05=-6.98 p95=-6.09
  [diag] sat-dist hist bins=60 sat<0.05=0.0% mean=0.568 p10=0.555 p90=0.573
Iter 0043040: train nll 0.124, valid error 100.000%, best valid error 100.000%, avg grad norm   0.028, avg grad norm (post clip)   0.000, rho_Whh  1.31, Omega  0.00, alpha  0.000, steps in the past 0.000, valid nll 0.097
  [diag] log10|dL/dh_t| hist bins=60 range=(-7.71,-3.84) mean=-6.44 p50=-6.51 p05=-6.98 p95=-6.09
  [diag] sat-dist hist bins=60 sat<0.05=0.0% mean=0.567 p10=0.554 p90=0.572
Iter 0043060: train nll 0.125, valid error 100.000%, best valid error 100.000%, avg grad norm   0.026, avg grad norm (post clip)   0.000, rho_Whh  1.31, Omega  0.00, alpha  0.000, steps in the past 0.000, valid nll 0.097
  [diag] log10|dL/dh_t| hist bins=60 range=(-7.71,-3.84) mean=-6.44 p50=-6.51 p05=-6.98 p95=-6.10
  [diag] sat-dist hist bins=60 sat<0.05=0.0% mean=0.567 p10=0.554 p90=0.572
Iter 0043080: train nll 0.128, valid error 100.000%, best valid error 100.000%, avg grad norm   0.031, avg grad norm (post clip)   0.000, rho_Whh  1.31, Omega  0.00, alpha  0.000, steps in the past 0.000, valid nll 0.097
  [diag] log10|dL/dh_t| hist bins=60 range=(-7.71,-3.84) mean=-6.44 p50=-6.51 p05=-6.98 p95=-6.10
  [diag] sat-dist hist bins=60 sat<0.05=0.0% mean=0.567 p10=0.554 p90=0.572
Iter 0043100: train nll 0.130, valid error 100.000%, best valid error 100.000%, avg grad norm   0.032, avg grad norm (post clip)   0.000, rho_Whh  1.31, Omega  0.00, alpha  0.000, steps in the past 0.000, valid nll 0.097
  [diag] log10|dL/dh_t| hist bins=60 range=(-7.71,-3.84) mean=-6.43 p50=-6.50 p05=-6.98 p95=-6.10
  [diag] sat-dist hist bins=60 sat<0.05=0.0% mean=0.567 p10=0.555 p90=0.573
Iter 0043120: train nll 0.129, valid error 100.000%, best valid error 100.000%, avg grad norm   0.030, avg grad norm (post clip)   0.000, rho_Whh  1.31, Omega  0.00, alpha  0.000, steps in the past 0.000, valid nll 0.097
  [diag] log10|dL/dh_t| hist bins=60 range=(-7.71,-3.84) mean=-6.44 p50=-6.51 p05=-6.99 p95=-6.10
  [diag] sat-dist hist bins=60 sat<0.05=0.0% mean=0.567 p10=0.554 p90=0.572
Iter 0043140: train nll 0.130, valid error 100.000%, best valid error 100.000%, avg grad norm   0.032, avg grad norm (post clip)   0.000, rho_Whh  1.31, Omega  0.00, alpha  0.000, steps in the past 0.000, valid nll 0.097
  [diag] log10|dL/dh_t| hist bins=60 range=(-7.72,-3.84) mean=-6.48 p50=-6.55 p05=-7.00 p95=-6.10
  [diag] sat-dist hist bins=60 sat<0.05=0.0% mean=0.564 p10=0.553 p90=0.569
Iter 0043160: train nll 0.117, valid error 100.000%, best valid error 100.000%, avg grad norm   0.025, avg grad norm (post clip)   0.000, rho_Whh  1.31, Omega  0.00, alpha  0.000, steps in the past 0.000, valid nll 0.097
  [diag] log10|dL/dh_t| hist bins=60 range=(-7.72,-3.84) mean=-6.47 p50=-6.54 p05=-6.99 p95=-6.10
  [diag] sat-dist hist bins=60 sat<0.05=0.0% mean=0.565 p10=0.553 p90=0.570
Iter 0043180: train nll 0.122, valid error 100.000%, best valid error 100.000%, avg grad norm   0.027, avg grad norm (post clip)   0.000, rho_Whh  1.31, Omega  0.00, alpha  0.000, steps in the past 0.000, valid nll 0.097
  [diag] log10|dL/dh_t| hist bins=60 range=(-7.71,-3.84) mean=-6.45 p50=-6.52 p05=-6.99 p95=-6.10
  [diag] sat-dist hist bins=60 sat<0.05=0.0% mean=0.566 p10=0.554 p90=0.572
Iter 0043200: train nll 0.128, valid error 100.000%, best valid error 100.000%, avg grad norm   0.027, avg grad norm (post clip)   0.000, rho_Whh  1.31, Omega  0.00, alpha  0.000, steps in the past 0.000, valid nll 0.097
  [diag] log10|dL/dh_t| hist bins=60 range=(-7.72,-3.84) mean=-6.47 p50=-6.54 p05=-7.00 p95=-6.10
  [diag] sat-dist hist bins=60 sat<0.05=0.0% mean=0.565 p10=0.553 p90=0.570
Iter 0043220: train nll 0.121, valid error 100.000%, best valid error 100.000%, avg grad norm   0.026, avg grad norm (post clip)   0.000, rho_Whh  1.31, Omega  0.00, alpha  0.000, steps in the past 0.000, valid nll 0.097
  [diag] log10|dL/dh_t| hist bins=60 range=(-7.71,-3.84) mean=-6.44 p50=-6.51 p05=-6.99 p95=-6.10
  [diag] sat-dist hist bins=60 sat<0.05=0.0% mean=0.567 p10=0.554 p90=0.572
Iter 0043240: train nll 0.127, valid error 100.000%, best valid error 100.000%, avg grad norm   0.028, avg grad norm (post clip)   0.000, rho_Whh  1.31, Omega  0.00, alpha  0.000, steps in the past 0.000, valid nll 0.097
  [diag] log10|dL/dh_t| hist bins=60 range=(-7.73,-3.84) mean=-6.48 p50=-6.56 p05=-7.00 p95=-6.10
  [diag] sat-dist hist bins=60 sat<0.05=0.0% mean=0.564 p10=0.553 p90=0.569
Iter 0043260: train nll 0.114, valid error 100.000%, best valid error 100.000%, avg grad norm   0.027, avg grad norm (post clip)   0.000, rho_Whh  1.31, Omega  0.00, alpha  0.000, steps in the past 0.000, valid nll 0.097
  [diag] log10|dL/dh_t| hist bins=60 range=(-7.73,-3.84) mean=-6.47 p50=-6.54 p05=-7.00 p95=-6.10
  [diag] sat-dist hist bins=60 sat<0.05=0.0% mean=0.565 p10=0.553 p90=0.570
Iter 0043280: train nll 0.120, valid error 100.000%, best valid error 100.000%, avg grad norm   0.026, avg grad norm (post clip)   0.000, rho_Whh  1.31, Omega  0.00, alpha  0.000, steps in the past 0.000, valid nll 0.097
  [diag] log10|dL/dh_t| hist bins=60 range=(-7.72,-3.84) mean=-6.46 p50=-6.53 p05=-7.00 p95=-6.10
  [diag] sat-dist hist bins=60 sat<0.05=0.0% mean=0.566 p10=0.553 p90=0.571
Iter 0043300: train nll 0.126, valid error 100.000%, best valid error 100.000%, avg grad norm   0.025, avg grad norm (post clip)   0.000, rho_Whh  1.31, Omega  0.00, alpha  0.000, steps in the past 0.000, valid nll 0.097
  [diag] log10|dL/dh_t| hist bins=60 range=(-7.73,-3.84) mean=-6.47 p50=-6.54 p05=-7.00 p95=-6.10
  [diag] sat-dist hist bins=60 sat<0.05=0.0% mean=0.565 p10=0.553 p90=0.570
Iter 0043320: train nll 0.125, valid error 100.000%, best valid error 100.000%, avg grad norm   0.028, avg grad norm (post clip)   0.000, rho_Whh  1.31, Omega  0.00, alpha  0.000, steps in the past 0.000, valid nll 0.097
  [diag] log10|dL/dh_t| hist bins=60 range=(-7.73,-3.84) mean=-6.47 p50=-6.54 p05=-7.00 p95=-6.10
  [diag] sat-dist hist bins=60 sat<0.05=0.0% mean=0.565 p10=0.553 p90=0.570
Iter 0043340: train nll 0.135, valid error 100.000%, best valid error 100.000%, avg grad norm   0.030, avg grad norm (post clip)   0.000, rho_Whh  1.31, Omega  0.00, alpha  0.000, steps in the past 0.000, valid nll 0.097
  [diag] log10|dL/dh_t| hist bins=60 range=(-7.73,-3.84) mean=-6.46 p50=-6.53 p05=-7.00 p95=-6.10
  [diag] sat-dist hist bins=60 sat<0.05=0.0% mean=0.566 p10=0.553 p90=0.571
Iter 0043360: train nll 0.130, valid error 100.000%, best valid error 100.000%, avg grad norm   0.034, avg grad norm (post clip)   0.000, rho_Whh  1.31, Omega  0.00, alpha  0.000, steps in the past 0.000, valid nll 0.097
  [diag] log10|dL/dh_t| hist bins=60 range=(-7.72,-3.84) mean=-6.42 p50=-6.48 p05=-6.99 p95=-6.10
  [diag] sat-dist hist bins=60 sat<0.05=0.0% mean=0.569 p10=0.555 p90=0.575
Iter 0043380: train nll 0.146, valid error 100.000%, best valid error 100.000%, avg grad norm   0.036, avg grad norm (post clip)   0.000, rho_Whh  1.31, Omega  0.00, alpha  0.000, steps in the past 0.000, valid nll 0.097
  [diag] log10|dL/dh_t| hist bins=60 range=(-7.73,-3.84) mean=-6.46 p50=-6.52 p05=-7.00 p95=-6.11
  [diag] sat-dist hist bins=60 sat<0.05=0.0% mean=0.566 p10=0.553 p90=0.571
Iter 0043400: train nll 0.133, valid error 100.000%, best valid error 100.000%, avg grad norm   0.031, avg grad norm (post clip)   0.000, rho_Whh  1.31, Omega  0.00, alpha  0.000, steps in the past 0.000, valid nll 0.097
  [diag] log10|dL/dh_t| hist bins=60 range=(-7.73,-3.84) mean=-6.48 p50=-6.55 p05=-7.01 p95=-6.11
  [diag] sat-dist hist bins=60 sat<0.05=0.0% mean=0.565 p10=0.553 p90=0.570
Iter 0043420: train nll 0.115, valid error 100.000%, best valid error 100.000%, avg grad norm   0.026, avg grad norm (post clip)   0.000, rho_Whh  1.31, Omega  0.00, alpha  0.000, steps in the past 0.000, valid nll 0.097
  [diag] log10|dL/dh_t| hist bins=60 range=(-7.73,-3.84) mean=-6.44 p50=-6.50 p05=-7.00 p95=-6.11
  [diag] sat-dist hist bins=60 sat<0.05=0.0% mean=0.567 p10=0.554 p90=0.573
Iter 0043440: train nll 0.121, valid error 100.000%, best valid error 100.000%, avg grad norm   0.026, avg grad norm (post clip)   0.000, rho_Whh  1.31, Omega  0.00, alpha  0.000, steps in the past 0.000, valid nll 0.097
  [diag] log10|dL/dh_t| hist bins=60 range=(-7.73,-3.84) mean=-6.45 p50=-6.52 p05=-7.00 p95=-6.11
  [diag] sat-dist hist bins=60 sat<0.05=0.0% mean=0.566 p10=0.553 p90=0.572
Iter 0043460: train nll 0.130, valid error 100.000%, best valid error 100.000%, avg grad norm   0.028, avg grad norm (post clip)   0.000, rho_Whh  1.31, Omega  0.00, alpha  0.000, steps in the past 0.000, valid nll 0.097
  [diag] log10|dL/dh_t| hist bins=60 range=(-7.73,-3.84) mean=-6.47 p50=-6.53 p05=-7.01 p95=-6.11
  [diag] sat-dist hist bins=60 sat<0.05=0.0% mean=0.565 p10=0.553 p90=0.571
Iter 0043480: train nll 0.113, valid error 100.000%, best valid error 100.000%, avg grad norm   0.027, avg grad norm (post clip)   0.000, rho_Whh  1.31, Omega  0.00, alpha  0.000, steps in the past 0.000, valid nll 0.097
  [diag] log10|dL/dh_t| hist bins=60 range=(-7.73,-3.84) mean=-6.46 p50=-6.52 p05=-7.01 p95=-6.11
  [diag] sat-dist hist bins=60 sat<0.05=0.0% mean=0.566 p10=0.553 p90=0.572
Iter 0043500: train nll 0.124, valid error 100.000%, best valid error 100.000%, avg grad norm   0.025, avg grad norm (post clip)   0.000, rho_Whh  1.31, Omega  0.00, alpha  0.000, steps in the past 0.000, valid nll 0.097
  [diag] log10|dL/dh_t| hist bins=60 range=(-7.74,-3.84) mean=-6.47 p50=-6.53 p05=-7.01 p95=-6.11
  [diag] sat-dist hist bins=60 sat<0.05=0.0% mean=0.566 p10=0.553 p90=0.571
Iter 0043520: train nll 0.121, valid error 100.000%, best valid error 100.000%, avg grad norm   0.026, avg grad norm (post clip)   0.000, rho_Whh  1.31, Omega  0.00, alpha  0.000, steps in the past 0.000, valid nll 0.097
  [diag] log10|dL/dh_t| hist bins=60 range=(-7.74,-3.84) mean=-6.49 p50=-6.57 p05=-7.02 p95=-6.11
  [diag] sat-dist hist bins=60 sat<0.05=0.0% mean=0.564 p10=0.552 p90=0.568
Iter 0043540: train nll 0.114, valid error 100.000%, best valid error 100.000%, avg grad norm   0.024, avg grad norm (post clip)   0.000, rho_Whh  1.31, Omega  0.00, alpha  0.000, steps in the past 0.000, valid nll 0.097
  [diag] log10|dL/dh_t| hist bins=60 range=(-7.75,-3.84) mean=-6.51 p50=-6.59 p05=-7.03 p95=-6.11
  [diag] sat-dist hist bins=60 sat<0.05=0.0% mean=0.562 p10=0.553 p90=0.567
Iter 0043560: train nll 0.107, valid error 100.000%, best valid error 100.000%, avg grad norm   0.022, avg grad norm (post clip)   0.000, rho_Whh  1.31, Omega  0.00, alpha  0.000, steps in the past 0.000, valid nll 0.097
  [diag] log10|dL/dh_t| hist bins=60 range=(-7.73,-3.84) mean=-6.43 p50=-6.49 p05=-7.01 p95=-6.11
  [diag] sat-dist hist bins=60 sat<0.05=0.0% mean=0.568 p10=0.554 p90=0.574
Iter 0043580: train nll 0.144, valid error 100.000%, best valid error 100.000%, avg grad norm   0.035, avg grad norm (post clip)   0.000, rho_Whh  1.31, Omega  0.00, alpha  0.000, steps in the past 0.000, valid nll 0.097
  [diag] log10|dL/dh_t| hist bins=60 range=(-7.75,-3.84) mean=-6.50 p50=-6.57 p05=-7.02 p95=-6.11
  [diag] sat-dist hist bins=60 sat<0.05=0.0% mean=0.563 p10=0.552 p90=0.568
Iter 0043600: train nll 0.111, valid error 100.000%, best valid error 100.000%, avg grad norm   0.025, avg grad norm (post clip)   0.000, rho_Whh  1.31, Omega  0.00, alpha  0.000, steps in the past 0.000, valid nll 0.097
  [diag] log10|dL/dh_t| hist bins=60 range=(-7.75,-3.84) mean=-6.50 p50=-6.57 p05=-7.02 p95=-6.11
  [diag] sat-dist hist bins=60 sat<0.05=0.0% mean=0.564 p10=0.552 p90=0.568
Iter 0043620: train nll 0.117, valid error 100.000%, best valid error 100.000%, avg grad norm   0.025, avg grad norm (post clip)   0.000, rho_Whh  1.31, Omega  0.00, alpha  0.000, steps in the past 0.000, valid nll 0.097
  [diag] log10|dL/dh_t| hist bins=60 range=(-7.75,-3.84) mean=-6.49 p50=-6.56 p05=-7.02 p95=-6.11
  [diag] sat-dist hist bins=60 sat<0.05=0.0% mean=0.564 p10=0.552 p90=0.569
Iter 0043640: train nll 0.121, valid error 100.000%, best valid error 100.000%, avg grad norm   0.031, avg grad norm (post clip)   0.000, rho_Whh  1.31, Omega  0.00, alpha  0.000, steps in the past 0.000, valid nll 0.097
  [diag] log10|dL/dh_t| hist bins=60 range=(-7.75,-3.84) mean=-6.48 p50=-6.54 p05=-7.02 p95=-6.11
  [diag] sat-dist hist bins=60 sat<0.05=0.0% mean=0.565 p10=0.552 p90=0.570
Iter 0043660: train nll 0.122, valid error 100.000%, best valid error 100.000%, avg grad norm   0.028, avg grad norm (post clip)   0.000, rho_Whh  1.31, Omega  0.00, alpha  0.000, steps in the past 0.000, valid nll 0.097
  [diag] log10|dL/dh_t| hist bins=60 range=(-7.75,-3.84) mean=-6.49 p50=-6.56 p05=-7.02 p95=-6.11
  [diag] sat-dist hist bins=60 sat<0.05=0.0% mean=0.564 p10=0.552 p90=0.569
Iter 0043680: train nll 0.110, valid error 100.000%, best valid error 100.000%, avg grad norm   0.025, avg grad norm (post clip)   0.000, rho_Whh  1.31, Omega  0.00, alpha  0.000, steps in the past 0.000, valid nll 0.097
  [diag] log10|dL/dh_t| hist bins=60 range=(-7.75,-3.84) mean=-6.48 p50=-6.55 p05=-7.02 p95=-6.11
  [diag] sat-dist hist bins=60 sat<0.05=0.0% mean=0.565 p10=0.552 p90=0.570
Iter 0043700: train nll 0.129, valid error 100.000%, best valid error 100.000%, avg grad norm   0.033, avg grad norm (post clip)   0.000, rho_Whh  1.31, Omega  0.00, alpha  0.000, steps in the past 0.000, valid nll 0.097
  [diag] log10|dL/dh_t| hist bins=60 range=(-7.75,-3.84) mean=-6.48 p50=-6.54 p05=-7.02 p95=-6.12
  [diag] sat-dist hist bins=60 sat<0.05=0.0% mean=0.565 p10=0.552 p90=0.570
Iter 0043720: train nll 0.124, valid error 100.000%, best valid error 100.000%, avg grad norm   0.025, avg grad norm (post clip)   0.000, rho_Whh  1.31, Omega  0.00, alpha  0.000, steps in the past 0.000, valid nll 0.097
  [diag] log10|dL/dh_t| hist bins=60 range=(-7.73,-3.84) mean=-6.41 p50=-6.47 p05=-7.01 p95=-6.11
  [diag] sat-dist hist bins=60 sat<0.05=0.0% mean=0.570 p10=0.554 p90=0.576
Iter 0043740: train nll 0.131, valid error 100.000%, best valid error 100.000%, avg grad norm   0.030, avg grad norm (post clip)   0.000, rho_Whh  1.31, Omega  0.00, alpha  0.000, steps in the past 0.000, valid nll 0.097
  [diag] log10|dL/dh_t| hist bins=60 range=(-7.75,-3.84) mean=-6.49 p50=-6.56 p05=-7.03 p95=-6.12
  [diag] sat-dist hist bins=60 sat<0.05=0.0% mean=0.564 p10=0.552 p90=0.569
Iter 0043760: train nll 0.115, valid error 100.000%, best valid error 100.000%, avg grad norm   0.031, avg grad norm (post clip)   0.000, rho_Whh  1.31, Omega  0.00, alpha  0.000, steps in the past 0.000, valid nll 0.097
  [diag] log10|dL/dh_t| hist bins=60 range=(-7.75,-3.84) mean=-6.47 p50=-6.53 p05=-7.02 p95=-6.12
  [diag] sat-dist hist bins=60 sat<0.05=0.0% mean=0.566 p10=0.552 p90=0.571
Iter 0043780: train nll 0.132, valid error 100.000%, best valid error 100.000%, avg grad norm   0.035, avg grad norm (post clip)   0.000, rho_Whh  1.31, Omega  0.00, alpha  0.000, steps in the past 0.000, valid nll 0.097
  [diag] log10|dL/dh_t| hist bins=60 range=(-7.75,-3.84) mean=-6.49 p50=-6.55 p05=-7.03 p95=-6.12
  [diag] sat-dist hist bins=60 sat<0.05=0.0% mean=0.564 p10=0.552 p90=0.569
Iter 0043800: train nll 0.124, valid error 100.000%, best valid error 100.000%, avg grad norm   0.029, avg grad norm (post clip)   0.000, rho_Whh  1.31, Omega  0.00, alpha  0.000, steps in the past 0.000, valid nll 0.097
  [diag] log10|dL/dh_t| hist bins=60 range=(-7.76,-3.84) mean=-6.50 p50=-6.57 p05=-7.03 p95=-6.12
  [diag] sat-dist hist bins=60 sat<0.05=0.0% mean=0.563 p10=0.551 p90=0.568
Iter 0043820: train nll 0.118, valid error 100.000%, best valid error 100.000%, avg grad norm   0.024, avg grad norm (post clip)   0.000, rho_Whh  1.31, Omega  0.00, alpha  0.000, steps in the past 0.000, valid nll 0.097
  [diag] log10|dL/dh_t| hist bins=60 range=(-7.76,-3.84) mean=-6.49 p50=-6.56 p05=-7.03 p95=-6.12
  [diag] sat-dist hist bins=60 sat<0.05=0.0% mean=0.564 p10=0.552 p90=0.569
Iter 0043840: train nll 0.114, valid error 100.000%, best valid error 100.000%, avg grad norm   0.022, avg grad norm (post clip)   0.000, rho_Whh  1.31, Omega  0.00, alpha  0.000, steps in the past 0.000, valid nll 0.097
  [diag] log10|dL/dh_t| hist bins=60 range=(-7.75,-3.84) mean=-6.48 p50=-6.55 p05=-7.03 p95=-6.12
  [diag] sat-dist hist bins=60 sat<0.05=0.0% mean=0.565 p10=0.552 p90=0.570
Iter 0043860: train nll 0.126, valid error 100.000%, best valid error 100.000%, avg grad norm   0.029, avg grad norm (post clip)   0.000, rho_Whh  1.31, Omega  0.00, alpha  0.000, steps in the past 0.000, valid nll 0.097
  [diag] log10|dL/dh_t| hist bins=60 range=(-7.76,-3.84) mean=-6.50 p50=-6.57 p05=-7.03 p95=-6.12
  [diag] sat-dist hist bins=60 sat<0.05=0.0% mean=0.563 p10=0.551 p90=0.568
Iter 0043880: train nll 0.128, valid error 100.000%, best valid error 100.000%, avg grad norm   0.032, avg grad norm (post clip)   0.000, rho_Whh  1.31, Omega  0.00, alpha  0.000, steps in the past 0.000, valid nll 0.097
  [diag] log10|dL/dh_t| hist bins=60 range=(-7.76,-3.84) mean=-6.48 p50=-6.55 p05=-7.03 p95=-6.12
  [diag] sat-dist hist bins=60 sat<0.05=0.0% mean=0.565 p10=0.552 p90=0.570
Iter 0043900: train nll 0.116, valid error 100.000%, best valid error 100.000%, avg grad norm   0.026, avg grad norm (post clip)   0.000, rho_Whh  1.31, Omega  0.00, alpha  0.000, steps in the past 0.000, valid nll 0.097
  [diag] log10|dL/dh_t| hist bins=60 range=(-7.76,-3.84) mean=-6.50 p50=-6.57 p05=-7.04 p95=-6.12
  [diag] sat-dist hist bins=60 sat<0.05=0.0% mean=0.563 p10=0.551 p90=0.568
Iter 0043920: train nll 0.131, valid error 100.000%, best valid error 100.000%, avg grad norm   0.031, avg grad norm (post clip)   0.000, rho_Whh  1.31, Omega  0.00, alpha  0.000, steps in the past 0.000, valid nll 0.097
  [diag] log10|dL/dh_t| hist bins=60 range=(-7.76,-3.84) mean=-6.49 p50=-6.56 p05=-7.03 p95=-6.12
  [diag] sat-dist hist bins=60 sat<0.05=0.0% mean=0.564 p10=0.551 p90=0.569
Iter 0043940: train nll 0.131, valid error 100.000%, best valid error 100.000%, avg grad norm   0.031, avg grad norm (post clip)   0.000, rho_Whh  1.31, Omega  0.00, alpha  0.000, steps in the past 0.000, valid nll 0.097
  [diag] log10|dL/dh_t| hist bins=60 range=(-7.75,-3.84) mean=-6.46 p50=-6.52 p05=-7.03 p95=-6.12
  [diag] sat-dist hist bins=60 sat<0.05=0.0% mean=0.567 p10=0.553 p90=0.573
Iter 0043960: train nll 0.140, valid error 100.000%, best valid error 100.000%, avg grad norm   0.031, avg grad norm (post clip)   0.000, rho_Whh  1.31, Omega  0.00, alpha  0.000, steps in the past 0.000, valid nll 0.097
  [diag] log10|dL/dh_t| hist bins=60 range=(-7.76,-3.84) mean=-6.47 p50=-6.53 p05=-7.03 p95=-6.12
  [diag] sat-dist hist bins=60 sat<0.05=0.0% mean=0.566 p10=0.552 p90=0.572
Iter 0043980: train nll 0.127, valid error 100.000%, best valid error 100.000%, avg grad norm   0.032, avg grad norm (post clip)   0.000, rho_Whh  1.31, Omega  0.00, alpha  0.000, steps in the past 0.000, valid nll 0.097
  [diag] log10|dL/dh_t| hist bins=60 range=(-7.76,-3.84) mean=-6.46 p50=-6.52 p05=-7.03 p95=-6.12
  [diag] sat-dist hist bins=60 sat<0.05=0.0% mean=0.567 p10=0.553 p90=0.573
Iter 0044000: train nll 0.133, valid error 100.000%, best valid error 100.000%, avg grad norm   0.032, avg grad norm (post clip)   0.000, rho_Whh  1.31, Omega  0.00, alpha  0.000, steps in the past 0.000, valid nll 0.097
  [diag] log10|dL/dh_t| hist bins=60 range=(-7.76,-3.84) mean=-6.47 p50=-6.53 p05=-7.03 p95=-6.12
  [diag] sat-dist hist bins=60 sat<0.05=0.0% mean=0.566 p10=0.552 p90=0.572
Iter 0044020: train nll 0.134, valid error 100.000%, best valid error 100.000%, avg grad norm   0.031, avg grad norm (post clip)   0.000, rho_Whh  1.31, Omega  0.00, alpha  0.000, steps in the past 0.000, valid nll 0.097
  [diag] log10|dL/dh_t| hist bins=60 range=(-7.75,-3.84) mean=-6.44 p50=-6.49 p05=-7.03 p95=-6.12
  [diag] sat-dist hist bins=60 sat<0.05=0.0% mean=0.568 p10=0.553 p90=0.574
Iter 0044040: train nll 0.140, valid error 100.000%, best valid error 100.000%, avg grad norm   0.032, avg grad norm (post clip)   0.000, rho_Whh  1.31, Omega  0.00, alpha  0.000, steps in the past 0.000, valid nll 0.097
  [diag] log10|dL/dh_t| hist bins=60 range=(-7.77,-3.84) mean=-6.49 p50=-6.56 p05=-7.04 p95=-6.13
  [diag] sat-dist hist bins=60 sat<0.05=0.0% mean=0.564 p10=0.551 p90=0.569
Iter 0044060: train nll 0.128, valid error 100.000%, best valid error 100.000%, avg grad norm   0.033, avg grad norm (post clip)   0.000, rho_Whh  1.31, Omega  0.00, alpha  0.000, steps in the past 0.000, valid nll 0.097
  [diag] log10|dL/dh_t| hist bins=60 range=(-7.76,-3.84) mean=-6.47 p50=-6.53 p05=-7.04 p95=-6.13
  [diag] sat-dist hist bins=60 sat<0.05=0.0% mean=0.566 p10=0.552 p90=0.572
Iter 0044080: train nll 0.123, valid error 100.000%, best valid error 100.000%, avg grad norm   0.029, avg grad norm (post clip)   0.000, rho_Whh  1.31, Omega  0.00, alpha  0.000, steps in the past 0.000, valid nll 0.097
  [diag] log10|dL/dh_t| hist bins=60 range=(-7.76,-3.84) mean=-6.47 p50=-6.53 p05=-7.04 p95=-6.13
  [diag] sat-dist hist bins=60 sat<0.05=0.0% mean=0.566 p10=0.552 p90=0.572
Iter 0044100: train nll 0.125, valid error 100.000%, best valid error 100.000%, avg grad norm   0.030, avg grad norm (post clip)   0.000, rho_Whh  1.31, Omega  0.00, alpha  0.000, steps in the past 0.000, valid nll 0.097
  [diag] log10|dL/dh_t| hist bins=60 range=(-7.78,-3.84) mean=-6.51 p50=-6.58 p05=-7.05 p95=-6.13
  [diag] sat-dist hist bins=60 sat<0.05=0.0% mean=0.563 p10=0.551 p90=0.568
Iter 0044120: train nll 0.111, valid error 100.000%, best valid error 100.000%, avg grad norm   0.023, avg grad norm (post clip)   0.000, rho_Whh  1.31, Omega  0.00, alpha  0.000, steps in the past 0.000, valid nll 0.097
  [diag] log10|dL/dh_t| hist bins=60 range=(-7.77,-3.84) mean=-6.47 p50=-6.53 p05=-7.04 p95=-6.13
  [diag] sat-dist hist bins=60 sat<0.05=0.0% mean=0.566 p10=0.552 p90=0.571
Iter 0044140: train nll 0.137, valid error 100.000%, best valid error 100.000%, avg grad norm   0.033, avg grad norm (post clip)   0.000, rho_Whh  1.31, Omega  0.00, alpha  0.000, steps in the past 0.000, valid nll 0.097
  [diag] log10|dL/dh_t| hist bins=60 range=(-7.78,-3.84) mean=-6.50 p50=-6.57 p05=-7.05 p95=-6.13
  [diag] sat-dist hist bins=60 sat<0.05=0.0% mean=0.563 p10=0.551 p90=0.568
Iter 0044160: train nll 0.119, valid error 100.000%, best valid error 100.000%, avg grad norm   0.025, avg grad norm (post clip)   0.000, rho_Whh  1.31, Omega  0.00, alpha  0.000, steps in the past 0.000, valid nll 0.097
  [diag] log10|dL/dh_t| hist bins=60 range=(-7.77,-3.84) mean=-6.49 p50=-6.56 p05=-7.05 p95=-6.13
  [diag] sat-dist hist bins=60 sat<0.05=0.0% mean=0.564 p10=0.551 p90=0.570
Iter 0044180: train nll 0.120, valid error 100.000%, best valid error 100.000%, avg grad norm   0.029, avg grad norm (post clip)   0.000, rho_Whh  1.31, Omega  0.00, alpha  0.000, steps in the past 0.000, valid nll 0.097
  [diag] log10|dL/dh_t| hist bins=60 range=(-7.77,-3.84) mean=-6.47 p50=-6.54 p05=-7.04 p95=-6.13
  [diag] sat-dist hist bins=60 sat<0.05=0.0% mean=0.566 p10=0.552 p90=0.571
Iter 0044200: train nll 0.132, valid error 100.000%, best valid error 100.000%, avg grad norm   0.034, avg grad norm (post clip)   0.000, rho_Whh  1.31, Omega  0.00, alpha  0.000, steps in the past 0.000, valid nll 0.097
  [diag] log10|dL/dh_t| hist bins=60 range=(-7.78,-3.84) mean=-6.51 p50=-6.58 p05=-7.05 p95=-6.13
  [diag] sat-dist hist bins=60 sat<0.05=0.0% mean=0.563 p10=0.550 p90=0.568
Iter 0044220: train nll 0.118, valid error 100.000%, best valid error 100.000%, avg grad norm   0.026, avg grad norm (post clip)   0.000, rho_Whh  1.31, Omega  0.00, alpha  0.000, steps in the past 0.000, valid nll 0.097
  [diag] log10|dL/dh_t| hist bins=60 range=(-7.77,-3.84) mean=-6.47 p50=-6.53 p05=-7.04 p95=-6.13
  [diag] sat-dist hist bins=60 sat<0.05=0.0% mean=0.566 p10=0.552 p90=0.571
Iter 0044240: train nll 0.138, valid error 100.000%, best valid error 100.000%, avg grad norm   0.035, avg grad norm (post clip)   0.000, rho_Whh  1.31, Omega  0.00, alpha  0.000, steps in the past 0.000, valid nll 0.097
  [diag] log10|dL/dh_t| hist bins=60 range=(-7.78,-3.84) mean=-6.50 p50=-6.57 p05=-7.05 p95=-6.13
  [diag] sat-dist hist bins=60 sat<0.05=0.0% mean=0.564 p10=0.551 p90=0.569
Iter 0044260: train nll 0.107, valid error 100.000%, best valid error 100.000%, avg grad norm   0.023, avg grad norm (post clip)   0.000, rho_Whh  1.31, Omega  0.00, alpha  0.000, steps in the past 0.000, valid nll 0.097
  [diag] log10|dL/dh_t| hist bins=60 range=(-7.77,-3.84) mean=-6.47 p50=-6.53 p05=-7.05 p95=-6.13
  [diag] sat-dist hist bins=60 sat<0.05=0.0% mean=0.566 p10=0.552 p90=0.572
Iter 0044280: train nll 0.134, valid error 100.000%, best valid error 100.000%, avg grad norm   0.032, avg grad norm (post clip)   0.000, rho_Whh  1.31, Omega  0.00, alpha  0.000, steps in the past 0.000, valid nll 0.097
  [diag] log10|dL/dh_t| hist bins=60 range=(-7.78,-3.84) mean=-6.49 p50=-6.56 p05=-7.05 p95=-6.13
  [diag] sat-dist hist bins=60 sat<0.05=0.0% mean=0.564 p10=0.551 p90=0.570
Iter 0044300: train nll 0.111, valid error 100.000%, best valid error 100.000%, avg grad norm   0.029, avg grad norm (post clip)   0.000, rho_Whh  1.31, Omega  0.00, alpha  0.000, steps in the past 0.000, valid nll 0.097
  [diag] log10|dL/dh_t| hist bins=60 range=(-7.79,-3.84) mean=-6.53 p50=-6.61 p05=-7.07 p95=-6.13
  [diag] sat-dist hist bins=60 sat<0.05=0.0% mean=0.561 p10=0.550 p90=0.566
Iter 0044320: train nll 0.107, valid error 100.000%, best valid error 100.000%, avg grad norm   0.021, avg grad norm (post clip)   0.000, rho_Whh  1.31, Omega  0.00, alpha  0.000, steps in the past 0.000, valid nll 0.097
  [diag] log10|dL/dh_t| hist bins=60 range=(-7.79,-3.84) mean=-6.52 p50=-6.59 p05=-7.06 p95=-6.13
  [diag] sat-dist hist bins=60 sat<0.05=0.0% mean=0.563 p10=0.550 p90=0.568
Iter 0044340: train nll 0.122, valid error 100.000%, best valid error 100.000%, avg grad norm   0.028, avg grad norm (post clip)   0.000, rho_Whh  1.31, Omega  0.00, alpha  0.000, steps in the past 0.000, valid nll 0.097
  [diag] log10|dL/dh_t| hist bins=60 range=(-7.78,-3.84) mean=-6.49 p50=-6.55 p05=-7.06 p95=-6.13
  [diag] sat-dist hist bins=60 sat<0.05=0.0% mean=0.565 p10=0.551 p90=0.570
Iter 0044360: train nll 0.125, valid error 100.000%, best valid error 100.000%, avg grad norm   0.027, avg grad norm (post clip)   0.000, rho_Whh  1.31, Omega  0.00, alpha  0.000, steps in the past 0.000, valid nll 0.097
  [diag] log10|dL/dh_t| hist bins=60 range=(-7.79,-3.84) mean=-6.50 p50=-6.56 p05=-7.06 p95=-6.14
  [diag] sat-dist hist bins=60 sat<0.05=0.0% mean=0.564 p10=0.551 p90=0.570
Iter 0044380: train nll 0.115, valid error 100.000%, best valid error 100.000%, avg grad norm   0.023, avg grad norm (post clip)   0.000, rho_Whh  1.31, Omega  0.00, alpha  0.000, steps in the past 0.000, valid nll 0.097
  [diag] log10|dL/dh_t| hist bins=60 range=(-7.79,-3.84) mean=-6.50 p50=-6.56 p05=-7.06 p95=-6.14
  [diag] sat-dist hist bins=60 sat<0.05=0.0% mean=0.564 p10=0.550 p90=0.569
Iter 0044400: train nll 0.123, valid error 100.000%, best valid error 100.000%, avg grad norm   0.029, avg grad norm (post clip)   0.000, rho_Whh  1.31, Omega  0.00, alpha  0.000, steps in the past 0.000, valid nll 0.097
  [diag] log10|dL/dh_t| hist bins=60 range=(-7.78,-3.84) mean=-6.49 p50=-6.55 p05=-7.06 p95=-6.14
  [diag] sat-dist hist bins=60 sat<0.05=0.0% mean=0.565 p10=0.551 p90=0.571
Iter 0044420: train nll 0.129, valid error 100.000%, best valid error 100.000%, avg grad norm   0.031, avg grad norm (post clip)   0.000, rho_Whh  1.31, Omega  0.00, alpha  0.000, steps in the past 0.000, valid nll 0.097
  [diag] log10|dL/dh_t| hist bins=60 range=(-7.78,-3.84) mean=-6.47 p50=-6.53 p05=-7.05 p95=-6.14
  [diag] sat-dist hist bins=60 sat<0.05=0.0% mean=0.566 p10=0.551 p90=0.572
Iter 0044440: train nll 0.119, valid error 100.000%, best valid error 100.000%, avg grad norm   0.028, avg grad norm (post clip)   0.000, rho_Whh  1.31, Omega  0.00, alpha  0.000, steps in the past 0.000, valid nll 0.097
  [diag] log10|dL/dh_t| hist bins=60 range=(-7.78,-3.84) mean=-6.45 p50=-6.51 p05=-7.05 p95=-6.14
  [diag] sat-dist hist bins=60 sat<0.05=0.0% mean=0.567 p10=0.552 p90=0.574
Iter 0044460: train nll 0.126, valid error 100.000%, best valid error 100.000%, avg grad norm   0.028, avg grad norm (post clip)   0.000, rho_Whh  1.31, Omega  0.00, alpha  0.000, steps in the past 0.000, valid nll 0.097
  [diag] log10|dL/dh_t| hist bins=60 range=(-7.79,-3.84) mean=-6.52 p50=-6.59 p05=-7.07 p95=-6.14
  [diag] sat-dist hist bins=60 sat<0.05=0.0% mean=0.563 p10=0.550 p90=0.568
Iter 0044480: train nll 0.121, valid error 100.000%, best valid error 100.000%, avg grad norm   0.032, avg grad norm (post clip)   0.000, rho_Whh  1.31, Omega  0.00, alpha  0.000, steps in the past 0.000, valid nll 0.097
  [diag] log10|dL/dh_t| hist bins=60 range=(-7.78,-3.84) mean=-6.45 p50=-6.50 p05=-7.05 p95=-6.14
  [diag] sat-dist hist bins=60 sat<0.05=0.0% mean=0.568 p10=0.552 p90=0.574
Iter 0044500: train nll 0.133, valid error 100.000%, best valid error 100.000%, avg grad norm   0.030, avg grad norm (post clip)   0.000, rho_Whh  1.31, Omega  0.00, alpha  0.000, steps in the past 0.000, valid nll 0.097
  [diag] log10|dL/dh_t| hist bins=60 range=(-7.78,-3.84) mean=-6.45 p50=-6.51 p05=-7.05 p95=-6.14
  [diag] sat-dist hist bins=60 sat<0.05=0.0% mean=0.567 p10=0.552 p90=0.574
Iter 0044520: train nll 0.125, valid error 100.000%, best valid error 100.000%, avg grad norm   0.031, avg grad norm (post clip)   0.000, rho_Whh  1.31, Omega  0.00, alpha  0.000, steps in the past 0.000, valid nll 0.097
  [diag] log10|dL/dh_t| hist bins=60 range=(-7.79,-3.84) mean=-6.50 p50=-6.57 p05=-7.07 p95=-6.14
  [diag] sat-dist hist bins=60 sat<0.05=0.0% mean=0.564 p10=0.550 p90=0.569
Iter 0044540: train nll 0.121, valid error 100.000%, best valid error 100.000%, avg grad norm   0.027, avg grad norm (post clip)   0.000, rho_Whh  1.31, Omega  0.00, alpha  0.000, steps in the past 0.000, valid nll 0.097
  [diag] log10|dL/dh_t| hist bins=60 range=(-7.80,-3.84) mean=-6.52 p50=-6.58 p05=-7.07 p95=-6.14
  [diag] sat-dist hist bins=60 sat<0.05=0.0% mean=0.563 p10=0.550 p90=0.568
Iter 0044560: train nll 0.117, valid error 100.000%, best valid error 100.000%, avg grad norm   0.026, avg grad norm (post clip)   0.000, rho_Whh  1.31, Omega  0.00, alpha  0.000, steps in the past 0.000, valid nll 0.097
  [diag] log10|dL/dh_t| hist bins=60 range=(-7.79,-3.84) mean=-6.50 p50=-6.57 p05=-7.07 p95=-6.14
  [diag] sat-dist hist bins=60 sat<0.05=0.0% mean=0.564 p10=0.550 p90=0.569
Iter 0044580: train nll 0.122, valid error 100.000%, best valid error 100.000%, avg grad norm   0.029, avg grad norm (post clip)   0.000, rho_Whh  1.31, Omega  0.00, alpha  0.000, steps in the past 0.000, valid nll 0.097
  [diag] log10|dL/dh_t| hist bins=60 range=(-7.79,-3.84) mean=-6.50 p50=-6.56 p05=-7.07 p95=-6.14
  [diag] sat-dist hist bins=60 sat<0.05=0.0% mean=0.564 p10=0.550 p90=0.570
Iter 0044600: train nll 0.119, valid error 100.000%, best valid error 100.000%, avg grad norm   0.027, avg grad norm (post clip)   0.000, rho_Whh  1.31, Omega  0.00, alpha  0.000, steps in the past 0.000, valid nll 0.097
  [diag] log10|dL/dh_t| hist bins=60 range=(-7.80,-3.84) mean=-6.51 p50=-6.57 p05=-7.07 p95=-6.14
  [diag] sat-dist hist bins=60 sat<0.05=0.0% mean=0.563 p10=0.550 p90=0.569
Iter 0044620: train nll 0.122, valid error 100.000%, best valid error 100.000%, avg grad norm   0.028, avg grad norm (post clip)   0.000, rho_Whh  1.31, Omega  0.00, alpha  0.000, steps in the past 0.000, valid nll 0.097
  [diag] log10|dL/dh_t| hist bins=60 range=(-7.80,-3.84) mean=-6.50 p50=-6.56 p05=-7.07 p95=-6.14
  [diag] sat-dist hist bins=60 sat<0.05=0.0% mean=0.564 p10=0.550 p90=0.570
Iter 0044640: train nll 0.120, valid error 100.000%, best valid error 100.000%, avg grad norm   0.029, avg grad norm (post clip)   0.000, rho_Whh  1.31, Omega  0.00, alpha  0.000, steps in the past 0.000, valid nll 0.097
  [diag] log10|dL/dh_t| hist bins=60 range=(-7.80,-3.84) mean=-6.51 p50=-6.58 p05=-7.08 p95=-6.14
  [diag] sat-dist hist bins=60 sat<0.05=0.0% mean=0.563 p10=0.550 p90=0.568
Iter 0044660: train nll 0.113, valid error 100.000%, best valid error 100.000%, avg grad norm   0.026, avg grad norm (post clip)   0.000, rho_Whh  1.31, Omega  0.00, alpha  0.000, steps in the past 0.000, valid nll 0.097
  [diag] log10|dL/dh_t| hist bins=60 range=(-7.80,-3.84) mean=-6.49 p50=-6.55 p05=-7.07 p95=-6.14
  [diag] sat-dist hist bins=60 sat<0.05=0.0% mean=0.565 p10=0.550 p90=0.570
Iter 0044680: train nll 0.117, valid error 100.000%, best valid error 100.000%, avg grad norm   0.027, avg grad norm (post clip)   0.000, rho_Whh  1.31, Omega  0.00, alpha  0.000, steps in the past 0.000, valid nll 0.097
  [diag] log10|dL/dh_t| hist bins=60 range=(-7.80,-3.84) mean=-6.49 p50=-6.55 p05=-7.07 p95=-6.14
  [diag] sat-dist hist bins=60 sat<0.05=0.0% mean=0.565 p10=0.550 p90=0.571
Iter 0044700: train nll 0.118, valid error 100.000%, best valid error 100.000%, avg grad norm   0.025, avg grad norm (post clip)   0.000, rho_Whh  1.31, Omega  0.00, alpha  0.000, steps in the past 0.000, valid nll 0.097
  [diag] log10|dL/dh_t| hist bins=60 range=(-7.81,-3.84) mean=-6.53 p50=-6.60 p05=-7.08 p95=-6.15
  [diag] sat-dist hist bins=60 sat<0.05=0.0% mean=0.562 p10=0.549 p90=0.567
Iter 0044720: train nll 0.119, valid error 100.000%, best valid error 100.000%, avg grad norm   0.032, avg grad norm (post clip)   0.000, rho_Whh  1.31, Omega  0.00, alpha  0.000, steps in the past 0.000, valid nll 0.097
  [diag] log10|dL/dh_t| hist bins=60 range=(-7.80,-3.84) mean=-6.47 p50=-6.52 p05=-7.07 p95=-6.15
  [diag] sat-dist hist bins=60 sat<0.05=0.0% mean=0.567 p10=0.551 p90=0.573
Iter 0044740: train nll 0.128, valid error 100.000%, best valid error 100.000%, avg grad norm   0.035, avg grad norm (post clip)   0.000, rho_Whh  1.31, Omega  0.00, alpha  0.000, steps in the past 0.000, valid nll 0.097
  [diag] log10|dL/dh_t| hist bins=60 range=(-7.81,-3.84) mean=-6.51 p50=-6.57 p05=-7.08 p95=-6.15
  [diag] sat-dist hist bins=60 sat<0.05=0.0% mean=0.564 p10=0.550 p90=0.569
Iter 0044760: train nll 0.123, valid error 100.000%, best valid error 100.000%, avg grad norm   0.029, avg grad norm (post clip)   0.000, rho_Whh  1.31, Omega  0.00, alpha  0.000, steps in the past 0.000, valid nll 0.097
  [diag] log10|dL/dh_t| hist bins=60 range=(-7.81,-3.84) mean=-6.51 p50=-6.57 p05=-7.08 p95=-6.15
  [diag] sat-dist hist bins=60 sat<0.05=0.0% mean=0.564 p10=0.550 p90=0.569
Iter 0044780: train nll 0.125, valid error 100.000%, best valid error 100.000%, avg grad norm   0.031, avg grad norm (post clip)   0.000, rho_Whh  1.31, Omega  0.00, alpha  0.000, steps in the past 0.000, valid nll 0.097
  [diag] log10|dL/dh_t| hist bins=60 range=(-7.81,-3.84) mean=-6.51 p50=-6.58 p05=-7.08 p95=-6.15
  [diag] sat-dist hist bins=60 sat<0.05=0.0% mean=0.563 p10=0.549 p90=0.569
Iter 0044800: train nll 0.121, valid error 100.000%, best valid error 100.000%, avg grad norm   0.027, avg grad norm (post clip)   0.000, rho_Whh  1.31, Omega  0.00, alpha  0.000, steps in the past 0.000, valid nll 0.097
  [diag] log10|dL/dh_t| hist bins=60 range=(-7.82,-3.84) mean=-6.54 p50=-6.61 p05=-7.09 p95=-6.15
  [diag] sat-dist hist bins=60 sat<0.05=0.0% mean=0.562 p10=0.549 p90=0.567
Iter 0044820: train nll 0.107, valid error 100.000%, best valid error 100.000%, avg grad norm   0.022, avg grad norm (post clip)   0.000, rho_Whh  1.31, Omega  0.00, alpha  0.000, steps in the past 0.000, valid nll 0.097
  [diag] log10|dL/dh_t| hist bins=60 range=(-7.81,-3.84) mean=-6.50 p50=-6.57 p05=-7.08 p95=-6.15
  [diag] sat-dist hist bins=60 sat<0.05=0.0% mean=0.564 p10=0.550 p90=0.570
Iter 0044840: train nll 0.124, valid error 100.000%, best valid error 100.000%, avg grad norm   0.028, avg grad norm (post clip)   0.000, rho_Whh  1.31, Omega  0.00, alpha  0.000, steps in the past 0.000, valid nll 0.097
  [diag] log10|dL/dh_t| hist bins=60 range=(-7.81,-3.84) mean=-6.50 p50=-6.56 p05=-7.08 p95=-6.15
  [diag] sat-dist hist bins=60 sat<0.05=0.0% mean=0.564 p10=0.550 p90=0.570
Iter 0044860: train nll 0.121, valid error 100.000%, best valid error 100.000%, avg grad norm   0.028, avg grad norm (post clip)   0.000, rho_Whh  1.31, Omega  0.00, alpha  0.000, steps in the past 0.000, valid nll 0.097
  [diag] log10|dL/dh_t| hist bins=60 range=(-7.81,-3.84) mean=-6.51 p50=-6.58 p05=-7.09 p95=-6.15
  [diag] sat-dist hist bins=60 sat<0.05=0.0% mean=0.563 p10=0.549 p90=0.569
Iter 0044880: train nll 0.118, valid error 100.000%, best valid error 100.000%, avg grad norm   0.030, avg grad norm (post clip)   0.000, rho_Whh  1.31, Omega  0.00, alpha  0.000, steps in the past 0.000, valid nll 0.097
  [diag] log10|dL/dh_t| hist bins=60 range=(-7.81,-3.84) mean=-6.49 p50=-6.55 p05=-7.08 p95=-6.15
  [diag] sat-dist hist bins=60 sat<0.05=0.0% mean=0.565 p10=0.550 p90=0.571
Iter 0044900: train nll 0.127, valid error 100.000%, best valid error 100.000%, avg grad norm   0.027, avg grad norm (post clip)   0.000, rho_Whh  1.31, Omega  0.00, alpha  0.000, steps in the past 0.000, valid nll 0.097
  [diag] log10|dL/dh_t| hist bins=60 range=(-7.82,-3.84) mean=-6.54 p50=-6.61 p05=-7.09 p95=-6.15
  [diag] sat-dist hist bins=60 sat<0.05=0.0% mean=0.562 p10=0.549 p90=0.567
Iter 0044920: train nll 0.107, valid error 100.000%, best valid error 100.000%, avg grad norm   0.026, avg grad norm (post clip)   0.000, rho_Whh  1.31, Omega  0.00, alpha  0.000, steps in the past 0.000, valid nll 0.097
  [diag] log10|dL/dh_t| hist bins=60 range=(-7.82,-3.84) mean=-6.54 p50=-6.60 p05=-7.10 p95=-6.15
  [diag] sat-dist hist bins=60 sat<0.05=0.0% mean=0.562 p10=0.548 p90=0.567
Iter 0044940: train nll 0.119, valid error 100.000%, best valid error 100.000%, avg grad norm   0.027, avg grad norm (post clip)   0.000, rho_Whh  1.31, Omega  0.00, alpha  0.000, steps in the past 0.000, valid nll 0.097
  [diag] log10|dL/dh_t| hist bins=60 range=(-7.83,-3.84) mean=-6.54 p50=-6.61 p05=-7.10 p95=-6.15
  [diag] sat-dist hist bins=60 sat<0.05=0.0% mean=0.561 p10=0.548 p90=0.567
Iter 0044960: train nll 0.099, valid error 100.000%, best valid error 100.000%, avg grad norm   0.020, avg grad norm (post clip)   0.000, rho_Whh  1.31, Omega  0.00, alpha  0.000, steps in the past 0.000, valid nll 0.097
  [diag] log10|dL/dh_t| hist bins=60 range=(-7.82,-3.84) mean=-6.49 p50=-6.55 p05=-7.09 p95=-6.15
  [diag] sat-dist hist bins=60 sat<0.05=0.0% mean=0.565 p10=0.550 p90=0.571
Iter 0044980: train nll 0.135, valid error 100.000%, best valid error 100.000%, avg grad norm   0.034, avg grad norm (post clip)   0.000, rho_Whh  1.31, Omega  0.00, alpha  0.000, steps in the past 0.000, valid nll 0.097
  [diag] log10|dL/dh_t| hist bins=60 range=(-7.82,-3.84) mean=-6.50 p50=-6.56 p05=-7.09 p95=-6.15
  [diag] sat-dist hist bins=60 sat<0.05=0.0% mean=0.565 p10=0.550 p90=0.571
Iter 0045000: train nll 0.134, valid error 100.000%, best valid error 100.000%, avg grad norm   0.034, avg grad norm (post clip)   0.000, rho_Whh  1.31, Omega  0.00, alpha  0.000, steps in the past 0.000, valid nll 0.097
  [diag] log10|dL/dh_t| hist bins=60 range=(-7.82,-3.84) mean=-6.52 p50=-6.59 p05=-7.10 p95=-6.15
  [diag] sat-dist hist bins=60 sat<0.05=0.0% mean=0.563 p10=0.549 p90=0.568
Iter 0045020: train nll 0.115, valid error 100.000%, best valid error 100.000%, avg grad norm   0.028, avg grad norm (post clip)   0.000, rho_Whh  1.31, Omega  0.00, alpha  0.000, steps in the past 0.000, valid nll 0.097
  [diag] log10|dL/dh_t| hist bins=60 range=(-7.82,-3.84) mean=-6.52 p50=-6.59 p05=-7.10 p95=-6.15
  [diag] sat-dist hist bins=60 sat<0.05=0.0% mean=0.563 p10=0.549 p90=0.568
Iter 0045040: train nll 0.121, valid error 100.000%, best valid error 100.000%, avg grad norm   0.031, avg grad norm (post clip)   0.000, rho_Whh  1.31, Omega  0.00, alpha  0.000, steps in the past 0.000, valid nll 0.097
  [diag] log10|dL/dh_t| hist bins=60 range=(-7.81,-3.84) mean=-6.47 p50=-6.52 p05=-7.09 p95=-6.15
  [diag] sat-dist hist bins=60 sat<0.05=0.0% mean=0.567 p10=0.550 p90=0.573
Iter 0045060: train nll 0.140, valid error 100.000%, best valid error 100.000%, avg grad norm   0.032, avg grad norm (post clip)   0.000, rho_Whh  1.31, Omega  0.00, alpha  0.000, steps in the past 0.000, valid nll 0.097
  [diag] log10|dL/dh_t| hist bins=60 range=(-7.82,-3.84) mean=-6.51 p50=-6.57 p05=-7.10 p95=-6.16
  [diag] sat-dist hist bins=60 sat<0.05=0.0% mean=0.564 p10=0.549 p90=0.569
Iter 0045080: train nll 0.127, valid error 100.000%, best valid error 100.000%, avg grad norm   0.033, avg grad norm (post clip)   0.000, rho_Whh  1.31, Omega  0.00, alpha  0.000, steps in the past 0.000, valid nll 0.097
  [diag] log10|dL/dh_t| hist bins=60 range=(-7.82,-3.84) mean=-6.52 p50=-6.58 p05=-7.10 p95=-6.16
  [diag] sat-dist hist bins=60 sat<0.05=0.0% mean=0.563 p10=0.549 p90=0.569
Iter 0045100: train nll 0.124, valid error 100.000%, best valid error 100.000%, avg grad norm   0.030, avg grad norm (post clip)   0.000, rho_Whh  1.31, Omega  0.00, alpha  0.000, steps in the past 0.000, valid nll 0.097
  [diag] log10|dL/dh_t| hist bins=60 range=(-7.82,-3.84) mean=-6.51 p50=-6.57 p05=-7.10 p95=-6.16
  [diag] sat-dist hist bins=60 sat<0.05=0.0% mean=0.564 p10=0.549 p90=0.569
Iter 0045120: train nll 0.121, valid error 100.000%, best valid error 100.000%, avg grad norm   0.028, avg grad norm (post clip)   0.000, rho_Whh  1.31, Omega  0.00, alpha  0.000, steps in the past 0.000, valid nll 0.097
  [diag] log10|dL/dh_t| hist bins=60 range=(-7.82,-3.84) mean=-6.48 p50=-6.53 p05=-7.09 p95=-6.16
  [diag] sat-dist hist bins=60 sat<0.05=0.0% mean=0.566 p10=0.550 p90=0.573
Iter 0045140: train nll 0.142, valid error 100.000%, best valid error 100.000%, avg grad norm   0.035, avg grad norm (post clip)   0.000, rho_Whh  1.31, Omega  0.00, alpha  0.000, steps in the past 0.000, valid nll 0.097
  [diag] log10|dL/dh_t| hist bins=60 range=(-7.82,-3.84) mean=-6.49 p50=-6.55 p05=-7.10 p95=-6.16
  [diag] sat-dist hist bins=60 sat<0.05=0.0% mean=0.565 p10=0.549 p90=0.571
Iter 0045160: train nll 0.114, valid error 100.000%, best valid error 100.000%, avg grad norm   0.027, avg grad norm (post clip)   0.000, rho_Whh  1.31, Omega  0.00, alpha  0.000, steps in the past 0.000, valid nll 0.097
  [diag] log10|dL/dh_t| hist bins=60 range=(-7.82,-3.84) mean=-6.49 p50=-6.54 p05=-7.10 p95=-6.16
  [diag] sat-dist hist bins=60 sat<0.05=0.0% mean=0.565 p10=0.550 p90=0.572
Iter 0045180: train nll 0.125, valid error 100.000%, best valid error 100.000%, avg grad norm   0.031, avg grad norm (post clip)   0.000, rho_Whh  1.31, Omega  0.00, alpha  0.000, steps in the past 0.000, valid nll 0.097
  [diag] log10|dL/dh_t| hist bins=60 range=(-7.82,-3.84) mean=-6.50 p50=-6.55 p05=-7.10 p95=-6.16
  [diag] sat-dist hist bins=60 sat<0.05=0.0% mean=0.565 p10=0.549 p90=0.571
Iter 0045200: train nll 0.125, valid error 100.000%, best valid error 100.000%, avg grad norm   0.032, avg grad norm (post clip)   0.000, rho_Whh  1.31, Omega  0.00, alpha  0.000, steps in the past 0.000, valid nll 0.097
  [diag] log10|dL/dh_t| hist bins=60 range=(-7.84,-3.84) mean=-6.55 p50=-6.62 p05=-7.11 p95=-6.16
  [diag] sat-dist hist bins=60 sat<0.05=0.0% mean=0.561 p10=0.548 p90=0.566
Iter 0045220: train nll 0.106, valid error 100.000%, best valid error 100.000%, avg grad norm   0.025, avg grad norm (post clip)   0.000, rho_Whh  1.32, Omega  0.00, alpha  0.000, steps in the past 0.000, valid nll 0.097
  [diag] log10|dL/dh_t| hist bins=60 range=(-7.84,-3.84) mean=-6.54 p50=-6.60 p05=-7.11 p95=-6.16
  [diag] sat-dist hist bins=60 sat<0.05=0.0% mean=0.562 p10=0.548 p90=0.567
Iter 0045240: train nll 0.115, valid error 100.000%, best valid error 100.000%, avg grad norm   0.025, avg grad norm (post clip)   0.000, rho_Whh  1.31, Omega  0.00, alpha  0.000, steps in the past 0.000, valid nll 0.097
  [diag] log10|dL/dh_t| hist bins=60 range=(-7.83,-3.84) mean=-6.51 p50=-6.56 p05=-7.10 p95=-6.16
  [diag] sat-dist hist bins=60 sat<0.05=0.0% mean=0.564 p10=0.549 p90=0.570
Iter 0045260: train nll 0.112, valid error 100.000%, best valid error 100.000%, avg grad norm   0.025, avg grad norm (post clip)   0.000, rho_Whh  1.31, Omega  0.00, alpha  0.000, steps in the past 0.000, valid nll 0.097
  [diag] log10|dL/dh_t| hist bins=60 range=(-7.83,-3.84) mean=-6.50 p50=-6.56 p05=-7.10 p95=-6.16
  [diag] sat-dist hist bins=60 sat<0.05=0.0% mean=0.564 p10=0.549 p90=0.571
Iter 0045280: train nll 0.131, valid error 100.000%, best valid error 100.000%, avg grad norm   0.038, avg grad norm (post clip)   0.000, rho_Whh  1.31, Omega  0.00, alpha  0.000, steps in the past 0.000, valid nll 0.097
  [diag] log10|dL/dh_t| hist bins=60 range=(-7.82,-3.84) mean=-6.46 p50=-6.51 p05=-7.10 p95=-6.16
  [diag] sat-dist hist bins=60 sat<0.05=0.0% mean=0.567 p10=0.550 p90=0.574
Iter 0045300: train nll 0.137, valid error 100.000%, best valid error 100.000%, avg grad norm   0.035, avg grad norm (post clip)   0.000, rho_Whh  1.31, Omega  0.00, alpha  0.000, steps in the past 0.000, valid nll 0.097
  [diag] log10|dL/dh_t| hist bins=60 range=(-7.83,-3.84) mean=-6.49 p50=-6.54 p05=-7.10 p95=-6.16
  [diag] sat-dist hist bins=60 sat<0.05=0.0% mean=0.565 p10=0.549 p90=0.572
Iter 0045320: train nll 0.129, valid error 100.000%, best valid error 100.000%, avg grad norm   0.030, avg grad norm (post clip)   0.000, rho_Whh  1.31, Omega  0.00, alpha  0.000, steps in the past 0.000, valid nll 0.097
  [diag] log10|dL/dh_t| hist bins=60 range=(-7.83,-3.84) mean=-6.48 p50=-6.53 p05=-7.10 p95=-6.16
  [diag] sat-dist hist bins=60 sat<0.05=0.0% mean=0.566 p10=0.549 p90=0.573
Iter 0045340: train nll 0.132, valid error 100.000%, best valid error 100.000%, avg grad norm   0.034, avg grad norm (post clip)   0.000, rho_Whh  1.31, Omega  0.00, alpha  0.000, steps in the past 0.000, valid nll 0.097
  [diag] log10|dL/dh_t| hist bins=60 range=(-7.84,-3.84) mean=-6.50 p50=-6.56 p05=-7.11 p95=-6.16
  [diag] sat-dist hist bins=60 sat<0.05=0.0% mean=0.564 p10=0.549 p90=0.571
Iter 0045360: train nll 0.126, valid error 100.000%, best valid error 100.000%, avg grad norm   0.038, avg grad norm (post clip)   0.000, rho_Whh  1.31, Omega  0.00, alpha  0.000, steps in the past 0.000, valid nll 0.097
  [diag] log10|dL/dh_t| hist bins=60 range=(-7.84,-3.84) mean=-6.52 p50=-6.58 p05=-7.11 p95=-6.16
  [diag] sat-dist hist bins=60 sat<0.05=0.0% mean=0.563 p10=0.548 p90=0.569
Iter 0045380: train nll 0.110, valid error 100.000%, best valid error 100.000%, avg grad norm   0.026, avg grad norm (post clip)   0.000, rho_Whh  1.32, Omega  0.00, alpha  0.000, steps in the past 0.000, valid nll 0.097
  [diag] log10|dL/dh_t| hist bins=60 range=(-7.84,-3.84) mean=-6.51 p50=-6.57 p05=-7.11 p95=-6.16
  [diag] sat-dist hist bins=60 sat<0.05=0.0% mean=0.564 p10=0.548 p90=0.570
Iter 0045400: train nll 0.133, valid error 100.000%, best valid error 100.000%, avg grad norm   0.035, avg grad norm (post clip)   0.000, rho_Whh  1.31, Omega  0.00, alpha  0.000, steps in the past 0.000, valid nll 0.097
  [diag] log10|dL/dh_t| hist bins=60 range=(-7.83,-3.84) mean=-6.46 p50=-6.51 p05=-7.10 p95=-6.16
  [diag] sat-dist hist bins=60 sat<0.05=0.0% mean=0.567 p10=0.550 p90=0.574
Iter 0045420: train nll 0.131, valid error 100.000%, best valid error 100.000%, avg grad norm   0.032, avg grad norm (post clip)   0.000, rho_Whh  1.31, Omega  0.00, alpha  0.000, steps in the past 0.000, valid nll 0.097
  [diag] log10|dL/dh_t| hist bins=60 range=(-7.83,-3.84) mean=-6.47 p50=-6.52 p05=-7.11 p95=-6.17
  [diag] sat-dist hist bins=60 sat<0.05=0.0% mean=0.567 p10=0.549 p90=0.574
Iter 0045440: train nll 0.130, valid error 100.000%, best valid error 100.000%, avg grad norm   0.031, avg grad norm (post clip)   0.000, rho_Whh  1.31, Omega  0.00, alpha  0.000, steps in the past 0.000, valid nll 0.097
  [diag] log10|dL/dh_t| hist bins=60 range=(-7.83,-3.84) mean=-6.46 p50=-6.50 p05=-7.11 p95=-6.17
  [diag] sat-dist hist bins=60 sat<0.05=0.0% mean=0.568 p10=0.550 p90=0.575
Iter 0045460: train nll 0.135, valid error 100.000%, best valid error 100.000%, avg grad norm   0.033, avg grad norm (post clip)   0.000, rho_Whh  1.31, Omega  0.00, alpha  0.000, steps in the past 0.000, valid nll 0.097
  [diag] log10|dL/dh_t| hist bins=60 range=(-7.85,-3.84) mean=-6.52 p50=-6.58 p05=-7.12 p95=-6.17
  [diag] sat-dist hist bins=60 sat<0.05=0.0% mean=0.563 p10=0.548 p90=0.569
Iter 0045480: train nll 0.120, valid error 100.000%, best valid error 100.000%, avg grad norm   0.028, avg grad norm (post clip)   0.000, rho_Whh  1.32, Omega  0.00, alpha  0.000, steps in the past 0.000, valid nll 0.097
  [diag] log10|dL/dh_t| hist bins=60 range=(-7.84,-3.84) mean=-6.50 p50=-6.55 p05=-7.11 p95=-6.17
  [diag] sat-dist hist bins=60 sat<0.05=0.0% mean=0.565 p10=0.549 p90=0.571
Iter 0045500: train nll 0.134, valid error 100.000%, best valid error 100.000%, avg grad norm   0.035, avg grad norm (post clip)   0.000, rho_Whh  1.31, Omega  0.00, alpha  0.000, steps in the past 0.000, valid nll 0.097
  [diag] log10|dL/dh_t| hist bins=60 range=(-7.84,-3.84) mean=-6.49 p50=-6.54 p05=-7.11 p95=-6.17
  [diag] sat-dist hist bins=60 sat<0.05=0.0% mean=0.565 p10=0.549 p90=0.572
Iter 0045520: train nll 0.131, valid error 100.000%, best valid error 100.000%, avg grad norm   0.036, avg grad norm (post clip)   0.000, rho_Whh  1.31, Omega  0.00, alpha  0.000, steps in the past 0.000, valid nll 0.097
  [diag] log10|dL/dh_t| hist bins=60 range=(-7.85,-3.84) mean=-6.52 p50=-6.57 p05=-7.12 p95=-6.17
  [diag] sat-dist hist bins=60 sat<0.05=0.0% mean=0.563 p10=0.548 p90=0.570
Iter 0045540: train nll 0.127, valid error 100.000%, best valid error 100.000%, avg grad norm   0.031, avg grad norm (post clip)   0.000, rho_Whh  1.32, Omega  0.00, alpha  0.000, steps in the past 0.000, valid nll 0.097
  [diag] log10|dL/dh_t| hist bins=60 range=(-7.85,-3.84) mean=-6.52 p50=-6.57 p05=-7.12 p95=-6.17
  [diag] sat-dist hist bins=60 sat<0.05=0.0% mean=0.564 p10=0.548 p90=0.570
Iter 0045560: train nll 0.115, valid error 100.000%, best valid error 100.000%, avg grad norm   0.027, avg grad norm (post clip)   0.000, rho_Whh  1.32, Omega  0.00, alpha  0.000, steps in the past 0.000, valid nll 0.097
  [diag] log10|dL/dh_t| hist bins=60 range=(-7.84,-3.84) mean=-6.49 p50=-6.54 p05=-7.12 p95=-6.17
  [diag] sat-dist hist bins=60 sat<0.05=0.0% mean=0.566 p10=0.549 p90=0.573
Iter 0045580: train nll 0.141, valid error 100.000%, best valid error 100.000%, avg grad norm   0.038, avg grad norm (post clip)   0.000, rho_Whh  1.32, Omega  0.00, alpha  0.000, steps in the past 0.000, valid nll 0.097
  [diag] log10|dL/dh_t| hist bins=60 range=(-7.85,-3.84) mean=-6.52 p50=-6.58 p05=-7.13 p95=-6.17
  [diag] sat-dist hist bins=60 sat<0.05=0.0% mean=0.563 p10=0.548 p90=0.570
Iter 0045600: train nll 0.136, valid error 100.000%, best valid error 100.000%, avg grad norm   0.038, avg grad norm (post clip)   0.000, rho_Whh  1.32, Omega  0.00, alpha  0.000, steps in the past 0.000, valid nll 0.097
  [diag] log10|dL/dh_t| hist bins=60 range=(-7.85,-3.84) mean=-6.51 p50=-6.57 p05=-7.13 p95=-6.17
  [diag] sat-dist hist bins=60 sat<0.05=0.0% mean=0.564 p10=0.548 p90=0.570
Iter 0045620: train nll 0.116, valid error 100.000%, best valid error 100.000%, avg grad norm   0.026, avg grad norm (post clip)   0.000, rho_Whh  1.32, Omega  0.00, alpha  0.000, steps in the past 0.000, valid nll 0.097
  [diag] log10|dL/dh_t| hist bins=60 range=(-7.84,-3.84) mean=-6.45 p50=-6.49 p05=-7.11 p95=-6.17
  [diag] sat-dist hist bins=60 sat<0.05=0.0% mean=0.568 p10=0.549 p90=0.576
Iter 0045640: train nll 0.131, valid error 100.000%, best valid error 100.000%, avg grad norm   0.034, avg grad norm (post clip)   0.000, rho_Whh  1.31, Omega  0.00, alpha  0.000, steps in the past 0.000, valid nll 0.097
  [diag] log10|dL/dh_t| hist bins=60 range=(-7.85,-3.84) mean=-6.51 p50=-6.56 p05=-7.13 p95=-6.17
  [diag] sat-dist hist bins=60 sat<0.05=0.0% mean=0.564 p10=0.548 p90=0.571
Iter 0045660: train nll 0.123, valid error 100.000%, best valid error 100.000%, avg grad norm   0.034, avg grad norm (post clip)   0.000, rho_Whh  1.32, Omega  0.00, alpha  0.000, steps in the past 0.000, valid nll 0.097
  [diag] log10|dL/dh_t| hist bins=60 range=(-7.85,-3.84) mean=-6.50 p50=-6.55 p05=-7.13 p95=-6.17
  [diag] sat-dist hist bins=60 sat<0.05=0.0% mean=0.565 p10=0.548 p90=0.572
Iter 0045680: train nll 0.131, valid error 100.000%, best valid error 100.000%, avg grad norm   0.033, avg grad norm (post clip)   0.000, rho_Whh  1.32, Omega  0.00, alpha  0.000, steps in the past 0.000, valid nll 0.097
  [diag] log10|dL/dh_t| hist bins=60 range=(-7.86,-3.84) mean=-6.53 p50=-6.58 p05=-7.13 p95=-6.17
  [diag] sat-dist hist bins=60 sat<0.05=0.0% mean=0.563 p10=0.547 p90=0.569
Iter 0045700: train nll 0.119, valid error 100.000%, best valid error 100.000%, avg grad norm   0.034, avg grad norm (post clip)   0.000, rho_Whh  1.32, Omega  0.00, alpha  0.000, steps in the past 0.000, valid nll 0.097
  [diag] log10|dL/dh_t| hist bins=60 range=(-7.86,-3.84) mean=-6.54 p50=-6.60 p05=-7.14 p95=-6.17
  [diag] sat-dist hist bins=60 sat<0.05=0.0% mean=0.562 p10=0.547 p90=0.568
Iter 0045720: train nll 0.108, valid error 100.000%, best valid error 100.000%, avg grad norm   0.024, avg grad norm (post clip)   0.000, rho_Whh  1.32, Omega  0.00, alpha  0.000, steps in the past 0.000, valid nll 0.097
  [diag] log10|dL/dh_t| hist bins=60 range=(-7.85,-3.84) mean=-6.46 p50=-6.50 p05=-7.12 p95=-6.17
  [diag] sat-dist hist bins=60 sat<0.05=0.0% mean=0.568 p10=0.549 p90=0.575
Iter 0045740: train nll 0.116, valid error 100.000%, best valid error 100.000%, avg grad norm   0.025, avg grad norm (post clip)   0.000, rho_Whh  1.32, Omega  0.00, alpha  0.000, steps in the past 0.000, valid nll 0.097
  [diag] log10|dL/dh_t| hist bins=60 range=(-7.87,-3.84) mean=-6.56 p50=-6.62 p05=-7.14 p95=-6.18
  [diag] sat-dist hist bins=60 sat<0.05=0.0% mean=0.561 p10=0.546 p90=0.566
Iter 0045760: train nll 0.113, valid error 100.000%, best valid error 100.000%, avg grad norm   0.027, avg grad norm (post clip)   0.000, rho_Whh  1.32, Omega  0.00, alpha  0.000, steps in the past 0.000, valid nll 0.097
  [diag] log10|dL/dh_t| hist bins=60 range=(-7.87,-3.84) mean=-6.54 p50=-6.61 p05=-7.14 p95=-6.18
  [diag] sat-dist hist bins=60 sat<0.05=0.0% mean=0.562 p10=0.547 p90=0.568
Iter 0045780: train nll 0.111, valid error 100.000%, best valid error 100.000%, avg grad norm   0.024, avg grad norm (post clip)   0.000, rho_Whh  1.32, Omega  0.00, alpha  0.000, steps in the past 0.000, valid nll 0.097
  [diag] log10|dL/dh_t| hist bins=60 range=(-7.86,-3.84) mean=-6.49 p50=-6.54 p05=-7.13 p95=-6.18
  [diag] sat-dist hist bins=60 sat<0.05=0.0% mean=0.565 p10=0.548 p90=0.572
Iter 0045800: train nll 0.119, valid error 100.000%, best valid error 100.000%, avg grad norm   0.026, avg grad norm (post clip)   0.000, rho_Whh  1.32, Omega  0.00, alpha  0.000, steps in the past 0.000, valid nll 0.097
  [diag] log10|dL/dh_t| hist bins=60 range=(-7.86,-3.84) mean=-6.52 p50=-6.58 p05=-7.14 p95=-6.18
  [diag] sat-dist hist bins=60 sat<0.05=0.0% mean=0.563 p10=0.547 p90=0.570
Iter 0045820: train nll 0.132, valid error 100.000%, best valid error 100.000%, avg grad norm   0.033, avg grad norm (post clip)   0.000, rho_Whh  1.32, Omega  0.00, alpha  0.000, steps in the past 0.000, valid nll 0.097
  [diag] log10|dL/dh_t| hist bins=60 range=(-7.86,-3.84) mean=-6.49 p50=-6.54 p05=-7.13 p95=-6.18
  [diag] sat-dist hist bins=60 sat<0.05=0.0% mean=0.565 p10=0.548 p90=0.573
Iter 0045840: train nll 0.134, valid error 100.000%, best valid error 100.000%, avg grad norm   0.036, avg grad norm (post clip)   0.000, rho_Whh  1.32, Omega  0.00, alpha  0.000, steps in the past 0.000, valid nll 0.097
  [diag] log10|dL/dh_t| hist bins=60 range=(-7.87,-3.84) mean=-6.53 p50=-6.59 p05=-7.14 p95=-6.18
  [diag] sat-dist hist bins=60 sat<0.05=0.0% mean=0.563 p10=0.547 p90=0.569
Iter 0045860: train nll 0.115, valid error 100.000%, best valid error 100.000%, avg grad norm   0.030, avg grad norm (post clip)   0.000, rho_Whh  1.32, Omega  0.00, alpha  0.000, steps in the past 0.000, valid nll 0.097
  [diag] log10|dL/dh_t| hist bins=60 range=(-7.87,-3.84) mean=-6.51 p50=-6.56 p05=-7.14 p95=-6.18
  [diag] sat-dist hist bins=60 sat<0.05=0.0% mean=0.564 p10=0.547 p90=0.571
Iter 0045880: train nll 0.126, valid error 100.000%, best valid error 100.000%, avg grad norm   0.034, avg grad norm (post clip)   0.000, rho_Whh  1.32, Omega  0.00, alpha  0.000, steps in the past 0.000, valid nll 0.097
  [diag] log10|dL/dh_t| hist bins=60 range=(-7.87,-3.84) mean=-6.54 p50=-6.60 p05=-7.15 p95=-6.18
  [diag] sat-dist hist bins=60 sat<0.05=0.0% mean=0.562 p10=0.547 p90=0.568
Iter 0045900: train nll 0.112, valid error 100.000%, best valid error 100.000%, avg grad norm   0.032, avg grad norm (post clip)   0.000, rho_Whh  1.32, Omega  0.00, alpha  0.000, steps in the past 0.000, valid nll 0.097
  [diag] log10|dL/dh_t| hist bins=60 range=(-7.88,-3.84) mean=-6.56 p50=-6.63 p05=-7.15 p95=-6.18
  [diag] sat-dist hist bins=60 sat<0.05=0.0% mean=0.560 p10=0.546 p90=0.566
Iter 0045920: train nll 0.127, valid error 100.000%, best valid error 100.000%, avg grad norm   0.033, avg grad norm (post clip)   0.000, rho_Whh  1.32, Omega  0.00, alpha  0.000, steps in the past 0.000, valid nll 0.097
  [diag] log10|dL/dh_t| hist bins=60 range=(-7.87,-3.84) mean=-6.53 p50=-6.59 p05=-7.14 p95=-6.18
  [diag] sat-dist hist bins=60 sat<0.05=0.0% mean=0.563 p10=0.547 p90=0.569
Iter 0045940: train nll 0.115, valid error 100.000%, best valid error 100.000%, avg grad norm   0.026, avg grad norm (post clip)   0.000, rho_Whh  1.32, Omega  0.00, alpha  0.000, steps in the past 0.000, valid nll 0.097
  [diag] log10|dL/dh_t| hist bins=60 range=(-7.88,-3.84) mean=-6.54 p50=-6.60 p05=-7.15 p95=-6.18
  [diag] sat-dist hist bins=60 sat<0.05=0.0% mean=0.562 p10=0.546 p90=0.568
Iter 0045960: train nll 0.128, valid error 100.000%, best valid error 100.000%, avg grad norm   0.036, avg grad norm (post clip)   0.000, rho_Whh  1.32, Omega  0.00, alpha  0.000, steps in the past 0.000, valid nll 0.097
  [diag] log10|dL/dh_t| hist bins=60 range=(-7.87,-3.84) mean=-6.53 p50=-6.59 p05=-7.15 p95=-6.18
  [diag] sat-dist hist bins=60 sat<0.05=0.0% mean=0.563 p10=0.547 p90=0.569
Iter 0045980: train nll 0.127, valid error 100.000%, best valid error 100.000%, avg grad norm   0.029, avg grad norm (post clip)   0.000, rho_Whh  1.32, Omega  0.00, alpha  0.000, steps in the past 0.000, valid nll 0.097
  [diag] log10|dL/dh_t| hist bins=60 range=(-7.87,-3.84) mean=-6.53 p50=-6.58 p05=-7.15 p95=-6.18
  [diag] sat-dist hist bins=60 sat<0.05=0.0% mean=0.563 p10=0.547 p90=0.569
Iter 0046000: train nll 0.122, valid error 100.000%, best valid error 100.000%, avg grad norm   0.031, avg grad norm (post clip)   0.000, rho_Whh  1.32, Omega  0.00, alpha  0.000, steps in the past 0.000, valid nll 0.097
  [diag] log10|dL/dh_t| hist bins=60 range=(-7.87,-3.84) mean=-6.50 p50=-6.55 p05=-7.14 p95=-6.18
  [diag] sat-dist hist bins=60 sat<0.05=0.0% mean=0.565 p10=0.548 p90=0.572
Iter 0046020: train nll 0.121, valid error 100.000%, best valid error 100.000%, avg grad norm   0.029, avg grad norm (post clip)   0.000, rho_Whh  1.32, Omega  0.00, alpha  0.000, steps in the past 0.000, valid nll 0.097
  [diag] log10|dL/dh_t| hist bins=60 range=(-7.88,-3.84) mean=-6.54 p50=-6.60 p05=-7.15 p95=-6.18
  [diag] sat-dist hist bins=60 sat<0.05=0.0% mean=0.562 p10=0.546 p90=0.568
Iter 0046040: train nll 0.114, valid error 100.000%, best valid error 100.000%, avg grad norm   0.031, avg grad norm (post clip)   0.000, rho_Whh  1.32, Omega  0.00, alpha  0.000, steps in the past 0.000, valid nll 0.097
  [diag] log10|dL/dh_t| hist bins=60 range=(-7.87,-3.84) mean=-6.52 p50=-6.57 p05=-7.15 p95=-6.18
  [diag] sat-dist hist bins=60 sat<0.05=0.0% mean=0.564 p10=0.547 p90=0.571
Iter 0046060: train nll 0.122, valid error 100.000%, best valid error 100.000%, avg grad norm   0.029, avg grad norm (post clip)   0.000, rho_Whh  1.32, Omega  0.00, alpha  0.000, steps in the past 0.000, valid nll 0.097
  [diag] log10|dL/dh_t| hist bins=60 range=(-7.88,-3.84) mean=-6.53 p50=-6.59 p05=-7.15 p95=-6.18
  [diag] sat-dist hist bins=60 sat<0.05=0.0% mean=0.563 p10=0.546 p90=0.569
Iter 0046080: train nll 0.121, valid error 100.000%, best valid error 100.000%, avg grad norm   0.034, avg grad norm (post clip)   0.000, rho_Whh  1.32, Omega  0.00, alpha  0.000, steps in the past 0.000, valid nll 0.097
  [diag] log10|dL/dh_t| hist bins=60 range=(-7.87,-3.84) mean=-6.47 p50=-6.51 p05=-7.14 p95=-6.18
  [diag] sat-dist hist bins=60 sat<0.05=0.0% mean=0.567 p10=0.548 p90=0.575
Iter 0046100: train nll 0.127, valid error 100.000%, best valid error 100.000%, avg grad norm   0.030, avg grad norm (post clip)   0.000, rho_Whh  1.32, Omega  0.00, alpha  0.000, steps in the past 0.000, valid nll 0.097
  [diag] log10|dL/dh_t| hist bins=60 range=(-7.88,-3.84) mean=-6.54 p50=-6.59 p05=-7.15 p95=-6.18
  [diag] sat-dist hist bins=60 sat<0.05=0.0% mean=0.562 p10=0.546 p90=0.569
Iter 0046120: train nll 0.126, valid error 100.000%, best valid error 100.000%, avg grad norm   0.038, avg grad norm (post clip)   0.000, rho_Whh  1.32, Omega  0.00, alpha  0.000, steps in the past 0.000, valid nll 0.097
  [diag] log10|dL/dh_t| hist bins=60 range=(-7.89,-3.84) mean=-6.55 p50=-6.61 p05=-7.16 p95=-6.19
  [diag] sat-dist hist bins=60 sat<0.05=0.0% mean=0.561 p10=0.546 p90=0.567
Iter 0046140: train nll 0.113, valid error 100.000%, best valid error 100.000%, avg grad norm   0.027, avg grad norm (post clip)   0.000, rho_Whh  1.32, Omega  0.00, alpha  0.000, steps in the past 0.000, valid nll 0.097
  [diag] log10|dL/dh_t| hist bins=60 range=(-7.87,-3.84) mean=-6.49 p50=-6.53 p05=-7.15 p95=-6.19
  [diag] sat-dist hist bins=60 sat<0.05=0.0% mean=0.566 p10=0.548 p90=0.574
Iter 0046160: train nll 0.126, valid error 100.000%, best valid error 100.000%, avg grad norm   0.031, avg grad norm (post clip)   0.000, rho_Whh  1.32, Omega  0.00, alpha  0.000, steps in the past 0.000, valid nll 0.097
  [diag] log10|dL/dh_t| hist bins=60 range=(-7.89,-3.84) mean=-6.58 p50=-6.64 p05=-7.16 p95=-6.19
  [diag] sat-dist hist bins=60 sat<0.05=0.0% mean=0.560 p10=0.545 p90=0.565
Iter 0046180: train nll 0.106, valid error 100.000%, best valid error 100.000%, avg grad norm   0.028, avg grad norm (post clip)   0.000, rho_Whh  1.32, Omega  0.00, alpha  0.000, steps in the past 0.000, valid nll 0.097
  [diag] log10|dL/dh_t| hist bins=60 range=(-7.88,-3.84) mean=-6.51 p50=-6.56 p05=-7.15 p95=-6.19
  [diag] sat-dist hist bins=60 sat<0.05=0.0% mean=0.564 p10=0.547 p90=0.571
Iter 0046200: train nll 0.130, valid error 100.000%, best valid error 100.000%, avg grad norm   0.031, avg grad norm (post clip)   0.000, rho_Whh  1.32, Omega  0.00, alpha  0.000, steps in the past 0.000, valid nll 0.097
  [diag] log10|dL/dh_t| hist bins=60 range=(-7.87,-3.84) mean=-6.47 p50=-6.51 p05=-7.15 p95=-6.19
  [diag] sat-dist hist bins=60 sat<0.05=0.0% mean=0.567 p10=0.548 p90=0.575
Iter 0046220: train nll 0.127, valid error 100.000%, best valid error 100.000%, avg grad norm   0.032, avg grad norm (post clip)   0.000, rho_Whh  1.32, Omega  0.00, alpha  0.000, steps in the past 0.000, valid nll 0.097
  [diag] log10|dL/dh_t| hist bins=60 range=(-7.87,-3.84) mean=-6.47 p50=-6.50 p05=-7.15 p95=-6.19
  [diag] sat-dist hist bins=60 sat<0.05=0.0% mean=0.568 p10=0.548 p90=0.576
Iter 0046240: train nll 0.128, valid error 100.000%, best valid error 100.000%, avg grad norm   0.036, avg grad norm (post clip)   0.000, rho_Whh  1.32, Omega  0.00, alpha  0.000, steps in the past 0.000, valid nll 0.097
  [diag] log10|dL/dh_t| hist bins=60 range=(-7.90,-3.84) mean=-6.57 p50=-6.63 p05=-7.17 p95=-6.19
  [diag] sat-dist hist bins=60 sat<0.05=0.0% mean=0.560 p10=0.545 p90=0.566
Iter 0046260: train nll 0.108, valid error 100.000%, best valid error 100.000%, avg grad norm   0.029, avg grad norm (post clip)   0.000, rho_Whh  1.32, Omega  0.00, alpha  0.000, steps in the past 0.000, valid nll 0.097
  [diag] log10|dL/dh_t| hist bins=60 range=(-7.88,-3.84) mean=-6.50 p50=-6.54 p05=-7.16 p95=-6.19
  [diag] sat-dist hist bins=60 sat<0.05=0.0% mean=0.565 p10=0.547 p90=0.573
Iter 0046280: train nll 0.120, valid error 100.000%, best valid error 100.000%, avg grad norm   0.031, avg grad norm (post clip)   0.000, rho_Whh  1.32, Omega  0.00, alpha  0.000, steps in the past 0.000, valid nll 0.097
  [diag] log10|dL/dh_t| hist bins=60 range=(-7.90,-3.84) mean=-6.56 p50=-6.62 p05=-7.17 p95=-6.19
  [diag] sat-dist hist bins=60 sat<0.05=0.0% mean=0.561 p10=0.545 p90=0.567
Iter 0046300: train nll 0.113, valid error 100.000%, best valid error 100.000%, avg grad norm   0.028, avg grad norm (post clip)   0.000, rho_Whh  1.32, Omega  0.00, alpha  0.000, steps in the past 0.000, valid nll 0.097
  [diag] log10|dL/dh_t| hist bins=60 range=(-7.88,-3.84) mean=-6.49 p50=-6.53 p05=-7.16 p95=-6.19
  [diag] sat-dist hist bins=60 sat<0.05=0.0% mean=0.566 p10=0.547 p90=0.574
Iter 0046320: train nll 0.135, valid error 100.000%, best valid error 100.000%, avg grad norm   0.036, avg grad norm (post clip)   0.000, rho_Whh  1.32, Omega  0.00, alpha  0.000, steps in the past 0.000, valid nll 0.097
  [diag] log10|dL/dh_t| hist bins=60 range=(-7.89,-3.84) mean=-6.51 p50=-6.55 p05=-7.16 p95=-6.19
  [diag] sat-dist hist bins=60 sat<0.05=0.0% mean=0.565 p10=0.547 p90=0.572
Iter 0046340: train nll 0.120, valid error 100.000%, best valid error 100.000%, avg grad norm   0.032, avg grad norm (post clip)   0.000, rho_Whh  1.32, Omega  0.00, alpha  0.000, steps in the past 0.000, valid nll 0.097
  [diag] log10|dL/dh_t| hist bins=60 range=(-7.89,-3.84) mean=-6.53 p50=-6.58 p05=-7.16 p95=-6.19
  [diag] sat-dist hist bins=60 sat<0.05=0.0% mean=0.563 p10=0.546 p90=0.570
Iter 0046360: train nll 0.126, valid error 100.000%, best valid error 100.000%, avg grad norm   0.033, avg grad norm (post clip)   0.000, rho_Whh  1.32, Omega  0.00, alpha  0.000, steps in the past 0.000, valid nll 0.097
  [diag] log10|dL/dh_t| hist bins=60 range=(-7.89,-3.84) mean=-6.53 p50=-6.58 p05=-7.17 p95=-6.19
  [diag] sat-dist hist bins=60 sat<0.05=0.0% mean=0.563 p10=0.546 p90=0.570
Iter 0046380: train nll 0.127, valid error 100.000%, best valid error 100.000%, avg grad norm   0.035, avg grad norm (post clip)   0.000, rho_Whh  1.32, Omega  0.00, alpha  0.000, steps in the past 0.000, valid nll 0.097
  [diag] log10|dL/dh_t| hist bins=60 range=(-7.90,-3.84) mean=-6.57 p50=-6.63 p05=-7.17 p95=-6.19
  [diag] sat-dist hist bins=60 sat<0.05=0.0% mean=0.560 p10=0.545 p90=0.566
Iter 0046400: train nll 0.119, valid error 100.000%, best valid error 100.000%, avg grad norm   0.030, avg grad norm (post clip)   0.000, rho_Whh  1.32, Omega  0.00, alpha  0.000, steps in the past 0.000, valid nll 0.097
  [diag] log10|dL/dh_t| hist bins=60 range=(-7.89,-3.84) mean=-6.52 p50=-6.57 p05=-7.17 p95=-6.19
  [diag] sat-dist hist bins=60 sat<0.05=0.0% mean=0.564 p10=0.546 p90=0.571
Iter 0046420: train nll 0.126, valid error 100.000%, best valid error 100.000%, avg grad norm   0.035, avg grad norm (post clip)   0.000, rho_Whh  1.32, Omega  0.00, alpha  0.000, steps in the past 0.000, valid nll 0.097
  [diag] log10|dL/dh_t| hist bins=60 range=(-7.89,-3.84) mean=-6.50 p50=-6.54 p05=-7.16 p95=-6.19
  [diag] sat-dist hist bins=60 sat<0.05=0.0% mean=0.566 p10=0.547 p90=0.573
Iter 0046440: train nll 0.132, valid error 100.000%, best valid error 100.000%, avg grad norm   0.042, avg grad norm (post clip)   0.000, rho_Whh  1.32, Omega  0.00, alpha  0.000, steps in the past 0.000, valid nll 0.097
  [diag] log10|dL/dh_t| hist bins=60 range=(-7.90,-3.84) mean=-6.56 p50=-6.62 p05=-7.18 p95=-6.19
  [diag] sat-dist hist bins=60 sat<0.05=0.0% mean=0.561 p10=0.545 p90=0.567
Iter 0046460: train nll 0.109, valid error 100.000%, best valid error 100.000%, avg grad norm   0.029, avg grad norm (post clip)   0.000, rho_Whh  1.32, Omega  0.00, alpha  0.000, steps in the past 0.000, valid nll 0.097
  [diag] log10|dL/dh_t| hist bins=60 range=(-7.89,-3.84) mean=-6.51 p50=-6.56 p05=-7.17 p95=-6.19
  [diag] sat-dist hist bins=60 sat<0.05=0.0% mean=0.564 p10=0.546 p90=0.571
Iter 0046480: train nll 0.114, valid error 100.000%, best valid error 100.000%, avg grad norm   0.027, avg grad norm (post clip)   0.000, rho_Whh  1.32, Omega  0.00, alpha  0.000, steps in the past 0.000, valid nll 0.097
  [diag] log10|dL/dh_t| hist bins=60 range=(-7.90,-3.84) mean=-6.54 p50=-6.60 p05=-7.17 p95=-6.20
  [diag] sat-dist hist bins=60 sat<0.05=0.0% mean=0.562 p10=0.545 p90=0.569
Iter 0046500: train nll 0.127, valid error 100.000%, best valid error 100.000%, avg grad norm   0.035, avg grad norm (post clip)   0.000, rho_Whh  1.32, Omega  0.00, alpha  0.000, steps in the past 0.000, valid nll 0.097
  [diag] log10|dL/dh_t| hist bins=60 range=(-7.89,-3.84) mean=-6.49 p50=-6.53 p05=-7.17 p95=-6.20
  [diag] sat-dist hist bins=60 sat<0.05=0.0% mean=0.566 p10=0.547 p90=0.574
Iter 0046520: train nll 0.135, valid error 100.000%, best valid error 100.000%, avg grad norm   0.035, avg grad norm (post clip)   0.000, rho_Whh  1.32, Omega  0.00, alpha  0.000, steps in the past 0.000, valid nll 0.097
  [diag] log10|dL/dh_t| hist bins=60 range=(-7.91,-3.84) mean=-6.56 p50=-6.61 p05=-7.18 p95=-6.20
  [diag] sat-dist hist bins=60 sat<0.05=0.0% mean=0.561 p10=0.545 p90=0.568
Iter 0046540: train nll 0.123, valid error 100.000%, best valid error 100.000%, avg grad norm   0.038, avg grad norm (post clip)   0.000, rho_Whh  1.32, Omega  0.00, alpha  0.000, steps in the past 0.000, valid nll 0.097
  [diag] log10|dL/dh_t| hist bins=60 range=(-7.89,-3.84) mean=-6.43 p50=-6.46 p05=-7.16 p95=-6.20
  [diag] sat-dist hist bins=60 sat<0.05=0.0% mean=0.570 p10=0.547 p90=0.580
Iter 0046560: train nll 0.129, valid error 100.000%, best valid error 100.000%, avg grad norm   0.033, avg grad norm (post clip)   0.000, rho_Whh  1.32, Omega  0.00, alpha  0.000, steps in the past 0.000, valid nll 0.097
  [diag] log10|dL/dh_t| hist bins=60 range=(-7.89,-3.84) mean=-6.44 p50=-6.46 p05=-7.16 p95=-6.20
  [diag] sat-dist hist bins=60 sat<0.05=0.0% mean=0.570 p10=0.547 p90=0.580
Iter 0046580: train nll 0.138, valid error 100.000%, best valid error 100.000%, avg grad norm   0.041, avg grad norm (post clip)   0.000, rho_Whh  1.32, Omega  0.00, alpha  0.000, steps in the past 0.000, valid nll 0.097
  [diag] log10|dL/dh_t| hist bins=60 range=(-7.90,-3.84) mean=-6.52 p50=-6.56 p05=-7.17 p95=-6.20
  [diag] sat-dist hist bins=60 sat<0.05=0.0% mean=0.564 p10=0.546 p90=0.572
Iter 0046600: train nll 0.115, valid error 100.000%, best valid error 100.000%, avg grad norm   0.034, avg grad norm (post clip)   0.000, rho_Whh  1.32, Omega  0.00, alpha  0.000, steps in the past 0.000, valid nll 0.097
  [diag] log10|dL/dh_t| hist bins=60 range=(-7.90,-3.84) mean=-6.50 p50=-6.54 p05=-7.17 p95=-6.20
  [diag] sat-dist hist bins=60 sat<0.05=0.0% mean=0.566 p10=0.546 p90=0.573
Iter 0046620: train nll 0.126, valid error 100.000%, best valid error 100.000%, avg grad norm   0.035, avg grad norm (post clip)   0.000, rho_Whh  1.32, Omega  0.00, alpha  0.000, steps in the past 0.000, valid nll 0.097
  [diag] log10|dL/dh_t| hist bins=60 range=(-7.89,-3.84) mean=-6.40 p50=-6.42 p05=-7.16 p95=-6.20
  [diag] sat-dist hist bins=60 sat<0.05=0.0% mean=0.572 p10=0.547 p90=0.584
Iter 0046640: train nll 0.135, valid error 100.000%, best valid error 100.000%, avg grad norm   0.036, avg grad norm (post clip)   0.000, rho_Whh  1.32, Omega  0.00, alpha  0.000, steps in the past 0.000, valid nll 0.097
  [diag] log10|dL/dh_t| hist bins=60 range=(-7.91,-3.84) mean=-6.55 p50=-6.61 p05=-7.18 p95=-6.20
  [diag] sat-dist hist bins=60 sat<0.05=0.0% mean=0.562 p10=0.545 p90=0.568
Iter 0046660: train nll 0.124, valid error 100.000%, best valid error 100.000%, avg grad norm   0.038, avg grad norm (post clip)   0.000, rho_Whh  1.32, Omega  0.00, alpha  0.000, steps in the past 0.000, valid nll 0.097
  [diag] log10|dL/dh_t| hist bins=60 range=(-7.91,-3.84) mean=-6.56 p50=-6.61 p05=-7.19 p95=-6.20
  [diag] sat-dist hist bins=60 sat<0.05=0.0% mean=0.561 p10=0.545 p90=0.568
Iter 0046680: train nll 0.119, valid error 100.000%, best valid error 100.000%, avg grad norm   0.033, avg grad norm (post clip)   0.000, rho_Whh  1.32, Omega  0.00, alpha  0.000, steps in the past 0.000, valid nll 0.097
  [diag] log10|dL/dh_t| hist bins=60 range=(-7.90,-3.84) mean=-6.50 p50=-6.53 p05=-7.18 p95=-6.20
  [diag] sat-dist hist bins=60 sat<0.05=0.0% mean=0.566 p10=0.546 p90=0.574
Iter 0046700: train nll 0.136, valid error 100.000%, best valid error 100.000%, avg grad norm   0.036, avg grad norm (post clip)   0.000, rho_Whh  1.32, Omega  0.00, alpha  0.000, steps in the past 0.000, valid nll 0.097
  [diag] log10|dL/dh_t| hist bins=60 range=(-7.91,-3.84) mean=-6.53 p50=-6.57 p05=-7.18 p95=-6.20
  [diag] sat-dist hist bins=60 sat<0.05=0.0% mean=0.564 p10=0.545 p90=0.571
Iter 0046720: train nll 0.120, valid error 100.000%, best valid error 100.000%, avg grad norm   0.029, avg grad norm (post clip)   0.000, rho_Whh  1.32, Omega  0.00, alpha  0.000, steps in the past 0.000, valid nll 0.097
  [diag] log10|dL/dh_t| hist bins=60 range=(-7.92,-3.84) mean=-6.56 p50=-6.61 p05=-7.19 p95=-6.20
  [diag] sat-dist hist bins=60 sat<0.05=0.0% mean=0.561 p10=0.545 p90=0.568
Iter 0046740: train nll 0.126, valid error 100.000%, best valid error 100.000%, avg grad norm   0.035, avg grad norm (post clip)   0.000, rho_Whh  1.32, Omega  0.00, alpha  0.000, steps in the past 0.000, valid nll 0.097
  [diag] log10|dL/dh_t| hist bins=60 range=(-7.91,-3.84) mean=-6.51 p50=-6.56 p05=-7.18 p95=-6.20
  [diag] sat-dist hist bins=60 sat<0.05=0.0% mean=0.564 p10=0.546 p90=0.572
Iter 0046760: train nll 0.142, valid error 100.000%, best valid error 100.000%, avg grad norm   0.038, avg grad norm (post clip)   0.000, rho_Whh  1.32, Omega  0.00, alpha  0.000, steps in the past 0.000, valid nll 0.097
  [diag] log10|dL/dh_t| hist bins=60 range=(-7.92,-3.84) mean=-6.56 p50=-6.61 p05=-7.19 p95=-6.20
  [diag] sat-dist hist bins=60 sat<0.05=0.0% mean=0.562 p10=0.545 p90=0.568
Iter 0046780: train nll 0.124, valid error 100.000%, best valid error 100.000%, avg grad norm   0.032, avg grad norm (post clip)   0.000, rho_Whh  1.32, Omega  0.00, alpha  0.000, steps in the past 0.000, valid nll 0.097
  [diag] log10|dL/dh_t| hist bins=60 range=(-7.92,-3.84) mean=-6.54 p50=-6.59 p05=-7.19 p95=-6.20
  [diag] sat-dist hist bins=60 sat<0.05=0.0% mean=0.563 p10=0.545 p90=0.570
Iter 0046800: train nll 0.113, valid error 100.000%, best valid error 100.000%, avg grad norm   0.031, avg grad norm (post clip)   0.000, rho_Whh  1.32, Omega  0.00, alpha  0.000, steps in the past 0.000, valid nll 0.097
  [diag] log10|dL/dh_t| hist bins=60 range=(-7.91,-3.84) mean=-6.50 p50=-6.54 p05=-7.18 p95=-6.20
  [diag] sat-dist hist bins=60 sat<0.05=0.0% mean=0.565 p10=0.546 p90=0.573
Iter 0046820: train nll 0.129, valid error 100.000%, best valid error 100.000%, avg grad norm   0.035, avg grad norm (post clip)   0.000, rho_Whh  1.32, Omega  0.00, alpha  0.000, steps in the past 0.000, valid nll 0.097
  [diag] log10|dL/dh_t| hist bins=60 range=(-7.92,-3.84) mean=-6.57 p50=-6.63 p05=-7.19 p95=-6.20
  [diag] sat-dist hist bins=60 sat<0.05=0.0% mean=0.560 p10=0.544 p90=0.567
Iter 0046840: train nll 0.120, valid error 100.000%, best valid error 100.000%, avg grad norm   0.031, avg grad norm (post clip)   0.000, rho_Whh  1.32, Omega  0.00, alpha  0.000, steps in the past 0.000, valid nll 0.097
  [diag] log10|dL/dh_t| hist bins=60 range=(-7.90,-3.84) mean=-6.40 p50=-6.42 p05=-7.17 p95=-6.20
  [diag] sat-dist hist bins=60 sat<0.05=0.0% mean=0.573 p10=0.546 p90=0.585
Iter 0046860: train nll 0.128, valid error 100.000%, best valid error 100.000%, avg grad norm   0.033, avg grad norm (post clip)   0.000, rho_Whh  1.32, Omega  0.00, alpha  0.000, steps in the past 0.000, valid nll 0.097
  [diag] log10|dL/dh_t| hist bins=60 range=(-7.93,-3.84) mean=-6.58 p50=-6.64 p05=-7.20 p95=-6.21
  [diag] sat-dist hist bins=60 sat<0.05=0.0% mean=0.560 p10=0.544 p90=0.566
Iter 0046880: train nll 0.108, valid error 100.000%, best valid error 100.000%, avg grad norm   0.030, avg grad norm (post clip)   0.000, rho_Whh  1.32, Omega  0.00, alpha  0.000, steps in the past 0.000, valid nll 0.097
  [diag] log10|dL/dh_t| hist bins=60 range=(-7.93,-3.84) mean=-6.58 p50=-6.64 p05=-7.20 p95=-6.21
  [diag] sat-dist hist bins=60 sat<0.05=0.0% mean=0.560 p10=0.544 p90=0.566
Iter 0046900: train nll 0.120, valid error 100.000%, best valid error 100.000%, avg grad norm   0.035, avg grad norm (post clip)   0.000, rho_Whh  1.32, Omega  0.00, alpha  0.000, steps in the past 0.000, valid nll 0.097
  [diag] log10|dL/dh_t| hist bins=60 range=(-7.92,-3.84) mean=-6.53 p50=-6.58 p05=-7.19 p95=-6.21
  [diag] sat-dist hist bins=60 sat<0.05=0.0% mean=0.563 p10=0.545 p90=0.570
Iter 0046920: train nll 0.113, valid error 100.000%, best valid error 100.000%, avg grad norm   0.027, avg grad norm (post clip)   0.000, rho_Whh  1.32, Omega  0.00, alpha  0.000, steps in the past 0.000, valid nll 0.097
  [diag] log10|dL/dh_t| hist bins=60 range=(-7.92,-3.84) mean=-6.54 p50=-6.59 p05=-7.19 p95=-6.21
  [diag] sat-dist hist bins=60 sat<0.05=0.0% mean=0.563 p10=0.545 p90=0.570
Iter 0046940: train nll 0.122, valid error 100.000%, best valid error 100.000%, avg grad norm   0.034, avg grad norm (post clip)   0.000, rho_Whh  1.32, Omega  0.00, alpha  0.000, steps in the past 0.000, valid nll 0.097
  [diag] log10|dL/dh_t| hist bins=60 range=(-7.92,-3.84) mean=-6.55 p50=-6.60 p05=-7.20 p95=-6.21
  [diag] sat-dist hist bins=60 sat<0.05=0.0% mean=0.562 p10=0.544 p90=0.569
Iter 0046960: train nll 0.113, valid error 100.000%, best valid error 100.000%, avg grad norm   0.028, avg grad norm (post clip)   0.000, rho_Whh  1.32, Omega  0.00, alpha  0.000, steps in the past 0.000, valid nll 0.097
  [diag] log10|dL/dh_t| hist bins=60 range=(-7.93,-3.84) mean=-6.58 p50=-6.64 p05=-7.20 p95=-6.21
  [diag] sat-dist hist bins=60 sat<0.05=0.0% mean=0.560 p10=0.544 p90=0.566
Iter 0046980: train nll 0.100, valid error 100.000%, best valid error 100.000%, avg grad norm   0.023, avg grad norm (post clip)   0.000, rho_Whh  1.32, Omega  0.00, alpha  0.000, steps in the past 0.000, valid nll 0.097
  [diag] log10|dL/dh_t| hist bins=60 range=(-7.93,-3.84) mean=-6.55 p50=-6.61 p05=-7.20 p95=-6.21
  [diag] sat-dist hist bins=60 sat<0.05=0.0% mean=0.562 p10=0.544 p90=0.569
Iter 0047000: train nll 0.128, valid error 100.000%, best valid error 100.000%, avg grad norm   0.036, avg grad norm (post clip)   0.000, rho_Whh  1.32, Omega  0.00, alpha  0.000, steps in the past 0.000, valid nll 0.097
  [diag] log10|dL/dh_t| hist bins=60 range=(-7.92,-3.84) mean=-6.51 p50=-6.55 p05=-7.19 p95=-6.21
  [diag] sat-dist hist bins=60 sat<0.05=0.0% mean=0.565 p10=0.545 p90=0.573
Iter 0047020: train nll 0.124, valid error 100.000%, best valid error 100.000%, avg grad norm   0.032, avg grad norm (post clip)   0.000, rho_Whh  1.32, Omega  0.00, alpha  0.000, steps in the past 0.000, valid nll 0.097
  [diag] log10|dL/dh_t| hist bins=60 range=(-7.93,-3.84) mean=-6.54 p50=-6.58 p05=-7.20 p95=-6.21
  [diag] sat-dist hist bins=60 sat<0.05=0.0% mean=0.563 p10=0.545 p90=0.570
Iter 0047040: train nll 0.121, valid error 100.000%, best valid error 100.000%, avg grad norm   0.035, avg grad norm (post clip)   0.000, rho_Whh  1.32, Omega  0.00, alpha  0.000, steps in the past 0.000, valid nll 0.097
  [diag] log10|dL/dh_t| hist bins=60 range=(-7.94,-3.84) mean=-6.59 p50=-6.65 p05=-7.21 p95=-6.21
  [diag] sat-dist hist bins=60 sat<0.05=0.0% mean=0.559 p10=0.543 p90=0.565
Iter 0047060: train nll 0.109, valid error 100.000%, best valid error 100.000%, avg grad norm   0.027, avg grad norm (post clip)   0.000, rho_Whh  1.32, Omega  0.00, alpha  0.000, steps in the past 0.000, valid nll 0.097
  [diag] log10|dL/dh_t| hist bins=60 range=(-7.94,-3.84) mean=-6.60 p50=-6.66 p05=-7.21 p95=-6.21
  [diag] sat-dist hist bins=60 sat<0.05=0.0% mean=0.559 p10=0.543 p90=0.565
Iter 0047080: train nll 0.115, valid error 100.000%, best valid error 100.000%, avg grad norm   0.031, avg grad norm (post clip)   0.000, rho_Whh  1.32, Omega  0.00, alpha  0.000, steps in the past 0.000, valid nll 0.097
  [diag] log10|dL/dh_t| hist bins=60 range=(-7.93,-3.84) mean=-6.54 p50=-6.59 p05=-7.20 p95=-6.21
  [diag] sat-dist hist bins=60 sat<0.05=0.0% mean=0.562 p10=0.544 p90=0.570
Iter 0047100: train nll 0.122, valid error 100.000%, best valid error 100.000%, avg grad norm   0.032, avg grad norm (post clip)   0.000, rho_Whh  1.32, Omega  0.00, alpha  0.000, steps in the past 0.000, valid nll 0.097
  [diag] log10|dL/dh_t| hist bins=60 range=(-7.93,-3.84) mean=-6.54 p50=-6.59 p05=-7.20 p95=-6.21
  [diag] sat-dist hist bins=60 sat<0.05=0.0% mean=0.563 p10=0.544 p90=0.570
Iter 0047120: train nll 0.117, valid error 100.000%, best valid error 100.000%, avg grad norm   0.030, avg grad norm (post clip)   0.000, rho_Whh  1.32, Omega  0.00, alpha  0.000, steps in the past 0.000, valid nll 0.097
  [diag] log10|dL/dh_t| hist bins=60 range=(-7.93,-3.84) mean=-6.54 p50=-6.58 p05=-7.20 p95=-6.21
  [diag] sat-dist hist bins=60 sat<0.05=0.0% mean=0.563 p10=0.544 p90=0.571
Iter 0047140: train nll 0.122, valid error 100.000%, best valid error 100.000%, avg grad norm   0.034, avg grad norm (post clip)   0.000, rho_Whh  1.32, Omega  0.00, alpha  0.000, steps in the past 0.000, valid nll 0.097
  [diag] log10|dL/dh_t| hist bins=60 range=(-7.93,-3.84) mean=-6.50 p50=-6.53 p05=-7.20 p95=-6.21
  [diag] sat-dist hist bins=60 sat<0.05=0.0% mean=0.566 p10=0.545 p90=0.574
Iter 0047160: train nll 0.131, valid error 100.000%, best valid error 100.000%, avg grad norm   0.035, avg grad norm (post clip)   0.000, rho_Whh  1.32, Omega  0.00, alpha  0.000, steps in the past 0.000, valid nll 0.097
  [diag] log10|dL/dh_t| hist bins=60 range=(-7.92,-3.84) mean=-6.49 p50=-6.52 p05=-7.20 p95=-6.21
  [diag] sat-dist hist bins=60 sat<0.05=0.0% mean=0.566 p10=0.545 p90=0.575
Iter 0047180: train nll 0.138, valid error 100.000%, best valid error 100.000%, avg grad norm   0.065, avg grad norm (post clip)   0.000, rho_Whh  1.32, Omega  0.00, alpha  0.000, steps in the past 0.000, valid nll 0.097
  [diag] log10|dL/dh_t| hist bins=60 range=(-7.92,-3.84) mean=-6.40 p50=-6.41 p05=-7.19 p95=-6.21
  [diag] sat-dist hist bins=60 sat<0.05=0.0% mean=0.573 p10=0.546 p90=0.588
Iter 0047200: train nll 0.127, valid error 100.000%, best valid error 100.000%, avg grad norm   0.035, avg grad norm (post clip)   0.000, rho_Whh  1.32, Omega  0.00, alpha  0.000, steps in the past 0.000, valid nll 0.097
  [diag] log10|dL/dh_t| hist bins=60 range=(-7.93,-3.84) mean=-6.52 p50=-6.56 p05=-7.20 p95=-6.21
  [diag] sat-dist hist bins=60 sat<0.05=0.0% mean=0.564 p10=0.545 p90=0.572
Iter 0047220: train nll 0.118, valid error 100.000%, best valid error 100.000%, avg grad norm   0.039, avg grad norm (post clip)   0.000, rho_Whh  1.32, Omega  0.00, alpha  0.000, steps in the past 0.000, valid nll 0.097
  [diag] log10|dL/dh_t| hist bins=60 range=(-7.94,-3.84) mean=-6.59 p50=-6.65 p05=-7.22 p95=-6.22
  [diag] sat-dist hist bins=60 sat<0.05=0.0% mean=0.559 p10=0.543 p90=0.565
Iter 0047240: train nll 0.118, valid error 100.000%, best valid error 100.000%, avg grad norm   0.036, avg grad norm (post clip)   0.000, rho_Whh  1.32, Omega  0.00, alpha  0.000, steps in the past 0.000, valid nll 0.097
  [diag] log10|dL/dh_t| hist bins=60 range=(-7.94,-3.84) mean=-6.56 p50=-6.62 p05=-7.21 p95=-6.22
  [diag] sat-dist hist bins=60 sat<0.05=0.0% mean=0.561 p10=0.544 p90=0.568
Iter 0047260: train nll 0.127, valid error 100.000%, best valid error 100.000%, avg grad norm   0.041, avg grad norm (post clip)   0.000, rho_Whh  1.32, Omega  0.00, alpha  0.000, steps in the past 0.000, valid nll 0.097
  [diag] log10|dL/dh_t| hist bins=60 range=(-7.94,-3.84) mean=-6.56 p50=-6.61 p05=-7.21 p95=-6.22
  [diag] sat-dist hist bins=60 sat<0.05=0.0% mean=0.562 p10=0.544 p90=0.569
Iter 0047280: train nll 0.117, valid error 100.000%, best valid error 100.000%, avg grad norm   0.027, avg grad norm (post clip)   0.000, rho_Whh  1.32, Omega  0.00, alpha  0.000, steps in the past 0.000, valid nll 0.097
  [diag] log10|dL/dh_t| hist bins=60 range=(-7.94,-3.84) mean=-6.56 p50=-6.61 p05=-7.21 p95=-6.22
  [diag] sat-dist hist bins=60 sat<0.05=0.0% mean=0.562 p10=0.544 p90=0.569
Iter 0047300: train nll 0.137, valid error 100.000%, best valid error 100.000%, avg grad norm   0.045, avg grad norm (post clip)   0.000, rho_Whh  1.32, Omega  0.00, alpha  0.000, steps in the past 0.000, valid nll 0.097
  [diag] log10|dL/dh_t| hist bins=60 range=(-7.95,-3.84) mean=-6.58 p50=-6.64 p05=-7.22 p95=-6.22
  [diag] sat-dist hist bins=60 sat<0.05=0.0% mean=0.560 p10=0.543 p90=0.566
Iter 0047320: train nll 0.121, valid error 100.000%, best valid error 100.000%, avg grad norm   0.036, avg grad norm (post clip)   0.000, rho_Whh  1.32, Omega  0.00, alpha  0.000, steps in the past 0.000, valid nll 0.097
  [diag] log10|dL/dh_t| hist bins=60 range=(-7.93,-3.84) mean=-6.45 p50=-6.47 p05=-7.20 p95=-6.22
  [diag] sat-dist hist bins=60 sat<0.05=0.0% mean=0.570 p10=0.545 p90=0.581
Iter 0047340: train nll 0.123, valid error 100.000%, best valid error 100.000%, avg grad norm   0.034, avg grad norm (post clip)   0.000, rho_Whh  1.32, Omega  0.00, alpha  0.000, steps in the past 0.000, valid nll 0.097
  [diag] log10|dL/dh_t| hist bins=60 range=(-7.95,-3.84) mean=-6.60 p50=-6.66 p05=-7.22 p95=-6.22
  [diag] sat-dist hist bins=60 sat<0.05=0.0% mean=0.559 p10=0.543 p90=0.565
Iter 0047360: train nll 0.115, valid error 100.000%, best valid error 100.000%, avg grad norm   0.039, avg grad norm (post clip)   0.000, rho_Whh  1.32, Omega  0.00, alpha  0.000, steps in the past 0.000, valid nll 0.097
  [diag] log10|dL/dh_t| hist bins=60 range=(-7.93,-3.84) mean=-6.43 p50=-6.45 p05=-7.20 p95=-6.22
  [diag] sat-dist hist bins=60 sat<0.05=0.0% mean=0.571 p10=0.545 p90=0.583
Iter 0047380: train nll 0.149, valid error 100.000%, best valid error 100.000%, avg grad norm   0.043, avg grad norm (post clip)   0.000, rho_Whh  1.32, Omega  0.00, alpha  0.000, steps in the past 0.000, valid nll 0.097
  [diag] log10|dL/dh_t| hist bins=60 range=(-7.95,-3.84) mean=-6.59 p50=-6.64 p05=-7.22 p95=-6.22
  [diag] sat-dist hist bins=60 sat<0.05=0.0% mean=0.560 p10=0.543 p90=0.566
Iter 0047400: train nll 0.115, valid error 100.000%, best valid error 100.000%, avg grad norm   0.035, avg grad norm (post clip)   0.000, rho_Whh  1.32, Omega  0.00, alpha  0.000, steps in the past 0.000, valid nll 0.097
  [diag] log10|dL/dh_t| hist bins=60 range=(-7.94,-3.84) mean=-6.48 p50=-6.50 p05=-7.21 p95=-6.22
  [diag] sat-dist hist bins=60 sat<0.05=0.0% mean=0.568 p10=0.545 p90=0.578
Iter 0047420: train nll 0.134, valid error 100.000%, best valid error 100.000%, avg grad norm   0.043, avg grad norm (post clip)   0.000, rho_Whh  1.32, Omega  0.00, alpha  0.000, steps in the past 0.000, valid nll 0.097
  [diag] log10|dL/dh_t| hist bins=60 range=(-8.03,-3.83) mean=-6.84 p50=-6.95 p05=-7.29 p95=-6.23
  [diag] sat-dist hist bins=60 sat<0.05=0.0% mean=0.542 p10=0.537 p90=0.544
Iter 0047440: train nll 0.134, valid error 100.000%, best valid error 100.000%, avg grad norm   0.118, avg grad norm (post clip)   0.000, rho_Whh  1.33, Omega  0.00, alpha  0.000, steps in the past 0.000, valid nll 0.097
  [diag] log10|dL/dh_t| hist bins=60 range=(-7.94,-3.84) mean=-6.57 p50=-6.62 p05=-7.21 p95=-6.22
  [diag] sat-dist hist bins=60 sat<0.05=0.0% mean=0.561 p10=0.543 p90=0.568
Iter 0047460: train nll 0.119, valid error 100.000%, best valid error 100.000%, avg grad norm   0.036, avg grad norm (post clip)   0.000, rho_Whh  1.32, Omega  0.00, alpha  0.000, steps in the past 0.000, valid nll 0.097
  [diag] log10|dL/dh_t| hist bins=60 range=(-7.94,-3.84) mean=-6.54 p50=-6.58 p05=-7.21 p95=-6.22
  [diag] sat-dist hist bins=60 sat<0.05=0.0% mean=0.563 p10=0.544 p90=0.571
Iter 0047480: train nll 0.126, valid error 100.000%, best valid error 100.000%, avg grad norm   0.036, avg grad norm (post clip)   0.000, rho_Whh  1.32, Omega  0.00, alpha  0.000, steps in the past 0.000, valid nll 0.097
  [diag] log10|dL/dh_t| hist bins=60 range=(-7.94,-3.84) mean=-6.57 p50=-6.62 p05=-7.21 p95=-6.22
  [diag] sat-dist hist bins=60 sat<0.05=0.0% mean=0.561 p10=0.544 p90=0.568
Iter 0047500: train nll 0.127, valid error 100.000%, best valid error 100.000%, avg grad norm   0.038, avg grad norm (post clip)   0.000, rho_Whh  1.32, Omega  0.00, alpha  0.000, steps in the past 0.000, valid nll 0.097
  [diag] log10|dL/dh_t| hist bins=60 range=(-7.95,-3.84) mean=-6.58 p50=-6.63 p05=-7.22 p95=-6.22
  [diag] sat-dist hist bins=60 sat<0.05=0.0% mean=0.560 p10=0.543 p90=0.567
Iter 0047520: train nll 0.124, valid error 100.000%, best valid error 100.000%, avg grad norm   0.036, avg grad norm (post clip)   0.000, rho_Whh  1.32, Omega  0.00, alpha  0.000, steps in the past 0.000, valid nll 0.097
  [diag] log10|dL/dh_t| hist bins=60 range=(-7.94,-3.84) mean=-6.56 p50=-6.61 p05=-7.21 p95=-6.22
  [diag] sat-dist hist bins=60 sat<0.05=0.0% mean=0.562 p10=0.544 p90=0.569
Iter 0047540: train nll 0.114, valid error 100.000%, best valid error 100.000%, avg grad norm   0.030, avg grad norm (post clip)   0.000, rho_Whh  1.32, Omega  0.00, alpha  0.000, steps in the past 0.000, valid nll 0.097
  [diag] log10|dL/dh_t| hist bins=60 range=(-7.94,-3.84) mean=-6.56 p50=-6.61 p05=-7.21 p95=-6.22
  [diag] sat-dist hist bins=60 sat<0.05=0.0% mean=0.561 p10=0.544 p90=0.568
Iter 0047560: train nll 0.119, valid error 100.000%, best valid error 100.000%, avg grad norm   0.034, avg grad norm (post clip)   0.000, rho_Whh  1.32, Omega  0.00, alpha  0.000, steps in the past 0.000, valid nll 0.097
  [diag] log10|dL/dh_t| hist bins=60 range=(-7.94,-3.84) mean=-6.54 p50=-6.58 p05=-7.21 p95=-6.22
  [diag] sat-dist hist bins=60 sat<0.05=0.0% mean=0.563 p10=0.544 p90=0.571
Iter 0047580: train nll 0.115, valid error 100.000%, best valid error 100.000%, avg grad norm   0.029, avg grad norm (post clip)   0.000, rho_Whh  1.32, Omega  0.00, alpha  0.000, steps in the past 0.000, valid nll 0.097
  [diag] log10|dL/dh_t| hist bins=60 range=(-7.94,-3.84) mean=-6.54 p50=-6.58 p05=-7.21 p95=-6.22
  [diag] sat-dist hist bins=60 sat<0.05=0.0% mean=0.563 p10=0.544 p90=0.571
Iter 0047600: train nll 0.121, valid error 100.000%, best valid error 100.000%, avg grad norm   0.036, avg grad norm (post clip)   0.000, rho_Whh  1.32, Omega  0.00, alpha  0.000, steps in the past 0.000, valid nll 0.097
  [diag] log10|dL/dh_t| hist bins=60 range=(-7.93,-3.84) mean=-6.42 p50=-6.44 p05=-7.20 p95=-6.22
  [diag] sat-dist hist bins=60 sat<0.05=0.0% mean=0.572 p10=0.545 p90=0.586
Iter 0047620: train nll 0.134, valid error 100.000%, best valid error 100.000%, avg grad norm   0.039, avg grad norm (post clip)   0.000, rho_Whh  1.32, Omega  0.00, alpha  0.000, steps in the past 0.000, valid nll 0.097
  [diag] log10|dL/dh_t| hist bins=60 range=(-7.95,-3.84) mean=-6.57 p50=-6.62 p05=-7.22 p95=-6.22
  [diag] sat-dist hist bins=60 sat<0.05=0.0% mean=0.561 p10=0.543 p90=0.568
Iter 0047640: train nll 0.116, valid error 100.000%, best valid error 100.000%, avg grad norm   0.033, avg grad norm (post clip)   0.000, rho_Whh  1.32, Omega  0.00, alpha  0.000, steps in the past 0.000, valid nll 0.097
  [diag] log10|dL/dh_t| hist bins=60 range=(-7.95,-3.84) mean=-6.57 p50=-6.62 p05=-7.22 p95=-6.23
  [diag] sat-dist hist bins=60 sat<0.05=0.0% mean=0.561 p10=0.543 p90=0.568
Iter 0047660: train nll 0.134, valid error 100.000%, best valid error 100.000%, avg grad norm   0.041, avg grad norm (post clip)   0.000, rho_Whh  1.32, Omega  0.00, alpha  0.000, steps in the past 0.000, valid nll 0.097
  [diag] log10|dL/dh_t| hist bins=60 range=(-7.95,-3.84) mean=-6.57 p50=-6.62 p05=-7.22 p95=-6.23
  [diag] sat-dist hist bins=60 sat<0.05=0.0% mean=0.561 p10=0.543 p90=0.568
Iter 0047680: train nll 0.115, valid error 100.000%, best valid error 100.000%, avg grad norm   0.033, avg grad norm (post clip)   0.000, rho_Whh  1.32, Omega  0.00, alpha  0.000, steps in the past 0.000, valid nll 0.097
  [diag] log10|dL/dh_t| hist bins=60 range=(-7.95,-3.84) mean=-6.58 p50=-6.63 p05=-7.22 p95=-6.23
  [diag] sat-dist hist bins=60 sat<0.05=0.0% mean=0.561 p10=0.543 p90=0.567
Iter 0047700: train nll 0.133, valid error 100.000%, best valid error 100.000%, avg grad norm   0.054, avg grad norm (post clip)   0.000, rho_Whh  1.32, Omega  0.00, alpha  0.000, steps in the past 0.000, valid nll 0.097
  [diag] log10|dL/dh_t| hist bins=60 range=(-7.95,-3.84) mean=-6.55 p50=-6.59 p05=-7.22 p95=-6.23
  [diag] sat-dist hist bins=60 sat<0.05=0.0% mean=0.563 p10=0.544 p90=0.570
Iter 0047720: train nll 0.130, valid error 100.000%, best valid error 100.000%, avg grad norm   0.040, avg grad norm (post clip)   0.000, rho_Whh  1.32, Omega  0.00, alpha  0.000, steps in the past 0.000, valid nll 0.097
  [diag] log10|dL/dh_t| hist bins=60 range=(-7.95,-3.84) mean=-6.56 p50=-6.60 p05=-7.22 p95=-6.23
  [diag] sat-dist hist bins=60 sat<0.05=0.0% mean=0.562 p10=0.544 p90=0.569
Iter 0047740: train nll 0.140, valid error 100.000%, best valid error 100.000%, avg grad norm   0.042, avg grad norm (post clip)   0.000, rho_Whh  1.32, Omega  0.00, alpha  0.000, steps in the past 0.000, valid nll 0.097
  [diag] log10|dL/dh_t| hist bins=60 range=(-7.95,-3.84) mean=-6.58 p50=-6.63 p05=-7.22 p95=-6.23
  [diag] sat-dist hist bins=60 sat<0.05=0.0% mean=0.561 p10=0.543 p90=0.568
Iter 0047760: train nll 0.121, valid error 100.000%, best valid error 100.000%, avg grad norm   0.034, avg grad norm (post clip)   0.000, rho_Whh  1.32, Omega  0.00, alpha  0.000, steps in the past 0.000, valid nll 0.097
  [diag] log10|dL/dh_t| hist bins=60 range=(-7.96,-3.84) mean=-6.60 p50=-6.65 p05=-7.23 p95=-6.23
  [diag] sat-dist hist bins=60 sat<0.05=0.0% mean=0.559 p10=0.542 p90=0.566
Iter 0047780: train nll 0.115, valid error 100.000%, best valid error 100.000%, avg grad norm   0.030, avg grad norm (post clip)   0.000, rho_Whh  1.32, Omega  0.00, alpha  0.000, steps in the past 0.000, valid nll 0.097
  [diag] log10|dL/dh_t| hist bins=60 range=(-7.95,-3.84) mean=-6.56 p50=-6.60 p05=-7.22 p95=-6.23
  [diag] sat-dist hist bins=60 sat<0.05=0.0% mean=0.562 p10=0.543 p90=0.570
Iter 0047800: train nll 0.118, valid error 100.000%, best valid error 100.000%, avg grad norm   0.035, avg grad norm (post clip)   0.000, rho_Whh  1.32, Omega  0.00, alpha  0.000, steps in the past 0.000, valid nll 0.097
  [diag] log10|dL/dh_t| hist bins=60 range=(-7.96,-3.84) mean=-6.57 p50=-6.62 p05=-7.23 p95=-6.23
  [diag] sat-dist hist bins=60 sat<0.05=0.0% mean=0.561 p10=0.543 p90=0.568
Iter 0047820: train nll 0.125, valid error 100.000%, best valid error 100.000%, avg grad norm   0.041, avg grad norm (post clip)   0.000, rho_Whh  1.32, Omega  0.00, alpha  0.000, steps in the past 0.000, valid nll 0.097
  [diag] log10|dL/dh_t| hist bins=60 range=(-7.96,-3.84) mean=-6.57 p50=-6.62 p05=-7.23 p95=-6.23
  [diag] sat-dist hist bins=60 sat<0.05=0.0% mean=0.561 p10=0.543 p90=0.568
Iter 0047840: train nll 0.113, valid error 100.000%, best valid error 100.000%, avg grad norm   0.034, avg grad norm (post clip)   0.000, rho_Whh  1.32, Omega  0.00, alpha  0.000, steps in the past 0.000, valid nll 0.097
  [diag] log10|dL/dh_t| hist bins=60 range=(-7.95,-3.84) mean=-6.55 p50=-6.59 p05=-7.22 p95=-6.23
  [diag] sat-dist hist bins=60 sat<0.05=0.0% mean=0.563 p10=0.543 p90=0.570
Iter 0047860: train nll 0.124, valid error 100.000%, best valid error 100.000%, avg grad norm   0.036, avg grad norm (post clip)   0.000, rho_Whh  1.32, Omega  0.00, alpha  0.000, steps in the past 0.000, valid nll 0.097
  [diag] log10|dL/dh_t| hist bins=60 range=(-7.96,-3.84) mean=-6.58 p50=-6.63 p05=-7.23 p95=-6.23
  [diag] sat-dist hist bins=60 sat<0.05=0.0% mean=0.561 p10=0.543 p90=0.567
Iter 0047880: train nll 0.113, valid error 100.000%, best valid error 100.000%, avg grad norm   0.032, avg grad norm (post clip)   0.000, rho_Whh  1.32, Omega  0.00, alpha  0.000, steps in the past 0.000, valid nll 0.097
  [diag] log10|dL/dh_t| hist bins=60 range=(-7.96,-3.84) mean=-6.58 p50=-6.63 p05=-7.23 p95=-6.23
  [diag] sat-dist hist bins=60 sat<0.05=0.0% mean=0.561 p10=0.543 p90=0.568
Iter 0047900: train nll 0.117, valid error 100.000%, best valid error 100.000%, avg grad norm   0.030, avg grad norm (post clip)   0.000, rho_Whh  1.32, Omega  0.00, alpha  0.000, steps in the past 0.000, valid nll 0.097
  [diag] log10|dL/dh_t| hist bins=60 range=(-7.96,-3.84) mean=-6.57 p50=-6.62 p05=-7.23 p95=-6.23
  [diag] sat-dist hist bins=60 sat<0.05=0.0% mean=0.561 p10=0.543 p90=0.568
Iter 0047920: train nll 0.122, valid error 100.000%, best valid error 100.000%, avg grad norm   0.031, avg grad norm (post clip)   0.000, rho_Whh  1.32, Omega  0.00, alpha  0.000, steps in the past 0.000, valid nll 0.097
  [diag] log10|dL/dh_t| hist bins=60 range=(-7.96,-3.84) mean=-6.57 p50=-6.62 p05=-7.23 p95=-6.23
  [diag] sat-dist hist bins=60 sat<0.05=0.0% mean=0.561 p10=0.543 p90=0.568
Iter 0047940: train nll 0.112, valid error 100.000%, best valid error 100.000%, avg grad norm   0.026, avg grad norm (post clip)   0.000, rho_Whh  1.32, Omega  0.00, alpha  0.000, steps in the past 0.000, valid nll 0.097
  [diag] log10|dL/dh_t| hist bins=60 range=(-9.72,-3.08) mean=-9.38 p50=-9.72 p05=-9.72 p95=-7.53
  [diag] sat-dist hist bins=60 sat<0.05=0.0% mean=0.260 p10=0.255 p90=0.255
Iter 0047960: train nll 0.385, valid error 100.000%, best valid error 100.000%, avg grad norm   8.019, avg grad norm (post clip)   0.000, rho_Whh  2.15, Omega  0.00, alpha  0.000, steps in the past 0.000, valid nll 1.002
  [diag] log10|dL/dh_t| hist bins=60 range=(-9.20,-3.09) mean=-8.87 p50=-9.18 p05=-9.18 p95=-7.32
  [diag] sat-dist hist bins=60 sat<0.05=0.0% mean=0.267 p10=0.262 p90=0.262
Iter 0047980: train nll 1.079, valid error 100.000%, best valid error 100.000%, avg grad norm   0.676, avg grad norm (post clip)   0.000, rho_Whh  2.12, Omega  0.00, alpha  0.000, steps in the past 0.000, valid nll 0.920
  [diag] log10|dL/dh_t| hist bins=60 range=(-8.54,-3.10) mean=-8.25 p50=-8.52 p05=-8.52 p95=-7.08
  [diag] sat-dist hist bins=60 sat<0.05=0.0% mean=0.253 p10=0.248 p90=0.248
Iter 0048000: train nll 1.084, valid error 100.000%, best valid error 100.000%, avg grad norm   0.759, avg grad norm (post clip)   0.000, rho_Whh  2.10, Omega  0.00, alpha  0.000, steps in the past 0.000, valid nll 0.827
  [diag] log10|dL/dh_t| hist bins=60 range=(-7.94,-3.11) mean=-7.67 p50=-7.92 p05=-7.92 p95=-6.86
  [diag] sat-dist hist bins=60 sat<0.05=0.0% mean=0.235 p10=0.230 p90=0.230
Iter 0048020: train nll 1.006, valid error 100.000%, best valid error 100.000%, avg grad norm   0.734, avg grad norm (post clip)   0.000, rho_Whh  2.07, Omega  0.00, alpha  0.000, steps in the past 0.000, valid nll 0.743
  [diag] log10|dL/dh_t| hist bins=60 range=(-7.51,-3.11) mean=-7.20 p50=-7.42 p05=-7.42 p95=-6.66
  [diag] sat-dist hist bins=60 sat<0.05=0.0% mean=0.231 p10=0.225 p90=0.225
Iter 0048040: train nll 0.834, valid error 100.000%, best valid error 100.000%, avg grad norm   0.637, avg grad norm (post clip)   0.000, rho_Whh  2.04, Omega  0.00, alpha  0.000, steps in the past 0.000, valid nll 0.674
  [diag] log10|dL/dh_t| hist bins=60 range=(-7.14,-3.12) mean=-6.74 p50=-6.93 p05=-6.93 p95=-6.47
  [diag] sat-dist hist bins=60 sat<0.05=0.0% mean=0.228 p10=0.222 p90=0.222
Iter 0048060: train nll 0.778, valid error 100.000%, best valid error 100.000%, avg grad norm   0.642, avg grad norm (post clip)   0.000, rho_Whh  2.01, Omega  0.00, alpha  0.000, steps in the past 0.000, valid nll 0.606
  [diag] log10|dL/dh_t| hist bins=60 range=(-6.72,-3.13) mean=-6.21 p50=-6.37 p05=-6.37 p95=-6.09
  [diag] sat-dist hist bins=60 sat<0.05=0.0% mean=0.227 p10=0.221 p90=0.221
Iter 0048080: train nll 0.800, valid error 100.000%, best valid error 100.000%, avg grad norm   0.734, avg grad norm (post clip)   0.000, rho_Whh  1.98, Omega  0.00, alpha  0.000, steps in the past 0.000, valid nll 0.530
  [diag] log10|dL/dh_t| hist bins=60 range=(-6.29,-3.14) mean=-5.69 p50=-5.82 p05=-5.82 p95=-5.57
  [diag] sat-dist hist bins=60 sat<0.05=0.0% mean=0.223 p10=0.217 p90=0.217
Iter 0048100: train nll 0.714, valid error 100.000%, best valid error 100.000%, avg grad norm   0.742, avg grad norm (post clip)   0.000, rho_Whh  1.94, Omega  0.00, alpha  0.000, steps in the past 0.000, valid nll 0.455
  [diag] log10|dL/dh_t| hist bins=60 range=(-5.91,-3.14) mean=-5.23 p50=-5.33 p05=-5.33 p95=-5.11
  [diag] sat-dist hist bins=60 sat<0.05=0.0% mean=0.224 p10=0.218 p90=0.218
Iter 0048120: train nll 0.571, valid error 100.000%, best valid error 100.000%, avg grad norm   0.660, avg grad norm (post clip)   0.000, rho_Whh  1.90, Omega  0.00, alpha  0.000, steps in the past 0.000, valid nll 0.391
  [diag] log10|dL/dh_t| hist bins=60 range=(-5.73,-3.15) mean=-4.85 p50=-4.93 p05=-4.93 p95=-4.74
  [diag] sat-dist hist bins=60 sat<0.05=0.0% mean=0.223 p10=0.217 p90=0.217
Iter 0048140: train nll 0.468, valid error 100.000%, best valid error 100.000%, avg grad norm   0.555, avg grad norm (post clip)   0.000, rho_Whh  1.86, Omega  0.00, alpha  0.000, steps in the past 0.000, valid nll 0.345
  [diag] log10|dL/dh_t| hist bins=60 range=(-5.61,-3.16) mean=-4.59 p50=-4.65 p05=-4.65 p95=-4.47
  [diag] sat-dist hist bins=60 sat<0.05=0.0% mean=0.224 p10=0.218 p90=0.218
Iter 0048160: train nll 0.382, valid error 100.000%, best valid error 100.000%, avg grad norm   0.388, avg grad norm (post clip)   0.000, rho_Whh  1.83, Omega  0.00, alpha  0.000, steps in the past 0.000, valid nll 0.322
  [diag] log10|dL/dh_t| hist bins=60 range=(-5.53,-3.17) mean=-4.40 p50=-4.46 p05=-4.46 p95=-4.28
  [diag] sat-dist hist bins=60 sat<0.05=0.0% mean=0.226 p10=0.220 p90=0.220
Iter 0048180: train nll 0.382, valid error 100.000%, best valid error 100.000%, avg grad norm   0.282, avg grad norm (post clip)   0.000, rho_Whh  1.80, Omega  0.00, alpha  0.000, steps in the past 0.000, valid nll 0.313
  [diag] log10|dL/dh_t| hist bins=60 range=(-5.49,-3.17) mean=-4.30 p50=-4.34 p05=-4.34 p95=-4.17
  [diag] sat-dist hist bins=60 sat<0.05=0.0% mean=0.228 p10=0.221 p90=0.221
Iter 0048200: train nll 0.402, valid error 100.000%, best valid error 100.000%, avg grad norm   0.237, avg grad norm (post clip)   0.000, rho_Whh  1.78, Omega  0.00, alpha  0.000, steps in the past 0.000, valid nll 0.312
  [diag] log10|dL/dh_t| hist bins=60 range=(-5.46,-3.18) mean=-4.23 p50=-4.28 p05=-4.28 p95=-4.10
  [diag] sat-dist hist bins=60 sat<0.05=0.0% mean=0.229 p10=0.223 p90=0.223
Iter 0048220: train nll 0.419, valid error 100.000%, best valid error 100.000%, avg grad norm   0.202, avg grad norm (post clip)   0.000, rho_Whh  1.76, Omega  0.00, alpha  0.000, steps in the past 0.000, valid nll 0.314
  [diag] log10|dL/dh_t| hist bins=60 range=(-5.48,-3.18) mean=-4.28 p50=-4.32 p05=-4.32 p95=-4.14
  [diag] sat-dist hist bins=60 sat<0.05=0.0% mean=0.229 p10=0.223 p90=0.223
Iter 0048240: train nll 0.344, valid error 100.000%, best valid error 100.000%, avg grad norm   0.156, avg grad norm (post clip)   0.000, rho_Whh  1.77, Omega  0.00, alpha  0.000, steps in the past 0.000, valid nll 0.312
  [diag] log10|dL/dh_t| hist bins=60 range=(-5.45,-3.18) mean=-4.21 p50=-4.25 p05=-4.25 p95=-4.07
  [diag] sat-dist hist bins=60 sat<0.05=0.0% mean=0.230 p10=0.224 p90=0.224
Iter 0048260: train nll 0.421, valid error 100.000%, best valid error 100.000%, avg grad norm   0.215, avg grad norm (post clip)   0.000, rho_Whh  1.75, Omega  0.00, alpha  0.000, steps in the past 0.000, valid nll 0.315
  [diag] log10|dL/dh_t| hist bins=60 range=(-5.47,-3.18) mean=-4.24 p50=-4.28 p05=-4.28 p95=-4.10
  [diag] sat-dist hist bins=60 sat<0.05=0.0% mean=0.230 p10=0.224 p90=0.224
Iter 0048280: train nll 0.369, valid error 100.000%, best valid error 100.000%, avg grad norm   0.207, avg grad norm (post clip)   0.000, rho_Whh  1.75, Omega  0.00, alpha  0.000, steps in the past 0.000, valid nll 0.313
  [diag] log10|dL/dh_t| hist bins=60 range=(-5.47,-3.18) mean=-4.24 p50=-4.28 p05=-4.28 p95=-4.10
  [diag] sat-dist hist bins=60 sat<0.05=0.0% mean=0.231 p10=0.224 p90=0.224
Iter 0048300: train nll 0.368, valid error 100.000%, best valid error 100.000%, avg grad norm   0.204, avg grad norm (post clip)   0.000, rho_Whh  1.74, Omega  0.00, alpha  0.000, steps in the past 0.000, valid nll 0.313
  [diag] log10|dL/dh_t| hist bins=60 range=(-5.49,-3.18) mean=-4.26 p50=-4.31 p05=-4.31 p95=-4.12
  [diag] sat-dist hist bins=60 sat<0.05=0.0% mean=0.231 p10=0.225 p90=0.225
Iter 0048320: train nll 0.346, valid error 100.000%, best valid error 100.000%, avg grad norm   0.186, avg grad norm (post clip)   0.000, rho_Whh  1.74, Omega  0.00, alpha  0.000, steps in the past 0.000, valid nll 0.312
  [diag] log10|dL/dh_t| hist bins=60 range=(-5.48,-3.18) mean=-4.25 p50=-4.29 p05=-4.29 p95=-4.10
  [diag] sat-dist hist bins=60 sat<0.05=0.0% mean=0.232 p10=0.225 p90=0.225
Iter 0048340: train nll 0.379, valid error 100.000%, best valid error 100.000%, avg grad norm   0.183, avg grad norm (post clip)   0.000, rho_Whh  1.73, Omega  0.00, alpha  0.000, steps in the past 0.000, valid nll 0.312
  [diag] log10|dL/dh_t| hist bins=60 range=(-5.48,-3.18) mean=-4.24 p50=-4.29 p05=-4.29 p95=-4.10
  [diag] sat-dist hist bins=60 sat<0.05=0.0% mean=0.232 p10=0.226 p90=0.226
Iter 0048360: train nll 0.375, valid error 100.000%, best valid error 100.000%, avg grad norm   0.206, avg grad norm (post clip)   0.000, rho_Whh  1.73, Omega  0.00, alpha  0.000, steps in the past 0.000, valid nll 0.312
  [diag] log10|dL/dh_t| hist bins=60 range=(-5.47,-3.18) mean=-4.20 p50=-4.23 p05=-4.23 p95=-4.05
  [diag] sat-dist hist bins=60 sat<0.05=0.0% mean=0.233 p10=0.227 p90=0.227
Iter 0048380: train nll 0.416, valid error 100.000%, best valid error 100.000%, avg grad norm   0.237, avg grad norm (post clip)   0.000, rho_Whh  1.71, Omega  0.00, alpha  0.000, steps in the past 0.000, valid nll 0.314
  [diag] log10|dL/dh_t| hist bins=60 range=(-5.47,-3.18) mean=-4.19 p50=-4.23 p05=-4.23 p95=-4.04
  [diag] sat-dist hist bins=60 sat<0.05=0.0% mean=0.234 p10=0.228 p90=0.228
Iter 0048400: train nll 0.421, valid error 100.000%, best valid error 100.000%, avg grad norm   0.238, avg grad norm (post clip)   0.000, rho_Whh  1.70, Omega  0.00, alpha  0.000, steps in the past 0.000, valid nll 0.314
  [diag] log10|dL/dh_t| hist bins=60 range=(-5.49,-3.18) mean=-4.25 p50=-4.29 p05=-4.29 p95=-4.10
  [diag] sat-dist hist bins=60 sat<0.05=0.0% mean=0.233 p10=0.227 p90=0.227
Iter 0048420: train nll 0.366, valid error 100.000%, best valid error 100.000%, avg grad norm   0.210, avg grad norm (post clip)   0.000, rho_Whh  1.71, Omega  0.00, alpha  0.000, steps in the past 0.000, valid nll 0.311
  [diag] log10|dL/dh_t| hist bins=60 range=(-5.51,-3.17) mean=-4.27 p50=-4.31 p05=-4.31 p95=-4.12
  [diag] sat-dist hist bins=60 sat<0.05=0.0% mean=0.233 p10=0.227 p90=0.227
Iter 0048440: train nll 0.347, valid error 100.000%, best valid error 100.000%, avg grad norm   0.159, avg grad norm (post clip)   0.000, rho_Whh  1.70, Omega  0.00, alpha  0.000, steps in the past 0.000, valid nll 0.310
  [diag] log10|dL/dh_t| hist bins=60 range=(-5.49,-3.18) mean=-4.23 p50=-4.27 p05=-4.27 p95=-4.07
  [diag] sat-dist hist bins=60 sat<0.05=0.0% mean=0.234 p10=0.228 p90=0.228
Iter 0048460: train nll 0.412, valid error 100.000%, best valid error 100.000%, avg grad norm   0.247, avg grad norm (post clip)   0.000, rho_Whh  1.69, Omega  0.00, alpha  0.000, steps in the past 0.000, valid nll 0.311
  [diag] log10|dL/dh_t| hist bins=60 range=(-5.51,-3.18) mean=-4.26 p50=-4.30 p05=-4.30 p95=-4.10
  [diag] sat-dist hist bins=60 sat<0.05=0.0% mean=0.234 p10=0.228 p90=0.228
Iter 0048480: train nll 0.368, valid error 100.000%, best valid error 100.000%, avg grad norm   0.195, avg grad norm (post clip)   0.000, rho_Whh  1.68, Omega  0.00, alpha  0.000, steps in the past 0.000, valid nll 0.310
  [diag] log10|dL/dh_t| hist bins=60 range=(-5.51,-3.18) mean=-4.25 p50=-4.29 p05=-4.29 p95=-4.09
  [diag] sat-dist hist bins=60 sat<0.05=0.0% mean=0.234 p10=0.228 p90=0.228
Iter 0048500: train nll 0.374, valid error 100.000%, best valid error 100.000%, avg grad norm   0.259, avg grad norm (post clip)   0.000, rho_Whh  1.67, Omega  0.00, alpha  0.000, steps in the past 0.000, valid nll 0.310
  [diag] log10|dL/dh_t| hist bins=60 range=(-5.52,-3.17) mean=-4.27 p50=-4.31 p05=-4.31 p95=-4.11
  [diag] sat-dist hist bins=60 sat<0.05=0.0% mean=0.234 p10=0.228 p90=0.228
Iter 0048520: train nll 0.347, valid error 100.000%, best valid error 100.000%, avg grad norm   0.174, avg grad norm (post clip)   0.000, rho_Whh  1.67, Omega  0.00, alpha  0.000, steps in the past 0.000, valid nll 0.309
  [diag] log10|dL/dh_t| hist bins=60 range=(-5.53,-3.17) mean=-4.28 p50=-4.33 p05=-4.33 p95=-4.12
  [diag] sat-dist hist bins=60 sat<0.05=0.0% mean=0.234 p10=0.228 p90=0.228
Iter 0048540: train nll 0.345, valid error 100.000%, best valid error 100.000%, avg grad norm   0.168, avg grad norm (post clip)   0.000, rho_Whh  1.66, Omega  0.00, alpha  0.000, steps in the past 0.000, valid nll 0.308
  [diag] log10|dL/dh_t| hist bins=60 range=(-5.51,-3.18) mean=-4.22 p50=-4.26 p05=-4.26 p95=-4.05
  [diag] sat-dist hist bins=60 sat<0.05=0.0% mean=0.237 p10=0.231 p90=0.231
Iter 0048560: train nll 0.391, valid error 100.000%, best valid error 100.000%, avg grad norm   0.223, avg grad norm (post clip)   0.000, rho_Whh  1.64, Omega  0.00, alpha  0.000, steps in the past 0.000, valid nll 0.310
  [diag] log10|dL/dh_t| hist bins=60 range=(-5.52,-3.18) mean=-4.24 p50=-4.28 p05=-4.28 p95=-4.07
  [diag] sat-dist hist bins=60 sat<0.05=0.0% mean=0.236 p10=0.230 p90=0.230
Iter 0048580: train nll 0.367, valid error 100.000%, best valid error 100.000%, avg grad norm   0.212, avg grad norm (post clip)   0.000, rho_Whh  1.63, Omega  0.00, alpha  0.000, steps in the past 0.000, valid nll 0.309
  [diag] log10|dL/dh_t| hist bins=60 range=(-5.52,-3.18) mean=-4.24 p50=-4.28 p05=-4.28 p95=-4.06
  [diag] sat-dist hist bins=60 sat<0.05=0.0% mean=0.237 p10=0.231 p90=0.231
Iter 0048600: train nll 0.378, valid error 100.000%, best valid error 100.000%, avg grad norm   0.153, avg grad norm (post clip)   0.000, rho_Whh  1.62, Omega  0.00, alpha  0.000, steps in the past 0.000, valid nll 0.309
  [diag] log10|dL/dh_t| hist bins=60 range=(-5.53,-3.17) mean=-4.26 p50=-4.30 p05=-4.30 p95=-4.08
  [diag] sat-dist hist bins=60 sat<0.05=0.0% mean=0.236 p10=0.230 p90=0.230
Iter 0048620: train nll 0.375, valid error 100.000%, best valid error 100.000%, avg grad norm   0.161, avg grad norm (post clip)   0.000, rho_Whh  1.61, Omega  0.00, alpha  0.000, steps in the past 0.000, valid nll 0.308
  [diag] log10|dL/dh_t| hist bins=60 range=(-5.53,-3.17) mean=-4.25 p50=-4.29 p05=-4.29 p95=-4.07
  [diag] sat-dist hist bins=60 sat<0.05=0.0% mean=0.237 p10=0.231 p90=0.231
Iter 0048640: train nll 0.382, valid error 100.000%, best valid error 100.000%, avg grad norm   0.208, avg grad norm (post clip)   0.000, rho_Whh  1.59, Omega  0.00, alpha  0.000, steps in the past 0.000, valid nll 0.308
  [diag] log10|dL/dh_t| hist bins=60 range=(-5.54,-3.17) mean=-4.26 p50=-4.30 p05=-4.30 p95=-4.07
  [diag] sat-dist hist bins=60 sat<0.05=0.0% mean=0.237 p10=0.231 p90=0.231
Iter 0048660: train nll 0.367, valid error 100.000%, best valid error 100.000%, avg grad norm   0.202, avg grad norm (post clip)   0.000, rho_Whh  1.58, Omega  0.00, alpha  0.000, steps in the past 0.000, valid nll 0.307
  [diag] log10|dL/dh_t| hist bins=60 range=(-5.56,-3.17) mean=-4.30 p50=-4.35 p05=-4.35 p95=-4.12
  [diag] sat-dist hist bins=60 sat<0.05=0.0% mean=0.236 p10=0.229 p90=0.229
Iter 0048680: train nll 0.332, valid error 100.000%, best valid error 100.000%, avg grad norm   0.199, avg grad norm (post clip)   0.000, rho_Whh  1.58, Omega  0.00, alpha  0.000, steps in the past 0.000, valid nll 0.305
  [diag] log10|dL/dh_t| hist bins=60 range=(-5.55,-3.17) mean=-4.26 p50=-4.30 p05=-4.30 p95=-4.07
  [diag] sat-dist hist bins=60 sat<0.05=0.0% mean=0.238 p10=0.232 p90=0.232
Iter 0048700: train nll 0.378, valid error 100.000%, best valid error 100.000%, avg grad norm   0.211, avg grad norm (post clip)   0.000, rho_Whh  1.54, Omega  0.00, alpha  0.000, steps in the past 0.000, valid nll 0.306
  [diag] log10|dL/dh_t| hist bins=60 range=(-5.54,-3.18) mean=-4.22 p50=-4.26 p05=-4.26 p95=-4.02
  [diag] sat-dist hist bins=60 sat<0.05=0.0% mean=0.241 p10=0.234 p90=0.234
Iter 0048720: train nll 0.409, valid error 100.000%, best valid error 100.000%, avg grad norm   0.220, avg grad norm (post clip)   0.000, rho_Whh  1.47, Omega  0.00, alpha  0.000, steps in the past 0.000, valid nll 0.307
  [diag] log10|dL/dh_t| hist bins=60 range=(-5.55,-3.17) mean=-4.24 p50=-4.28 p05=-4.28 p95=-4.04
  [diag] sat-dist hist bins=60 sat<0.05=0.0% mean=0.240 p10=0.234 p90=0.234
Iter 0048740: train nll 0.380, valid error 100.000%, best valid error 100.000%, avg grad norm   0.273, avg grad norm (post clip)   0.000, rho_Whh  1.42, Omega  0.00, alpha  0.000, steps in the past 0.000, valid nll 0.306
  [diag] log10|dL/dh_t| hist bins=60 range=(-5.56,-3.17) mean=-4.23 p50=-4.27 p05=-4.27 p95=-4.03
  [diag] sat-dist hist bins=60 sat<0.05=0.0% mean=0.241 p10=0.235 p90=0.235
Iter 0048760: train nll 0.376, valid error 100.000%, best valid error 100.000%, avg grad norm   0.237, avg grad norm (post clip)   0.000, rho_Whh  1.42, Omega  0.00, alpha  0.000, steps in the past 0.000, valid nll 0.306
  [diag] log10|dL/dh_t| hist bins=60 range=(-5.56,-3.18) mean=-4.22 p50=-4.26 p05=-4.26 p95=-4.00
  [diag] sat-dist hist bins=60 sat<0.05=0.0% mean=0.243 p10=0.236 p90=0.236
Iter 0048780: train nll 0.372, valid error 100.000%, best valid error 100.000%, avg grad norm   0.237, avg grad norm (post clip)   0.000, rho_Whh  1.43, Omega  0.00, alpha  0.000, steps in the past 0.000, valid nll 0.306
  [diag] log10|dL/dh_t| hist bins=60 range=(-5.57,-3.17) mean=-4.24 p50=-4.28 p05=-4.28 p95=-4.02
  [diag] sat-dist hist bins=60 sat<0.05=0.0% mean=0.242 p10=0.235 p90=0.235
Iter 0048800: train nll 0.380, valid error 100.000%, best valid error 100.000%, avg grad norm   0.292, avg grad norm (post clip)   0.000, rho_Whh  1.43, Omega  0.00, alpha  0.000, steps in the past 0.000, valid nll 0.304
  [diag] log10|dL/dh_t| hist bins=60 range=(-5.59,-3.17) mean=-4.29 p50=-4.33 p05=-4.33 p95=-4.07
  [diag] sat-dist hist bins=60 sat<0.05=0.0% mean=0.240 p10=0.233 p90=0.233
Iter 0048820: train nll 0.339, valid error 100.000%, best valid error 100.000%, avg grad norm   0.151, avg grad norm (post clip)   0.000, rho_Whh  1.44, Omega  0.00, alpha  0.000, steps in the past 0.000, valid nll 0.302
  [diag] log10|dL/dh_t| hist bins=60 range=(-5.58,-3.17) mean=-4.25 p50=-4.29 p05=-4.29 p95=-4.01
  [diag] sat-dist hist bins=60 sat<0.05=0.0% mean=0.243 p10=0.236 p90=0.236
Iter 0048840: train nll 0.375, valid error 100.000%, best valid error 100.000%, avg grad norm   0.255, avg grad norm (post clip)   0.000, rho_Whh  1.44, Omega  0.00, alpha  0.000, steps in the past 0.000, valid nll 0.303
  [diag] log10|dL/dh_t| hist bins=60 range=(-5.59,-3.17) mean=-4.25 p50=-4.29 p05=-4.29 p95=-4.01
  [diag] sat-dist hist bins=60 sat<0.05=0.0% mean=0.243 p10=0.237 p90=0.237
Iter 0048860: train nll 0.354, valid error 100.000%, best valid error 100.000%, avg grad norm   0.260, avg grad norm (post clip)   0.000, rho_Whh  1.45, Omega  0.00, alpha  0.000, steps in the past 0.000, valid nll 0.302
  [diag] log10|dL/dh_t| hist bins=60 range=(-5.62,-3.17) mean=-4.33 p50=-4.37 p05=-4.37 p95=-4.09
  [diag] sat-dist hist bins=60 sat<0.05=0.0% mean=0.240 p10=0.233 p90=0.233
Iter 0048880: train nll 0.311, valid error 100.000%, best valid error 100.000%, avg grad norm   0.223, avg grad norm (post clip)   0.000, rho_Whh  1.45, Omega  0.00, alpha  0.000, steps in the past 0.000, valid nll 0.299
  [diag] log10|dL/dh_t| hist bins=60 range=(-5.62,-3.17) mean=-4.29 p50=-4.33 p05=-4.33 p95=-4.03
  [diag] sat-dist hist bins=60 sat<0.05=0.0% mean=0.243 p10=0.237 p90=0.237
Iter 0048900: train nll 0.356, valid error 100.000%, best valid error 100.000%, avg grad norm   0.199, avg grad norm (post clip)   0.000, rho_Whh  1.46, Omega  0.00, alpha  0.000, steps in the past 0.000, valid nll 0.299
  [diag] log10|dL/dh_t| hist bins=60 range=(-5.62,-3.17) mean=-4.28 p50=-4.33 p05=-4.33 p95=-4.02
  [diag] sat-dist hist bins=60 sat<0.05=0.0% mean=0.244 p10=0.238 p90=0.238
Iter 0048920: train nll 0.351, valid error 100.000%, best valid error 100.000%, avg grad norm   0.228, avg grad norm (post clip)   0.000, rho_Whh  1.46, Omega  0.00, alpha  0.000, steps in the past 0.000, valid nll 0.298
  [diag] log10|dL/dh_t| hist bins=60 range=(-5.61,-3.18) mean=-4.21 p50=-4.25 p05=-4.25 p95=-3.92
  [diag] sat-dist hist bins=60 sat<0.05=0.0% mean=0.250 p10=0.244 p90=0.244
Iter 0048940: train nll 0.406, valid error 100.000%, best valid error 100.000%, avg grad norm   0.306, avg grad norm (post clip)   0.000, rho_Whh  1.47, Omega  0.00, alpha  0.000, steps in the past 0.000, valid nll 0.301
  [diag] log10|dL/dh_t| hist bins=60 range=(-5.63,-3.17) mean=-4.25 p50=-4.29 p05=-4.29 p95=-3.95
  [diag] sat-dist hist bins=60 sat<0.05=0.0% mean=0.248 p10=0.241 p90=0.241
Iter 0048960: train nll 0.372, valid error 100.000%, best valid error 100.000%, avg grad norm   0.302, avg grad norm (post clip)   0.000, rho_Whh  1.48, Omega  0.00, alpha  0.000, steps in the past 0.000, valid nll 0.297
  [diag] log10|dL/dh_t| hist bins=60 range=(-5.65,-3.17) mean=-4.29 p50=-4.33 p05=-4.33 p95=-3.98
  [diag] sat-dist hist bins=60 sat<0.05=0.0% mean=0.247 p10=0.240 p90=0.240
Iter 0048980: train nll 0.357, valid error 100.000%, best valid error 100.000%, avg grad norm   0.292, avg grad norm (post clip)   0.000, rho_Whh  1.48, Omega  0.00, alpha  0.000, steps in the past 0.000, valid nll 0.294
  [diag] log10|dL/dh_t| hist bins=60 range=(-5.65,-3.17) mean=-4.22 p50=-4.26 p05=-4.26 p95=-3.89
  [diag] sat-dist hist bins=60 sat<0.05=0.0% mean=0.252 p10=0.246 p90=0.246
Iter 0049000: train nll 0.380, valid error 100.000%, best valid error 100.000%, avg grad norm   0.385, avg grad norm (post clip)   0.000, rho_Whh  1.49, Omega  0.00, alpha  0.000, steps in the past 0.000, valid nll 0.296
  [diag] log10|dL/dh_t| hist bins=60 range=(-5.67,-3.17) mean=-4.28 p50=-4.32 p05=-4.32 p95=-3.94
  [diag] sat-dist hist bins=60 sat<0.05=0.0% mean=0.250 p10=0.243 p90=0.243
Iter 0049020: train nll 0.354, valid error 100.000%, best valid error 100.000%, avg grad norm   0.329, avg grad norm (post clip)   0.000, rho_Whh  1.50, Omega  0.00, alpha  0.000, steps in the past 0.000, valid nll 0.291
  [diag] log10|dL/dh_t| hist bins=60 range=(-5.68,-3.17) mean=-4.28 p50=-4.33 p05=-4.33 p95=-3.93
  [diag] sat-dist hist bins=60 sat<0.05=0.0% mean=0.251 p10=0.244 p90=0.244
Iter 0049040: train nll 0.367, valid error 100.000%, best valid error 100.000%, avg grad norm   0.299, avg grad norm (post clip)   0.000, rho_Whh  1.51, Omega  0.00, alpha  0.000, steps in the past 0.000, valid nll 0.289
  [diag] log10|dL/dh_t| hist bins=60 range=(-5.70,-3.17) mean=-4.29 p50=-4.33 p05=-4.33 p95=-3.91
  [diag] sat-dist hist bins=60 sat<0.05=0.0% mean=0.252 p10=0.245 p90=0.246
Iter 0049060: train nll 0.355, valid error 100.000%, best valid error 100.000%, avg grad norm   0.353, avg grad norm (post clip)   0.000, rho_Whh  1.52, Omega  0.00, alpha  0.000, steps in the past 0.000, valid nll 0.286
  [diag] log10|dL/dh_t| hist bins=60 range=(-5.71,-3.16) mean=-4.31 p50=-4.35 p05=-4.35 p95=-3.92
  [diag] sat-dist hist bins=60 sat<0.05=0.0% mean=0.253 p10=0.246 p90=0.246
Iter 0049080: train nll 0.324, valid error 100.000%, best valid error 100.000%, avg grad norm   0.281, avg grad norm (post clip)   0.000, rho_Whh  1.53, Omega  0.00, alpha  0.000, steps in the past 0.000, valid nll 0.283
  [diag] log10|dL/dh_t| hist bins=60 range=(-5.72,-3.17) mean=-4.24 p50=-4.28 p05=-4.28 p95=-3.81
  [diag] sat-dist hist bins=60 sat<0.05=0.0% mean=0.260 p10=0.253 p90=0.254
Iter 0049100: train nll 0.361, valid error 100.000%, best valid error 100.000%, avg grad norm   0.426, avg grad norm (post clip)   0.000, rho_Whh  1.55, Omega  0.00, alpha  0.000, steps in the past 0.000, valid nll 0.281
  [diag] log10|dL/dh_t| hist bins=60 range=(-5.75,-3.17) mean=-4.28 p50=-4.32 p05=-4.32 p95=-3.82
  [diag] sat-dist hist bins=60 sat<0.05=0.0% mean=0.260 p10=0.253 p90=0.255
Iter 0049120: train nll 0.329, valid error 100.000%, best valid error 100.000%, avg grad norm   0.503, avg grad norm (post clip)   0.000, rho_Whh  1.56, Omega  0.00, alpha  0.000, steps in the past 0.000, valid nll 0.273
  [diag] log10|dL/dh_t| hist bins=60 range=(-5.78,-3.17) mean=-4.29 p50=-4.33 p05=-4.33 p95=-3.81
  [diag] sat-dist hist bins=60 sat<0.05=0.0% mean=0.263 p10=0.255 p90=0.259
Iter 0049140: train nll 0.325, valid error 100.000%, best valid error 100.000%, avg grad norm   0.545, avg grad norm (post clip)   0.000, rho_Whh  1.58, Omega  0.00, alpha  0.000, steps in the past 0.000, valid nll 0.263
  [diag] log10|dL/dh_t| hist bins=60 range=(-5.81,-3.18) mean=-4.27 p50=-4.30 p05=-4.30 p95=-3.81
  [diag] sat-dist hist bins=60 sat<0.05=0.0% mean=0.270 p10=0.262 p90=0.272
Iter 0049160: train nll 0.307, valid error 100.000%, best valid error 100.000%, avg grad norm   0.727, avg grad norm (post clip)   0.000, rho_Whh  1.60, Omega  0.00, alpha  0.000, steps in the past 0.000, valid nll 0.246
  [diag] log10|dL/dh_t| hist bins=60 range=(-5.86,-3.18) mean=-4.42 p50=-4.47 p05=-4.47 p95=-3.89
  [diag] sat-dist hist bins=60 sat<0.05=0.0% mean=0.267 p10=0.258 p90=0.269
Iter 0049180: train nll 0.251, valid error 100.000%, best valid error 100.000%, avg grad norm   1.057, avg grad norm (post clip)   0.000, rho_Whh  1.63, Omega  0.00, alpha  0.000, steps in the past 0.000, valid nll 0.211
  [diag] log10|dL/dh_t| hist bins=60 range=(-6.19,-3.14) mean=-5.52 p50=-5.64 p05=-5.64 p95=-5.45
  [diag] sat-dist hist bins=60 sat<0.05=0.0% mean=0.177 p10=0.170 p90=0.170
Iter 0049200: train nll 0.404, valid error 100.000%, best valid error 100.000%, avg grad norm   4.415, avg grad norm (post clip)   0.000, rho_Whh  1.99, Omega  0.00, alpha  0.000, steps in the past 0.000, valid nll 0.431
  [diag] log10|dL/dh_t| hist bins=60 range=(-5.87,-3.14) mean=-5.03 p50=-5.11 p05=-5.11 p95=-4.96
  [diag] sat-dist hist bins=60 sat<0.05=0.0% mean=0.175 p10=0.169 p90=0.169
Iter 0049220: train nll 0.570, valid error 100.000%, best valid error 100.000%, avg grad norm   0.697, avg grad norm (post clip)   0.000, rho_Whh  1.95, Omega  0.00, alpha  0.000, steps in the past 0.000, valid nll 0.366
  [diag] log10|dL/dh_t| hist bins=60 range=(-5.70,-3.16) mean=-4.64 p50=-4.70 p05=-4.70 p95=-4.58
  [diag] sat-dist hist bins=60 sat<0.05=0.0% mean=0.178 p10=0.172 p90=0.172
Iter 0049240: train nll 0.477, valid error 100.000%, best valid error 100.000%, avg grad norm   0.563, avg grad norm (post clip)   0.000, rho_Whh  1.91, Omega  0.00, alpha  0.000, steps in the past 0.000, valid nll 0.326
  [diag] log10|dL/dh_t| hist bins=60 range=(-5.59,-3.17) mean=-4.40 p50=-4.45 p05=-4.45 p95=-4.33
  [diag] sat-dist hist bins=60 sat<0.05=0.0% mean=0.178 p10=0.172 p90=0.172
Iter 0049260: train nll 0.421, valid error 100.000%, best valid error 100.000%, avg grad norm   0.363, avg grad norm (post clip)   0.000, rho_Whh  1.87, Omega  0.00, alpha  0.000, steps in the past 0.000, valid nll 0.314
  [diag] log10|dL/dh_t| hist bins=60 range=(-5.55,-3.17) mean=-4.31 p50=-4.36 p05=-4.36 p95=-4.24
  [diag] sat-dist hist bins=60 sat<0.05=0.0% mean=0.179 p10=0.172 p90=0.172
Iter 0049280: train nll 0.369, valid error 100.000%, best valid error 100.000%, avg grad norm   0.170, avg grad norm (post clip)   0.000, rho_Whh  1.86, Omega  0.00, alpha  0.000, steps in the past 0.000, valid nll 0.313
  [diag] log10|dL/dh_t| hist bins=60 range=(-5.53,-3.18) mean=-4.26 p50=-4.30 p05=-4.30 p95=-4.18
  [diag] sat-dist hist bins=60 sat<0.05=0.0% mean=0.179 p10=0.173 p90=0.173
Iter 0049300: train nll 0.387, valid error 100.000%, best valid error 100.000%, avg grad norm   0.184, avg grad norm (post clip)   0.000, rho_Whh  1.84, Omega  0.00, alpha  0.000, steps in the past 0.000, valid nll 0.314
  [diag] log10|dL/dh_t| hist bins=60 range=(-5.53,-3.18) mean=-4.27 p50=-4.31 p05=-4.31 p95=-4.19
  [diag] sat-dist hist bins=60 sat<0.05=0.0% mean=0.180 p10=0.173 p90=0.173
Iter 0049320: train nll 0.371, valid error 100.000%, best valid error 100.000%, avg grad norm   0.177, avg grad norm (post clip)   0.000, rho_Whh  1.84, Omega  0.00, alpha  0.000, steps in the past 0.000, valid nll 0.314
  [diag] log10|dL/dh_t| hist bins=60 range=(-5.52,-3.18) mean=-4.25 p50=-4.29 p05=-4.29 p95=-4.17
  [diag] sat-dist hist bins=60 sat<0.05=0.0% mean=0.180 p10=0.174 p90=0.174
Iter 0049340: train nll 0.383, valid error 100.000%, best valid error 100.000%, avg grad norm   0.173, avg grad norm (post clip)   0.000, rho_Whh  1.83, Omega  0.00, alpha  0.000, steps in the past 0.000, valid nll 0.314
  [diag] log10|dL/dh_t| hist bins=60 range=(-5.53,-3.18) mean=-4.25 p50=-4.29 p05=-4.29 p95=-4.17
  [diag] sat-dist hist bins=60 sat<0.05=0.0% mean=0.181 p10=0.174 p90=0.174
Iter 0049360: train nll 0.371, valid error 100.000%, best valid error 100.000%, avg grad norm   0.180, avg grad norm (post clip)   0.000, rho_Whh  1.83, Omega  0.00, alpha  0.000, steps in the past 0.000, valid nll 0.314
  [diag] log10|dL/dh_t| hist bins=60 range=(-5.53,-3.18) mean=-4.26 p50=-4.30 p05=-4.30 p95=-4.18
  [diag] sat-dist hist bins=60 sat<0.05=0.0% mean=0.181 p10=0.174 p90=0.174
Iter 0049380: train nll 0.365, valid error 100.000%, best valid error 100.000%, avg grad norm   0.202, avg grad norm (post clip)   0.000, rho_Whh  1.82, Omega  0.00, alpha  0.000, steps in the past 0.000, valid nll 0.313
  [diag] log10|dL/dh_t| hist bins=60 range=(-5.52,-3.18) mean=-4.23 p50=-4.27 p05=-4.27 p95=-4.14
  [diag] sat-dist hist bins=60 sat<0.05=0.0% mean=0.182 p10=0.175 p90=0.175
Iter 0049400: train nll 0.410, valid error 100.000%, best valid error 100.000%, avg grad norm   0.177, avg grad norm (post clip)   0.000, rho_Whh  1.81, Omega  0.00, alpha  0.000, steps in the past 0.000, valid nll 0.315
  [diag] log10|dL/dh_t| hist bins=60 range=(-5.52,-3.18) mean=-4.23 p50=-4.27 p05=-4.27 p95=-4.14
  [diag] sat-dist hist bins=60 sat<0.05=0.0% mean=0.182 p10=0.175 p90=0.175
Iter 0049420: train nll 0.381, valid error 100.000%, best valid error 100.000%, avg grad norm   0.210, avg grad norm (post clip)   0.000, rho_Whh  1.80, Omega  0.00, alpha  0.000, steps in the past 0.000, valid nll 0.314
  [diag] log10|dL/dh_t| hist bins=60 range=(-5.53,-3.18) mean=-4.25 p50=-4.29 p05=-4.29 p95=-4.16
  [diag] sat-dist hist bins=60 sat<0.05=0.0% mean=0.183 p10=0.176 p90=0.176
Iter 0049440: train nll 0.363, valid error 100.000%, best valid error 100.000%, avg grad norm   0.206, avg grad norm (post clip)   0.000, rho_Whh  1.80, Omega  0.00, alpha  0.000, steps in the past 0.000, valid nll 0.313
  [diag] log10|dL/dh_t| hist bins=60 range=(-5.52,-3.18) mean=-4.23 p50=-4.27 p05=-4.27 p95=-4.14
  [diag] sat-dist hist bins=60 sat<0.05=0.0% mean=0.183 p10=0.176 p90=0.176
Iter 0049460: train nll 0.389, valid error 100.000%, best valid error 100.000%, avg grad norm   0.186, avg grad norm (post clip)   0.000, rho_Whh  1.79, Omega  0.00, alpha  0.000, steps in the past 0.000, valid nll 0.314
  [diag] log10|dL/dh_t| hist bins=60 range=(-5.51,-3.18) mean=-4.19 p50=-4.23 p05=-4.23 p95=-4.10
  [diag] sat-dist hist bins=60 sat<0.05=0.0% mean=0.184 p10=0.177 p90=0.177
Iter 0049480: train nll 0.430, valid error 100.000%, best valid error 100.000%, avg grad norm   0.188, avg grad norm (post clip)   0.000, rho_Whh  1.77, Omega  0.00, alpha  0.000, steps in the past 0.000, valid nll 0.316
  [diag] log10|dL/dh_t| hist bins=60 range=(-5.51,-3.18) mean=-4.20 p50=-4.24 p05=-4.24 p95=-4.11
  [diag] sat-dist hist bins=60 sat<0.05=0.0% mean=0.184 p10=0.178 p90=0.178
Iter 0049500: train nll 0.394, valid error 100.000%, best valid error 100.000%, avg grad norm   0.239, avg grad norm (post clip)   0.000, rho_Whh  1.77, Omega  0.00, alpha  0.000, steps in the past 0.000, valid nll 0.315
  [diag] log10|dL/dh_t| hist bins=60 range=(-5.53,-3.18) mean=-4.23 p50=-4.27 p05=-4.27 p95=-4.14
  [diag] sat-dist hist bins=60 sat<0.05=0.0% mean=0.185 p10=0.178 p90=0.178
Iter 0049520: train nll 0.378, valid error 100.000%, best valid error 100.000%, avg grad norm   0.190, avg grad norm (post clip)   0.000, rho_Whh  1.76, Omega  0.00, alpha  0.000, steps in the past 0.000, valid nll 0.313
  [diag] log10|dL/dh_t| hist bins=60 range=(-5.54,-3.18) mean=-4.25 p50=-4.29 p05=-4.29 p95=-4.15
  [diag] sat-dist hist bins=60 sat<0.05=0.0% mean=0.185 p10=0.178 p90=0.178
Iter 0049540: train nll 0.370, valid error 100.000%, best valid error 100.000%, avg grad norm   0.175, avg grad norm (post clip)   0.000, rho_Whh  1.76, Omega  0.00, alpha  0.000, steps in the past 0.000, valid nll 0.312
  [diag] log10|dL/dh_t| hist bins=60 range=(-5.54,-3.18) mean=-4.26 p50=-4.30 p05=-4.30 p95=-4.16
  [diag] sat-dist hist bins=60 sat<0.05=0.0% mean=0.186 p10=0.179 p90=0.179
Iter 0049560: train nll 0.365, valid error 100.000%, best valid error 100.000%, avg grad norm   0.164, avg grad norm (post clip)   0.000, rho_Whh  1.75, Omega  0.00, alpha  0.000, steps in the past 0.000, valid nll 0.312
  [diag] log10|dL/dh_t| hist bins=60 range=(-5.53,-3.18) mean=-4.23 p50=-4.27 p05=-4.27 p95=-4.14
  [diag] sat-dist hist bins=60 sat<0.05=0.0% mean=0.186 p10=0.180 p90=0.180
Iter 0049580: train nll 0.405, valid error 100.000%, best valid error 100.000%, avg grad norm   0.222, avg grad norm (post clip)   0.000, rho_Whh  1.74, Omega  0.00, alpha  0.000, steps in the past 0.000, valid nll 0.313
  [diag] log10|dL/dh_t| hist bins=60 range=(-5.53,-3.18) mean=-4.23 p50=-4.27 p05=-4.27 p95=-4.13
  [diag] sat-dist hist bins=60 sat<0.05=0.0% mean=0.187 p10=0.180 p90=0.180
Iter 0049600: train nll 0.375, valid error 100.000%, best valid error 100.000%, avg grad norm   0.195, avg grad norm (post clip)   0.000, rho_Whh  1.73, Omega  0.00, alpha  0.000, steps in the past 0.000, valid nll 0.313
  [diag] log10|dL/dh_t| hist bins=60 range=(-5.54,-3.18) mean=-4.24 p50=-4.28 p05=-4.28 p95=-4.13
  [diag] sat-dist hist bins=60 sat<0.05=0.0% mean=0.188 p10=0.181 p90=0.181
Iter 0049620: train nll 0.387, valid error 100.000%, best valid error 100.000%, avg grad norm   0.113, avg grad norm (post clip)   0.000, rho_Whh  1.72, Omega  0.00, alpha  0.000, steps in the past 0.000, valid nll 0.312
  [diag] log10|dL/dh_t| hist bins=60 range=(-5.53,-3.18) mean=-4.22 p50=-4.26 p05=-4.26 p95=-4.12
  [diag] sat-dist hist bins=60 sat<0.05=0.0% mean=0.188 p10=0.182 p90=0.182
Iter 0049640: train nll 0.402, valid error 100.000%, best valid error 100.000%, avg grad norm   0.206, avg grad norm (post clip)   0.000, rho_Whh  1.70, Omega  0.00, alpha  0.000, steps in the past 0.000, valid nll 0.313
  [diag] log10|dL/dh_t| hist bins=60 range=(-5.55,-3.17) mean=-4.26 p50=-4.30 p05=-4.30 p95=-4.16
  [diag] sat-dist hist bins=60 sat<0.05=0.0% mean=0.189 p10=0.182 p90=0.182
Iter 0049660: train nll 0.351, valid error 100.000%, best valid error 100.000%, avg grad norm   0.184, avg grad norm (post clip)   0.000, rho_Whh  1.70, Omega  0.00, alpha  0.000, steps in the past 0.000, valid nll 0.311
  [diag] log10|dL/dh_t| hist bins=60 range=(-5.54,-3.18) mean=-4.23 p50=-4.27 p05=-4.27 p95=-4.12
  [diag] sat-dist hist bins=60 sat<0.05=0.0% mean=0.190 p10=0.183 p90=0.183
Iter 0049680: train nll 0.402, valid error 100.000%, best valid error 100.000%, avg grad norm   0.203, avg grad norm (post clip)   0.000, rho_Whh  1.68, Omega  0.00, alpha  0.000, steps in the past 0.000, valid nll 0.312
  [diag] log10|dL/dh_t| hist bins=60 range=(-5.55,-3.18) mean=-4.24 p50=-4.28 p05=-4.28 p95=-4.13
  [diag] sat-dist hist bins=60 sat<0.05=0.0% mean=0.190 p10=0.183 p90=0.183
Iter 0049700: train nll 0.381, valid error 100.000%, best valid error 100.000%, avg grad norm   0.207, avg grad norm (post clip)   0.000, rho_Whh  1.66, Omega  0.00, alpha  0.000, steps in the past 0.000, valid nll 0.311
  [diag] log10|dL/dh_t| hist bins=60 range=(-5.55,-3.17) mean=-4.25 p50=-4.29 p05=-4.29 p95=-4.14
  [diag] sat-dist hist bins=60 sat<0.05=0.0% mean=0.191 p10=0.184 p90=0.184
Iter 0049720: train nll 0.362, valid error 100.000%, best valid error 100.000%, avg grad norm   0.194, avg grad norm (post clip)   0.000, rho_Whh  1.65, Omega  0.00, alpha  0.000, steps in the past 0.000, valid nll 0.311
  [diag] log10|dL/dh_t| hist bins=60 range=(-5.56,-3.17) mean=-4.26 p50=-4.30 p05=-4.30 p95=-4.15
  [diag] sat-dist hist bins=60 sat<0.05=0.0% mean=0.191 p10=0.184 p90=0.184
Iter 0049740: train nll 0.364, valid error 100.000%, best valid error 100.000%, avg grad norm   0.204, avg grad norm (post clip)   0.000, rho_Whh  1.64, Omega  0.00, alpha  0.000, steps in the past 0.000, valid nll 0.310
  [diag] log10|dL/dh_t| hist bins=60 range=(-5.56,-3.17) mean=-4.26 p50=-4.30 p05=-4.30 p95=-4.14
  [diag] sat-dist hist bins=60 sat<0.05=0.0% mean=0.192 p10=0.185 p90=0.185
Iter 0049760: train nll 0.377, valid error 100.000%, best valid error 100.000%, avg grad norm   0.221, avg grad norm (post clip)   0.000, rho_Whh  1.61, Omega  0.00, alpha  0.000, steps in the past 0.000, valid nll 0.310
  [diag] log10|dL/dh_t| hist bins=60 range=(-5.57,-3.17) mean=-4.27 p50=-4.31 p05=-4.31 p95=-4.15
  [diag] sat-dist hist bins=60 sat<0.05=0.0% mean=0.192 p10=0.186 p90=0.186
Iter 0049780: train nll 0.352, valid error 100.000%, best valid error 100.000%, avg grad norm   0.135, avg grad norm (post clip)   0.000, rho_Whh  1.60, Omega  0.00, alpha  0.000, steps in the past 0.000, valid nll 0.309
  [diag] log10|dL/dh_t| hist bins=60 range=(-5.57,-3.17) mean=-4.27 p50=-4.31 p05=-4.31 p95=-4.15
  [diag] sat-dist hist bins=60 sat<0.05=0.0% mean=0.193 p10=0.186 p90=0.186
Iter 0049800: train nll 0.349, valid error 100.000%, best valid error 100.000%, avg grad norm   0.162, avg grad norm (post clip)   0.000, rho_Whh  1.56, Omega  0.00, alpha  0.000, steps in the past 0.000, valid nll 0.309
  [diag] log10|dL/dh_t| hist bins=60 range=(-5.59,-3.17) mean=-4.30 p50=-4.34 p05=-4.34 p95=-4.18
  [diag] sat-dist hist bins=60 sat<0.05=0.0% mean=0.194 p10=0.187 p90=0.187
Iter 0049820: train nll 0.328, valid error 100.000%, best valid error 100.000%, avg grad norm   0.175, avg grad norm (post clip)   0.000, rho_Whh  1.54, Omega  0.00, alpha  0.000, steps in the past 0.000, valid nll 0.308
  [diag] log10|dL/dh_t| hist bins=60 range=(-5.57,-3.17) mean=-4.26 p50=-4.31 p05=-4.31 p95=-4.14
  [diag] sat-dist hist bins=60 sat<0.05=0.0% mean=0.195 p10=0.188 p90=0.188
Iter 0049840: train nll 0.380, valid error 100.000%, best valid error 100.000%, avg grad norm   0.203, avg grad norm (post clip)   0.000, rho_Whh  1.51, Omega  0.00, alpha  0.000, steps in the past 0.000, valid nll 0.308
  [diag] log10|dL/dh_t| hist bins=60 range=(-5.56,-3.18) mean=-4.21 p50=-4.25 p05=-4.25 p95=-4.08
  [diag] sat-dist hist bins=60 sat<0.05=0.0% mean=0.197 p10=0.190 p90=0.190
Iter 0049860: train nll 0.403, valid error 100.000%, best valid error 100.000%, avg grad norm   0.245, avg grad norm (post clip)   0.000, rho_Whh  1.51, Omega  0.00, alpha  0.000, steps in the past 0.000, valid nll 0.310
  [diag] log10|dL/dh_t| hist bins=60 range=(-5.58,-3.17) mean=-4.26 p50=-4.30 p05=-4.30 p95=-4.12
  [diag] sat-dist hist bins=60 sat<0.05=0.0% mean=0.197 p10=0.190 p90=0.190
Iter 0049880: train nll 0.347, valid error 100.000%, best valid error 100.000%, avg grad norm   0.215, avg grad norm (post clip)   0.000, rho_Whh  1.51, Omega  0.00, alpha  0.000, steps in the past 0.000, valid nll 0.308
  [diag] log10|dL/dh_t| hist bins=60 range=(-5.58,-3.17) mean=-4.27 p50=-4.31 p05=-4.31 p95=-4.13
  [diag] sat-dist hist bins=60 sat<0.05=0.0% mean=0.197 p10=0.191 p90=0.191
Iter 0049900: train nll 0.363, valid error 100.000%, best valid error 100.000%, avg grad norm   0.199, avg grad norm (post clip)   0.000, rho_Whh  1.51, Omega  0.00, alpha  0.000, steps in the past 0.000, valid nll 0.307
  [diag] log10|dL/dh_t| hist bins=60 range=(-5.57,-3.18) mean=-4.22 p50=-4.26 p05=-4.26 p95=-4.07
  [diag] sat-dist hist bins=60 sat<0.05=0.0% mean=0.199 p10=0.192 p90=0.192
Iter 0049920: train nll 0.405, valid error 100.000%, best valid error 100.000%, avg grad norm   0.234, avg grad norm (post clip)   0.000, rho_Whh  1.52, Omega  0.00, alpha  0.000, steps in the past 0.000, valid nll 0.309
  [diag] log10|dL/dh_t| hist bins=60 range=(-5.58,-3.17) mean=-4.24 p50=-4.28 p05=-4.28 p95=-4.09
  [diag] sat-dist hist bins=60 sat<0.05=0.0% mean=0.200 p10=0.193 p90=0.193
Iter 0049940: train nll 0.376, valid error 100.000%, best valid error 100.000%, avg grad norm   0.232, avg grad norm (post clip)   0.000, rho_Whh  1.52, Omega  0.00, alpha  0.000, steps in the past 0.000, valid nll 0.307
  [diag] log10|dL/dh_t| hist bins=60 range=(-5.60,-3.17) mean=-4.29 p50=-4.33 p05=-4.33 p95=-4.14
  [diag] sat-dist hist bins=60 sat<0.05=0.0% mean=0.200 p10=0.193 p90=0.193
Iter 0049960: train nll 0.335, valid error 100.000%, best valid error 100.000%, avg grad norm   0.203, avg grad norm (post clip)   0.000, rho_Whh  1.52, Omega  0.00, alpha  0.000, steps in the past 0.000, valid nll 0.306
  [diag] log10|dL/dh_t| hist bins=60 range=(-5.58,-3.17) mean=-4.23 p50=-4.27 p05=-4.27 p95=-4.07
  [diag] sat-dist hist bins=60 sat<0.05=0.0% mean=0.202 p10=0.195 p90=0.195
Iter 0049980: train nll 0.393, valid error 100.000%, best valid error 100.000%, avg grad norm   0.259, avg grad norm (post clip)   0.000, rho_Whh  1.52, Omega  0.00, alpha  0.000, steps in the past 0.000, valid nll 0.307
Done. solved=0 steps=49999 best_valid_error=100.0000%
