nohup: ignoring input
Starting to train (PyTorch).
  [diag] log10|dL/dh_t| hist bins=60 range=(-3.84,-3.78) mean=-3.79 p50=-3.79 p05=-3.79 p95=-3.79
  [diag] sat-dist hist bins=60 sat<0.05=0.0% mean=0.907 p10=0.908 p90=0.908
Iter 0000020: train nll 1.807, valid error 100.000%, best valid error 100.000%, avg grad norm   1.661, avg grad norm (post clip)   0.053, rho_Whh  0.71, Omega  0.00, alpha  0.000, steps in the past 0.000, valid nll 1.708
  [diag] log10|dL/dh_t| hist bins=60 range=(-3.84,-3.78) mean=-3.79 p50=-3.79 p05=-3.79 p95=-3.79
  [diag] sat-dist hist bins=60 sat<0.05=0.0% mean=0.906 p10=0.907 p90=0.907
Iter 0000040: train nll 1.702, valid error 100.000%, best valid error 100.000%, avg grad norm   1.637, avg grad norm (post clip)   0.053, rho_Whh  0.71, Omega  0.00, alpha  0.000, steps in the past 0.000, valid nll 1.691
  [diag] log10|dL/dh_t| hist bins=60 range=(-3.84,-3.78) mean=-3.79 p50=-3.79 p05=-3.79 p95=-3.79
  [diag] sat-dist hist bins=60 sat<0.05=0.0% mean=0.905 p10=0.905 p90=0.905
Iter 0000060: train nll 1.685, valid error 100.000%, best valid error 100.000%, avg grad norm   1.643, avg grad norm (post clip)   0.053, rho_Whh  0.71, Omega  0.00, alpha  0.000, steps in the past 0.000, valid nll 1.674
  [diag] log10|dL/dh_t| hist bins=60 range=(-3.84,-3.78) mean=-3.80 p50=-3.79 p05=-3.80 p95=-3.79
  [diag] sat-dist hist bins=60 sat<0.05=0.0% mean=0.903 p10=0.903 p90=0.903
Iter 0000080: train nll 1.670, valid error 100.000%, best valid error 100.000%, avg grad norm   1.641, avg grad norm (post clip)   0.053, rho_Whh  0.71, Omega  0.00, alpha  0.000, steps in the past 0.000, valid nll 1.657
  [diag] log10|dL/dh_t| hist bins=60 range=(-3.84,-3.78) mean=-3.80 p50=-3.80 p05=-3.80 p95=-3.79
  [diag] sat-dist hist bins=60 sat<0.05=0.0% mean=0.900 p10=0.900 p90=0.900
Iter 0000100: train nll 1.654, valid error 100.000%, best valid error 100.000%, avg grad norm   1.644, avg grad norm (post clip)   0.053, rho_Whh  0.71, Omega  0.00, alpha  0.000, steps in the past 0.000, valid nll 1.640
  [diag] log10|dL/dh_t| hist bins=60 range=(-3.84,-3.78) mean=-3.80 p50=-3.80 p05=-3.80 p95=-3.79
  [diag] sat-dist hist bins=60 sat<0.05=0.0% mean=0.897 p10=0.897 p90=0.897
Iter 0000120: train nll 1.642, valid error 100.000%, best valid error 100.000%, avg grad norm   1.609, avg grad norm (post clip)   0.053, rho_Whh  0.71, Omega  0.00, alpha  0.000, steps in the past 0.000, valid nll 1.623
  [diag] log10|dL/dh_t| hist bins=60 range=(-3.84,-3.78) mean=-3.80 p50=-3.80 p05=-3.80 p95=-3.79
  [diag] sat-dist hist bins=60 sat<0.05=0.0% mean=0.895 p10=0.894 p90=0.894
Iter 0000140: train nll 1.627, valid error 100.000%, best valid error 100.000%, avg grad norm   1.613, avg grad norm (post clip)   0.053, rho_Whh  0.71, Omega  0.00, alpha  0.000, steps in the past 0.000, valid nll 1.606
  [diag] log10|dL/dh_t| hist bins=60 range=(-3.84,-3.78) mean=-3.80 p50=-3.80 p05=-3.80 p95=-3.79
  [diag] sat-dist hist bins=60 sat<0.05=0.0% mean=0.892 p10=0.891 p90=0.892
Iter 0000160: train nll 1.600, valid error 100.000%, best valid error 100.000%, avg grad norm   1.716, avg grad norm (post clip)   0.053, rho_Whh  0.71, Omega  0.00, alpha  0.000, steps in the past 0.000, valid nll 1.589
  [diag] log10|dL/dh_t| hist bins=60 range=(-3.84,-3.78) mean=-3.80 p50=-3.80 p05=-3.80 p95=-3.80
  [diag] sat-dist hist bins=60 sat<0.05=0.0% mean=0.889 p10=0.888 p90=0.890
Iter 0000180: train nll 1.585, valid error 100.000%, best valid error 100.000%, avg grad norm   1.710, avg grad norm (post clip)   0.053, rho_Whh  0.71, Omega  0.00, alpha  0.000, steps in the past 0.000, valid nll 1.572
  [diag] log10|dL/dh_t| hist bins=60 range=(-3.83,-3.78) mean=-3.80 p50=-3.81 p05=-3.81 p95=-3.80
  [diag] sat-dist hist bins=60 sat<0.05=0.0% mean=0.886 p10=0.884 p90=0.887
Iter 0000200: train nll 1.566, valid error 100.000%, best valid error 100.000%, avg grad norm   1.741, avg grad norm (post clip)   0.053, rho_Whh  0.71, Omega  0.00, alpha  0.000, steps in the past 0.000, valid nll 1.554
  [diag] log10|dL/dh_t| hist bins=60 range=(-3.83,-3.78) mean=-3.81 p50=-3.81 p05=-3.81 p95=-3.80
  [diag] sat-dist hist bins=60 sat<0.05=0.0% mean=0.882 p10=0.881 p90=0.884
Iter 0000220: train nll 1.560, valid error 100.000%, best valid error 100.000%, avg grad norm   1.683, avg grad norm (post clip)   0.053, rho_Whh  0.71, Omega  0.00, alpha  0.000, steps in the past 0.000, valid nll 1.536
  [diag] log10|dL/dh_t| hist bins=60 range=(-3.83,-3.78) mean=-3.81 p50=-3.81 p05=-3.81 p95=-3.80
  [diag] sat-dist hist bins=60 sat<0.05=0.0% mean=0.879 p10=0.878 p90=0.880
Iter 0000240: train nll 1.537, valid error 100.000%, best valid error 100.000%, avg grad norm   1.737, avg grad norm (post clip)   0.053, rho_Whh  0.71, Omega  0.00, alpha  0.000, steps in the past 0.000, valid nll 1.518
  [diag] log10|dL/dh_t| hist bins=60 range=(-3.83,-3.78) mean=-3.81 p50=-3.81 p05=-3.81 p95=-3.80
  [diag] sat-dist hist bins=60 sat<0.05=0.0% mean=0.876 p10=0.874 p90=0.877
Iter 0000260: train nll 1.528, valid error 100.000%, best valid error 100.000%, avg grad norm   1.707, avg grad norm (post clip)   0.053, rho_Whh  0.71, Omega  0.00, alpha  0.000, steps in the past 0.000, valid nll 1.500
  [diag] log10|dL/dh_t| hist bins=60 range=(-3.83,-3.78) mean=-3.81 p50=-3.81 p05=-3.81 p95=-3.80
  [diag] sat-dist hist bins=60 sat<0.05=0.0% mean=0.872 p10=0.870 p90=0.873
Iter 0000280: train nll 1.500, valid error 100.000%, best valid error 100.000%, avg grad norm   1.792, avg grad norm (post clip)   0.053, rho_Whh  0.71, Omega  0.00, alpha  0.000, steps in the past 0.000, valid nll 1.481
  [diag] log10|dL/dh_t| hist bins=60 range=(-3.83,-3.78) mean=-3.81 p50=-3.82 p05=-3.82 p95=-3.80
  [diag] sat-dist hist bins=60 sat<0.05=0.0% mean=0.868 p10=0.866 p90=0.870
Iter 0000300: train nll 1.479, valid error 100.000%, best valid error 100.000%, avg grad norm   1.831, avg grad norm (post clip)   0.053, rho_Whh  0.71, Omega  0.00, alpha  0.000, steps in the past 0.000, valid nll 1.463
  [diag] log10|dL/dh_t| hist bins=60 range=(-3.83,-3.78) mean=-3.82 p50=-3.82 p05=-3.82 p95=-3.80
  [diag] sat-dist hist bins=60 sat<0.05=0.0% mean=0.864 p10=0.861 p90=0.866
Iter 0000320: train nll 1.465, valid error 100.000%, best valid error 100.000%, avg grad norm   1.832, avg grad norm (post clip)   0.053, rho_Whh  0.71, Omega  0.00, alpha  0.000, steps in the past 0.000, valid nll 1.444
  [diag] log10|dL/dh_t| hist bins=60 range=(-3.83,-3.78) mean=-3.82 p50=-3.82 p05=-3.82 p95=-3.80
  [diag] sat-dist hist bins=60 sat<0.05=0.0% mean=0.860 p10=0.857 p90=0.862
Iter 0000340: train nll 1.453, valid error 100.000%, best valid error 100.000%, avg grad norm   1.819, avg grad norm (post clip)   0.053, rho_Whh  0.71, Omega  0.00, alpha  0.000, steps in the past 0.000, valid nll 1.424
  [diag] log10|dL/dh_t| hist bins=60 range=(-3.83,-3.78) mean=-3.82 p50=-3.82 p05=-3.82 p95=-3.79
  [diag] sat-dist hist bins=60 sat<0.05=0.0% mean=0.855 p10=0.852 p90=0.857
Iter 0000360: train nll 1.429, valid error 100.000%, best valid error 100.000%, avg grad norm   1.875, avg grad norm (post clip)   0.053, rho_Whh  0.71, Omega  0.00, alpha  0.000, steps in the past 0.000, valid nll 1.405
  [diag] log10|dL/dh_t| hist bins=60 range=(-3.83,-3.78) mean=-3.82 p50=-3.82 p05=-3.82 p95=-3.79
  [diag] sat-dist hist bins=60 sat<0.05=0.0% mean=0.851 p10=0.847 p90=0.853
Iter 0000380: train nll 1.409, valid error 100.000%, best valid error 100.000%, avg grad norm   1.905, avg grad norm (post clip)   0.053, rho_Whh  0.72, Omega  0.00, alpha  0.000, steps in the past 0.000, valid nll 1.385
  [diag] log10|dL/dh_t| hist bins=60 range=(-3.83,-3.78) mean=-3.82 p50=-3.83 p05=-3.83 p95=-3.79
  [diag] sat-dist hist bins=60 sat<0.05=0.0% mean=0.846 p10=0.842 p90=0.848
Iter 0000400: train nll 1.394, valid error 100.000%, best valid error 100.000%, avg grad norm   1.914, avg grad norm (post clip)   0.053, rho_Whh  0.72, Omega  0.00, alpha  0.000, steps in the past 0.000, valid nll 1.365
  [diag] log10|dL/dh_t| hist bins=60 range=(-3.83,-3.78) mean=-3.83 p50=-3.83 p05=-3.83 p95=-3.79
  [diag] sat-dist hist bins=60 sat<0.05=0.0% mean=0.842 p10=0.837 p90=0.844
Iter 0000420: train nll 1.375, valid error 100.000%, best valid error 100.000%, avg grad norm   1.939, avg grad norm (post clip)   0.053, rho_Whh  0.73, Omega  0.00, alpha  0.000, steps in the past 0.000, valid nll 1.345
  [diag] log10|dL/dh_t| hist bins=60 range=(-3.83,-3.78) mean=-3.83 p50=-3.83 p05=-3.83 p95=-3.79
  [diag] sat-dist hist bins=60 sat<0.05=0.0% mean=0.837 p10=0.832 p90=0.839
Iter 0000440: train nll 1.350, valid error 100.000%, best valid error 100.000%, avg grad norm   1.985, avg grad norm (post clip)   0.053, rho_Whh  0.74, Omega  0.00, alpha  0.000, steps in the past 0.000, valid nll 1.324
  [diag] log10|dL/dh_t| hist bins=60 range=(-3.84,-3.78) mean=-3.83 p50=-3.84 p05=-3.84 p95=-3.79
  [diag] sat-dist hist bins=60 sat<0.05=0.0% mean=0.832 p10=0.827 p90=0.834
Iter 0000460: train nll 1.344, valid error 100.000%, best valid error 100.000%, avg grad norm   1.948, avg grad norm (post clip)   0.053, rho_Whh  0.74, Omega  0.00, alpha  0.000, steps in the past 0.000, valid nll 1.303
  [diag] log10|dL/dh_t| hist bins=60 range=(-3.84,-3.78) mean=-3.83 p50=-3.84 p05=-3.84 p95=-3.79
  [diag] sat-dist hist bins=60 sat<0.05=0.0% mean=0.827 p10=0.822 p90=0.829
Iter 0000480: train nll 1.313, valid error 100.000%, best valid error 100.000%, avg grad norm   2.021, avg grad norm (post clip)   0.053, rho_Whh  0.75, Omega  0.00, alpha  0.000, steps in the past 0.000, valid nll 1.282
  [diag] log10|dL/dh_t| hist bins=60 range=(-3.84,-3.78) mean=-3.84 p50=-3.84 p05=-3.84 p95=-3.79
  [diag] sat-dist hist bins=60 sat<0.05=0.0% mean=0.822 p10=0.816 p90=0.824
Iter 0000500: train nll 1.294, valid error 100.000%, best valid error 100.000%, avg grad norm   2.041, avg grad norm (post clip)   0.053, rho_Whh  0.76, Omega  0.00, alpha  0.000, steps in the past 0.000, valid nll 1.261
  [diag] log10|dL/dh_t| hist bins=60 range=(-3.85,-3.78) mean=-3.84 p50=-3.85 p05=-3.85 p95=-3.79
  [diag] sat-dist hist bins=60 sat<0.05=0.0% mean=0.816 p10=0.811 p90=0.818
Iter 0000520: train nll 1.271, valid error 100.000%, best valid error 100.000%, avg grad norm   2.072, avg grad norm (post clip)   0.053, rho_Whh  0.76, Omega  0.00, alpha  0.000, steps in the past 0.000, valid nll 1.239
  [diag] log10|dL/dh_t| hist bins=60 range=(-3.85,-3.78) mean=-3.84 p50=-3.85 p05=-3.85 p95=-3.79
  [diag] sat-dist hist bins=60 sat<0.05=0.0% mean=0.811 p10=0.805 p90=0.813
Iter 0000540: train nll 1.254, valid error 100.000%, best valid error 100.000%, avg grad norm   2.077, avg grad norm (post clip)   0.053, rho_Whh  0.77, Omega  0.00, alpha  0.000, steps in the past 0.000, valid nll 1.217
  [diag] log10|dL/dh_t| hist bins=60 range=(-3.86,-3.77) mean=-3.85 p50=-3.86 p05=-3.86 p95=-3.79
  [diag] sat-dist hist bins=60 sat<0.05=0.0% mean=0.805 p10=0.799 p90=0.807
Iter 0000560: train nll 1.235, valid error 100.000%, best valid error 100.000%, avg grad norm   2.092, avg grad norm (post clip)   0.053, rho_Whh  0.78, Omega  0.00, alpha  0.000, steps in the past 0.000, valid nll 1.195
  [diag] log10|dL/dh_t| hist bins=60 range=(-3.86,-3.77) mean=-3.85 p50=-3.86 p05=-3.86 p95=-3.78
  [diag] sat-dist hist bins=60 sat<0.05=0.0% mean=0.800 p10=0.793 p90=0.802
Iter 0000580: train nll 1.200, valid error 100.000%, best valid error 100.000%, avg grad norm   2.164, avg grad norm (post clip)   0.053, rho_Whh  0.78, Omega  0.00, alpha  0.000, steps in the past 0.000, valid nll 1.173
  [diag] log10|dL/dh_t| hist bins=60 range=(-3.86,-3.77) mean=-3.86 p50=-3.86 p05=-3.86 p95=-3.78
  [diag] sat-dist hist bins=60 sat<0.05=0.0% mean=0.794 p10=0.787 p90=0.796
Iter 0000600: train nll 1.179, valid error 100.000%, best valid error 100.000%, avg grad norm   2.174, avg grad norm (post clip)   0.053, rho_Whh  0.79, Omega  0.00, alpha  0.000, steps in the past 0.000, valid nll 1.151
  [diag] log10|dL/dh_t| hist bins=60 range=(-3.87,-3.77) mean=-3.86 p50=-3.87 p05=-3.87 p95=-3.78
  [diag] sat-dist hist bins=60 sat<0.05=0.0% mean=0.788 p10=0.781 p90=0.790
Iter 0000620: train nll 1.170, valid error 100.000%, best valid error 100.000%, avg grad norm   2.139, avg grad norm (post clip)   0.053, rho_Whh  0.80, Omega  0.00, alpha  0.000, steps in the past 0.000, valid nll 1.128
  [diag] log10|dL/dh_t| hist bins=60 range=(-3.87,-3.76) mean=-3.87 p50=-3.87 p05=-3.87 p95=-3.78
  [diag] sat-dist hist bins=60 sat<0.05=0.0% mean=0.782 p10=0.775 p90=0.784
Iter 0000640: train nll 1.143, valid error 100.000%, best valid error 100.000%, avg grad norm   2.169, avg grad norm (post clip)   0.053, rho_Whh  0.80, Omega  0.00, alpha  0.000, steps in the past 0.000, valid nll 1.106
  [diag] log10|dL/dh_t| hist bins=60 range=(-3.88,-3.76) mean=-3.87 p50=-3.88 p05=-3.88 p95=-3.78
  [diag] sat-dist hist bins=60 sat<0.05=0.0% mean=0.776 p10=0.769 p90=0.778
Iter 0000660: train nll 1.119, valid error 100.000%, best valid error 100.000%, avg grad norm   2.181, avg grad norm (post clip)   0.053, rho_Whh  0.81, Omega  0.00, alpha  0.000, steps in the past 0.000, valid nll 1.083
  [diag] log10|dL/dh_t| hist bins=60 range=(-3.89,-3.76) mean=-3.87 p50=-3.89 p05=-3.89 p95=-3.78
  [diag] sat-dist hist bins=60 sat<0.05=0.0% mean=0.770 p10=0.762 p90=0.771
Iter 0000680: train nll 1.096, valid error 100.000%, best valid error 100.000%, avg grad norm   2.190, avg grad norm (post clip)   0.053, rho_Whh  0.82, Omega  0.00, alpha  0.000, steps in the past 0.000, valid nll 1.060
  [diag] log10|dL/dh_t| hist bins=60 range=(-3.89,-3.75) mean=-3.88 p50=-3.89 p05=-3.89 p95=-3.78
  [diag] sat-dist hist bins=60 sat<0.05=0.0% mean=0.764 p10=0.756 p90=0.765
Iter 0000700: train nll 1.067, valid error 100.000%, best valid error 100.000%, avg grad norm   2.217, avg grad norm (post clip)   0.053, rho_Whh  0.83, Omega  0.00, alpha  0.000, steps in the past 0.000, valid nll 1.038
  [diag] log10|dL/dh_t| hist bins=60 range=(-3.90,-3.75) mean=-3.89 p50=-3.90 p05=-3.90 p95=-3.78
  [diag] sat-dist hist bins=60 sat<0.05=0.0% mean=0.758 p10=0.749 p90=0.759
Iter 0000720: train nll 1.062, valid error 100.000%, best valid error 100.000%, avg grad norm   2.156, avg grad norm (post clip)   0.053, rho_Whh  0.83, Omega  0.00, alpha  0.000, steps in the past 0.000, valid nll 1.015
  [diag] log10|dL/dh_t| hist bins=60 range=(-3.90,-3.75) mean=-3.89 p50=-3.90 p05=-3.90 p95=-3.78
  [diag] sat-dist hist bins=60 sat<0.05=0.0% mean=0.752 p10=0.743 p90=0.752
Iter 0000740: train nll 1.025, valid error 100.000%, best valid error 100.000%, avg grad norm   2.200, avg grad norm (post clip)   0.053, rho_Whh  0.84, Omega  0.00, alpha  0.000, steps in the past 0.000, valid nll 0.992
  [diag] log10|dL/dh_t| hist bins=60 range=(-3.91,-3.74) mean=-3.90 p50=-3.91 p05=-3.91 p95=-3.78
  [diag] sat-dist hist bins=60 sat<0.05=0.0% mean=0.746 p10=0.736 p90=0.746
Iter 0000760: train nll 1.015, valid error 100.000%, best valid error 100.000%, avg grad norm   2.155, avg grad norm (post clip)   0.053, rho_Whh  0.85, Omega  0.00, alpha  0.000, steps in the past 0.000, valid nll 0.970
  [diag] log10|dL/dh_t| hist bins=60 range=(-3.92,-3.74) mean=-3.90 p50=-3.92 p05=-3.92 p95=-3.78
  [diag] sat-dist hist bins=60 sat<0.05=0.0% mean=0.739 p10=0.730 p90=0.739
Iter 0000780: train nll 0.987, valid error 100.000%, best valid error 100.000%, avg grad norm   2.162, avg grad norm (post clip)   0.053, rho_Whh  0.86, Omega  0.00, alpha  0.000, steps in the past 0.000, valid nll 0.947
  [diag] log10|dL/dh_t| hist bins=60 range=(-3.93,-3.73) mean=-3.91 p50=-3.93 p05=-3.93 p95=-3.78
  [diag] sat-dist hist bins=60 sat<0.05=0.0% mean=0.733 p10=0.723 p90=0.733
Iter 0000800: train nll 0.966, valid error 100.000%, best valid error 100.000%, avg grad norm   2.146, avg grad norm (post clip)   0.053, rho_Whh  0.86, Omega  0.00, alpha  0.000, steps in the past 0.000, valid nll 0.925
  [diag] log10|dL/dh_t| hist bins=60 range=(-3.93,-3.73) mean=-3.92 p50=-3.93 p05=-3.93 p95=-3.77
  [diag] sat-dist hist bins=60 sat<0.05=0.0% mean=0.727 p10=0.717 p90=0.726
Iter 0000820: train nll 0.952, valid error 100.000%, best valid error 100.000%, avg grad norm   2.106, avg grad norm (post clip)   0.053, rho_Whh  0.87, Omega  0.00, alpha  0.000, steps in the past 0.000, valid nll 0.903
  [diag] log10|dL/dh_t| hist bins=60 range=(-3.94,-3.73) mean=-3.92 p50=-3.94 p05=-3.94 p95=-3.77
  [diag] sat-dist hist bins=60 sat<0.05=0.0% mean=0.721 p10=0.710 p90=0.720
Iter 0000840: train nll 0.940, valid error 100.000%, best valid error 100.000%, avg grad norm   2.061, avg grad norm (post clip)   0.053, rho_Whh  0.88, Omega  0.00, alpha  0.000, steps in the past 0.000, valid nll 0.881
  [diag] log10|dL/dh_t| hist bins=60 range=(-3.95,-3.72) mean=-3.93 p50=-3.95 p05=-3.95 p95=-3.77
  [diag] sat-dist hist bins=60 sat<0.05=0.0% mean=0.714 p10=0.704 p90=0.713
Iter 0000860: train nll 0.907, valid error 100.000%, best valid error 100.000%, avg grad norm   2.069, avg grad norm (post clip)   0.053, rho_Whh  0.88, Omega  0.00, alpha  0.000, steps in the past 0.000, valid nll 0.859
  [diag] log10|dL/dh_t| hist bins=60 range=(-3.96,-3.72) mean=-3.94 p50=-3.96 p05=-3.96 p95=-3.77
  [diag] sat-dist hist bins=60 sat<0.05=0.0% mean=0.708 p10=0.697 p90=0.706
Iter 0000880: train nll 0.894, valid error 100.000%, best valid error 100.000%, avg grad norm   2.024, avg grad norm (post clip)   0.053, rho_Whh  0.89, Omega  0.00, alpha  0.000, steps in the past 0.000, valid nll 0.838
  [diag] log10|dL/dh_t| hist bins=60 range=(-3.97,-3.71) mean=-3.95 p50=-3.97 p05=-3.97 p95=-3.77
  [diag] sat-dist hist bins=60 sat<0.05=0.0% mean=0.702 p10=0.691 p90=0.700
Iter 0000900: train nll 0.852, valid error 100.000%, best valid error 100.000%, avg grad norm   2.048, avg grad norm (post clip)   0.053, rho_Whh  0.90, Omega  0.00, alpha  0.000, steps in the past 0.000, valid nll 0.817
  [diag] log10|dL/dh_t| hist bins=60 range=(-3.98,-3.71) mean=-3.96 p50=-3.98 p05=-3.98 p95=-3.77
  [diag] sat-dist hist bins=60 sat<0.05=0.0% mean=0.696 p10=0.685 p90=0.693
Iter 0000920: train nll 0.833, valid error 100.000%, best valid error 100.000%, avg grad norm   2.013, avg grad norm (post clip)   0.053, rho_Whh  0.90, Omega  0.00, alpha  0.000, steps in the past 0.000, valid nll 0.796
  [diag] log10|dL/dh_t| hist bins=60 range=(-3.99,-3.70) mean=-3.97 p50=-3.99 p05=-3.99 p95=-3.77
  [diag] sat-dist hist bins=60 sat<0.05=0.0% mean=0.690 p10=0.678 p90=0.687
Iter 0000940: train nll 0.819, valid error 100.000%, best valid error 100.000%, avg grad norm   1.963, avg grad norm (post clip)   0.053, rho_Whh  0.91, Omega  0.00, alpha  0.000, steps in the past 0.000, valid nll 0.776
  [diag] log10|dL/dh_t| hist bins=60 range=(-4.00,-3.70) mean=-3.98 p50=-4.00 p05=-4.00 p95=-3.77
  [diag] sat-dist hist bins=60 sat<0.05=0.0% mean=0.684 p10=0.672 p90=0.680
Iter 0000960: train nll 0.811, valid error 100.000%, best valid error 100.000%, avg grad norm   1.899, avg grad norm (post clip)   0.053, rho_Whh  0.92, Omega  0.00, alpha  0.000, steps in the past 0.000, valid nll 0.756
  [diag] log10|dL/dh_t| hist bins=60 range=(-4.01,-3.69) mean=-3.98 p50=-4.01 p05=-4.01 p95=-3.76
  [diag] sat-dist hist bins=60 sat<0.05=0.0% mean=0.678 p10=0.666 p90=0.674
Iter 0000980: train nll 0.774, valid error 100.000%, best valid error 100.000%, avg grad norm   1.898, avg grad norm (post clip)   0.053, rho_Whh  0.93, Omega  0.00, alpha  0.000, steps in the past 0.000, valid nll 0.736
  [diag] log10|dL/dh_t| hist bins=60 range=(-4.02,-3.69) mean=-3.99 p50=-4.02 p05=-4.02 p95=-3.76
  [diag] sat-dist hist bins=60 sat<0.05=0.0% mean=0.672 p10=0.660 p90=0.668
Iter 0001000: train nll 0.785, valid error 100.000%, best valid error 100.000%, avg grad norm   1.795, avg grad norm (post clip)   0.053, rho_Whh  0.93, Omega  0.00, alpha  0.000, steps in the past 0.000, valid nll 0.717
  [diag] log10|dL/dh_t| hist bins=60 range=(-4.03,-3.68) mean=-4.00 p50=-4.03 p05=-4.03 p95=-3.76
  [diag] sat-dist hist bins=60 sat<0.05=0.0% mean=0.666 p10=0.654 p90=0.661
Iter 0001020: train nll 0.746, valid error 100.000%, best valid error 100.000%, avg grad norm   1.794, avg grad norm (post clip)   0.053, rho_Whh  0.94, Omega  0.00, alpha  0.000, steps in the past 0.000, valid nll 0.699
  [diag] log10|dL/dh_t| hist bins=60 range=(-4.04,-3.68) mean=-4.02 p50=-4.04 p05=-4.04 p95=-3.76
  [diag] sat-dist hist bins=60 sat<0.05=0.0% mean=0.660 p10=0.648 p90=0.655
Iter 0001040: train nll 0.752, valid error 100.000%, best valid error 100.000%, avg grad norm   1.702, avg grad norm (post clip)   0.053, rho_Whh  0.95, Omega  0.00, alpha  0.000, steps in the past 0.000, valid nll 0.680
  [diag] log10|dL/dh_t| hist bins=60 range=(-4.06,-3.67) mean=-4.03 p50=-4.06 p05=-4.06 p95=-3.76
  [diag] sat-dist hist bins=60 sat<0.05=0.0% mean=0.655 p10=0.642 p90=0.649
Iter 0001060: train nll 0.685, valid error 100.000%, best valid error 100.000%, avg grad norm   1.749, avg grad norm (post clip)   0.053, rho_Whh  0.95, Omega  0.00, alpha  0.000, steps in the past 0.000, valid nll 0.663
  [diag] log10|dL/dh_t| hist bins=60 range=(-4.07,-3.67) mean=-4.04 p50=-4.07 p05=-4.07 p95=-3.76
  [diag] sat-dist hist bins=60 sat<0.05=0.0% mean=0.649 p10=0.636 p90=0.643
Iter 0001080: train nll 0.693, valid error 100.000%, best valid error 100.000%, avg grad norm   1.653, avg grad norm (post clip)   0.053, rho_Whh  0.96, Omega  0.00, alpha  0.000, steps in the past 0.000, valid nll 0.646
  [diag] log10|dL/dh_t| hist bins=60 range=(-4.08,-3.66) mean=-4.05 p50=-4.08 p05=-4.08 p95=-3.76
  [diag] sat-dist hist bins=60 sat<0.05=0.0% mean=0.643 p10=0.630 p90=0.636
Iter 0001100: train nll 0.696, valid error 100.000%, best valid error 100.000%, avg grad norm   1.573, avg grad norm (post clip)   0.053, rho_Whh  0.97, Omega  0.00, alpha  0.000, steps in the past 0.000, valid nll 0.629
  [diag] log10|dL/dh_t| hist bins=60 range=(-4.10,-3.66) mean=-4.06 p50=-4.10 p05=-4.10 p95=-3.76
  [diag] sat-dist hist bins=60 sat<0.05=0.0% mean=0.638 p10=0.625 p90=0.630
Iter 0001120: train nll 0.703, valid error 100.000%, best valid error 100.000%, avg grad norm   1.483, avg grad norm (post clip)   0.053, rho_Whh  0.97, Omega  0.00, alpha  0.000, steps in the past 0.000, valid nll 0.613
  [diag] log10|dL/dh_t| hist bins=60 range=(-4.11,-3.65) mean=-4.07 p50=-4.11 p05=-4.11 p95=-3.76
  [diag] sat-dist hist bins=60 sat<0.05=0.0% mean=0.632 p10=0.619 p90=0.625
Iter 0001140: train nll 0.640, valid error 100.000%, best valid error 100.000%, avg grad norm   1.511, avg grad norm (post clip)   0.053, rho_Whh  0.98, Omega  0.00, alpha  0.000, steps in the past 0.000, valid nll 0.597
  [diag] log10|dL/dh_t| hist bins=60 range=(-4.12,-3.65) mean=-4.09 p50=-4.12 p05=-4.12 p95=-3.76
  [diag] sat-dist hist bins=60 sat<0.05=0.0% mean=0.627 p10=0.613 p90=0.619
Iter 0001160: train nll 0.607, valid error 100.000%, best valid error 100.000%, avg grad norm   1.489, avg grad norm (post clip)   0.053, rho_Whh  0.98, Omega  0.00, alpha  0.000, steps in the past 0.000, valid nll 0.582
  [diag] log10|dL/dh_t| hist bins=60 range=(-4.14,-3.64) mean=-4.10 p50=-4.14 p05=-4.14 p95=-3.76
  [diag] sat-dist hist bins=60 sat<0.05=0.0% mean=0.621 p10=0.608 p90=0.613
Iter 0001180: train nll 0.617, valid error 100.000%, best valid error 100.000%, avg grad norm   1.395, avg grad norm (post clip)   0.053, rho_Whh  0.99, Omega  0.00, alpha  0.000, steps in the past 0.000, valid nll 0.567
  [diag] log10|dL/dh_t| hist bins=60 range=(-4.15,-3.64) mean=-4.11 p50=-4.15 p05=-4.15 p95=-3.76
  [diag] sat-dist hist bins=60 sat<0.05=0.0% mean=0.616 p10=0.602 p90=0.608
Iter 0001200: train nll 0.616, valid error 100.000%, best valid error 100.000%, avg grad norm   1.326, avg grad norm (post clip)   0.053, rho_Whh  1.00, Omega  0.00, alpha  0.000, steps in the past 0.000, valid nll 0.553
  [diag] log10|dL/dh_t| hist bins=60 range=(-4.17,-3.63) mean=-4.13 p50=-4.17 p05=-4.17 p95=-3.76
  [diag] sat-dist hist bins=60 sat<0.05=0.0% mean=0.611 p10=0.597 p90=0.602
Iter 0001220: train nll 0.591, valid error 100.000%, best valid error 100.000%, avg grad norm   1.288, avg grad norm (post clip)   0.053, rho_Whh  1.00, Omega  0.00, alpha  0.000, steps in the past 0.000, valid nll 0.540
  [diag] log10|dL/dh_t| hist bins=60 range=(-4.18,-3.63) mean=-4.14 p50=-4.18 p05=-4.18 p95=-3.76
  [diag] sat-dist hist bins=60 sat<0.05=0.0% mean=0.605 p10=0.592 p90=0.597
Iter 0001240: train nll 0.591, valid error 100.000%, best valid error 100.000%, avg grad norm   1.219, avg grad norm (post clip)   0.053, rho_Whh  1.01, Omega  0.00, alpha  0.000, steps in the past 0.000, valid nll 0.527
  [diag] log10|dL/dh_t| hist bins=60 range=(-4.20,-3.63) mean=-4.15 p50=-4.20 p05=-4.20 p95=-3.76
  [diag] sat-dist hist bins=60 sat<0.05=0.0% mean=0.600 p10=0.587 p90=0.591
Iter 0001260: train nll 0.570, valid error 100.000%, best valid error 100.000%, avg grad norm   1.179, avg grad norm (post clip)   0.053, rho_Whh  1.01, Omega  0.00, alpha  0.000, steps in the past 0.000, valid nll 0.515
  [diag] log10|dL/dh_t| hist bins=60 range=(-4.21,-3.62) mean=-4.17 p50=-4.21 p05=-4.21 p95=-3.75
  [diag] sat-dist hist bins=60 sat<0.05=0.0% mean=0.595 p10=0.582 p90=0.586
Iter 0001280: train nll 0.574, valid error 100.000%, best valid error 100.000%, avg grad norm   1.105, avg grad norm (post clip)   0.053, rho_Whh  1.02, Omega  0.00, alpha  0.000, steps in the past 0.000, valid nll 0.503
  [diag] log10|dL/dh_t| hist bins=60 range=(-4.23,-3.62) mean=-4.18 p50=-4.23 p05=-4.23 p95=-3.75
  [diag] sat-dist hist bins=60 sat<0.05=0.0% mean=0.590 p10=0.577 p90=0.581
Iter 0001300: train nll 0.540, valid error 100.000%, best valid error 100.000%, avg grad norm   1.085, avg grad norm (post clip)   0.053, rho_Whh  1.03, Omega  0.00, alpha  0.000, steps in the past 0.000, valid nll 0.491
  [diag] log10|dL/dh_t| hist bins=60 range=(-4.25,-3.61) mean=-4.20 p50=-4.25 p05=-4.25 p95=-3.75
  [diag] sat-dist hist bins=60 sat<0.05=0.0% mean=0.585 p10=0.572 p90=0.576
Iter 0001320: train nll 0.554, valid error 100.000%, best valid error 100.000%, avg grad norm   1.004, avg grad norm (post clip)   0.053, rho_Whh  1.03, Omega  0.00, alpha  0.000, steps in the past 0.000, valid nll 0.481
  [diag] log10|dL/dh_t| hist bins=60 range=(-4.26,-3.61) mean=-4.21 p50=-4.26 p05=-4.26 p95=-3.75
  [diag] sat-dist hist bins=60 sat<0.05=0.0% mean=0.580 p10=0.567 p90=0.571
Iter 0001340: train nll 0.543, valid error 100.000%, best valid error 100.000%, avg grad norm   0.953, avg grad norm (post clip)   0.053, rho_Whh  1.04, Omega  0.00, alpha  0.000, steps in the past 0.000, valid nll 0.470
  [diag] log10|dL/dh_t| hist bins=60 range=(-4.28,-3.60) mean=-4.23 p50=-4.28 p05=-4.28 p95=-3.75
  [diag] sat-dist hist bins=60 sat<0.05=0.0% mean=0.575 p10=0.562 p90=0.566
Iter 0001360: train nll 0.553, valid error 100.000%, best valid error 100.000%, avg grad norm   0.881, avg grad norm (post clip)   0.053, rho_Whh  1.04, Omega  0.00, alpha  0.000, steps in the past 0.000, valid nll 0.461
  [diag] log10|dL/dh_t| hist bins=60 range=(-4.30,-3.60) mean=-4.24 p50=-4.30 p05=-4.30 p95=-3.75
  [diag] sat-dist hist bins=60 sat<0.05=0.0% mean=0.571 p10=0.557 p90=0.561
Iter 0001380: train nll 0.500, valid error 100.000%, best valid error 100.000%, avg grad norm   0.883, avg grad norm (post clip)   0.053, rho_Whh  1.05, Omega  0.00, alpha  0.000, steps in the past 0.000, valid nll 0.451
  [diag] log10|dL/dh_t| hist bins=60 range=(-4.31,-3.59) mean=-4.26 p50=-4.31 p05=-4.31 p95=-3.75
  [diag] sat-dist hist bins=60 sat<0.05=0.0% mean=0.566 p10=0.552 p90=0.556
Iter 0001400: train nll 0.495, valid error 100.000%, best valid error 100.000%, avg grad norm   0.834, avg grad norm (post clip)   0.053, rho_Whh  1.06, Omega  0.00, alpha  0.000, steps in the past 0.000, valid nll 0.443
  [diag] log10|dL/dh_t| hist bins=60 range=(-4.33,-3.59) mean=-4.28 p50=-4.33 p05=-4.33 p95=-3.75
  [diag] sat-dist hist bins=60 sat<0.05=0.0% mean=0.561 p10=0.548 p90=0.551
Iter 0001420: train nll 0.513, valid error 100.000%, best valid error 100.000%, avg grad norm   0.754, avg grad norm (post clip)   0.053, rho_Whh  1.06, Omega  0.00, alpha  0.000, steps in the past 0.000, valid nll 0.434
  [diag] log10|dL/dh_t| hist bins=60 range=(-4.35,-3.59) mean=-4.29 p50=-4.35 p05=-4.35 p95=-3.75
  [diag] sat-dist hist bins=60 sat<0.05=0.0% mean=0.556 p10=0.543 p90=0.546
Iter 0001440: train nll 0.473, valid error 100.000%, best valid error 100.000%, avg grad norm   0.746, avg grad norm (post clip)   0.053, rho_Whh  1.07, Omega  0.00, alpha  0.000, steps in the past 0.000, valid nll 0.426
  [diag] log10|dL/dh_t| hist bins=60 range=(-4.37,-3.58) mean=-4.31 p50=-4.37 p05=-4.37 p95=-3.75
  [diag] sat-dist hist bins=60 sat<0.05=0.0% mean=0.552 p10=0.538 p90=0.541
Iter 0001460: train nll 0.476, valid error 100.000%, best valid error 100.000%, avg grad norm   0.691, avg grad norm (post clip)   0.053, rho_Whh  1.07, Omega  0.00, alpha  0.000, steps in the past 0.000, valid nll 0.419
  [diag] log10|dL/dh_t| hist bins=60 range=(-4.39,-3.58) mean=-4.33 p50=-4.39 p05=-4.39 p95=-3.75
  [diag] sat-dist hist bins=60 sat<0.05=0.0% mean=0.547 p10=0.534 p90=0.536
Iter 0001480: train nll 0.484, valid error 100.000%, best valid error 100.000%, avg grad norm   0.633, avg grad norm (post clip)   0.053, rho_Whh  1.08, Omega  0.00, alpha  0.000, steps in the past 0.000, valid nll 0.412
  [diag] log10|dL/dh_t| hist bins=60 range=(-4.40,-3.57) mean=-4.34 p50=-4.40 p05=-4.40 p95=-3.75
  [diag] sat-dist hist bins=60 sat<0.05=0.0% mean=0.543 p10=0.530 p90=0.532
Iter 0001500: train nll 0.466, valid error 100.000%, best valid error 100.000%, avg grad norm   0.604, avg grad norm (post clip)   0.053, rho_Whh  1.08, Omega  0.00, alpha  0.000, steps in the past 0.000, valid nll 0.406
  [diag] log10|dL/dh_t| hist bins=60 range=(-4.42,-3.57) mean=-4.36 p50=-4.42 p05=-4.42 p95=-3.75
  [diag] sat-dist hist bins=60 sat<0.05=0.0% mean=0.539 p10=0.525 p90=0.528
Iter 0001520: train nll 0.469, valid error 100.000%, best valid error 100.000%, avg grad norm   0.554, avg grad norm (post clip)   0.053, rho_Whh  1.09, Omega  0.00, alpha  0.000, steps in the past 0.000, valid nll 0.400
  [diag] log10|dL/dh_t| hist bins=60 range=(-4.44,-3.57) mean=-4.38 p50=-4.44 p05=-4.44 p95=-3.75
  [diag] sat-dist hist bins=60 sat<0.05=0.0% mean=0.535 p10=0.521 p90=0.523
Iter 0001540: train nll 0.462, valid error 100.000%, best valid error 100.000%, avg grad norm   0.519, avg grad norm (post clip)   0.053, rho_Whh  1.09, Omega  0.00, alpha  0.000, steps in the past 0.000, valid nll 0.394
  [diag] log10|dL/dh_t| hist bins=60 range=(-4.46,-3.56) mean=-4.39 p50=-4.46 p05=-4.46 p95=-3.75
  [diag] sat-dist hist bins=60 sat<0.05=0.0% mean=0.530 p10=0.517 p90=0.519
Iter 0001560: train nll 0.438, valid error 100.000%, best valid error 100.000%, avg grad norm   0.499, avg grad norm (post clip)   0.053, rho_Whh  1.10, Omega  0.00, alpha  0.000, steps in the past 0.000, valid nll 0.389
  [diag] log10|dL/dh_t| hist bins=60 range=(-4.48,-3.56) mean=-4.41 p50=-4.48 p05=-4.48 p95=-3.75
  [diag] sat-dist hist bins=60 sat<0.05=0.0% mean=0.527 p10=0.513 p90=0.515
Iter 0001580: train nll 0.470, valid error 100.000%, best valid error 100.000%, avg grad norm   0.430, avg grad norm (post clip)   0.053, rho_Whh  1.10, Omega  0.00, alpha  0.000, steps in the past 0.000, valid nll 0.384
  [diag] log10|dL/dh_t| hist bins=60 range=(-4.50,-3.56) mean=-4.43 p50=-4.50 p05=-4.50 p95=-3.75
  [diag] sat-dist hist bins=60 sat<0.05=0.0% mean=0.523 p10=0.509 p90=0.511
Iter 0001600: train nll 0.449, valid error 100.000%, best valid error 100.000%, avg grad norm   0.408, avg grad norm (post clip)   0.053, rho_Whh  1.11, Omega  0.00, alpha  0.000, steps in the past 0.000, valid nll 0.380
  [diag] log10|dL/dh_t| hist bins=60 range=(-4.51,-3.55) mean=-4.44 p50=-4.51 p05=-4.51 p95=-3.75
  [diag] sat-dist hist bins=60 sat<0.05=0.0% mean=0.519 p10=0.506 p90=0.507
Iter 0001620: train nll 0.448, valid error 100.000%, best valid error 100.000%, avg grad norm   0.375, avg grad norm (post clip)   0.053, rho_Whh  1.11, Omega  0.00, alpha  0.000, steps in the past 0.000, valid nll 0.376
  [diag] log10|dL/dh_t| hist bins=60 range=(-4.53,-3.55) mean=-4.46 p50=-4.53 p05=-4.53 p95=-3.75
  [diag] sat-dist hist bins=60 sat<0.05=0.0% mean=0.515 p10=0.502 p90=0.503
Iter 0001640: train nll 0.454, valid error 100.000%, best valid error 100.000%, avg grad norm   0.338, avg grad norm (post clip)   0.053, rho_Whh  1.12, Omega  0.00, alpha  0.000, steps in the past 0.000, valid nll 0.372
  [diag] log10|dL/dh_t| hist bins=60 range=(-4.55,-3.55) mean=-4.47 p50=-4.55 p05=-4.55 p95=-3.75
  [diag] sat-dist hist bins=60 sat<0.05=0.0% mean=0.512 p10=0.499 p90=0.500
Iter 0001660: train nll 0.460, valid error 100.000%, best valid error 100.000%, avg grad norm   0.313, avg grad norm (post clip)   0.053, rho_Whh  1.12, Omega  0.00, alpha  0.000, steps in the past 0.000, valid nll 0.369
  [diag] log10|dL/dh_t| hist bins=60 range=(-4.56,-3.55) mean=-4.49 p50=-4.56 p05=-4.56 p95=-3.75
  [diag] sat-dist hist bins=60 sat<0.05=0.0% mean=0.508 p10=0.496 p90=0.497
Iter 0001680: train nll 0.416, valid error 100.000%, best valid error 100.000%, avg grad norm   0.317, avg grad norm (post clip)   0.053, rho_Whh  1.13, Omega  0.00, alpha  0.000, steps in the past 0.000, valid nll 0.366
  [diag] log10|dL/dh_t| hist bins=60 range=(-4.58,-3.54) mean=-4.50 p50=-4.58 p05=-4.58 p95=-3.75
  [diag] sat-dist hist bins=60 sat<0.05=0.0% mean=0.505 p10=0.493 p90=0.494
Iter 0001700: train nll 0.437, valid error 100.000%, best valid error 100.000%, avg grad norm   0.282, avg grad norm (post clip)   0.053, rho_Whh  1.13, Omega  0.00, alpha  0.000, steps in the past 0.000, valid nll 0.363
  [diag] log10|dL/dh_t| hist bins=60 range=(-4.59,-3.54) mean=-4.51 p50=-4.59 p05=-4.59 p95=-3.75
  [diag] sat-dist hist bins=60 sat<0.05=0.0% mean=0.503 p10=0.490 p90=0.491
Iter 0001720: train nll 0.471, valid error 100.000%, best valid error 100.000%, avg grad norm   0.242, avg grad norm (post clip)   0.053, rho_Whh  1.13, Omega  0.00, alpha  0.000, steps in the past 0.000, valid nll 0.361
  [diag] log10|dL/dh_t| hist bins=60 range=(-4.60,-3.54) mean=-4.53 p50=-4.60 p05=-4.60 p95=-3.76
  [diag] sat-dist hist bins=60 sat<0.05=0.0% mean=0.500 p10=0.488 p90=0.489
Iter 0001740: train nll 0.465, valid error 100.000%, best valid error 100.000%, avg grad norm   0.221, avg grad norm (post clip)   0.053, rho_Whh  1.14, Omega  0.00, alpha  0.000, steps in the past 0.000, valid nll 0.359
  [diag] log10|dL/dh_t| hist bins=60 range=(-4.62,-3.54) mean=-4.54 p50=-4.62 p05=-4.62 p95=-3.76
  [diag] sat-dist hist bins=60 sat<0.05=0.0% mean=0.498 p10=0.485 p90=0.486
Iter 0001760: train nll 0.422, valid error 100.000%, best valid error 100.000%, avg grad norm   0.239, avg grad norm (post clip)   0.053, rho_Whh  1.14, Omega  0.00, alpha  0.000, steps in the past 0.000, valid nll 0.357
  [diag] log10|dL/dh_t| hist bins=60 range=(-4.63,-3.54) mean=-4.55 p50=-4.63 p05=-4.63 p95=-3.76
  [diag] sat-dist hist bins=60 sat<0.05=0.0% mean=0.495 p10=0.483 p90=0.484
Iter 0001780: train nll 0.437, valid error 100.000%, best valid error 100.000%, avg grad norm   0.214, avg grad norm (post clip)   0.053, rho_Whh  1.14, Omega  0.00, alpha  0.000, steps in the past 0.000, valid nll 0.355
  [diag] log10|dL/dh_t| hist bins=60 range=(-4.64,-3.54) mean=-4.56 p50=-4.64 p05=-4.64 p95=-3.76
  [diag] sat-dist hist bins=60 sat<0.05=0.0% mean=0.493 p10=0.481 p90=0.482
Iter 0001800: train nll 0.441, valid error 100.000%, best valid error 100.000%, avg grad norm   0.218, avg grad norm (post clip)   0.053, rho_Whh  1.14, Omega  0.00, alpha  0.000, steps in the past 0.000, valid nll 0.354
  [diag] log10|dL/dh_t| hist bins=60 range=(-4.65,-3.54) mean=-4.57 p50=-4.65 p05=-4.65 p95=-3.76
  [diag] sat-dist hist bins=60 sat<0.05=0.0% mean=0.491 p10=0.479 p90=0.480
Iter 0001820: train nll 0.440, valid error 100.000%, best valid error 100.000%, avg grad norm   0.210, avg grad norm (post clip)   0.053, rho_Whh  1.15, Omega  0.00, alpha  0.000, steps in the past 0.000, valid nll 0.352
  [diag] log10|dL/dh_t| hist bins=60 range=(-4.66,-3.53) mean=-4.58 p50=-4.66 p05=-4.66 p95=-3.76
  [diag] sat-dist hist bins=60 sat<0.05=0.0% mean=0.490 p10=0.478 p90=0.478
Iter 0001840: train nll 0.440, valid error 100.000%, best valid error 100.000%, avg grad norm   0.181, avg grad norm (post clip)   0.053, rho_Whh  1.15, Omega  0.00, alpha  0.000, steps in the past 0.000, valid nll 0.351
  [diag] log10|dL/dh_t| hist bins=60 range=(-4.67,-3.53) mean=-4.59 p50=-4.67 p05=-4.67 p95=-3.76
  [diag] sat-dist hist bins=60 sat<0.05=0.0% mean=0.488 p10=0.476 p90=0.477
Iter 0001860: train nll 0.443, valid error 100.000%, best valid error 100.000%, avg grad norm   0.178, avg grad norm (post clip)   0.053, rho_Whh  1.15, Omega  0.00, alpha  0.000, steps in the past 0.000, valid nll 0.350
  [diag] log10|dL/dh_t| hist bins=60 range=(-4.67,-3.53) mean=-4.60 p50=-4.67 p05=-4.67 p95=-3.77
  [diag] sat-dist hist bins=60 sat<0.05=0.0% mean=0.486 p10=0.475 p90=0.475
Iter 0001880: train nll 0.426, valid error 100.000%, best valid error 100.000%, avg grad norm   0.162, avg grad norm (post clip)   0.053, rho_Whh  1.15, Omega  0.00, alpha  0.000, steps in the past 0.000, valid nll 0.349
  [diag] log10|dL/dh_t| hist bins=60 range=(-4.68,-3.53) mean=-4.60 p50=-4.68 p05=-4.68 p95=-3.77
  [diag] sat-dist hist bins=60 sat<0.05=0.0% mean=0.485 p10=0.473 p90=0.474
Iter 0001900: train nll 0.435, valid error 100.000%, best valid error 100.000%, avg grad norm   0.170, avg grad norm (post clip)   0.053, rho_Whh  1.15, Omega  0.00, alpha  0.000, steps in the past 0.000, valid nll 0.348
  [diag] log10|dL/dh_t| hist bins=60 range=(-4.69,-3.53) mean=-4.61 p50=-4.69 p05=-4.69 p95=-3.77
  [diag] sat-dist hist bins=60 sat<0.05=0.0% mean=0.483 p10=0.471 p90=0.472
Iter 0001920: train nll 0.405, valid error 100.000%, best valid error 100.000%, avg grad norm   0.163, avg grad norm (post clip)   0.053, rho_Whh  1.16, Omega  0.00, alpha  0.000, steps in the past 0.000, valid nll 0.347
  [diag] log10|dL/dh_t| hist bins=60 range=(-4.69,-3.53) mean=-4.61 p50=-4.69 p05=-4.69 p95=-3.77
  [diag] sat-dist hist bins=60 sat<0.05=0.0% mean=0.483 p10=0.471 p90=0.472
Iter 0001940: train nll 0.488, valid error 100.000%, best valid error 100.000%, avg grad norm   0.178, avg grad norm (post clip)   0.053, rho_Whh  1.16, Omega  0.00, alpha  0.000, steps in the past 0.000, valid nll 0.347
  [diag] log10|dL/dh_t| hist bins=60 range=(-4.70,-3.53) mean=-4.62 p50=-4.70 p05=-4.70 p95=-3.77
  [diag] sat-dist hist bins=60 sat<0.05=0.0% mean=0.482 p10=0.470 p90=0.471
Iter 0001960: train nll 0.432, valid error 100.000%, best valid error 100.000%, avg grad norm   0.169, avg grad norm (post clip)   0.053, rho_Whh  1.16, Omega  0.00, alpha  0.000, steps in the past 0.000, valid nll 0.346
  [diag] log10|dL/dh_t| hist bins=60 range=(-4.71,-3.53) mean=-4.63 p50=-4.71 p05=-4.71 p95=-3.77
  [diag] sat-dist hist bins=60 sat<0.05=0.0% mean=0.480 p10=0.469 p90=0.470
Iter 0001980: train nll 0.401, valid error 100.000%, best valid error 100.000%, avg grad norm   0.157, avg grad norm (post clip)   0.053, rho_Whh  1.16, Omega  0.00, alpha  0.000, steps in the past 0.000, valid nll 0.345
  [diag] log10|dL/dh_t| hist bins=60 range=(-4.72,-3.53) mean=-4.64 p50=-4.72 p05=-4.72 p95=-3.78
  [diag] sat-dist hist bins=60 sat<0.05=0.0% mean=0.478 p10=0.467 p90=0.468
Iter 0002000: train nll 0.389, valid error 100.000%, best valid error 100.000%, avg grad norm   0.142, avg grad norm (post clip)   0.053, rho_Whh  1.16, Omega  0.00, alpha  0.000, steps in the past 0.000, valid nll 0.345
  [diag] log10|dL/dh_t| hist bins=60 range=(-4.72,-3.53) mean=-4.64 p50=-4.72 p05=-4.72 p95=-3.78
  [diag] sat-dist hist bins=60 sat<0.05=0.0% mean=0.477 p10=0.466 p90=0.467
Iter 0002020: train nll 0.403, valid error 100.000%, best valid error 100.000%, avg grad norm   0.140, avg grad norm (post clip)   0.053, rho_Whh  1.16, Omega  0.00, alpha  0.000, steps in the past 0.000, valid nll 0.344
  [diag] log10|dL/dh_t| hist bins=60 range=(-4.73,-3.53) mean=-4.65 p50=-4.73 p05=-4.73 p95=-3.78
  [diag] sat-dist hist bins=60 sat<0.05=0.0% mean=0.476 p10=0.465 p90=0.466
Iter 0002040: train nll 0.415, valid error 100.000%, best valid error 100.000%, avg grad norm   0.135, avg grad norm (post clip)   0.053, rho_Whh  1.16, Omega  0.00, alpha  0.000, steps in the past 0.000, valid nll 0.343
  [diag] log10|dL/dh_t| hist bins=60 range=(-4.73,-3.53) mean=-4.65 p50=-4.73 p05=-4.73 p95=-3.78
  [diag] sat-dist hist bins=60 sat<0.05=0.0% mean=0.476 p10=0.465 p90=0.465
Iter 0002060: train nll 0.416, valid error 100.000%, best valid error 100.000%, avg grad norm   0.151, avg grad norm (post clip)   0.053, rho_Whh  1.16, Omega  0.00, alpha  0.000, steps in the past 0.000, valid nll 0.343
  [diag] log10|dL/dh_t| hist bins=60 range=(-4.73,-3.53) mean=-4.65 p50=-4.73 p05=-4.73 p95=-3.78
  [diag] sat-dist hist bins=60 sat<0.05=0.0% mean=0.476 p10=0.465 p90=0.466
Iter 0002080: train nll 0.456, valid error 100.000%, best valid error 100.000%, avg grad norm   0.143, avg grad norm (post clip)   0.053, rho_Whh  1.16, Omega  0.00, alpha  0.000, steps in the past 0.000, valid nll 0.343
  [diag] log10|dL/dh_t| hist bins=60 range=(-4.73,-3.53) mean=-4.65 p50=-4.73 p05=-4.73 p95=-3.79
  [diag] sat-dist hist bins=60 sat<0.05=0.0% mean=0.476 p10=0.465 p90=0.466
Iter 0002100: train nll 0.454, valid error 100.000%, best valid error 100.000%, avg grad norm   0.166, avg grad norm (post clip)   0.053, rho_Whh  1.16, Omega  0.00, alpha  0.000, steps in the past 0.000, valid nll 0.342
  [diag] log10|dL/dh_t| hist bins=60 range=(-4.73,-3.53) mean=-4.65 p50=-4.73 p05=-4.73 p95=-3.79
  [diag] sat-dist hist bins=60 sat<0.05=0.0% mean=0.475 p10=0.464 p90=0.465
Iter 0002120: train nll 0.403, valid error 100.000%, best valid error 100.000%, avg grad norm   0.115, avg grad norm (post clip)   0.053, rho_Whh  1.16, Omega  0.00, alpha  0.000, steps in the past 0.000, valid nll 0.342
  [diag] log10|dL/dh_t| hist bins=60 range=(-4.74,-3.53) mean=-4.66 p50=-4.74 p05=-4.74 p95=-3.79
  [diag] sat-dist hist bins=60 sat<0.05=0.0% mean=0.473 p10=0.463 p90=0.463
Iter 0002140: train nll 0.372, valid error 100.000%, best valid error 100.000%, avg grad norm   0.131, avg grad norm (post clip)   0.053, rho_Whh  1.17, Omega  0.00, alpha  0.000, steps in the past 0.000, valid nll 0.341
  [diag] log10|dL/dh_t| hist bins=60 range=(-4.75,-3.53) mean=-4.67 p50=-4.75 p05=-4.75 p95=-3.79
  [diag] sat-dist hist bins=60 sat<0.05=0.0% mean=0.472 p10=0.462 p90=0.462
Iter 0002160: train nll 0.391, valid error 100.000%, best valid error 100.000%, avg grad norm   0.136, avg grad norm (post clip)   0.053, rho_Whh  1.17, Omega  0.00, alpha  0.000, steps in the past 0.000, valid nll 0.341
  [diag] log10|dL/dh_t| hist bins=60 range=(-4.76,-3.53) mean=-4.67 p50=-4.76 p05=-4.76 p95=-3.79
  [diag] sat-dist hist bins=60 sat<0.05=0.0% mean=0.471 p10=0.461 p90=0.461
Iter 0002180: train nll 0.388, valid error 100.000%, best valid error 100.000%, avg grad norm   0.129, avg grad norm (post clip)   0.053, rho_Whh  1.17, Omega  0.00, alpha  0.000, steps in the past 0.000, valid nll 0.340
  [diag] log10|dL/dh_t| hist bins=60 range=(-4.76,-3.53) mean=-4.67 p50=-4.76 p05=-4.76 p95=-3.80
  [diag] sat-dist hist bins=60 sat<0.05=0.0% mean=0.471 p10=0.461 p90=0.461
Iter 0002200: train nll 0.406, valid error 100.000%, best valid error 100.000%, avg grad norm   0.127, avg grad norm (post clip)   0.053, rho_Whh  1.17, Omega  0.00, alpha  0.000, steps in the past 0.000, valid nll 0.340
  [diag] log10|dL/dh_t| hist bins=60 range=(-4.76,-3.53) mean=-4.68 p50=-4.76 p05=-4.76 p95=-3.80
  [diag] sat-dist hist bins=60 sat<0.05=0.0% mean=0.470 p10=0.460 p90=0.460
Iter 0002220: train nll 0.395, valid error 100.000%, best valid error 100.000%, avg grad norm   0.134, avg grad norm (post clip)   0.053, rho_Whh  1.17, Omega  0.00, alpha  0.000, steps in the past 0.000, valid nll 0.340
  [diag] log10|dL/dh_t| hist bins=60 range=(-4.76,-3.53) mean=-4.68 p50=-4.76 p05=-4.76 p95=-3.80
  [diag] sat-dist hist bins=60 sat<0.05=0.0% mean=0.470 p10=0.460 p90=0.461
Iter 0002240: train nll 0.434, valid error 100.000%, best valid error 100.000%, avg grad norm   0.128, avg grad norm (post clip)   0.053, rho_Whh  1.17, Omega  0.00, alpha  0.000, steps in the past 0.000, valid nll 0.340
  [diag] log10|dL/dh_t| hist bins=60 range=(-4.75,-3.53) mean=-4.67 p50=-4.75 p05=-4.75 p95=-3.80
  [diag] sat-dist hist bins=60 sat<0.05=0.0% mean=0.470 p10=0.460 p90=0.461
Iter 0002260: train nll 0.436, valid error 100.000%, best valid error 100.000%, avg grad norm   0.144, avg grad norm (post clip)   0.053, rho_Whh  1.17, Omega  0.00, alpha  0.000, steps in the past 0.000, valid nll 0.339
  [diag] log10|dL/dh_t| hist bins=60 range=(-4.75,-3.53) mean=-4.67 p50=-4.75 p05=-4.75 p95=-3.80
  [diag] sat-dist hist bins=60 sat<0.05=0.0% mean=0.471 p10=0.461 p90=0.461
Iter 0002280: train nll 0.438, valid error 100.000%, best valid error 100.000%, avg grad norm   0.147, avg grad norm (post clip)   0.053, rho_Whh  1.17, Omega  0.00, alpha  0.000, steps in the past 0.000, valid nll 0.339
  [diag] log10|dL/dh_t| hist bins=60 range=(-4.75,-3.53) mean=-4.67 p50=-4.75 p05=-4.75 p95=-3.81
  [diag] sat-dist hist bins=60 sat<0.05=0.0% mean=0.470 p10=0.460 p90=0.460
Iter 0002300: train nll 0.409, valid error 100.000%, best valid error 100.000%, avg grad norm   0.134, avg grad norm (post clip)   0.053, rho_Whh  1.17, Omega  0.00, alpha  0.000, steps in the past 0.000, valid nll 0.339
  [diag] log10|dL/dh_t| hist bins=60 range=(-4.75,-3.53) mean=-4.67 p50=-4.75 p05=-4.75 p95=-3.81
  [diag] sat-dist hist bins=60 sat<0.05=0.0% mean=0.470 p10=0.460 p90=0.461
Iter 0002320: train nll 0.455, valid error 100.000%, best valid error 100.000%, avg grad norm   0.165, avg grad norm (post clip)   0.053, rho_Whh  1.16, Omega  0.00, alpha  0.000, steps in the past 0.000, valid nll 0.339
  [diag] log10|dL/dh_t| hist bins=60 range=(-4.75,-3.53) mean=-4.67 p50=-4.75 p05=-4.75 p95=-3.81
  [diag] sat-dist hist bins=60 sat<0.05=0.0% mean=0.471 p10=0.461 p90=0.461
Iter 0002340: train nll 0.447, valid error 100.000%, best valid error 100.000%, avg grad norm   0.142, avg grad norm (post clip)   0.053, rho_Whh  1.16, Omega  0.00, alpha  0.000, steps in the past 0.000, valid nll 0.339
  [diag] log10|dL/dh_t| hist bins=60 range=(-4.75,-3.53) mean=-4.67 p50=-4.75 p05=-4.75 p95=-3.81
  [diag] sat-dist hist bins=60 sat<0.05=0.0% mean=0.471 p10=0.461 p90=0.461
Iter 0002360: train nll 0.421, valid error 100.000%, best valid error 100.000%, avg grad norm   0.143, avg grad norm (post clip)   0.053, rho_Whh  1.16, Omega  0.00, alpha  0.000, steps in the past 0.000, valid nll 0.339
  [diag] log10|dL/dh_t| hist bins=60 range=(-4.75,-3.53) mean=-4.67 p50=-4.75 p05=-4.75 p95=-3.81
  [diag] sat-dist hist bins=60 sat<0.05=0.0% mean=0.470 p10=0.460 p90=0.460
Iter 0002380: train nll 0.390, valid error 100.000%, best valid error 100.000%, avg grad norm   0.122, avg grad norm (post clip)   0.053, rho_Whh  1.16, Omega  0.00, alpha  0.000, steps in the past 0.000, valid nll 0.338
  [diag] log10|dL/dh_t| hist bins=60 range=(-4.76,-3.53) mean=-4.68 p50=-4.76 p05=-4.76 p95=-3.81
  [diag] sat-dist hist bins=60 sat<0.05=0.0% mean=0.469 p10=0.459 p90=0.460
Iter 0002400: train nll 0.375, valid error 100.000%, best valid error 100.000%, avg grad norm   0.116, avg grad norm (post clip)   0.053, rho_Whh  1.16, Omega  0.00, alpha  0.000, steps in the past 0.000, valid nll 0.338
  [diag] log10|dL/dh_t| hist bins=60 range=(-4.76,-3.53) mean=-4.68 p50=-4.76 p05=-4.76 p95=-3.82
  [diag] sat-dist hist bins=60 sat<0.05=0.0% mean=0.468 p10=0.458 p90=0.459
Iter 0002420: train nll 0.388, valid error 100.000%, best valid error 100.000%, avg grad norm   0.109, avg grad norm (post clip)   0.052, rho_Whh  1.16, Omega  0.00, alpha  0.000, steps in the past 0.000, valid nll 0.338
  [diag] log10|dL/dh_t| hist bins=60 range=(-4.76,-3.53) mean=-4.68 p50=-4.76 p05=-4.76 p95=-3.82
  [diag] sat-dist hist bins=60 sat<0.05=0.0% mean=0.468 p10=0.458 p90=0.459
Iter 0002440: train nll 0.397, valid error 100.000%, best valid error 100.000%, avg grad norm   0.122, avg grad norm (post clip)   0.052, rho_Whh  1.16, Omega  0.00, alpha  0.000, steps in the past 0.000, valid nll 0.337
  [diag] log10|dL/dh_t| hist bins=60 range=(-4.77,-3.53) mean=-4.69 p50=-4.77 p05=-4.77 p95=-3.82
  [diag] sat-dist hist bins=60 sat<0.05=0.0% mean=0.467 p10=0.457 p90=0.458
Iter 0002460: train nll 0.361, valid error 100.000%, best valid error 100.000%, avg grad norm   0.103, avg grad norm (post clip)   0.052, rho_Whh  1.17, Omega  0.00, alpha  0.000, steps in the past 0.000, valid nll 0.337
  [diag] log10|dL/dh_t| hist bins=60 range=(-4.77,-3.53) mean=-4.69 p50=-4.77 p05=-4.77 p95=-3.82
  [diag] sat-dist hist bins=60 sat<0.05=0.0% mean=0.466 p10=0.456 p90=0.457
Iter 0002480: train nll 0.364, valid error 100.000%, best valid error 100.000%, avg grad norm   0.101, avg grad norm (post clip)   0.052, rho_Whh  1.17, Omega  0.00, alpha  0.000, steps in the past 0.000, valid nll 0.337
  [diag] log10|dL/dh_t| hist bins=60 range=(-4.77,-3.53) mean=-4.69 p50=-4.77 p05=-4.77 p95=-3.82
  [diag] sat-dist hist bins=60 sat<0.05=0.0% mean=0.467 p10=0.457 p90=0.458
Iter 0002500: train nll 0.438, valid error 100.000%, best valid error 100.000%, avg grad norm   0.139, avg grad norm (post clip)   0.052, rho_Whh  1.16, Omega  0.00, alpha  0.000, steps in the past 0.000, valid nll 0.337
  [diag] log10|dL/dh_t| hist bins=60 range=(-4.76,-3.53) mean=-4.68 p50=-4.76 p05=-4.76 p95=-3.83
  [diag] sat-dist hist bins=60 sat<0.05=0.0% mean=0.467 p10=0.458 p90=0.458
Iter 0002520: train nll 0.413, valid error 100.000%, best valid error 100.000%, avg grad norm   0.127, avg grad norm (post clip)   0.052, rho_Whh  1.16, Omega  0.00, alpha  0.000, steps in the past 0.000, valid nll 0.337
  [diag] log10|dL/dh_t| hist bins=60 range=(-4.76,-3.53) mean=-4.68 p50=-4.76 p05=-4.76 p95=-3.83
  [diag] sat-dist hist bins=60 sat<0.05=0.0% mean=0.468 p10=0.458 p90=0.459
Iter 0002540: train nll 0.438, valid error 100.000%, best valid error 100.000%, avg grad norm   0.149, avg grad norm (post clip)   0.052, rho_Whh  1.16, Omega  0.00, alpha  0.000, steps in the past 0.000, valid nll 0.337
  [diag] log10|dL/dh_t| hist bins=60 range=(-4.77,-3.53) mean=-4.69 p50=-4.77 p05=-4.77 p95=-3.83
  [diag] sat-dist hist bins=60 sat<0.05=0.0% mean=0.467 p10=0.457 p90=0.458
Iter 0002560: train nll 0.364, valid error 100.000%, best valid error 100.000%, avg grad norm   0.105, avg grad norm (post clip)   0.052, rho_Whh  1.16, Omega  0.00, alpha  0.000, steps in the past 0.000, valid nll 0.336
  [diag] log10|dL/dh_t| hist bins=60 range=(-4.77,-3.53) mean=-4.69 p50=-4.77 p05=-4.77 p95=-3.83
  [diag] sat-dist hist bins=60 sat<0.05=0.0% mean=0.466 p10=0.457 p90=0.457
Iter 0002580: train nll 0.385, valid error 100.000%, best valid error 100.000%, avg grad norm   0.107, avg grad norm (post clip)   0.051, rho_Whh  1.16, Omega  0.00, alpha  0.000, steps in the past 0.000, valid nll 0.336
  [diag] log10|dL/dh_t| hist bins=60 range=(-4.77,-3.53) mean=-4.69 p50=-4.77 p05=-4.77 p95=-3.83
  [diag] sat-dist hist bins=60 sat<0.05=0.0% mean=0.466 p10=0.457 p90=0.457
Iter 0002600: train nll 0.408, valid error 100.000%, best valid error 100.000%, avg grad norm   0.128, avg grad norm (post clip)   0.052, rho_Whh  1.16, Omega  0.00, alpha  0.000, steps in the past 0.000, valid nll 0.336
  [diag] log10|dL/dh_t| hist bins=60 range=(-4.77,-3.53) mean=-4.69 p50=-4.77 p05=-4.77 p95=-3.83
  [diag] sat-dist hist bins=60 sat<0.05=0.0% mean=0.466 p10=0.457 p90=0.457
Iter 0002620: train nll 0.381, valid error 100.000%, best valid error 100.000%, avg grad norm   0.092, avg grad norm (post clip)   0.050, rho_Whh  1.16, Omega  0.00, alpha  0.000, steps in the past 0.000, valid nll 0.336
  [diag] log10|dL/dh_t| hist bins=60 range=(-4.76,-3.53) mean=-4.68 p50=-4.76 p05=-4.76 p95=-3.84
  [diag] sat-dist hist bins=60 sat<0.05=0.0% mean=0.467 p10=0.458 p90=0.458
Iter 0002640: train nll 0.475, valid error 100.000%, best valid error 100.000%, avg grad norm   0.193, avg grad norm (post clip)   0.052, rho_Whh  1.16, Omega  0.00, alpha  0.000, steps in the past 0.000, valid nll 0.336
  [diag] log10|dL/dh_t| hist bins=60 range=(-4.77,-3.53) mean=-4.69 p50=-4.77 p05=-4.77 p95=-3.84
  [diag] sat-dist hist bins=60 sat<0.05=0.0% mean=0.466 p10=0.457 p90=0.458
Iter 0002660: train nll 0.398, valid error 100.000%, best valid error 100.000%, avg grad norm   0.122, avg grad norm (post clip)   0.052, rho_Whh  1.16, Omega  0.00, alpha  0.000, steps in the past 0.000, valid nll 0.335
  [diag] log10|dL/dh_t| hist bins=60 range=(-4.76,-3.53) mean=-4.69 p50=-4.76 p05=-4.76 p95=-3.84
  [diag] sat-dist hist bins=60 sat<0.05=0.0% mean=0.467 p10=0.458 p90=0.458
Iter 0002680: train nll 0.424, valid error 100.000%, best valid error 100.000%, avg grad norm   0.145, avg grad norm (post clip)   0.052, rho_Whh  1.16, Omega  0.00, alpha  0.000, steps in the past 0.000, valid nll 0.335
  [diag] log10|dL/dh_t| hist bins=60 range=(-4.76,-3.53) mean=-4.68 p50=-4.76 p05=-4.76 p95=-3.84
  [diag] sat-dist hist bins=60 sat<0.05=0.0% mean=0.467 p10=0.458 p90=0.458
Iter 0002700: train nll 0.425, valid error 100.000%, best valid error 100.000%, avg grad norm   0.132, avg grad norm (post clip)   0.051, rho_Whh  1.16, Omega  0.00, alpha  0.000, steps in the past 0.000, valid nll 0.335
  [diag] log10|dL/dh_t| hist bins=60 range=(-4.75,-3.53) mean=-4.67 p50=-4.75 p05=-4.75 p95=-3.84
  [diag] sat-dist hist bins=60 sat<0.05=0.0% mean=0.468 p10=0.459 p90=0.460
Iter 0002720: train nll 0.496, valid error 100.000%, best valid error 100.000%, avg grad norm   0.210, avg grad norm (post clip)   0.053, rho_Whh  1.16, Omega  0.00, alpha  0.000, steps in the past 0.000, valid nll 0.335
  [diag] log10|dL/dh_t| hist bins=60 range=(-4.75,-3.53) mean=-4.67 p50=-4.75 p05=-4.75 p95=-3.84
  [diag] sat-dist hist bins=60 sat<0.05=0.0% mean=0.469 p10=0.460 p90=0.460
Iter 0002740: train nll 0.424, valid error 100.000%, best valid error 100.000%, avg grad norm   0.140, avg grad norm (post clip)   0.052, rho_Whh  1.16, Omega  0.00, alpha  0.000, steps in the past 0.000, valid nll 0.335
  [diag] log10|dL/dh_t| hist bins=60 range=(-4.75,-3.53) mean=-4.67 p50=-4.75 p05=-4.75 p95=-3.85
  [diag] sat-dist hist bins=60 sat<0.05=0.0% mean=0.468 p10=0.460 p90=0.460
Iter 0002760: train nll 0.390, valid error 100.000%, best valid error 100.000%, avg grad norm   0.105, avg grad norm (post clip)   0.052, rho_Whh  1.15, Omega  0.00, alpha  0.000, steps in the past 0.000, valid nll 0.335
  [diag] log10|dL/dh_t| hist bins=60 range=(-4.75,-3.53) mean=-4.67 p50=-4.75 p05=-4.75 p95=-3.85
  [diag] sat-dist hist bins=60 sat<0.05=0.0% mean=0.469 p10=0.460 p90=0.461
Iter 0002780: train nll 0.428, valid error 100.000%, best valid error 100.000%, avg grad norm   0.134, avg grad norm (post clip)   0.051, rho_Whh  1.15, Omega  0.00, alpha  0.000, steps in the past 0.000, valid nll 0.335
  [diag] log10|dL/dh_t| hist bins=60 range=(-4.75,-3.53) mean=-4.67 p50=-4.75 p05=-4.75 p95=-3.85
  [diag] sat-dist hist bins=60 sat<0.05=0.0% mean=0.469 p10=0.460 p90=0.461
Iter 0002800: train nll 0.399, valid error 100.000%, best valid error 100.000%, avg grad norm   0.113, avg grad norm (post clip)   0.052, rho_Whh  1.15, Omega  0.00, alpha  0.000, steps in the past 0.000, valid nll 0.335
  [diag] log10|dL/dh_t| hist bins=60 range=(-4.74,-3.53) mean=-4.67 p50=-4.74 p05=-4.74 p95=-3.85
  [diag] sat-dist hist bins=60 sat<0.05=0.0% mean=0.470 p10=0.461 p90=0.461
Iter 0002820: train nll 0.421, valid error 100.000%, best valid error 100.000%, avg grad norm   0.127, avg grad norm (post clip)   0.052, rho_Whh  1.15, Omega  0.00, alpha  0.000, steps in the past 0.000, valid nll 0.335
  [diag] log10|dL/dh_t| hist bins=60 range=(-4.74,-3.53) mean=-4.67 p50=-4.74 p05=-4.74 p95=-3.85
  [diag] sat-dist hist bins=60 sat<0.05=0.0% mean=0.469 p10=0.461 p90=0.461
Iter 0002840: train nll 0.396, valid error 100.000%, best valid error 100.000%, avg grad norm   0.126, avg grad norm (post clip)   0.052, rho_Whh  1.15, Omega  0.00, alpha  0.000, steps in the past 0.000, valid nll 0.335
  [diag] log10|dL/dh_t| hist bins=60 range=(-4.74,-3.53) mean=-4.66 p50=-4.74 p05=-4.74 p95=-3.85
  [diag] sat-dist hist bins=60 sat<0.05=0.0% mean=0.470 p10=0.462 p90=0.462
Iter 0002860: train nll 0.460, valid error 100.000%, best valid error 100.000%, avg grad norm   0.177, avg grad norm (post clip)   0.052, rho_Whh  1.15, Omega  0.00, alpha  0.000, steps in the past 0.000, valid nll 0.335
  [diag] log10|dL/dh_t| hist bins=60 range=(-4.74,-3.53) mean=-4.66 p50=-4.74 p05=-4.74 p95=-3.85
  [diag] sat-dist hist bins=60 sat<0.05=0.0% mean=0.470 p10=0.462 p90=0.462
Iter 0002880: train nll 0.409, valid error 100.000%, best valid error 100.000%, avg grad norm   0.131, avg grad norm (post clip)   0.052, rho_Whh  1.15, Omega  0.00, alpha  0.000, steps in the past 0.000, valid nll 0.335
  [diag] log10|dL/dh_t| hist bins=60 range=(-4.74,-3.53) mean=-4.66 p50=-4.74 p05=-4.74 p95=-3.86
  [diag] sat-dist hist bins=60 sat<0.05=0.0% mean=0.470 p10=0.462 p90=0.462
Iter 0002900: train nll 0.434, valid error 100.000%, best valid error 100.000%, avg grad norm   0.162, avg grad norm (post clip)   0.053, rho_Whh  1.15, Omega  0.00, alpha  0.000, steps in the past 0.000, valid nll 0.335
  [diag] log10|dL/dh_t| hist bins=60 range=(-4.74,-3.53) mean=-4.66 p50=-4.74 p05=-4.74 p95=-3.86
  [diag] sat-dist hist bins=60 sat<0.05=0.0% mean=0.470 p10=0.462 p90=0.462
Iter 0002920: train nll 0.430, valid error 100.000%, best valid error 100.000%, avg grad norm   0.147, avg grad norm (post clip)   0.052, rho_Whh  1.15, Omega  0.00, alpha  0.000, steps in the past 0.000, valid nll 0.335
  [diag] log10|dL/dh_t| hist bins=60 range=(-4.75,-3.53) mean=-4.67 p50=-4.75 p05=-4.75 p95=-3.86
  [diag] sat-dist hist bins=60 sat<0.05=0.0% mean=0.470 p10=0.461 p90=0.462
Iter 0002940: train nll 0.374, valid error 100.000%, best valid error 100.000%, avg grad norm   0.098, avg grad norm (post clip)   0.052, rho_Whh  1.15, Omega  0.00, alpha  0.000, steps in the past 0.000, valid nll 0.334
  [diag] log10|dL/dh_t| hist bins=60 range=(-4.75,-3.53) mean=-4.67 p50=-4.75 p05=-4.75 p95=-3.86
  [diag] sat-dist hist bins=60 sat<0.05=0.0% mean=0.469 p10=0.461 p90=0.461
Iter 0002960: train nll 0.382, valid error 100.000%, best valid error 100.000%, avg grad norm   0.118, avg grad norm (post clip)   0.052, rho_Whh  1.15, Omega  0.00, alpha  0.000, steps in the past 0.000, valid nll 0.334
  [diag] log10|dL/dh_t| hist bins=60 range=(-4.75,-3.53) mean=-4.67 p50=-4.75 p05=-4.75 p95=-3.86
  [diag] sat-dist hist bins=60 sat<0.05=0.0% mean=0.469 p10=0.461 p90=0.461
Iter 0002980: train nll 0.409, valid error 100.000%, best valid error 100.000%, avg grad norm   0.141, avg grad norm (post clip)   0.052, rho_Whh  1.15, Omega  0.00, alpha  0.000, steps in the past 0.000, valid nll 0.334
  [diag] log10|dL/dh_t| hist bins=60 range=(-4.75,-3.53) mean=-4.68 p50=-4.75 p05=-4.75 p95=-3.86
  [diag] sat-dist hist bins=60 sat<0.05=0.0% mean=0.469 p10=0.461 p90=0.461
Iter 0003000: train nll 0.417, valid error 100.000%, best valid error 100.000%, avg grad norm   0.148, avg grad norm (post clip)   0.052, rho_Whh  1.15, Omega  0.00, alpha  0.000, steps in the past 0.000, valid nll 0.334
  [diag] log10|dL/dh_t| hist bins=60 range=(-4.75,-3.53) mean=-4.68 p50=-4.75 p05=-4.75 p95=-3.87
  [diag] sat-dist hist bins=60 sat<0.05=0.0% mean=0.470 p10=0.461 p90=0.462
Iter 0003020: train nll 0.392, valid error 100.000%, best valid error 100.000%, avg grad norm   0.108, avg grad norm (post clip)   0.050, rho_Whh  1.15, Omega  0.00, alpha  0.000, steps in the past 0.000, valid nll 0.334
  [diag] log10|dL/dh_t| hist bins=60 range=(-4.75,-3.53) mean=-4.68 p50=-4.75 p05=-4.75 p95=-3.87
  [diag] sat-dist hist bins=60 sat<0.05=0.0% mean=0.470 p10=0.461 p90=0.462
Iter 0003040: train nll 0.409, valid error 100.000%, best valid error 100.000%, avg grad norm   0.138, avg grad norm (post clip)   0.052, rho_Whh  1.15, Omega  0.00, alpha  0.000, steps in the past 0.000, valid nll 0.334
  [diag] log10|dL/dh_t| hist bins=60 range=(-4.75,-3.53) mean=-4.68 p50=-4.75 p05=-4.75 p95=-3.87
  [diag] sat-dist hist bins=60 sat<0.05=0.0% mean=0.470 p10=0.461 p90=0.462
Iter 0003060: train nll 0.396, valid error 100.000%, best valid error 100.000%, avg grad norm   0.134, avg grad norm (post clip)   0.052, rho_Whh  1.15, Omega  0.00, alpha  0.000, steps in the past 0.000, valid nll 0.333
  [diag] log10|dL/dh_t| hist bins=60 range=(-4.76,-3.53) mean=-4.68 p50=-4.76 p05=-4.76 p95=-3.87
  [diag] sat-dist hist bins=60 sat<0.05=0.0% mean=0.470 p10=0.461 p90=0.462
Iter 0003080: train nll 0.394, valid error 100.000%, best valid error 100.000%, avg grad norm   0.118, avg grad norm (post clip)   0.052, rho_Whh  1.15, Omega  0.00, alpha  0.000, steps in the past 0.000, valid nll 0.333
  [diag] log10|dL/dh_t| hist bins=60 range=(-4.76,-3.53) mean=-4.68 p50=-4.76 p05=-4.76 p95=-3.87
  [diag] sat-dist hist bins=60 sat<0.05=0.0% mean=0.469 p10=0.461 p90=0.461
Iter 0003100: train nll 0.365, valid error 100.000%, best valid error 100.000%, avg grad norm   0.095, avg grad norm (post clip)   0.049, rho_Whh  1.15, Omega  0.00, alpha  0.000, steps in the past 0.000, valid nll 0.333
  [diag] log10|dL/dh_t| hist bins=60 range=(-4.76,-3.53) mean=-4.68 p50=-4.76 p05=-4.76 p95=-3.87
  [diag] sat-dist hist bins=60 sat<0.05=0.0% mean=0.470 p10=0.462 p90=0.462
Iter 0003120: train nll 0.392, valid error 100.000%, best valid error 100.000%, avg grad norm   0.109, avg grad norm (post clip)   0.052, rho_Whh  1.15, Omega  0.00, alpha  0.000, steps in the past 0.000, valid nll 0.333
  [diag] log10|dL/dh_t| hist bins=60 range=(-4.75,-3.53) mean=-4.68 p50=-4.75 p05=-4.75 p95=-3.87
  [diag] sat-dist hist bins=60 sat<0.05=0.0% mean=0.470 p10=0.462 p90=0.463
Iter 0003140: train nll 0.416, valid error 100.000%, best valid error 100.000%, avg grad norm   0.127, avg grad norm (post clip)   0.050, rho_Whh  1.14, Omega  0.00, alpha  0.000, steps in the past 0.000, valid nll 0.333
  [diag] log10|dL/dh_t| hist bins=60 range=(-4.75,-3.53) mean=-4.67 p50=-4.75 p05=-4.75 p95=-3.88
  [diag] sat-dist hist bins=60 sat<0.05=0.0% mean=0.471 p10=0.463 p90=0.464
Iter 0003160: train nll 0.433, valid error 100.000%, best valid error 100.000%, avg grad norm   0.146, avg grad norm (post clip)   0.052, rho_Whh  1.14, Omega  0.00, alpha  0.000, steps in the past 0.000, valid nll 0.333
  [diag] log10|dL/dh_t| hist bins=60 range=(-4.75,-3.53) mean=-4.67 p50=-4.75 p05=-4.75 p95=-3.88
  [diag] sat-dist hist bins=60 sat<0.05=0.0% mean=0.472 p10=0.464 p90=0.464
Iter 0003180: train nll 0.393, valid error 100.000%, best valid error 100.000%, avg grad norm   0.117, avg grad norm (post clip)   0.052, rho_Whh  1.14, Omega  0.00, alpha  0.000, steps in the past 0.000, valid nll 0.333
  [diag] log10|dL/dh_t| hist bins=60 range=(-4.76,-3.53) mean=-4.68 p50=-4.76 p05=-4.76 p95=-3.88
  [diag] sat-dist hist bins=60 sat<0.05=0.0% mean=0.470 p10=0.462 p90=0.462
Iter 0003200: train nll 0.344, valid error 100.000%, best valid error 100.000%, avg grad norm   0.107, avg grad norm (post clip)   0.051, rho_Whh  1.14, Omega  0.00, alpha  0.000, steps in the past 0.000, valid nll 0.333
  [diag] log10|dL/dh_t| hist bins=60 range=(-4.76,-3.53) mean=-4.69 p50=-4.76 p05=-4.76 p95=-3.88
  [diag] sat-dist hist bins=60 sat<0.05=0.0% mean=0.470 p10=0.462 p90=0.463
Iter 0003220: train nll 0.387, valid error 100.000%, best valid error 100.000%, avg grad norm   0.106, avg grad norm (post clip)   0.050, rho_Whh  1.14, Omega  0.00, alpha  0.000, steps in the past 0.000, valid nll 0.333
  [diag] log10|dL/dh_t| hist bins=60 range=(-4.76,-3.53) mean=-4.69 p50=-4.76 p05=-4.76 p95=-3.88
  [diag] sat-dist hist bins=60 sat<0.05=0.0% mean=0.470 p10=0.462 p90=0.463
Iter 0003240: train nll 0.424, valid error 100.000%, best valid error 100.000%, avg grad norm   0.168, avg grad norm (post clip)   0.050, rho_Whh  1.14, Omega  0.00, alpha  0.000, steps in the past 0.000, valid nll 0.332
  [diag] log10|dL/dh_t| hist bins=60 range=(-4.76,-3.53) mean=-4.68 p50=-4.76 p05=-4.76 p95=-3.88
  [diag] sat-dist hist bins=60 sat<0.05=0.0% mean=0.471 p10=0.464 p90=0.464
Iter 0003260: train nll 0.442, valid error 100.000%, best valid error 100.000%, avg grad norm   0.151, avg grad norm (post clip)   0.050, rho_Whh  1.14, Omega  0.00, alpha  0.000, steps in the past 0.000, valid nll 0.333
  [diag] log10|dL/dh_t| hist bins=60 range=(-4.75,-3.53) mean=-4.68 p50=-4.75 p05=-4.75 p95=-3.88
  [diag] sat-dist hist bins=60 sat<0.05=0.0% mean=0.472 p10=0.464 p90=0.464
Iter 0003280: train nll 0.418, valid error 100.000%, best valid error 100.000%, avg grad norm   0.139, avg grad norm (post clip)   0.050, rho_Whh  1.14, Omega  0.00, alpha  0.000, steps in the past 0.000, valid nll 0.332
  [diag] log10|dL/dh_t| hist bins=60 range=(-4.75,-3.53) mean=-4.68 p50=-4.75 p05=-4.75 p95=-3.89
  [diag] sat-dist hist bins=60 sat<0.05=0.0% mean=0.472 p10=0.464 p90=0.465
Iter 0003300: train nll 0.392, valid error 100.000%, best valid error 100.000%, avg grad norm   0.132, avg grad norm (post clip)   0.052, rho_Whh  1.14, Omega  0.00, alpha  0.000, steps in the past 0.000, valid nll 0.332
  [diag] log10|dL/dh_t| hist bins=60 range=(-4.75,-3.53) mean=-4.68 p50=-4.75 p05=-4.75 p95=-3.89
  [diag] sat-dist hist bins=60 sat<0.05=0.0% mean=0.473 p10=0.465 p90=0.465
Iter 0003320: train nll 0.442, valid error 100.000%, best valid error 100.000%, avg grad norm   0.184, avg grad norm (post clip)   0.052, rho_Whh  1.14, Omega  0.00, alpha  0.000, steps in the past 0.000, valid nll 0.332
  [diag] log10|dL/dh_t| hist bins=60 range=(-4.75,-3.53) mean=-4.68 p50=-4.75 p05=-4.75 p95=-3.89
  [diag] sat-dist hist bins=60 sat<0.05=0.0% mean=0.473 p10=0.465 p90=0.465
Iter 0003340: train nll 0.426, valid error 100.000%, best valid error 100.000%, avg grad norm   0.167, avg grad norm (post clip)   0.052, rho_Whh  1.14, Omega  0.00, alpha  0.000, steps in the past 0.000, valid nll 0.332
  [diag] log10|dL/dh_t| hist bins=60 range=(-4.75,-3.53) mean=-4.67 p50=-4.75 p05=-4.75 p95=-3.89
  [diag] sat-dist hist bins=60 sat<0.05=0.0% mean=0.474 p10=0.466 p90=0.466
Iter 0003360: train nll 0.442, valid error 100.000%, best valid error 100.000%, avg grad norm   0.153, avg grad norm (post clip)   0.052, rho_Whh  1.13, Omega  0.00, alpha  0.000, steps in the past 0.000, valid nll 0.332
  [diag] log10|dL/dh_t| hist bins=60 range=(-4.74,-3.53) mean=-4.67 p50=-4.74 p05=-4.74 p95=-3.89
  [diag] sat-dist hist bins=60 sat<0.05=0.0% mean=0.474 p10=0.467 p90=0.467
Iter 0003380: train nll 0.423, valid error 100.000%, best valid error 100.000%, avg grad norm   0.139, avg grad norm (post clip)   0.050, rho_Whh  1.13, Omega  0.00, alpha  0.000, steps in the past 0.000, valid nll 0.332
  [diag] log10|dL/dh_t| hist bins=60 range=(-4.74,-3.53) mean=-4.67 p50=-4.74 p05=-4.74 p95=-3.89
  [diag] sat-dist hist bins=60 sat<0.05=0.0% mean=0.475 p10=0.467 p90=0.468
Iter 0003400: train nll 0.419, valid error 100.000%, best valid error 100.000%, avg grad norm   0.146, avg grad norm (post clip)   0.052, rho_Whh  1.13, Omega  0.00, alpha  0.000, steps in the past 0.000, valid nll 0.332
  [diag] log10|dL/dh_t| hist bins=60 range=(-4.75,-3.53) mean=-4.67 p50=-4.75 p05=-4.75 p95=-3.89
  [diag] sat-dist hist bins=60 sat<0.05=0.0% mean=0.475 p10=0.467 p90=0.467
Iter 0003420: train nll 0.381, valid error 100.000%, best valid error 100.000%, avg grad norm   0.128, avg grad norm (post clip)   0.051, rho_Whh  1.13, Omega  0.00, alpha  0.000, steps in the past 0.000, valid nll 0.332
  [diag] log10|dL/dh_t| hist bins=60 range=(-4.75,-3.53) mean=-4.67 p50=-4.75 p05=-4.75 p95=-3.89
  [diag] sat-dist hist bins=60 sat<0.05=0.0% mean=0.474 p10=0.467 p90=0.467
Iter 0003440: train nll 0.386, valid error 100.000%, best valid error 100.000%, avg grad norm   0.127, avg grad norm (post clip)   0.051, rho_Whh  1.13, Omega  0.00, alpha  0.000, steps in the past 0.000, valid nll 0.332
  [diag] log10|dL/dh_t| hist bins=60 range=(-4.75,-3.53) mean=-4.68 p50=-4.75 p05=-4.75 p95=-3.89
  [diag] sat-dist hist bins=60 sat<0.05=0.0% mean=0.474 p10=0.467 p90=0.467
Iter 0003460: train nll 0.398, valid error 100.000%, best valid error 100.000%, avg grad norm   0.142, avg grad norm (post clip)   0.052, rho_Whh  1.13, Omega  0.00, alpha  0.000, steps in the past 0.000, valid nll 0.332
  [diag] log10|dL/dh_t| hist bins=60 range=(-4.75,-3.53) mean=-4.67 p50=-4.75 p05=-4.75 p95=-3.90
  [diag] sat-dist hist bins=60 sat<0.05=0.0% mean=0.475 p10=0.467 p90=0.468
Iter 0003480: train nll 0.404, valid error 100.000%, best valid error 100.000%, avg grad norm   0.132, avg grad norm (post clip)   0.052, rho_Whh  1.13, Omega  0.00, alpha  0.000, steps in the past 0.000, valid nll 0.332
  [diag] log10|dL/dh_t| hist bins=60 range=(-4.74,-3.53) mean=-4.67 p50=-4.74 p05=-4.74 p95=-3.90
  [diag] sat-dist hist bins=60 sat<0.05=0.0% mean=0.476 p10=0.468 p90=0.469
Iter 0003500: train nll 0.459, valid error 100.000%, best valid error 100.000%, avg grad norm   0.183, avg grad norm (post clip)   0.051, rho_Whh  1.13, Omega  0.00, alpha  0.000, steps in the past 0.000, valid nll 0.332
  [diag] log10|dL/dh_t| hist bins=60 range=(-4.74,-3.53) mean=-4.67 p50=-4.74 p05=-4.74 p95=-3.90
  [diag] sat-dist hist bins=60 sat<0.05=0.0% mean=0.476 p10=0.469 p90=0.469
Iter 0003520: train nll 0.421, valid error 100.000%, best valid error 100.000%, avg grad norm   0.159, avg grad norm (post clip)   0.052, rho_Whh  1.13, Omega  0.00, alpha  0.000, steps in the past 0.000, valid nll 0.332
  [diag] log10|dL/dh_t| hist bins=60 range=(-4.74,-3.53) mean=-4.67 p50=-4.74 p05=-4.74 p95=-3.90
  [diag] sat-dist hist bins=60 sat<0.05=0.0% mean=0.477 p10=0.470 p90=0.470
Iter 0003540: train nll 0.441, valid error 100.000%, best valid error 100.000%, avg grad norm   0.169, avg grad norm (post clip)   0.052, rho_Whh  1.12, Omega  0.00, alpha  0.000, steps in the past 0.000, valid nll 0.332
  [diag] log10|dL/dh_t| hist bins=60 range=(-4.74,-3.53) mean=-4.67 p50=-4.74 p05=-4.74 p95=-3.90
  [diag] sat-dist hist bins=60 sat<0.05=0.0% mean=0.478 p10=0.470 p90=0.470
Iter 0003560: train nll 0.383, valid error 100.000%, best valid error 100.000%, avg grad norm   0.104, avg grad norm (post clip)   0.051, rho_Whh  1.12, Omega  0.00, alpha  0.000, steps in the past 0.000, valid nll 0.332
  [diag] log10|dL/dh_t| hist bins=60 range=(-4.73,-3.53) mean=-4.66 p50=-4.73 p05=-4.73 p95=-3.90
  [diag] sat-dist hist bins=60 sat<0.05=0.0% mean=0.479 p10=0.471 p90=0.472
Iter 0003580: train nll 0.415, valid error 100.000%, best valid error 100.000%, avg grad norm   0.123, avg grad norm (post clip)   0.052, rho_Whh  1.12, Omega  0.00, alpha  0.000, steps in the past 0.000, valid nll 0.332
  [diag] log10|dL/dh_t| hist bins=60 range=(-4.73,-3.53) mean=-4.66 p50=-4.73 p05=-4.73 p95=-3.90
  [diag] sat-dist hist bins=60 sat<0.05=0.0% mean=0.479 p10=0.471 p90=0.472
Iter 0003600: train nll 0.413, valid error 100.000%, best valid error 100.000%, avg grad norm   0.164, avg grad norm (post clip)   0.052, rho_Whh  1.12, Omega  0.00, alpha  0.000, steps in the past 0.000, valid nll 0.332
  [diag] log10|dL/dh_t| hist bins=60 range=(-4.73,-3.53) mean=-4.66 p50=-4.73 p05=-4.73 p95=-3.90
  [diag] sat-dist hist bins=60 sat<0.05=0.0% mean=0.479 p10=0.472 p90=0.472
Iter 0003620: train nll 0.422, valid error 100.000%, best valid error 100.000%, avg grad norm   0.163, avg grad norm (post clip)   0.051, rho_Whh  1.12, Omega  0.00, alpha  0.000, steps in the past 0.000, valid nll 0.332
  [diag] log10|dL/dh_t| hist bins=60 range=(-4.74,-3.53) mean=-4.67 p50=-4.74 p05=-4.74 p95=-3.91
  [diag] sat-dist hist bins=60 sat<0.05=0.0% mean=0.479 p10=0.471 p90=0.471
Iter 0003640: train nll 0.370, valid error 100.000%, best valid error 100.000%, avg grad norm   0.120, avg grad norm (post clip)   0.050, rho_Whh  1.12, Omega  0.00, alpha  0.000, steps in the past 0.000, valid nll 0.331
  [diag] log10|dL/dh_t| hist bins=60 range=(-4.74,-3.53) mean=-4.66 p50=-4.74 p05=-4.74 p95=-3.91
  [diag] sat-dist hist bins=60 sat<0.05=0.0% mean=0.479 p10=0.472 p90=0.472
Iter 0003660: train nll 0.446, valid error 100.000%, best valid error 100.000%, avg grad norm   0.181, avg grad norm (post clip)   0.052, rho_Whh  1.12, Omega  0.00, alpha  0.000, steps in the past 0.000, valid nll 0.331
  [diag] log10|dL/dh_t| hist bins=60 range=(-4.74,-3.53) mean=-4.67 p50=-4.74 p05=-4.74 p95=-3.91
  [diag] sat-dist hist bins=60 sat<0.05=0.0% mean=0.479 p10=0.472 p90=0.472
Iter 0003680: train nll 0.363, valid error 100.000%, best valid error 100.000%, avg grad norm   0.076, avg grad norm (post clip)   0.049, rho_Whh  1.12, Omega  0.00, alpha  0.000, steps in the past 0.000, valid nll 0.331
  [diag] log10|dL/dh_t| hist bins=60 range=(-4.75,-3.53) mean=-4.67 p50=-4.75 p05=-4.75 p95=-3.91
  [diag] sat-dist hist bins=60 sat<0.05=0.0% mean=0.479 p10=0.472 p90=0.472
Iter 0003700: train nll 0.379, valid error 100.000%, best valid error 100.000%, avg grad norm   0.099, avg grad norm (post clip)   0.050, rho_Whh  1.12, Omega  0.00, alpha  0.000, steps in the past 0.000, valid nll 0.331
  [diag] log10|dL/dh_t| hist bins=60 range=(-4.74,-3.53) mean=-4.67 p50=-4.74 p05=-4.74 p95=-3.91
  [diag] sat-dist hist bins=60 sat<0.05=0.0% mean=0.480 p10=0.472 p90=0.473
Iter 0003720: train nll 0.396, valid error 100.000%, best valid error 100.000%, avg grad norm   0.128, avg grad norm (post clip)   0.050, rho_Whh  1.12, Omega  0.00, alpha  0.000, steps in the past 0.000, valid nll 0.331
  [diag] log10|dL/dh_t| hist bins=60 range=(-4.74,-3.53) mean=-4.67 p50=-4.74 p05=-4.74 p95=-3.91
  [diag] sat-dist hist bins=60 sat<0.05=0.0% mean=0.480 p10=0.473 p90=0.473
Iter 0003740: train nll 0.397, valid error 100.000%, best valid error 100.000%, avg grad norm   0.134, avg grad norm (post clip)   0.052, rho_Whh  1.11, Omega  0.00, alpha  0.000, steps in the past 0.000, valid nll 0.331
  [diag] log10|dL/dh_t| hist bins=60 range=(-4.74,-3.53) mean=-4.67 p50=-4.74 p05=-4.74 p95=-3.91
  [diag] sat-dist hist bins=60 sat<0.05=0.0% mean=0.480 p10=0.473 p90=0.473
Iter 0003760: train nll 0.414, valid error 100.000%, best valid error 100.000%, avg grad norm   0.158, avg grad norm (post clip)   0.053, rho_Whh  1.11, Omega  0.00, alpha  0.000, steps in the past 0.000, valid nll 0.331
  [diag] log10|dL/dh_t| hist bins=60 range=(-4.74,-3.53) mean=-4.67 p50=-4.74 p05=-4.74 p95=-3.91
  [diag] sat-dist hist bins=60 sat<0.05=0.0% mean=0.482 p10=0.474 p90=0.475
Iter 0003780: train nll 0.422, valid error 100.000%, best valid error 100.000%, avg grad norm   0.132, avg grad norm (post clip)   0.051, rho_Whh  1.11, Omega  0.00, alpha  0.000, steps in the past 0.000, valid nll 0.331
  [diag] log10|dL/dh_t| hist bins=60 range=(-4.75,-3.52) mean=-4.67 p50=-4.75 p05=-4.75 p95=-3.92
  [diag] sat-dist hist bins=60 sat<0.05=0.0% mean=0.481 p10=0.474 p90=0.474
Iter 0003800: train nll 0.383, valid error 100.000%, best valid error 100.000%, avg grad norm   0.130, avg grad norm (post clip)   0.051, rho_Whh  1.11, Omega  0.00, alpha  0.000, steps in the past 0.000, valid nll 0.331
  [diag] log10|dL/dh_t| hist bins=60 range=(-4.75,-3.52) mean=-4.67 p50=-4.75 p05=-4.75 p95=-3.92
  [diag] sat-dist hist bins=60 sat<0.05=0.0% mean=0.481 p10=0.474 p90=0.475
Iter 0003820: train nll 0.407, valid error 100.000%, best valid error 100.000%, avg grad norm   0.132, avg grad norm (post clip)   0.049, rho_Whh  1.11, Omega  0.00, alpha  0.000, steps in the past 0.000, valid nll 0.330
  [diag] log10|dL/dh_t| hist bins=60 range=(-4.76,-3.52) mean=-4.68 p50=-4.76 p05=-4.76 p95=-3.92
  [diag] sat-dist hist bins=60 sat<0.05=0.0% mean=0.480 p10=0.473 p90=0.473
Iter 0003840: train nll 0.345, valid error 100.000%, best valid error 100.000%, avg grad norm   0.104, avg grad norm (post clip)   0.051, rho_Whh  1.11, Omega  0.00, alpha  0.000, steps in the past 0.000, valid nll 0.330
  [diag] log10|dL/dh_t| hist bins=60 range=(-4.76,-3.52) mean=-4.69 p50=-4.76 p05=-4.76 p95=-3.92
  [diag] sat-dist hist bins=60 sat<0.05=0.0% mean=0.480 p10=0.473 p90=0.473
Iter 0003860: train nll 0.388, valid error 100.000%, best valid error 100.000%, avg grad norm   0.140, avg grad norm (post clip)   0.051, rho_Whh  1.11, Omega  0.00, alpha  0.000, steps in the past 0.000, valid nll 0.330
  [diag] log10|dL/dh_t| hist bins=60 range=(-4.75,-3.52) mean=-4.68 p50=-4.75 p05=-4.75 p95=-3.92
  [diag] sat-dist hist bins=60 sat<0.05=0.0% mean=0.482 p10=0.474 p90=0.475
Iter 0003880: train nll 0.394, valid error 100.000%, best valid error 100.000%, avg grad norm   0.103, avg grad norm (post clip)   0.049, rho_Whh  1.11, Omega  0.00, alpha  0.000, steps in the past 0.000, valid nll 0.330
  [diag] log10|dL/dh_t| hist bins=60 range=(-4.75,-3.52) mean=-4.68 p50=-4.75 p05=-4.75 p95=-3.92
  [diag] sat-dist hist bins=60 sat<0.05=0.0% mean=0.483 p10=0.476 p90=0.476
Iter 0003900: train nll 0.411, valid error 100.000%, best valid error 100.000%, avg grad norm   0.150, avg grad norm (post clip)   0.051, rho_Whh  1.11, Omega  0.00, alpha  0.000, steps in the past 0.000, valid nll 0.330
  [diag] log10|dL/dh_t| hist bins=60 range=(-4.75,-3.52) mean=-4.67 p50=-4.75 p05=-4.75 p95=-3.92
  [diag] sat-dist hist bins=60 sat<0.05=0.0% mean=0.484 p10=0.477 p90=0.477
Iter 0003920: train nll 0.407, valid error 100.000%, best valid error 100.000%, avg grad norm   0.122, avg grad norm (post clip)   0.049, rho_Whh  1.10, Omega  0.00, alpha  0.000, steps in the past 0.000, valid nll 0.330
  [diag] log10|dL/dh_t| hist bins=60 range=(-4.74,-3.52) mean=-4.67 p50=-4.74 p05=-4.74 p95=-3.92
  [diag] sat-dist hist bins=60 sat<0.05=0.0% mean=0.485 p10=0.478 p90=0.478
Iter 0003940: train nll 0.431, valid error 100.000%, best valid error 100.000%, avg grad norm   0.163, avg grad norm (post clip)   0.051, rho_Whh  1.10, Omega  0.00, alpha  0.000, steps in the past 0.000, valid nll 0.330
  [diag] log10|dL/dh_t| hist bins=60 range=(-4.73,-3.52) mean=-4.66 p50=-4.73 p05=-4.73 p95=-3.93
  [diag] sat-dist hist bins=60 sat<0.05=0.0% mean=0.486 p10=0.479 p90=0.480
Iter 0003960: train nll 0.417, valid error 100.000%, best valid error 100.000%, avg grad norm   0.149, avg grad norm (post clip)   0.050, rho_Whh  1.10, Omega  0.00, alpha  0.000, steps in the past 0.000, valid nll 0.330
  [diag] log10|dL/dh_t| hist bins=60 range=(-4.74,-3.52) mean=-4.66 p50=-4.74 p05=-4.74 p95=-3.93
  [diag] sat-dist hist bins=60 sat<0.05=0.0% mean=0.486 p10=0.479 p90=0.480
Iter 0003980: train nll 0.387, valid error 100.000%, best valid error 100.000%, avg grad norm   0.128, avg grad norm (post clip)   0.049, rho_Whh  1.10, Omega  0.00, alpha  0.000, steps in the past 0.000, valid nll 0.330
  [diag] log10|dL/dh_t| hist bins=60 range=(-4.74,-3.52) mean=-4.67 p50=-4.74 p05=-4.74 p95=-3.93
  [diag] sat-dist hist bins=60 sat<0.05=0.0% mean=0.486 p10=0.479 p90=0.480
Iter 0004000: train nll 0.380, valid error 100.000%, best valid error 100.000%, avg grad norm   0.150, avg grad norm (post clip)   0.052, rho_Whh  1.10, Omega  0.00, alpha  0.000, steps in the past 0.000, valid nll 0.330
  [diag] log10|dL/dh_t| hist bins=60 range=(-4.74,-3.52) mean=-4.66 p50=-4.74 p05=-4.74 p95=-3.93
  [diag] sat-dist hist bins=60 sat<0.05=0.0% mean=0.487 p10=0.480 p90=0.481
Iter 0004020: train nll 0.433, valid error 100.000%, best valid error 100.000%, avg grad norm   0.162, avg grad norm (post clip)   0.051, rho_Whh  1.10, Omega  0.00, alpha  0.000, steps in the past 0.000, valid nll 0.330
  [diag] log10|dL/dh_t| hist bins=60 range=(-4.74,-3.52) mean=-4.67 p50=-4.74 p05=-4.74 p95=-3.93
  [diag] sat-dist hist bins=60 sat<0.05=0.0% mean=0.487 p10=0.480 p90=0.481
Iter 0004040: train nll 0.391, valid error 100.000%, best valid error 100.000%, avg grad norm   0.125, avg grad norm (post clip)   0.050, rho_Whh  1.10, Omega  0.00, alpha  0.000, steps in the past 0.000, valid nll 0.330
  [diag] log10|dL/dh_t| hist bins=60 range=(-4.74,-3.52) mean=-4.67 p50=-4.74 p05=-4.74 p95=-3.93
  [diag] sat-dist hist bins=60 sat<0.05=0.0% mean=0.487 p10=0.480 p90=0.481
Iter 0004060: train nll 0.379, valid error 100.000%, best valid error 100.000%, avg grad norm   0.140, avg grad norm (post clip)   0.052, rho_Whh  1.10, Omega  0.00, alpha  0.000, steps in the past 0.000, valid nll 0.330
  [diag] log10|dL/dh_t| hist bins=60 range=(-4.74,-3.52) mean=-4.66 p50=-4.74 p05=-4.74 p95=-3.93
  [diag] sat-dist hist bins=60 sat<0.05=0.0% mean=0.489 p10=0.482 p90=0.482
Iter 0004080: train nll 0.457, valid error 100.000%, best valid error 100.000%, avg grad norm   0.186, avg grad norm (post clip)   0.049, rho_Whh  1.09, Omega  0.00, alpha  0.000, steps in the past 0.000, valid nll 0.330
  [diag] log10|dL/dh_t| hist bins=60 range=(-4.74,-3.52) mean=-4.67 p50=-4.74 p05=-4.74 p95=-3.93
  [diag] sat-dist hist bins=60 sat<0.05=0.0% mean=0.488 p10=0.482 p90=0.482
Iter 0004100: train nll 0.395, valid error 100.000%, best valid error 100.000%, avg grad norm   0.158, avg grad norm (post clip)   0.052, rho_Whh  1.09, Omega  0.00, alpha  0.000, steps in the past 0.000, valid nll 0.330
  [diag] log10|dL/dh_t| hist bins=60 range=(-4.74,-3.52) mean=-4.67 p50=-4.74 p05=-4.74 p95=-3.94
  [diag] sat-dist hist bins=60 sat<0.05=0.0% mean=0.489 p10=0.483 p90=0.483
Iter 0004120: train nll 0.410, valid error 100.000%, best valid error 100.000%, avg grad norm   0.129, avg grad norm (post clip)   0.050, rho_Whh  1.09, Omega  0.00, alpha  0.000, steps in the past 0.000, valid nll 0.330
  [diag] log10|dL/dh_t| hist bins=60 range=(-4.73,-3.52) mean=-4.66 p50=-4.73 p05=-4.73 p95=-3.94
  [diag] sat-dist hist bins=60 sat<0.05=0.0% mean=0.490 p10=0.484 p90=0.484
Iter 0004140: train nll 0.426, valid error 100.000%, best valid error 100.000%, avg grad norm   0.155, avg grad norm (post clip)   0.049, rho_Whh  1.09, Omega  0.00, alpha  0.000, steps in the past 0.000, valid nll 0.330
  [diag] log10|dL/dh_t| hist bins=60 range=(-4.74,-3.52) mean=-4.67 p50=-4.74 p05=-4.74 p95=-3.94
  [diag] sat-dist hist bins=60 sat<0.05=0.0% mean=0.490 p10=0.484 p90=0.484
Iter 0004160: train nll 0.384, valid error 100.000%, best valid error 100.000%, avg grad norm   0.111, avg grad norm (post clip)   0.049, rho_Whh  1.09, Omega  0.00, alpha  0.000, steps in the past 0.000, valid nll 0.329
  [diag] log10|dL/dh_t| hist bins=60 range=(-4.74,-3.52) mean=-4.67 p50=-4.74 p05=-4.74 p95=-3.94
  [diag] sat-dist hist bins=60 sat<0.05=0.0% mean=0.491 p10=0.484 p90=0.484
Iter 0004180: train nll 0.395, valid error 100.000%, best valid error 100.000%, avg grad norm   0.138, avg grad norm (post clip)   0.051, rho_Whh  1.09, Omega  0.00, alpha  0.000, steps in the past 0.000, valid nll 0.329
  [diag] log10|dL/dh_t| hist bins=60 range=(-4.74,-3.52) mean=-4.67 p50=-4.74 p05=-4.74 p95=-3.94
  [diag] sat-dist hist bins=60 sat<0.05=0.0% mean=0.491 p10=0.484 p90=0.485
Iter 0004200: train nll 0.374, valid error 100.000%, best valid error 100.000%, avg grad norm   0.116, avg grad norm (post clip)   0.049, rho_Whh  1.08, Omega  0.00, alpha  0.000, steps in the past 0.000, valid nll 0.329
  [diag] log10|dL/dh_t| hist bins=60 range=(-4.73,-3.52) mean=-4.66 p50=-4.73 p05=-4.73 p95=-3.94
  [diag] sat-dist hist bins=60 sat<0.05=0.0% mean=0.493 p10=0.486 p90=0.487
Iter 0004220: train nll 0.443, valid error 100.000%, best valid error 100.000%, avg grad norm   0.166, avg grad norm (post clip)   0.051, rho_Whh  1.08, Omega  0.00, alpha  0.000, steps in the past 0.000, valid nll 0.329
  [diag] log10|dL/dh_t| hist bins=60 range=(-4.73,-3.52) mean=-4.66 p50=-4.73 p05=-4.73 p95=-3.94
  [diag] sat-dist hist bins=60 sat<0.05=0.0% mean=0.493 p10=0.487 p90=0.487
Iter 0004240: train nll 0.396, valid error 100.000%, best valid error 100.000%, avg grad norm   0.145, avg grad norm (post clip)   0.051, rho_Whh  1.08, Omega  0.00, alpha  0.000, steps in the past 0.000, valid nll 0.329
  [diag] log10|dL/dh_t| hist bins=60 range=(-4.73,-3.52) mean=-4.66 p50=-4.73 p05=-4.73 p95=-3.94
  [diag] sat-dist hist bins=60 sat<0.05=0.0% mean=0.494 p10=0.488 p90=0.488
Iter 0004260: train nll 0.420, valid error 100.000%, best valid error 100.000%, avg grad norm   0.145, avg grad norm (post clip)   0.050, rho_Whh  1.08, Omega  0.00, alpha  0.000, steps in the past 0.000, valid nll 0.329
  [diag] log10|dL/dh_t| hist bins=60 range=(-4.73,-3.52) mean=-4.66 p50=-4.73 p05=-4.73 p95=-3.94
  [diag] sat-dist hist bins=60 sat<0.05=0.0% mean=0.495 p10=0.489 p90=0.489
Iter 0004280: train nll 0.399, valid error 100.000%, best valid error 100.000%, avg grad norm   0.143, avg grad norm (post clip)   0.051, rho_Whh  1.08, Omega  0.00, alpha  0.000, steps in the past 0.000, valid nll 0.329
  [diag] log10|dL/dh_t| hist bins=60 range=(-4.73,-3.52) mean=-4.65 p50=-4.73 p05=-4.73 p95=-3.95
  [diag] sat-dist hist bins=60 sat<0.05=0.0% mean=0.496 p10=0.490 p90=0.490
Iter 0004300: train nll 0.430, valid error 100.000%, best valid error 100.000%, avg grad norm   0.177, avg grad norm (post clip)   0.052, rho_Whh  1.07, Omega  0.00, alpha  0.000, steps in the past 0.000, valid nll 0.329
  [diag] log10|dL/dh_t| hist bins=60 range=(-4.73,-3.52) mean=-4.66 p50=-4.73 p05=-4.73 p95=-3.95
  [diag] sat-dist hist bins=60 sat<0.05=0.0% mean=0.496 p10=0.489 p90=0.490
Iter 0004320: train nll 0.366, valid error 100.000%, best valid error 100.000%, avg grad norm   0.112, avg grad norm (post clip)   0.051, rho_Whh  1.07, Omega  0.00, alpha  0.000, steps in the past 0.000, valid nll 0.329
  [diag] log10|dL/dh_t| hist bins=60 range=(-4.74,-3.52) mean=-4.67 p50=-4.74 p05=-4.74 p95=-3.95
  [diag] sat-dist hist bins=60 sat<0.05=0.0% mean=0.495 p10=0.489 p90=0.489
Iter 0004340: train nll 0.377, valid error 100.000%, best valid error 100.000%, avg grad norm   0.122, avg grad norm (post clip)   0.049, rho_Whh  1.07, Omega  0.00, alpha  0.000, steps in the past 0.000, valid nll 0.329
  [diag] log10|dL/dh_t| hist bins=60 range=(-4.74,-3.52) mean=-4.67 p50=-4.74 p05=-4.74 p95=-3.95
  [diag] sat-dist hist bins=60 sat<0.05=0.0% mean=0.495 p10=0.489 p90=0.489
Iter 0004360: train nll 0.387, valid error 100.000%, best valid error 100.000%, avg grad norm   0.133, avg grad norm (post clip)   0.050, rho_Whh  1.07, Omega  0.00, alpha  0.000, steps in the past 0.000, valid nll 0.328
  [diag] log10|dL/dh_t| hist bins=60 range=(-4.74,-3.52) mean=-4.67 p50=-4.74 p05=-4.74 p95=-3.95
  [diag] sat-dist hist bins=60 sat<0.05=0.0% mean=0.496 p10=0.490 p90=0.490
Iter 0004380: train nll 0.408, valid error 100.000%, best valid error 100.000%, avg grad norm   0.141, avg grad norm (post clip)   0.051, rho_Whh  1.07, Omega  0.00, alpha  0.000, steps in the past 0.000, valid nll 0.328
  [diag] log10|dL/dh_t| hist bins=60 range=(-4.74,-3.52) mean=-4.67 p50=-4.74 p05=-4.74 p95=-3.95
  [diag] sat-dist hist bins=60 sat<0.05=0.0% mean=0.497 p10=0.491 p90=0.491
Iter 0004400: train nll 0.398, valid error 100.000%, best valid error 100.000%, avg grad norm   0.127, avg grad norm (post clip)   0.051, rho_Whh  1.07, Omega  0.00, alpha  0.000, steps in the past 0.000, valid nll 0.328
  [diag] log10|dL/dh_t| hist bins=60 range=(-4.73,-3.52) mean=-4.66 p50=-4.73 p05=-4.73 p95=-3.95
  [diag] sat-dist hist bins=60 sat<0.05=0.0% mean=0.499 p10=0.493 p90=0.493
Iter 0004420: train nll 0.431, valid error 100.000%, best valid error 100.000%, avg grad norm   0.161, avg grad norm (post clip)   0.050, rho_Whh  1.06, Omega  0.00, alpha  0.000, steps in the past 0.000, valid nll 0.328
  [diag] log10|dL/dh_t| hist bins=60 range=(-4.74,-3.52) mean=-4.67 p50=-4.74 p05=-4.74 p95=-3.96
  [diag] sat-dist hist bins=60 sat<0.05=0.0% mean=0.498 p10=0.492 p90=0.492
Iter 0004440: train nll 0.361, valid error 100.000%, best valid error 100.000%, avg grad norm   0.129, avg grad norm (post clip)   0.052, rho_Whh  1.07, Omega  0.00, alpha  0.000, steps in the past 0.000, valid nll 0.328
  [diag] log10|dL/dh_t| hist bins=60 range=(-4.74,-3.52) mean=-4.67 p50=-4.74 p05=-4.74 p95=-3.96
  [diag] sat-dist hist bins=60 sat<0.05=0.0% mean=0.499 p10=0.492 p90=0.493
Iter 0004460: train nll 0.375, valid error 100.000%, best valid error 100.000%, avg grad norm   0.125, avg grad norm (post clip)   0.050, rho_Whh  1.06, Omega  0.00, alpha  0.000, steps in the past 0.000, valid nll 0.328
  [diag] log10|dL/dh_t| hist bins=60 range=(-4.75,-3.52) mean=-4.67 p50=-4.75 p05=-4.75 p95=-3.96
  [diag] sat-dist hist bins=60 sat<0.05=0.0% mean=0.498 p10=0.492 p90=0.492
Iter 0004480: train nll 0.352, valid error 100.000%, best valid error 100.000%, avg grad norm   0.112, avg grad norm (post clip)   0.051, rho_Whh  1.06, Omega  0.00, alpha  0.000, steps in the past 0.000, valid nll 0.328
  [diag] log10|dL/dh_t| hist bins=60 range=(-4.76,-3.52) mean=-4.68 p50=-4.76 p05=-4.76 p95=-3.96
  [diag] sat-dist hist bins=60 sat<0.05=0.0% mean=0.498 p10=0.491 p90=0.492
Iter 0004500: train nll 0.352, valid error 100.000%, best valid error 100.000%, avg grad norm   0.116, avg grad norm (post clip)   0.051, rho_Whh  1.06, Omega  0.00, alpha  0.000, steps in the past 0.000, valid nll 0.328
  [diag] log10|dL/dh_t| hist bins=60 range=(-4.76,-3.52) mean=-4.68 p50=-4.76 p05=-4.76 p95=-3.96
  [diag] sat-dist hist bins=60 sat<0.05=0.0% mean=0.498 p10=0.492 p90=0.492
Iter 0004520: train nll 0.357, valid error 100.000%, best valid error 100.000%, avg grad norm   0.104, avg grad norm (post clip)   0.051, rho_Whh  1.06, Omega  0.00, alpha  0.000, steps in the past 0.000, valid nll 0.328
  [diag] log10|dL/dh_t| hist bins=60 range=(-4.75,-3.52) mean=-4.68 p50=-4.75 p05=-4.75 p95=-3.96
  [diag] sat-dist hist bins=60 sat<0.05=0.0% mean=0.499 p10=0.493 p90=0.494
Iter 0004540: train nll 0.420, valid error 100.000%, best valid error 100.000%, avg grad norm   0.170, avg grad norm (post clip)   0.051, rho_Whh  1.06, Omega  0.00, alpha  0.000, steps in the past 0.000, valid nll 0.328
  [diag] log10|dL/dh_t| hist bins=60 range=(-4.75,-3.52) mean=-4.68 p50=-4.75 p05=-4.75 p95=-3.96
  [diag] sat-dist hist bins=60 sat<0.05=0.0% mean=0.500 p10=0.494 p90=0.494
Iter 0004560: train nll 0.416, valid error 100.000%, best valid error 100.000%, avg grad norm   0.179, avg grad norm (post clip)   0.051, rho_Whh  1.06, Omega  0.00, alpha  0.000, steps in the past 0.000, valid nll 0.328
  [diag] log10|dL/dh_t| hist bins=60 range=(-4.74,-3.52) mean=-4.67 p50=-4.74 p05=-4.74 p95=-3.96
  [diag] sat-dist hist bins=60 sat<0.05=0.0% mean=0.502 p10=0.496 p90=0.496
Iter 0004580: train nll 0.442, valid error 100.000%, best valid error 100.000%, avg grad norm   0.189, avg grad norm (post clip)   0.051, rho_Whh  1.05, Omega  0.00, alpha  0.000, steps in the past 0.000, valid nll 0.328
  [diag] log10|dL/dh_t| hist bins=60 range=(-4.74,-3.52) mean=-4.66 p50=-4.74 p05=-4.74 p95=-3.97
  [diag] sat-dist hist bins=60 sat<0.05=0.0% mean=0.503 p10=0.497 p90=0.498
Iter 0004600: train nll 0.403, valid error 100.000%, best valid error 100.000%, avg grad norm   0.144, avg grad norm (post clip)   0.052, rho_Whh  1.05, Omega  0.00, alpha  0.000, steps in the past 0.000, valid nll 0.328
  [diag] log10|dL/dh_t| hist bins=60 range=(-4.74,-3.52) mean=-4.67 p50=-4.74 p05=-4.74 p95=-3.97
  [diag] sat-dist hist bins=60 sat<0.05=0.0% mean=0.503 p10=0.497 p90=0.497
Iter 0004620: train nll 0.364, valid error 100.000%, best valid error 100.000%, avg grad norm   0.133, avg grad norm (post clip)   0.052, rho_Whh  1.05, Omega  0.00, alpha  0.000, steps in the past 0.000, valid nll 0.328
  [diag] log10|dL/dh_t| hist bins=60 range=(-4.74,-3.52) mean=-4.67 p50=-4.74 p05=-4.74 p95=-3.97
  [diag] sat-dist hist bins=60 sat<0.05=0.0% mean=0.504 p10=0.498 p90=0.498
Iter 0004640: train nll 0.383, valid error 100.000%, best valid error 100.000%, avg grad norm   0.129, avg grad norm (post clip)   0.050, rho_Whh  1.05, Omega  0.00, alpha  0.000, steps in the past 0.000, valid nll 0.327
  [diag] log10|dL/dh_t| hist bins=60 range=(-4.73,-3.52) mean=-4.66 p50=-4.73 p05=-4.73 p95=-3.97
  [diag] sat-dist hist bins=60 sat<0.05=0.0% mean=0.506 p10=0.500 p90=0.500
Iter 0004660: train nll 0.454, valid error 100.000%, best valid error 100.000%, avg grad norm   0.200, avg grad norm (post clip)   0.051, rho_Whh  1.04, Omega  0.00, alpha  0.000, steps in the past 0.000, valid nll 0.328
  [diag] log10|dL/dh_t| hist bins=60 range=(-4.73,-3.52) mean=-4.66 p50=-4.73 p05=-4.73 p95=-3.97
  [diag] sat-dist hist bins=60 sat<0.05=0.0% mean=0.506 p10=0.500 p90=0.501
Iter 0004680: train nll 0.384, valid error 100.000%, best valid error 100.000%, avg grad norm   0.133, avg grad norm (post clip)   0.052, rho_Whh  1.04, Omega  0.00, alpha  0.000, steps in the past 0.000, valid nll 0.327
  [diag] log10|dL/dh_t| hist bins=60 range=(-4.73,-3.52) mean=-4.66 p50=-4.73 p05=-4.73 p95=-3.97
  [diag] sat-dist hist bins=60 sat<0.05=0.0% mean=0.507 p10=0.501 p90=0.501
Iter 0004700: train nll 0.394, valid error 100.000%, best valid error 100.000%, avg grad norm   0.143, avg grad norm (post clip)   0.052, rho_Whh  1.04, Omega  0.00, alpha  0.000, steps in the past 0.000, valid nll 0.327
  [diag] log10|dL/dh_t| hist bins=60 range=(-4.72,-3.52) mean=-4.65 p50=-4.72 p05=-4.72 p95=-3.97
  [diag] sat-dist hist bins=60 sat<0.05=0.0% mean=0.509 p10=0.503 p90=0.503
Iter 0004720: train nll 0.427, valid error 100.000%, best valid error 100.000%, avg grad norm   0.155, avg grad norm (post clip)   0.051, rho_Whh  1.03, Omega  0.00, alpha  0.000, steps in the past 0.000, valid nll 0.327
  [diag] log10|dL/dh_t| hist bins=60 range=(-4.71,-3.52) mean=-4.64 p50=-4.71 p05=-4.71 p95=-3.97
  [diag] sat-dist hist bins=60 sat<0.05=0.0% mean=0.512 p10=0.506 p90=0.506
Iter 0004740: train nll 0.449, valid error 100.000%, best valid error 100.000%, avg grad norm   0.175, avg grad norm (post clip)   0.052, rho_Whh  1.03, Omega  0.00, alpha  0.000, steps in the past 0.000, valid nll 0.328
  [diag] log10|dL/dh_t| hist bins=60 range=(-4.71,-3.52) mean=-4.64 p50=-4.71 p05=-4.71 p95=-3.97
  [diag] sat-dist hist bins=60 sat<0.05=0.0% mean=0.512 p10=0.507 p90=0.507
Iter 0004760: train nll 0.405, valid error 100.000%, best valid error 100.000%, avg grad norm   0.143, avg grad norm (post clip)   0.050, rho_Whh  1.03, Omega  0.00, alpha  0.000, steps in the past 0.000, valid nll 0.328
  [diag] log10|dL/dh_t| hist bins=60 range=(-4.70,-3.52) mean=-4.63 p50=-4.70 p05=-4.70 p95=-3.97
  [diag] sat-dist hist bins=60 sat<0.05=0.0% mean=0.514 p10=0.508 p90=0.508
Iter 0004780: train nll 0.418, valid error 100.000%, best valid error 100.000%, avg grad norm   0.146, avg grad norm (post clip)   0.051, rho_Whh  1.02, Omega  0.00, alpha  0.000, steps in the past 0.000, valid nll 0.328
  [diag] log10|dL/dh_t| hist bins=60 range=(-4.70,-3.52) mean=-4.63 p50=-4.70 p05=-4.70 p95=-3.97
  [diag] sat-dist hist bins=60 sat<0.05=0.0% mean=0.514 p10=0.508 p90=0.509
Iter 0004800: train nll 0.402, valid error 100.000%, best valid error 100.000%, avg grad norm   0.159, avg grad norm (post clip)   0.052, rho_Whh  1.02, Omega  0.00, alpha  0.000, steps in the past 0.000, valid nll 0.328
  [diag] log10|dL/dh_t| hist bins=60 range=(-4.70,-3.52) mean=-4.63 p50=-4.70 p05=-4.70 p95=-3.98
  [diag] sat-dist hist bins=60 sat<0.05=0.0% mean=0.515 p10=0.509 p90=0.509
Iter 0004820: train nll 0.404, valid error 100.000%, best valid error 100.000%, avg grad norm   0.129, avg grad norm (post clip)   0.051, rho_Whh  1.02, Omega  0.00, alpha  0.000, steps in the past 0.000, valid nll 0.327
  [diag] log10|dL/dh_t| hist bins=60 range=(-4.71,-3.52) mean=-4.64 p50=-4.71 p05=-4.71 p95=-3.98
  [diag] sat-dist hist bins=60 sat<0.05=0.0% mean=0.515 p10=0.509 p90=0.510
Iter 0004840: train nll 0.396, valid error 100.000%, best valid error 100.000%, avg grad norm   0.143, avg grad norm (post clip)   0.052, rho_Whh  1.02, Omega  0.00, alpha  0.000, steps in the past 0.000, valid nll 0.327
  [diag] log10|dL/dh_t| hist bins=60 range=(-4.71,-3.52) mean=-4.64 p50=-4.71 p05=-4.71 p95=-3.98
  [diag] sat-dist hist bins=60 sat<0.05=0.0% mean=0.516 p10=0.510 p90=0.510
Iter 0004860: train nll 0.404, valid error 100.000%, best valid error 100.000%, avg grad norm   0.152, avg grad norm (post clip)   0.051, rho_Whh  1.01, Omega  0.00, alpha  0.000, steps in the past 0.000, valid nll 0.327
  [diag] log10|dL/dh_t| hist bins=60 range=(-4.70,-3.52) mean=-4.64 p50=-4.70 p05=-4.70 p95=-3.98
  [diag] sat-dist hist bins=60 sat<0.05=0.0% mean=0.516 p10=0.511 p90=0.511
Iter 0004880: train nll 0.417, valid error 100.000%, best valid error 100.000%, avg grad norm   0.165, avg grad norm (post clip)   0.052, rho_Whh  1.01, Omega  0.00, alpha  0.000, steps in the past 0.000, valid nll 0.327
  [diag] log10|dL/dh_t| hist bins=60 range=(-4.70,-3.52) mean=-4.63 p50=-4.70 p05=-4.70 p95=-3.98
  [diag] sat-dist hist bins=60 sat<0.05=0.0% mean=0.517 p10=0.511 p90=0.512
Iter 0004900: train nll 0.392, valid error 100.000%, best valid error 100.000%, avg grad norm   0.132, avg grad norm (post clip)   0.052, rho_Whh  1.01, Omega  0.00, alpha  0.000, steps in the past 0.000, valid nll 0.327
  [diag] log10|dL/dh_t| hist bins=60 range=(-4.69,-3.52) mean=-4.62 p50=-4.69 p05=-4.69 p95=-3.98
  [diag] sat-dist hist bins=60 sat<0.05=0.0% mean=0.519 p10=0.513 p90=0.514
Iter 0004920: train nll 0.447, valid error 100.000%, best valid error 100.000%, avg grad norm   0.189, avg grad norm (post clip)   0.052, rho_Whh  1.00, Omega  0.00, alpha  0.000, steps in the past 0.000, valid nll 0.327
  [diag] log10|dL/dh_t| hist bins=60 range=(-4.69,-3.52) mean=-4.62 p50=-4.69 p05=-4.69 p95=-3.98
  [diag] sat-dist hist bins=60 sat<0.05=0.0% mean=0.520 p10=0.514 p90=0.514
Iter 0004940: train nll 0.402, valid error 100.000%, best valid error 100.000%, avg grad norm   0.165, avg grad norm (post clip)   0.052, rho_Whh  1.00, Omega  0.00, alpha  0.000, steps in the past 0.000, valid nll 0.327
  [diag] log10|dL/dh_t| hist bins=60 range=(-4.69,-3.52) mean=-4.62 p50=-4.69 p05=-4.69 p95=-3.98
  [diag] sat-dist hist bins=60 sat<0.05=0.0% mean=0.520 p10=0.515 p90=0.515
Iter 0004960: train nll 0.423, valid error 100.000%, best valid error 100.000%, avg grad norm   0.186, avg grad norm (post clip)   0.052, rho_Whh  1.00, Omega  0.00, alpha  0.000, steps in the past 0.000, valid nll 0.327
  [diag] log10|dL/dh_t| hist bins=60 range=(-4.68,-3.52) mean=-4.61 p50=-4.68 p05=-4.68 p95=-3.98
  [diag] sat-dist hist bins=60 sat<0.05=0.0% mean=0.523 p10=0.517 p90=0.518
Iter 0004980: train nll 0.444, valid error 100.000%, best valid error 100.000%, avg grad norm   0.147, avg grad norm (post clip)   0.051, rho_Whh  0.99, Omega  0.00, alpha  0.000, steps in the past 0.000, valid nll 0.328
  [diag] log10|dL/dh_t| hist bins=60 range=(-4.68,-3.52) mean=-4.62 p50=-4.68 p05=-4.68 p95=-3.98
  [diag] sat-dist hist bins=60 sat<0.05=0.0% mean=0.523 p10=0.517 p90=0.517
Iter 0005000: train nll 0.378, valid error 100.000%, best valid error 100.000%, avg grad norm   0.174, avg grad norm (post clip)   0.052, rho_Whh  0.99, Omega  0.00, alpha  0.000, steps in the past 0.000, valid nll 0.327
  [diag] log10|dL/dh_t| hist bins=60 range=(-4.69,-3.51) mean=-4.62 p50=-4.69 p05=-4.69 p95=-3.99
  [diag] sat-dist hist bins=60 sat<0.05=0.0% mean=0.522 p10=0.516 p90=0.517
Iter 0005020: train nll 0.363, valid error 100.000%, best valid error 100.000%, avg grad norm   0.140, avg grad norm (post clip)   0.051, rho_Whh  0.99, Omega  0.00, alpha  0.000, steps in the past 0.000, valid nll 0.327
  [diag] log10|dL/dh_t| hist bins=60 range=(-4.69,-3.51) mean=-4.62 p50=-4.69 p05=-4.69 p95=-3.99
  [diag] sat-dist hist bins=60 sat<0.05=0.0% mean=0.522 p10=0.517 p90=0.517
Iter 0005040: train nll 0.398, valid error 100.000%, best valid error 100.000%, avg grad norm   0.142, avg grad norm (post clip)   0.052, rho_Whh  0.99, Omega  0.00, alpha  0.000, steps in the past 0.000, valid nll 0.327
  [diag] log10|dL/dh_t| hist bins=60 range=(-4.70,-3.51) mean=-4.63 p50=-4.70 p05=-4.70 p95=-3.99
  [diag] sat-dist hist bins=60 sat<0.05=0.0% mean=0.521 p10=0.516 p90=0.516
Iter 0005060: train nll 0.376, valid error 100.000%, best valid error 100.000%, avg grad norm   0.141, avg grad norm (post clip)   0.052, rho_Whh  0.99, Omega  0.00, alpha  0.000, steps in the past 0.000, valid nll 0.326
  [diag] log10|dL/dh_t| hist bins=60 range=(-4.71,-3.51) mean=-4.64 p50=-4.71 p05=-4.71 p95=-3.99
  [diag] sat-dist hist bins=60 sat<0.05=0.0% mean=0.521 p10=0.515 p90=0.516
Iter 0005080: train nll 0.380, valid error 100.000%, best valid error 100.000%, avg grad norm   0.151, avg grad norm (post clip)   0.051, rho_Whh  0.99, Omega  0.00, alpha  0.000, steps in the past 0.000, valid nll 0.326
  [diag] log10|dL/dh_t| hist bins=60 range=(-4.71,-3.51) mean=-4.64 p50=-4.71 p05=-4.71 p95=-3.99
  [diag] sat-dist hist bins=60 sat<0.05=0.0% mean=0.522 p10=0.516 p90=0.517
Iter 0005100: train nll 0.399, valid error 100.000%, best valid error 100.000%, avg grad norm   0.140, avg grad norm (post clip)   0.052, rho_Whh  0.98, Omega  0.00, alpha  0.000, steps in the past 0.000, valid nll 0.326
  [diag] log10|dL/dh_t| hist bins=60 range=(-4.72,-3.51) mean=-4.65 p50=-4.72 p05=-4.72 p95=-4.00
  [diag] sat-dist hist bins=60 sat<0.05=0.0% mean=0.521 p10=0.515 p90=0.515
Iter 0005120: train nll 0.356, valid error 100.000%, best valid error 100.000%, avg grad norm   0.128, avg grad norm (post clip)   0.049, rho_Whh  0.98, Omega  0.00, alpha  0.000, steps in the past 0.000, valid nll 0.326
  [diag] log10|dL/dh_t| hist bins=60 range=(-4.72,-3.51) mean=-4.65 p50=-4.72 p05=-4.72 p95=-4.00
  [diag] sat-dist hist bins=60 sat<0.05=0.0% mean=0.521 p10=0.516 p90=0.516
Iter 0005140: train nll 0.394, valid error 100.000%, best valid error 100.000%, avg grad norm   0.172, avg grad norm (post clip)   0.051, rho_Whh  0.98, Omega  0.00, alpha  0.000, steps in the past 0.000, valid nll 0.326
  [diag] log10|dL/dh_t| hist bins=60 range=(-4.71,-3.51) mean=-4.64 p50=-4.71 p05=-4.71 p95=-4.00
  [diag] sat-dist hist bins=60 sat<0.05=0.0% mean=0.522 p10=0.516 p90=0.517
Iter 0005160: train nll 0.379, valid error 100.000%, best valid error 100.000%, avg grad norm   0.116, avg grad norm (post clip)   0.050, rho_Whh  0.98, Omega  0.00, alpha  0.000, steps in the past 0.000, valid nll 0.326
  [diag] log10|dL/dh_t| hist bins=60 range=(-4.70,-3.51) mean=-4.63 p50=-4.70 p05=-4.70 p95=-4.00
  [diag] sat-dist hist bins=60 sat<0.05=0.0% mean=0.525 p10=0.519 p90=0.520
Iter 0005180: train nll 0.443, valid error 100.000%, best valid error 100.000%, avg grad norm   0.177, avg grad norm (post clip)   0.051, rho_Whh  0.97, Omega  0.00, alpha  0.000, steps in the past 0.000, valid nll 0.326
  [diag] log10|dL/dh_t| hist bins=60 range=(-4.70,-3.51) mean=-4.63 p50=-4.70 p05=-4.70 p95=-4.00
  [diag] sat-dist hist bins=60 sat<0.05=0.0% mean=0.526 p10=0.521 p90=0.521
Iter 0005200: train nll 0.406, valid error 100.000%, best valid error 100.000%, avg grad norm   0.144, avg grad norm (post clip)   0.051, rho_Whh  0.96, Omega  0.00, alpha  0.000, steps in the past 0.000, valid nll 0.326
  [diag] log10|dL/dh_t| hist bins=60 range=(-4.70,-3.51) mean=-4.63 p50=-4.70 p05=-4.70 p95=-4.00
  [diag] sat-dist hist bins=60 sat<0.05=0.0% mean=0.526 p10=0.521 p90=0.521
Iter 0005220: train nll 0.397, valid error 100.000%, best valid error 100.000%, avg grad norm   0.157, avg grad norm (post clip)   0.051, rho_Whh  0.96, Omega  0.00, alpha  0.000, steps in the past 0.000, valid nll 0.326
  [diag] log10|dL/dh_t| hist bins=60 range=(-4.70,-3.51) mean=-4.63 p50=-4.70 p05=-4.70 p95=-4.00
  [diag] sat-dist hist bins=60 sat<0.05=0.0% mean=0.526 p10=0.521 p90=0.521
Iter 0005240: train nll 0.378, valid error 100.000%, best valid error 100.000%, avg grad norm   0.137, avg grad norm (post clip)   0.051, rho_Whh  0.96, Omega  0.00, alpha  0.000, steps in the past 0.000, valid nll 0.325
  [diag] log10|dL/dh_t| hist bins=60 range=(-4.71,-3.51) mean=-4.64 p50=-4.71 p05=-4.71 p95=-4.00
  [diag] sat-dist hist bins=60 sat<0.05=0.0% mean=0.526 p10=0.521 p90=0.521
Iter 0005260: train nll 0.370, valid error 100.000%, best valid error 100.000%, avg grad norm   0.146, avg grad norm (post clip)   0.050, rho_Whh  0.95, Omega  0.00, alpha  0.000, steps in the past 0.000, valid nll 0.325
  [diag] log10|dL/dh_t| hist bins=60 range=(-4.71,-3.51) mean=-4.64 p50=-4.71 p05=-4.71 p95=-4.00
  [diag] sat-dist hist bins=60 sat<0.05=0.0% mean=0.527 p10=0.521 p90=0.521
Iter 0005280: train nll 0.406, valid error 100.000%, best valid error 100.000%, avg grad norm   0.198, avg grad norm (post clip)   0.052, rho_Whh  0.95, Omega  0.00, alpha  0.000, steps in the past 0.000, valid nll 0.325
  [diag] log10|dL/dh_t| hist bins=60 range=(-4.71,-3.51) mean=-4.64 p50=-4.71 p05=-4.71 p95=-4.01
  [diag] sat-dist hist bins=60 sat<0.05=0.0% mean=0.526 p10=0.521 p90=0.521
Iter 0005300: train nll 0.381, valid error 100.000%, best valid error 100.000%, avg grad norm   0.183, avg grad norm (post clip)   0.053, rho_Whh  0.95, Omega  0.00, alpha  0.000, steps in the past 0.000, valid nll 0.325
  [diag] log10|dL/dh_t| hist bins=60 range=(-4.71,-3.51) mean=-4.64 p50=-4.71 p05=-4.71 p95=-4.01
  [diag] sat-dist hist bins=60 sat<0.05=0.0% mean=0.527 p10=0.521 p90=0.521
Iter 0005320: train nll 0.367, valid error 100.000%, best valid error 100.000%, avg grad norm   0.125, avg grad norm (post clip)   0.050, rho_Whh  0.95, Omega  0.00, alpha  0.000, steps in the past 0.000, valid nll 0.325
  [diag] log10|dL/dh_t| hist bins=60 range=(-4.72,-3.51) mean=-4.65 p50=-4.72 p05=-4.72 p95=-4.01
  [diag] sat-dist hist bins=60 sat<0.05=0.0% mean=0.527 p10=0.521 p90=0.521
Iter 0005340: train nll 0.390, valid error 100.000%, best valid error 100.000%, avg grad norm   0.177, avg grad norm (post clip)   0.052, rho_Whh  0.94, Omega  0.00, alpha  0.000, steps in the past 0.000, valid nll 0.325
  [diag] log10|dL/dh_t| hist bins=60 range=(-4.71,-3.51) mean=-4.64 p50=-4.71 p05=-4.71 p95=-4.01
  [diag] sat-dist hist bins=60 sat<0.05=0.0% mean=0.528 p10=0.522 p90=0.523
Iter 0005360: train nll 0.398, valid error 100.000%, best valid error 100.000%, avg grad norm   0.159, avg grad norm (post clip)   0.051, rho_Whh  0.94, Omega  0.00, alpha  0.000, steps in the past 0.000, valid nll 0.325
  [diag] log10|dL/dh_t| hist bins=60 range=(-4.71,-3.51) mean=-4.64 p50=-4.71 p05=-4.71 p95=-4.01
  [diag] sat-dist hist bins=60 sat<0.05=0.0% mean=0.528 p10=0.523 p90=0.523
Iter 0005380: train nll 0.388, valid error 100.000%, best valid error 100.000%, avg grad norm   0.165, avg grad norm (post clip)   0.051, rho_Whh  0.93, Omega  0.00, alpha  0.000, steps in the past 0.000, valid nll 0.325
  [diag] log10|dL/dh_t| hist bins=60 range=(-4.70,-3.51) mean=-4.63 p50=-4.70 p05=-4.70 p95=-4.01
  [diag] sat-dist hist bins=60 sat<0.05=0.0% mean=0.530 p10=0.525 p90=0.525
Iter 0005400: train nll 0.443, valid error 100.000%, best valid error 100.000%, avg grad norm   0.224, avg grad norm (post clip)   0.051, rho_Whh  0.93, Omega  0.00, alpha  0.000, steps in the past 0.000, valid nll 0.325
  [diag] log10|dL/dh_t| hist bins=60 range=(-4.70,-3.51) mean=-4.63 p50=-4.70 p05=-4.70 p95=-4.01
  [diag] sat-dist hist bins=60 sat<0.05=0.0% mean=0.531 p10=0.526 p90=0.526
Iter 0005420: train nll 0.385, valid error 100.000%, best valid error 100.000%, avg grad norm   0.133, avg grad norm (post clip)   0.050, rho_Whh  0.92, Omega  0.00, alpha  0.000, steps in the past 0.000, valid nll 0.325
  [diag] log10|dL/dh_t| hist bins=60 range=(-4.70,-3.51) mean=-4.63 p50=-4.70 p05=-4.70 p95=-4.01
  [diag] sat-dist hist bins=60 sat<0.05=0.0% mean=0.532 p10=0.527 p90=0.527
Iter 0005440: train nll 0.364, valid error 100.000%, best valid error 100.000%, avg grad norm   0.118, avg grad norm (post clip)   0.052, rho_Whh  0.91, Omega  0.00, alpha  0.000, steps in the past 0.000, valid nll 0.325
  [diag] log10|dL/dh_t| hist bins=60 range=(-4.71,-3.50) mean=-4.64 p50=-4.71 p05=-4.71 p95=-4.02
  [diag] sat-dist hist bins=60 sat<0.05=0.0% mean=0.532 p10=0.527 p90=0.527
Iter 0005460: train nll 0.360, valid error 100.000%, best valid error 100.000%, avg grad norm   0.145, avg grad norm (post clip)   0.053, rho_Whh  0.91, Omega  0.00, alpha  0.000, steps in the past 0.000, valid nll 0.324
  [diag] log10|dL/dh_t| hist bins=60 range=(-4.70,-3.50) mean=-4.63 p50=-4.70 p05=-4.70 p95=-4.02
  [diag] sat-dist hist bins=60 sat<0.05=0.0% mean=0.533 p10=0.527 p90=0.528
Iter 0005480: train nll 0.394, valid error 100.000%, best valid error 100.000%, avg grad norm   0.165, avg grad norm (post clip)   0.052, rho_Whh  0.90, Omega  0.00, alpha  0.000, steps in the past 0.000, valid nll 0.324
  [diag] log10|dL/dh_t| hist bins=60 range=(-4.70,-3.50) mean=-4.63 p50=-4.70 p05=-4.70 p95=-4.02
  [diag] sat-dist hist bins=60 sat<0.05=0.0% mean=0.534 p10=0.529 p90=0.529
Iter 0005500: train nll 0.404, valid error 100.000%, best valid error 100.000%, avg grad norm   0.173, avg grad norm (post clip)   0.053, rho_Whh  0.89, Omega  0.00, alpha  0.000, steps in the past 0.000, valid nll 0.324
  [diag] log10|dL/dh_t| hist bins=60 range=(-4.70,-3.50) mean=-4.63 p50=-4.70 p05=-4.70 p95=-4.02
  [diag] sat-dist hist bins=60 sat<0.05=0.0% mean=0.535 p10=0.530 p90=0.530
Iter 0005520: train nll 0.421, valid error 100.000%, best valid error 100.000%, avg grad norm   0.211, avg grad norm (post clip)   0.051, rho_Whh  0.88, Omega  0.00, alpha  0.000, steps in the past 0.000, valid nll 0.324
  [diag] log10|dL/dh_t| hist bins=60 range=(-4.69,-3.50) mean=-4.63 p50=-4.69 p05=-4.69 p95=-4.02
  [diag] sat-dist hist bins=60 sat<0.05=0.0% mean=0.536 p10=0.531 p90=0.531
Iter 0005540: train nll 0.376, valid error 100.000%, best valid error 100.000%, avg grad norm   0.133, avg grad norm (post clip)   0.052, rho_Whh  0.87, Omega  0.00, alpha  0.000, steps in the past 0.000, valid nll 0.324
  [diag] log10|dL/dh_t| hist bins=60 range=(-4.69,-3.50) mean=-4.62 p50=-4.69 p05=-4.69 p95=-4.02
  [diag] sat-dist hist bins=60 sat<0.05=0.0% mean=0.537 p10=0.532 p90=0.533
Iter 0005560: train nll 0.391, valid error 100.000%, best valid error 100.000%, avg grad norm   0.149, avg grad norm (post clip)   0.052, rho_Whh  0.84, Omega  0.00, alpha  0.000, steps in the past 0.000, valid nll 0.324
  [diag] log10|dL/dh_t| hist bins=60 range=(-4.69,-3.50) mean=-4.62 p50=-4.69 p05=-4.69 p95=-4.02
  [diag] sat-dist hist bins=60 sat<0.05=0.0% mean=0.538 p10=0.533 p90=0.533
Iter 0005580: train nll 0.404, valid error 100.000%, best valid error 100.000%, avg grad norm   0.193, avg grad norm (post clip)   0.052, rho_Whh  0.82, Omega  0.00, alpha  0.000, steps in the past 0.000, valid nll 0.324
  [diag] log10|dL/dh_t| hist bins=60 range=(-4.69,-3.50) mean=-4.63 p50=-4.69 p05=-4.69 p95=-4.02
  [diag] sat-dist hist bins=60 sat<0.05=0.0% mean=0.538 p10=0.532 p90=0.533
Iter 0005600: train nll 0.375, valid error 100.000%, best valid error 100.000%, avg grad norm   0.164, avg grad norm (post clip)   0.052, rho_Whh  0.82, Omega  0.00, alpha  0.000, steps in the past 0.000, valid nll 0.324
  [diag] log10|dL/dh_t| hist bins=60 range=(-4.70,-3.50) mean=-4.63 p50=-4.70 p05=-4.70 p95=-4.03
  [diag] sat-dist hist bins=60 sat<0.05=0.0% mean=0.537 p10=0.532 p90=0.532
Iter 0005620: train nll 0.365, valid error 100.000%, best valid error 100.000%, avg grad norm   0.138, avg grad norm (post clip)   0.052, rho_Whh  0.82, Omega  0.00, alpha  0.000, steps in the past 0.000, valid nll 0.324
  [diag] log10|dL/dh_t| hist bins=60 range=(-4.71,-3.50) mean=-4.64 p50=-4.71 p05=-4.71 p95=-4.03
  [diag] sat-dist hist bins=60 sat<0.05=0.0% mean=0.537 p10=0.532 p90=0.532
Iter 0005640: train nll 0.356, valid error 100.000%, best valid error 100.000%, avg grad norm   0.134, avg grad norm (post clip)   0.052, rho_Whh  0.82, Omega  0.00, alpha  0.000, steps in the past 0.000, valid nll 0.323
  [diag] log10|dL/dh_t| hist bins=60 range=(-4.70,-3.50) mean=-4.63 p50=-4.70 p05=-4.70 p95=-4.03
  [diag] sat-dist hist bins=60 sat<0.05=0.0% mean=0.538 p10=0.533 p90=0.533
Iter 0005660: train nll 0.394, valid error 100.000%, best valid error 100.000%, avg grad norm   0.180, avg grad norm (post clip)   0.052, rho_Whh  0.82, Omega  0.00, alpha  0.000, steps in the past 0.000, valid nll 0.323
  [diag] log10|dL/dh_t| hist bins=60 range=(-4.70,-3.50) mean=-4.64 p50=-4.70 p05=-4.70 p95=-4.03
  [diag] sat-dist hist bins=60 sat<0.05=0.0% mean=0.538 p10=0.533 p90=0.533
Iter 0005680: train nll 0.375, valid error 100.000%, best valid error 100.000%, avg grad norm   0.168, avg grad norm (post clip)   0.053, rho_Whh  0.82, Omega  0.00, alpha  0.000, steps in the past 0.000, valid nll 0.323
  [diag] log10|dL/dh_t| hist bins=60 range=(-4.71,-3.50) mean=-4.64 p50=-4.71 p05=-4.71 p95=-4.03
  [diag] sat-dist hist bins=60 sat<0.05=0.0% mean=0.537 p10=0.532 p90=0.532
Iter 0005700: train nll 0.353, valid error 100.000%, best valid error 100.000%, avg grad norm   0.154, avg grad norm (post clip)   0.051, rho_Whh  0.82, Omega  0.00, alpha  0.000, steps in the past 0.000, valid nll 0.323
  [diag] log10|dL/dh_t| hist bins=60 range=(-4.70,-3.50) mean=-4.64 p50=-4.70 p05=-4.70 p95=-4.03
  [diag] sat-dist hist bins=60 sat<0.05=0.0% mean=0.539 p10=0.534 p90=0.535
Iter 0005720: train nll 0.410, valid error 100.000%, best valid error 100.000%, avg grad norm   0.194, avg grad norm (post clip)   0.053, rho_Whh  0.83, Omega  0.00, alpha  0.000, steps in the past 0.000, valid nll 0.323
  [diag] log10|dL/dh_t| hist bins=60 range=(-4.70,-3.50) mean=-4.63 p50=-4.70 p05=-4.70 p95=-4.03
  [diag] sat-dist hist bins=60 sat<0.05=0.0% mean=0.541 p10=0.536 p90=0.537
Iter 0005740: train nll 0.402, valid error 100.000%, best valid error 100.000%, avg grad norm   0.174, avg grad norm (post clip)   0.052, rho_Whh  0.83, Omega  0.00, alpha  0.000, steps in the past 0.000, valid nll 0.323
  [diag] log10|dL/dh_t| hist bins=60 range=(-4.69,-3.50) mean=-4.62 p50=-4.69 p05=-4.69 p95=-4.04
  [diag] sat-dist hist bins=60 sat<0.05=0.0% mean=0.543 p10=0.538 p90=0.538
Iter 0005760: train nll 0.411, valid error 100.000%, best valid error 100.000%, avg grad norm   0.196, avg grad norm (post clip)   0.052, rho_Whh  0.83, Omega  0.00, alpha  0.000, steps in the past 0.000, valid nll 0.323
  [diag] log10|dL/dh_t| hist bins=60 range=(-4.68,-3.50) mean=-4.62 p50=-4.68 p05=-4.68 p95=-4.04
  [diag] sat-dist hist bins=60 sat<0.05=0.0% mean=0.545 p10=0.540 p90=0.540
Iter 0005780: train nll 0.432, valid error 100.000%, best valid error 100.000%, avg grad norm   0.248, avg grad norm (post clip)   0.053, rho_Whh  0.83, Omega  0.00, alpha  0.000, steps in the past 0.000, valid nll 0.323
  [diag] log10|dL/dh_t| hist bins=60 range=(-4.69,-3.50) mean=-4.62 p50=-4.69 p05=-4.69 p95=-4.04
  [diag] sat-dist hist bins=60 sat<0.05=0.0% mean=0.544 p10=0.539 p90=0.540
Iter 0005800: train nll 0.393, valid error 100.000%, best valid error 100.000%, avg grad norm   0.187, avg grad norm (post clip)   0.051, rho_Whh  0.83, Omega  0.00, alpha  0.000, steps in the past 0.000, valid nll 0.323
  [diag] log10|dL/dh_t| hist bins=60 range=(-4.68,-3.50) mean=-4.61 p50=-4.68 p05=-4.68 p95=-4.04
  [diag] sat-dist hist bins=60 sat<0.05=0.0% mean=0.546 p10=0.541 p90=0.542
Iter 0005820: train nll 0.417, valid error 100.000%, best valid error 100.000%, avg grad norm   0.211, avg grad norm (post clip)   0.052, rho_Whh  0.83, Omega  0.00, alpha  0.000, steps in the past 0.000, valid nll 0.323
  [diag] log10|dL/dh_t| hist bins=60 range=(-4.67,-3.50) mean=-4.60 p50=-4.67 p05=-4.67 p95=-4.04
  [diag] sat-dist hist bins=60 sat<0.05=0.0% mean=0.549 p10=0.544 p90=0.544
Iter 0005840: train nll 0.417, valid error 100.000%, best valid error 100.000%, avg grad norm   0.191, avg grad norm (post clip)   0.052, rho_Whh  0.84, Omega  0.00, alpha  0.000, steps in the past 0.000, valid nll 0.323
  [diag] log10|dL/dh_t| hist bins=60 range=(-4.68,-3.50) mean=-4.61 p50=-4.68 p05=-4.68 p95=-4.04
  [diag] sat-dist hist bins=60 sat<0.05=0.0% mean=0.548 p10=0.543 p90=0.544
Iter 0005860: train nll 0.369, valid error 100.000%, best valid error 100.000%, avg grad norm   0.158, avg grad norm (post clip)   0.052, rho_Whh  0.84, Omega  0.00, alpha  0.000, steps in the past 0.000, valid nll 0.323
  [diag] log10|dL/dh_t| hist bins=60 range=(-4.67,-3.50) mean=-4.60 p50=-4.67 p05=-4.67 p95=-4.04
  [diag] sat-dist hist bins=60 sat<0.05=0.0% mean=0.550 p10=0.546 p90=0.546
Iter 0005880: train nll 0.450, valid error 100.000%, best valid error 100.000%, avg grad norm   0.241, avg grad norm (post clip)   0.052, rho_Whh  0.84, Omega  0.00, alpha  0.000, steps in the past 0.000, valid nll 0.323
  [diag] log10|dL/dh_t| hist bins=60 range=(-4.66,-3.50) mean=-4.60 p50=-4.66 p05=-4.66 p95=-4.04
  [diag] sat-dist hist bins=60 sat<0.05=0.0% mean=0.552 p10=0.547 p90=0.547
Iter 0005900: train nll 0.416, valid error 100.000%, best valid error 100.000%, avg grad norm   0.185, avg grad norm (post clip)   0.052, rho_Whh  0.84, Omega  0.00, alpha  0.000, steps in the past 0.000, valid nll 0.323
  [diag] log10|dL/dh_t| hist bins=60 range=(-4.66,-3.50) mean=-4.60 p50=-4.66 p05=-4.66 p95=-4.04
  [diag] sat-dist hist bins=60 sat<0.05=0.0% mean=0.553 p10=0.548 p90=0.548
Iter 0005920: train nll 0.419, valid error 100.000%, best valid error 100.000%, avg grad norm   0.229, avg grad norm (post clip)   0.052, rho_Whh  0.84, Omega  0.00, alpha  0.000, steps in the past 0.000, valid nll 0.323
  [diag] log10|dL/dh_t| hist bins=60 range=(-4.66,-3.50) mean=-4.59 p50=-4.66 p05=-4.66 p95=-4.04
  [diag] sat-dist hist bins=60 sat<0.05=0.0% mean=0.554 p10=0.549 p90=0.549
Iter 0005940: train nll 0.387, valid error 100.000%, best valid error 100.000%, avg grad norm   0.157, avg grad norm (post clip)   0.052, rho_Whh  0.85, Omega  0.00, alpha  0.000, steps in the past 0.000, valid nll 0.323
  [diag] log10|dL/dh_t| hist bins=60 range=(-4.67,-3.50) mean=-4.60 p50=-4.67 p05=-4.67 p95=-4.05
  [diag] sat-dist hist bins=60 sat<0.05=0.0% mean=0.552 p10=0.547 p90=0.548
Iter 0005960: train nll 0.370, valid error 100.000%, best valid error 100.000%, avg grad norm   0.194, avg grad norm (post clip)   0.052, rho_Whh  0.85, Omega  0.00, alpha  0.000, steps in the past 0.000, valid nll 0.322
  [diag] log10|dL/dh_t| hist bins=60 range=(-4.67,-3.50) mean=-4.60 p50=-4.67 p05=-4.67 p95=-4.05
  [diag] sat-dist hist bins=60 sat<0.05=0.0% mean=0.553 p10=0.548 p90=0.549
Iter 0005980: train nll 0.380, valid error 100.000%, best valid error 100.000%, avg grad norm   0.155, avg grad norm (post clip)   0.052, rho_Whh  0.85, Omega  0.00, alpha  0.000, steps in the past 0.000, valid nll 0.322
  [diag] log10|dL/dh_t| hist bins=60 range=(-4.67,-3.50) mean=-4.60 p50=-4.67 p05=-4.67 p95=-4.05
  [diag] sat-dist hist bins=60 sat<0.05=0.0% mean=0.553 p10=0.549 p90=0.549
Iter 0006000: train nll 0.430, valid error 100.000%, best valid error 100.000%, avg grad norm   0.256, avg grad norm (post clip)   0.052, rho_Whh  0.85, Omega  0.00, alpha  0.000, steps in the past 0.000, valid nll 0.322
  [diag] log10|dL/dh_t| hist bins=60 range=(-4.68,-3.49) mean=-4.61 p50=-4.68 p05=-4.68 p95=-4.05
  [diag] sat-dist hist bins=60 sat<0.05=0.0% mean=0.552 p10=0.547 p90=0.548
Iter 0006020: train nll 0.357, valid error 100.000%, best valid error 100.000%, avg grad norm   0.140, avg grad norm (post clip)   0.052, rho_Whh  0.85, Omega  0.00, alpha  0.000, steps in the past 0.000, valid nll 0.322
  [diag] log10|dL/dh_t| hist bins=60 range=(-4.69,-3.49) mean=-4.63 p50=-4.69 p05=-4.69 p95=-4.06
  [diag] sat-dist hist bins=60 sat<0.05=0.0% mean=0.550 p10=0.546 p90=0.546
Iter 0006040: train nll 0.344, valid error 100.000%, best valid error 100.000%, avg grad norm   0.143, avg grad norm (post clip)   0.052, rho_Whh  0.85, Omega  0.00, alpha  0.000, steps in the past 0.000, valid nll 0.321
  [diag] log10|dL/dh_t| hist bins=60 range=(-4.68,-3.49) mean=-4.62 p50=-4.68 p05=-4.68 p95=-4.06
  [diag] sat-dist hist bins=60 sat<0.05=0.0% mean=0.553 p10=0.548 p90=0.549
Iter 0006060: train nll 0.412, valid error 100.000%, best valid error 100.000%, avg grad norm   0.209, avg grad norm (post clip)   0.052, rho_Whh  0.86, Omega  0.00, alpha  0.000, steps in the past 0.000, valid nll 0.321
  [diag] log10|dL/dh_t| hist bins=60 range=(-4.67,-3.49) mean=-4.61 p50=-4.67 p05=-4.67 p95=-4.06
  [diag] sat-dist hist bins=60 sat<0.05=0.0% mean=0.555 p10=0.551 p90=0.551
Iter 0006080: train nll 0.407, valid error 100.000%, best valid error 100.000%, avg grad norm   0.205, avg grad norm (post clip)   0.053, rho_Whh  0.86, Omega  0.00, alpha  0.000, steps in the past 0.000, valid nll 0.321
  [diag] log10|dL/dh_t| hist bins=60 range=(-4.67,-3.49) mean=-4.60 p50=-4.67 p05=-4.67 p95=-4.06
  [diag] sat-dist hist bins=60 sat<0.05=0.0% mean=0.556 p10=0.552 p90=0.552
Iter 0006100: train nll 0.397, valid error 100.000%, best valid error 100.000%, avg grad norm   0.187, avg grad norm (post clip)   0.052, rho_Whh  0.86, Omega  0.00, alpha  0.000, steps in the past 0.000, valid nll 0.321
  [diag] log10|dL/dh_t| hist bins=60 range=(-4.67,-3.49) mean=-4.60 p50=-4.67 p05=-4.67 p95=-4.06
  [diag] sat-dist hist bins=60 sat<0.05=0.0% mean=0.557 p10=0.553 p90=0.553
Iter 0006120: train nll 0.404, valid error 100.000%, best valid error 100.000%, avg grad norm   0.206, avg grad norm (post clip)   0.052, rho_Whh  0.86, Omega  0.00, alpha  0.000, steps in the past 0.000, valid nll 0.321
  [diag] log10|dL/dh_t| hist bins=60 range=(-4.67,-3.49) mean=-4.61 p50=-4.67 p05=-4.67 p95=-4.06
  [diag] sat-dist hist bins=60 sat<0.05=0.0% mean=0.557 p10=0.553 p90=0.553
Iter 0006140: train nll 0.400, valid error 100.000%, best valid error 100.000%, avg grad norm   0.214, avg grad norm (post clip)   0.052, rho_Whh  0.86, Omega  0.00, alpha  0.000, steps in the past 0.000, valid nll 0.321
  [diag] log10|dL/dh_t| hist bins=60 range=(-4.68,-3.49) mean=-4.62 p50=-4.68 p05=-4.68 p95=-4.06
  [diag] sat-dist hist bins=60 sat<0.05=0.0% mean=0.556 p10=0.551 p90=0.552
Iter 0006160: train nll 0.366, valid error 100.000%, best valid error 100.000%, avg grad norm   0.208, avg grad norm (post clip)   0.053, rho_Whh  0.86, Omega  0.00, alpha  0.000, steps in the past 0.000, valid nll 0.321
  [diag] log10|dL/dh_t| hist bins=60 range=(-4.67,-3.49) mean=-4.61 p50=-4.67 p05=-4.67 p95=-4.06
  [diag] sat-dist hist bins=60 sat<0.05=0.0% mean=0.558 p10=0.554 p90=0.554
Iter 0006180: train nll 0.411, valid error 100.000%, best valid error 100.000%, avg grad norm   0.238, avg grad norm (post clip)   0.053, rho_Whh  0.87, Omega  0.00, alpha  0.000, steps in the past 0.000, valid nll 0.321
  [diag] log10|dL/dh_t| hist bins=60 range=(-4.66,-3.49) mean=-4.59 p50=-4.66 p05=-4.66 p95=-4.06
  [diag] sat-dist hist bins=60 sat<0.05=0.0% mean=0.562 p10=0.557 p90=0.558
Iter 0006200: train nll 0.435, valid error 100.000%, best valid error 100.000%, avg grad norm   0.244, avg grad norm (post clip)   0.052, rho_Whh  0.87, Omega  0.00, alpha  0.000, steps in the past 0.000, valid nll 0.321
  [diag] log10|dL/dh_t| hist bins=60 range=(-4.66,-3.49) mean=-4.59 p50=-4.66 p05=-4.66 p95=-4.06
  [diag] sat-dist hist bins=60 sat<0.05=0.0% mean=0.562 p10=0.557 p90=0.558
Iter 0006220: train nll 0.404, valid error 100.000%, best valid error 100.000%, avg grad norm   0.226, avg grad norm (post clip)   0.053, rho_Whh  0.87, Omega  0.00, alpha  0.000, steps in the past 0.000, valid nll 0.321
  [diag] log10|dL/dh_t| hist bins=60 range=(-4.66,-3.49) mean=-4.59 p50=-4.66 p05=-4.66 p95=-4.07
  [diag] sat-dist hist bins=60 sat<0.05=0.0% mean=0.562 p10=0.558 p90=0.558
Iter 0006240: train nll 0.409, valid error 100.000%, best valid error 100.000%, avg grad norm   0.231, avg grad norm (post clip)   0.052, rho_Whh  0.87, Omega  0.00, alpha  0.000, steps in the past 0.000, valid nll 0.321
  [diag] log10|dL/dh_t| hist bins=60 range=(-4.67,-3.49) mean=-4.61 p50=-4.67 p05=-4.67 p95=-4.07
  [diag] sat-dist hist bins=60 sat<0.05=0.0% mean=0.560 p10=0.556 p90=0.557
Iter 0006260: train nll 0.377, valid error 100.000%, best valid error 100.000%, avg grad norm   0.198, avg grad norm (post clip)   0.053, rho_Whh  0.87, Omega  0.00, alpha  0.000, steps in the past 0.000, valid nll 0.320
  [diag] log10|dL/dh_t| hist bins=60 range=(-4.69,-3.49) mean=-4.63 p50=-4.69 p05=-4.69 p95=-4.07
  [diag] sat-dist hist bins=60 sat<0.05=0.0% mean=0.557 p10=0.553 p90=0.554
Iter 0006280: train nll 0.339, valid error 100.000%, best valid error 100.000%, avg grad norm   0.177, avg grad norm (post clip)   0.052, rho_Whh  0.87, Omega  0.00, alpha  0.000, steps in the past 0.000, valid nll 0.320
  [diag] log10|dL/dh_t| hist bins=60 range=(-4.69,-3.49) mean=-4.63 p50=-4.69 p05=-4.69 p95=-4.07
  [diag] sat-dist hist bins=60 sat<0.05=0.0% mean=0.557 p10=0.553 p90=0.554
Iter 0006300: train nll 0.365, valid error 100.000%, best valid error 100.000%, avg grad norm   0.176, avg grad norm (post clip)   0.053, rho_Whh  0.88, Omega  0.00, alpha  0.000, steps in the past 0.000, valid nll 0.320
  [diag] log10|dL/dh_t| hist bins=60 range=(-4.69,-3.49) mean=-4.62 p50=-4.69 p05=-4.69 p95=-4.07
  [diag] sat-dist hist bins=60 sat<0.05=0.0% mean=0.559 p10=0.554 p90=0.555
Iter 0006320: train nll 0.406, valid error 100.000%, best valid error 100.000%, avg grad norm   0.263, avg grad norm (post clip)   0.052, rho_Whh  0.88, Omega  0.00, alpha  0.000, steps in the past 0.000, valid nll 0.320
  [diag] log10|dL/dh_t| hist bins=60 range=(-4.68,-3.49) mean=-4.61 p50=-4.68 p05=-4.68 p95=-4.07
  [diag] sat-dist hist bins=60 sat<0.05=0.0% mean=0.561 p10=0.557 p90=0.558
Iter 0006340: train nll 0.392, valid error 100.000%, best valid error 100.000%, avg grad norm   0.202, avg grad norm (post clip)   0.053, rho_Whh  0.88, Omega  0.00, alpha  0.000, steps in the past 0.000, valid nll 0.320
  [diag] log10|dL/dh_t| hist bins=60 range=(-4.67,-3.49) mean=-4.60 p50=-4.67 p05=-4.67 p95=-4.07
  [diag] sat-dist hist bins=60 sat<0.05=0.0% mean=0.564 p10=0.560 p90=0.561
Iter 0006360: train nll 0.439, valid error 100.000%, best valid error 100.000%, avg grad norm   0.284, avg grad norm (post clip)   0.052, rho_Whh  0.88, Omega  0.00, alpha  0.000, steps in the past 0.000, valid nll 0.320
  [diag] log10|dL/dh_t| hist bins=60 range=(-4.67,-3.49) mean=-4.60 p50=-4.67 p05=-4.67 p95=-4.08
  [diag] sat-dist hist bins=60 sat<0.05=0.0% mean=0.564 p10=0.560 p90=0.561
Iter 0006380: train nll 0.374, valid error 100.000%, best valid error 100.000%, avg grad norm   0.209, avg grad norm (post clip)   0.053, rho_Whh  0.88, Omega  0.00, alpha  0.000, steps in the past 0.000, valid nll 0.320
  [diag] log10|dL/dh_t| hist bins=60 range=(-4.66,-3.49) mean=-4.59 p50=-4.66 p05=-4.66 p95=-4.08
  [diag] sat-dist hist bins=60 sat<0.05=0.0% mean=0.566 p10=0.562 p90=0.563
Iter 0006400: train nll 0.426, valid error 100.000%, best valid error 100.000%, avg grad norm   0.289, avg grad norm (post clip)   0.053, rho_Whh  0.89, Omega  0.00, alpha  0.000, steps in the past 0.000, valid nll 0.320
  [diag] log10|dL/dh_t| hist bins=60 range=(-4.67,-3.49) mean=-4.60 p50=-4.67 p05=-4.67 p95=-4.08
  [diag] sat-dist hist bins=60 sat<0.05=0.0% mean=0.565 p10=0.561 p90=0.562
Iter 0006420: train nll 0.372, valid error 100.000%, best valid error 100.000%, avg grad norm   0.222, avg grad norm (post clip)   0.053, rho_Whh  0.89, Omega  0.00, alpha  0.000, steps in the past 0.000, valid nll 0.319
  [diag] log10|dL/dh_t| hist bins=60 range=(-4.67,-3.49) mean=-4.60 p50=-4.67 p05=-4.67 p95=-4.08
  [diag] sat-dist hist bins=60 sat<0.05=0.0% mean=0.566 p10=0.562 p90=0.563
Iter 0006440: train nll 0.423, valid error 100.000%, best valid error 100.000%, avg grad norm   0.302, avg grad norm (post clip)   0.053, rho_Whh  0.89, Omega  0.00, alpha  0.000, steps in the past 0.000, valid nll 0.319
  [diag] log10|dL/dh_t| hist bins=60 range=(-4.68,-3.48) mean=-4.61 p50=-4.68 p05=-4.68 p95=-4.08
  [diag] sat-dist hist bins=60 sat<0.05=0.0% mean=0.564 p10=0.560 p90=0.561
Iter 0006460: train nll 0.338, valid error 100.000%, best valid error 100.000%, avg grad norm   0.172, avg grad norm (post clip)   0.053, rho_Whh  0.89, Omega  0.00, alpha  0.000, steps in the past 0.000, valid nll 0.319
  [diag] log10|dL/dh_t| hist bins=60 range=(-4.68,-3.48) mean=-4.61 p50=-4.67 p05=-4.67 p95=-4.08
  [diag] sat-dist hist bins=60 sat<0.05=0.0% mean=0.565 p10=0.561 p90=0.562
Iter 0006480: train nll 0.393, valid error 100.000%, best valid error 100.000%, avg grad norm   0.221, avg grad norm (post clip)   0.052, rho_Whh  0.89, Omega  0.00, alpha  0.000, steps in the past 0.000, valid nll 0.319
  [diag] log10|dL/dh_t| hist bins=60 range=(-4.67,-3.48) mean=-4.60 p50=-4.67 p05=-4.67 p95=-4.08
  [diag] sat-dist hist bins=60 sat<0.05=0.0% mean=0.567 p10=0.563 p90=0.564
Iter 0006500: train nll 0.403, valid error 100.000%, best valid error 100.000%, avg grad norm   0.226, avg grad norm (post clip)   0.053, rho_Whh  0.89, Omega  0.00, alpha  0.000, steps in the past 0.000, valid nll 0.319
  [diag] log10|dL/dh_t| hist bins=60 range=(-4.66,-3.48) mean=-4.60 p50=-4.66 p05=-4.66 p95=-4.08
  [diag] sat-dist hist bins=60 sat<0.05=0.0% mean=0.568 p10=0.564 p90=0.565
Iter 0006520: train nll 0.384, valid error 100.000%, best valid error 100.000%, avg grad norm   0.184, avg grad norm (post clip)   0.052, rho_Whh  0.90, Omega  0.00, alpha  0.000, steps in the past 0.000, valid nll 0.319
  [diag] log10|dL/dh_t| hist bins=60 range=(-4.66,-3.48) mean=-4.60 p50=-4.66 p05=-4.66 p95=-4.09
  [diag] sat-dist hist bins=60 sat<0.05=0.0% mean=0.569 p10=0.565 p90=0.566
Iter 0006540: train nll 0.418, valid error 100.000%, best valid error 100.000%, avg grad norm   0.302, avg grad norm (post clip)   0.053, rho_Whh  0.90, Omega  0.00, alpha  0.000, steps in the past 0.000, valid nll 0.319
  [diag] log10|dL/dh_t| hist bins=60 range=(-4.65,-3.48) mean=-4.59 p50=-4.65 p05=-4.65 p95=-4.09
  [diag] sat-dist hist bins=60 sat<0.05=0.0% mean=0.572 p10=0.567 p90=0.569
Iter 0006560: train nll 0.418, valid error 100.000%, best valid error 100.000%, avg grad norm   0.259, avg grad norm (post clip)   0.053, rho_Whh  0.90, Omega  0.00, alpha  0.000, steps in the past 0.000, valid nll 0.319
  [diag] log10|dL/dh_t| hist bins=60 range=(-4.65,-3.48) mean=-4.58 p50=-4.65 p05=-4.65 p95=-4.09
  [diag] sat-dist hist bins=60 sat<0.05=0.0% mean=0.573 p10=0.569 p90=0.570
Iter 0006580: train nll 0.381, valid error 100.000%, best valid error 100.000%, avg grad norm   0.210, avg grad norm (post clip)   0.053, rho_Whh  0.90, Omega  0.00, alpha  0.000, steps in the past 0.000, valid nll 0.319
  [diag] log10|dL/dh_t| hist bins=60 range=(-4.65,-3.48) mean=-4.58 p50=-4.65 p05=-4.65 p95=-4.09
  [diag] sat-dist hist bins=60 sat<0.05=0.0% mean=0.573 p10=0.569 p90=0.570
Iter 0006600: train nll 0.391, valid error 100.000%, best valid error 100.000%, avg grad norm   0.226, avg grad norm (post clip)   0.053, rho_Whh  0.90, Omega  0.00, alpha  0.000, steps in the past 0.000, valid nll 0.318
  [diag] log10|dL/dh_t| hist bins=60 range=(-4.65,-3.48) mean=-4.58 p50=-4.64 p05=-4.64 p95=-4.09
  [diag] sat-dist hist bins=60 sat<0.05=0.0% mean=0.574 p10=0.570 p90=0.571
Iter 0006620: train nll 0.399, valid error 100.000%, best valid error 100.000%, avg grad norm   0.264, avg grad norm (post clip)   0.053, rho_Whh  0.91, Omega  0.00, alpha  0.000, steps in the past 0.000, valid nll 0.318
  [diag] log10|dL/dh_t| hist bins=60 range=(-4.64,-3.48) mean=-4.58 p50=-4.64 p05=-4.64 p95=-4.09
  [diag] sat-dist hist bins=60 sat<0.05=0.0% mean=0.575 p10=0.571 p90=0.571
Iter 0006640: train nll 0.412, valid error 100.000%, best valid error 100.000%, avg grad norm   0.275, avg grad norm (post clip)   0.053, rho_Whh  0.91, Omega  0.00, alpha  0.000, steps in the past 0.000, valid nll 0.318
  [diag] log10|dL/dh_t| hist bins=60 range=(-4.64,-3.48) mean=-4.57 p50=-4.64 p05=-4.64 p95=-4.09
  [diag] sat-dist hist bins=60 sat<0.05=0.0% mean=0.576 p10=0.572 p90=0.572
Iter 0006660: train nll 0.393, valid error 100.000%, best valid error 100.000%, avg grad norm   0.239, avg grad norm (post clip)   0.053, rho_Whh  0.91, Omega  0.00, alpha  0.000, steps in the past 0.000, valid nll 0.318
  [diag] log10|dL/dh_t| hist bins=60 range=(-4.64,-3.48) mean=-4.58 p50=-4.64 p05=-4.64 p95=-4.09
  [diag] sat-dist hist bins=60 sat<0.05=0.0% mean=0.575 p10=0.572 p90=0.572
Iter 0006680: train nll 0.379, valid error 100.000%, best valid error 100.000%, avg grad norm   0.217, avg grad norm (post clip)   0.053, rho_Whh  0.91, Omega  0.00, alpha  0.000, steps in the past 0.000, valid nll 0.318
  [diag] log10|dL/dh_t| hist bins=60 range=(-4.65,-3.48) mean=-4.59 p50=-4.65 p05=-4.65 p95=-4.10
  [diag] sat-dist hist bins=60 sat<0.05=0.0% mean=0.574 p10=0.570 p90=0.570
Iter 0006700: train nll 0.365, valid error 100.000%, best valid error 100.000%, avg grad norm   0.248, avg grad norm (post clip)   0.053, rho_Whh  0.91, Omega  0.00, alpha  0.000, steps in the past 0.000, valid nll 0.318
  [diag] log10|dL/dh_t| hist bins=60 range=(-4.65,-3.48) mean=-4.59 p50=-4.65 p05=-4.65 p95=-4.10
  [diag] sat-dist hist bins=60 sat<0.05=0.0% mean=0.574 p10=0.570 p90=0.571
Iter 0006720: train nll 0.400, valid error 100.000%, best valid error 100.000%, avg grad norm   0.284, avg grad norm (post clip)   0.053, rho_Whh  0.91, Omega  0.00, alpha  0.000, steps in the past 0.000, valid nll 0.317
  [diag] log10|dL/dh_t| hist bins=60 range=(-4.65,-3.48) mean=-4.59 p50=-4.65 p05=-4.65 p95=-4.10
  [diag] sat-dist hist bins=60 sat<0.05=0.0% mean=0.575 p10=0.571 p90=0.572
Iter 0006740: train nll 0.389, valid error 100.000%, best valid error 100.000%, avg grad norm   0.238, avg grad norm (post clip)   0.053, rho_Whh  0.91, Omega  0.00, alpha  0.000, steps in the past 0.000, valid nll 0.317
  [diag] log10|dL/dh_t| hist bins=60 range=(-4.65,-3.48) mean=-4.59 p50=-4.65 p05=-4.65 p95=-4.10
  [diag] sat-dist hist bins=60 sat<0.05=0.0% mean=0.576 p10=0.572 p90=0.572
Iter 0006760: train nll 0.364, valid error 100.000%, best valid error 100.000%, avg grad norm   0.194, avg grad norm (post clip)   0.053, rho_Whh  0.92, Omega  0.00, alpha  0.000, steps in the past 0.000, valid nll 0.317
  [diag] log10|dL/dh_t| hist bins=60 range=(-4.66,-3.48) mean=-4.60 p50=-4.66 p05=-4.66 p95=-4.10
  [diag] sat-dist hist bins=60 sat<0.05=0.0% mean=0.574 p10=0.570 p90=0.570
Iter 0006780: train nll 0.347, valid error 100.000%, best valid error 100.000%, avg grad norm   0.171, avg grad norm (post clip)   0.053, rho_Whh  0.92, Omega  0.00, alpha  0.000, steps in the past 0.000, valid nll 0.317
  [diag] log10|dL/dh_t| hist bins=60 range=(-4.66,-3.48) mean=-4.60 p50=-4.66 p05=-4.66 p95=-4.10
  [diag] sat-dist hist bins=60 sat<0.05=0.0% mean=0.575 p10=0.571 p90=0.571
Iter 0006800: train nll 0.389, valid error 100.000%, best valid error 100.000%, avg grad norm   0.240, avg grad norm (post clip)   0.053, rho_Whh  0.92, Omega  0.00, alpha  0.000, steps in the past 0.000, valid nll 0.316
  [diag] log10|dL/dh_t| hist bins=60 range=(-4.67,-3.48) mean=-4.60 p50=-4.67 p05=-4.67 p95=-4.10
  [diag] sat-dist hist bins=60 sat<0.05=0.0% mean=0.575 p10=0.571 p90=0.571
Iter 0006820: train nll 0.370, valid error 100.000%, best valid error 100.000%, avg grad norm   0.228, avg grad norm (post clip)   0.053, rho_Whh  0.92, Omega  0.00, alpha  0.000, steps in the past 0.000, valid nll 0.316
  [diag] log10|dL/dh_t| hist bins=60 range=(-4.66,-3.48) mean=-4.60 p50=-4.66 p05=-4.66 p95=-4.11
  [diag] sat-dist hist bins=60 sat<0.05=0.0% mean=0.576 p10=0.572 p90=0.572
Iter 0006840: train nll 0.367, valid error 100.000%, best valid error 100.000%, avg grad norm   0.203, avg grad norm (post clip)   0.053, rho_Whh  0.92, Omega  0.00, alpha  0.000, steps in the past 0.000, valid nll 0.316
  [diag] log10|dL/dh_t| hist bins=60 range=(-4.67,-3.48) mean=-4.61 p50=-4.67 p05=-4.67 p95=-4.11
  [diag] sat-dist hist bins=60 sat<0.05=0.0% mean=0.574 p10=0.570 p90=0.571
Iter 0006860: train nll 0.360, valid error 100.000%, best valid error 100.000%, avg grad norm   0.252, avg grad norm (post clip)   0.053, rho_Whh  0.93, Omega  0.00, alpha  0.000, steps in the past 0.000, valid nll 0.316
  [diag] log10|dL/dh_t| hist bins=60 range=(-4.67,-3.48) mean=-4.60 p50=-4.67 p05=-4.67 p95=-4.11
  [diag] sat-dist hist bins=60 sat<0.05=0.0% mean=0.576 p10=0.572 p90=0.572
Iter 0006880: train nll 0.390, valid error 100.000%, best valid error 100.000%, avg grad norm   0.264, avg grad norm (post clip)   0.053, rho_Whh  0.93, Omega  0.00, alpha  0.000, steps in the past 0.000, valid nll 0.316
  [diag] log10|dL/dh_t| hist bins=60 range=(-4.68,-3.48) mean=-4.60 p50=-4.67 p05=-4.67 p95=-4.11
  [diag] sat-dist hist bins=60 sat<0.05=0.0% mean=0.576 p10=0.572 p90=0.572
Iter 0006900: train nll 0.372, valid error 100.000%, best valid error 100.000%, avg grad norm   0.241, avg grad norm (post clip)   0.053, rho_Whh  0.93, Omega  0.00, alpha  0.000, steps in the past 0.000, valid nll 0.315
  [diag] log10|dL/dh_t| hist bins=60 range=(-4.68,-3.47) mean=-4.60 p50=-4.67 p05=-4.67 p95=-4.11
  [diag] sat-dist hist bins=60 sat<0.05=0.0% mean=0.577 p10=0.573 p90=0.573
Iter 0006920: train nll 0.393, valid error 100.000%, best valid error 100.000%, avg grad norm   0.296, avg grad norm (post clip)   0.053, rho_Whh  0.93, Omega  0.00, alpha  0.000, steps in the past 0.000, valid nll 0.315
  [diag] log10|dL/dh_t| hist bins=60 range=(-4.68,-3.47) mean=-4.60 p50=-4.67 p05=-4.67 p95=-4.11
  [diag] sat-dist hist bins=60 sat<0.05=0.0% mean=0.578 p10=0.574 p90=0.574
Iter 0006940: train nll 0.388, valid error 100.000%, best valid error 100.000%, avg grad norm   0.266, avg grad norm (post clip)   0.053, rho_Whh  0.93, Omega  0.00, alpha  0.000, steps in the past 0.000, valid nll 0.315
  [diag] log10|dL/dh_t| hist bins=60 range=(-4.68,-3.47) mean=-4.60 p50=-4.66 p05=-4.66 p95=-4.11
  [diag] sat-dist hist bins=60 sat<0.05=0.0% mean=0.579 p10=0.575 p90=0.575
Iter 0006960: train nll 0.417, valid error 100.000%, best valid error 100.000%, avg grad norm   0.379, avg grad norm (post clip)   0.053, rho_Whh  0.94, Omega  0.00, alpha  0.000, steps in the past 0.000, valid nll 0.315
  [diag] log10|dL/dh_t| hist bins=60 range=(-4.68,-3.48) mean=-4.58 p50=-4.65 p05=-4.65 p95=-4.11
  [diag] sat-dist hist bins=60 sat<0.05=0.0% mean=0.582 p10=0.578 p90=0.578
Iter 0006980: train nll 0.421, valid error 100.000%, best valid error 100.000%, avg grad norm   0.356, avg grad norm (post clip)   0.053, rho_Whh  0.94, Omega  0.00, alpha  0.000, steps in the past 0.000, valid nll 0.315
  [diag] log10|dL/dh_t| hist bins=60 range=(-4.68,-3.47) mean=-4.59 p50=-4.65 p05=-4.65 p95=-4.12
  [diag] sat-dist hist bins=60 sat<0.05=0.0% mean=0.581 p10=0.577 p90=0.577
Iter 0007000: train nll 0.349, valid error 100.000%, best valid error 100.000%, avg grad norm   0.205, avg grad norm (post clip)   0.053, rho_Whh  0.94, Omega  0.00, alpha  0.000, steps in the past 0.000, valid nll 0.315
  [diag] log10|dL/dh_t| hist bins=60 range=(-4.69,-3.47) mean=-4.60 p50=-4.66 p05=-4.66 p95=-4.12
  [diag] sat-dist hist bins=60 sat<0.05=0.0% mean=0.580 p10=0.576 p90=0.576
Iter 0007020: train nll 0.356, valid error 100.000%, best valid error 100.000%, avg grad norm   0.252, avg grad norm (post clip)   0.053, rho_Whh  0.94, Omega  0.00, alpha  0.000, steps in the past 0.000, valid nll 0.314
  [diag] log10|dL/dh_t| hist bins=60 range=(-4.70,-3.47) mean=-4.60 p50=-4.66 p05=-4.66 p95=-4.12
  [diag] sat-dist hist bins=60 sat<0.05=0.0% mean=0.580 p10=0.576 p90=0.577
Iter 0007040: train nll 0.360, valid error 100.000%, best valid error 100.000%, avg grad norm   0.241, avg grad norm (post clip)   0.053, rho_Whh  0.94, Omega  0.00, alpha  0.000, steps in the past 0.000, valid nll 0.314
  [diag] log10|dL/dh_t| hist bins=60 range=(-4.70,-3.47) mean=-4.61 p50=-4.67 p05=-4.67 p95=-4.12
  [diag] sat-dist hist bins=60 sat<0.05=0.0% mean=0.579 p10=0.575 p90=0.576
Iter 0007060: train nll 0.376, valid error 100.000%, best valid error 100.000%, avg grad norm   0.276, avg grad norm (post clip)   0.053, rho_Whh  0.94, Omega  0.00, alpha  0.000, steps in the past 0.000, valid nll 0.314
  [diag] log10|dL/dh_t| hist bins=60 range=(-4.71,-3.47) mean=-4.60 p50=-4.67 p05=-4.67 p95=-4.12
  [diag] sat-dist hist bins=60 sat<0.05=0.0% mean=0.580 p10=0.577 p90=0.577
Iter 0007080: train nll 0.381, valid error 100.000%, best valid error 100.000%, avg grad norm   0.260, avg grad norm (post clip)   0.053, rho_Whh  0.95, Omega  0.00, alpha  0.000, steps in the past 0.000, valid nll 0.314
  [diag] log10|dL/dh_t| hist bins=60 range=(-4.71,-3.47) mean=-4.60 p50=-4.67 p05=-4.67 p95=-4.12
  [diag] sat-dist hist bins=60 sat<0.05=0.0% mean=0.581 p10=0.578 p90=0.578
Iter 0007100: train nll 0.371, valid error 100.000%, best valid error 100.000%, avg grad norm   0.264, avg grad norm (post clip)   0.053, rho_Whh  0.95, Omega  0.00, alpha  0.000, steps in the past 0.000, valid nll 0.314
  [diag] log10|dL/dh_t| hist bins=60 range=(-4.71,-3.47) mean=-4.60 p50=-4.66 p05=-4.66 p95=-4.12
  [diag] sat-dist hist bins=60 sat<0.05=0.0% mean=0.582 p10=0.579 p90=0.579
Iter 0007120: train nll 0.369, valid error 100.000%, best valid error 100.000%, avg grad norm   0.251, avg grad norm (post clip)   0.053, rho_Whh  0.95, Omega  0.00, alpha  0.000, steps in the past 0.000, valid nll 0.313
  [diag] log10|dL/dh_t| hist bins=60 range=(-4.71,-3.47) mean=-4.59 p50=-4.65 p05=-4.65 p95=-4.13
  [diag] sat-dist hist bins=60 sat<0.05=0.0% mean=0.584 p10=0.580 p90=0.580
Iter 0007140: train nll 0.367, valid error 100.000%, best valid error 100.000%, avg grad norm   0.237, avg grad norm (post clip)   0.053, rho_Whh  0.95, Omega  0.00, alpha  0.000, steps in the past 0.000, valid nll 0.313
  [diag] log10|dL/dh_t| hist bins=60 range=(-4.72,-3.47) mean=-4.60 p50=-4.66 p05=-4.66 p95=-4.13
  [diag] sat-dist hist bins=60 sat<0.05=0.0% mean=0.583 p10=0.580 p90=0.580
Iter 0007160: train nll 0.405, valid error 100.000%, best valid error 100.000%, avg grad norm   0.368, avg grad norm (post clip)   0.053, rho_Whh  0.95, Omega  0.00, alpha  0.000, steps in the past 0.000, valid nll 0.313
  [diag] log10|dL/dh_t| hist bins=60 range=(-4.72,-3.47) mean=-4.60 p50=-4.66 p05=-4.66 p95=-4.13
  [diag] sat-dist hist bins=60 sat<0.05=0.0% mean=0.584 p10=0.580 p90=0.580
Iter 0007180: train nll 0.349, valid error 100.000%, best valid error 100.000%, avg grad norm   0.286, avg grad norm (post clip)   0.053, rho_Whh  0.96, Omega  0.00, alpha  0.000, steps in the past 0.000, valid nll 0.313
  [diag] log10|dL/dh_t| hist bins=60 range=(-4.73,-3.47) mean=-4.61 p50=-4.67 p05=-4.67 p95=-4.13
  [diag] sat-dist hist bins=60 sat<0.05=0.0% mean=0.582 p10=0.578 p90=0.579
Iter 0007200: train nll 0.321, valid error 100.000%, best valid error 100.000%, avg grad norm   0.200, avg grad norm (post clip)   0.053, rho_Whh  0.96, Omega  0.00, alpha  0.000, steps in the past 0.000, valid nll 0.312
  [diag] log10|dL/dh_t| hist bins=60 range=(-4.73,-3.47) mean=-4.61 p50=-4.68 p05=-4.68 p95=-4.13
  [diag] sat-dist hist bins=60 sat<0.05=0.0% mean=0.582 p10=0.578 p90=0.578
Iter 0007220: train nll 0.346, valid error 100.000%, best valid error 100.000%, avg grad norm   0.209, avg grad norm (post clip)   0.053, rho_Whh  0.96, Omega  0.00, alpha  0.000, steps in the past 0.000, valid nll 0.312
  [diag] log10|dL/dh_t| hist bins=60 range=(-4.74,-3.47) mean=-4.61 p50=-4.67 p05=-4.67 p95=-4.13
  [diag] sat-dist hist bins=60 sat<0.05=0.0% mean=0.583 p10=0.580 p90=0.580
Iter 0007240: train nll 0.383, valid error 100.000%, best valid error 100.000%, avg grad norm   0.328, avg grad norm (post clip)   0.053, rho_Whh  0.96, Omega  0.00, alpha  0.000, steps in the past 0.000, valid nll 0.312
  [diag] log10|dL/dh_t| hist bins=60 range=(-4.74,-3.47) mean=-4.61 p50=-4.67 p05=-4.67 p95=-4.13
  [diag] sat-dist hist bins=60 sat<0.05=0.0% mean=0.584 p10=0.581 p90=0.581
Iter 0007260: train nll 0.365, valid error 100.000%, best valid error 100.000%, avg grad norm   0.298, avg grad norm (post clip)   0.053, rho_Whh  0.96, Omega  0.00, alpha  0.000, steps in the past 0.000, valid nll 0.312
  [diag] log10|dL/dh_t| hist bins=60 range=(-4.74,-3.47) mean=-4.59 p50=-4.66 p05=-4.66 p95=-4.13
  [diag] sat-dist hist bins=60 sat<0.05=0.0% mean=0.587 p10=0.583 p90=0.584
Iter 0007280: train nll 0.401, valid error 100.000%, best valid error 100.000%, avg grad norm   0.371, avg grad norm (post clip)   0.053, rho_Whh  0.97, Omega  0.00, alpha  0.000, steps in the past 0.000, valid nll 0.312
  [diag] log10|dL/dh_t| hist bins=60 range=(-4.74,-3.47) mean=-4.59 p50=-4.65 p05=-4.65 p95=-4.14
  [diag] sat-dist hist bins=60 sat<0.05=0.0% mean=0.588 p10=0.585 p90=0.585
Iter 0007300: train nll 0.375, valid error 100.000%, best valid error 100.000%, avg grad norm   0.301, avg grad norm (post clip)   0.053, rho_Whh  0.97, Omega  0.00, alpha  0.000, steps in the past 0.000, valid nll 0.312
  [diag] log10|dL/dh_t| hist bins=60 range=(-4.73,-3.47) mean=-4.58 p50=-4.64 p05=-4.64 p95=-4.14
  [diag] sat-dist hist bins=60 sat<0.05=0.0% mean=0.591 p10=0.587 p90=0.588
Iter 0007320: train nll 0.406, valid error 100.000%, best valid error 100.000%, avg grad norm   0.374, avg grad norm (post clip)   0.053, rho_Whh  0.97, Omega  0.00, alpha  0.000, steps in the past 0.000, valid nll 0.312
  [diag] log10|dL/dh_t| hist bins=60 range=(-4.74,-3.47) mean=-4.58 p50=-4.64 p05=-4.64 p95=-4.14
  [diag] sat-dist hist bins=60 sat<0.05=0.0% mean=0.591 p10=0.588 p90=0.588
Iter 0007340: train nll 0.382, valid error 100.000%, best valid error 100.000%, avg grad norm   0.342, avg grad norm (post clip)   0.053, rho_Whh  0.97, Omega  0.00, alpha  0.000, steps in the past 0.000, valid nll 0.311
  [diag] log10|dL/dh_t| hist bins=60 range=(-4.73,-3.47) mean=-4.56 p50=-4.62 p05=-4.62 p95=-4.14
  [diag] sat-dist hist bins=60 sat<0.05=0.0% mean=0.595 p10=0.592 p90=0.592
Iter 0007360: train nll 0.413, valid error 100.000%, best valid error 100.000%, avg grad norm   0.382, avg grad norm (post clip)   0.053, rho_Whh  0.97, Omega  0.00, alpha  0.000, steps in the past 0.000, valid nll 0.312
  [diag] log10|dL/dh_t| hist bins=60 range=(-4.73,-3.47) mean=-4.54 p50=-4.60 p05=-4.60 p95=-4.14
  [diag] sat-dist hist bins=60 sat<0.05=0.0% mean=0.598 p10=0.595 p90=0.595
Iter 0007380: train nll 0.439, valid error 100.000%, best valid error 100.000%, avg grad norm   0.431, avg grad norm (post clip)   0.053, rho_Whh  0.98, Omega  0.00, alpha  0.000, steps in the past 0.000, valid nll 0.312
  [diag] log10|dL/dh_t| hist bins=60 range=(-4.74,-3.47) mean=-4.55 p50=-4.61 p05=-4.61 p95=-4.14
  [diag] sat-dist hist bins=60 sat<0.05=0.0% mean=0.597 p10=0.594 p90=0.594
Iter 0007400: train nll 0.369, valid error 100.000%, best valid error 100.000%, avg grad norm   0.297, avg grad norm (post clip)   0.053, rho_Whh  0.98, Omega  0.00, alpha  0.000, steps in the past 0.000, valid nll 0.311
  [diag] log10|dL/dh_t| hist bins=60 range=(-4.75,-3.47) mean=-4.56 p50=-4.62 p05=-4.62 p95=-4.14
  [diag] sat-dist hist bins=60 sat<0.05=0.0% mean=0.595 p10=0.592 p90=0.592
Iter 0007420: train nll 0.356, valid error 100.000%, best valid error 100.000%, avg grad norm   0.343, avg grad norm (post clip)   0.053, rho_Whh  0.98, Omega  0.00, alpha  0.000, steps in the past 0.000, valid nll 0.311
  [diag] log10|dL/dh_t| hist bins=60 range=(-4.75,-3.47) mean=-4.57 p50=-4.63 p05=-4.63 p95=-4.14
  [diag] sat-dist hist bins=60 sat<0.05=0.0% mean=0.594 p10=0.591 p90=0.591
Iter 0007440: train nll 0.357, valid error 100.000%, best valid error 100.000%, avg grad norm   0.334, avg grad norm (post clip)   0.053, rho_Whh  0.98, Omega  0.00, alpha  0.000, steps in the past 0.000, valid nll 0.310
  [diag] log10|dL/dh_t| hist bins=60 range=(-4.75,-3.47) mean=-4.57 p50=-4.62 p05=-4.62 p95=-4.14
  [diag] sat-dist hist bins=60 sat<0.05=0.0% mean=0.595 p10=0.592 p90=0.592
Iter 0007460: train nll 0.389, valid error 100.000%, best valid error 100.000%, avg grad norm   0.342, avg grad norm (post clip)   0.053, rho_Whh  0.98, Omega  0.00, alpha  0.000, steps in the past 0.000, valid nll 0.310
  [diag] log10|dL/dh_t| hist bins=60 range=(-4.75,-3.47) mean=-4.55 p50=-4.61 p05=-4.61 p95=-4.14
  [diag] sat-dist hist bins=60 sat<0.05=0.0% mean=0.598 p10=0.595 p90=0.595
Iter 0007480: train nll 0.452, valid error 100.000%, best valid error 100.000%, avg grad norm   0.561, avg grad norm (post clip)   0.053, rho_Whh  0.98, Omega  0.00, alpha  0.000, steps in the past 0.000, valid nll 0.310
  [diag] log10|dL/dh_t| hist bins=60 range=(-4.75,-3.47) mean=-4.55 p50=-4.60 p05=-4.60 p95=-4.14
  [diag] sat-dist hist bins=60 sat<0.05=0.0% mean=0.599 p10=0.597 p90=0.597
Iter 0007500: train nll 0.399, valid error 100.000%, best valid error 100.000%, avg grad norm   0.374, avg grad norm (post clip)   0.053, rho_Whh  0.99, Omega  0.00, alpha  0.000, steps in the past 0.000, valid nll 0.310
  [diag] log10|dL/dh_t| hist bins=60 range=(-4.75,-3.47) mean=-4.54 p50=-4.59 p05=-4.59 p95=-4.14
  [diag] sat-dist hist bins=60 sat<0.05=0.0% mean=0.601 p10=0.598 p90=0.598
Iter 0007520: train nll 0.402, valid error 100.000%, best valid error 100.000%, avg grad norm   0.441, avg grad norm (post clip)   0.053, rho_Whh  0.99, Omega  0.00, alpha  0.000, steps in the past 0.000, valid nll 0.310
  [diag] log10|dL/dh_t| hist bins=60 range=(-4.76,-3.47) mean=-4.54 p50=-4.59 p05=-4.59 p95=-4.14
  [diag] sat-dist hist bins=60 sat<0.05=0.0% mean=0.601 p10=0.598 p90=0.598
Iter 0007540: train nll 0.386, valid error 100.000%, best valid error 100.000%, avg grad norm   0.370, avg grad norm (post clip)   0.053, rho_Whh  0.99, Omega  0.00, alpha  0.000, steps in the past 0.000, valid nll 0.310
  [diag] log10|dL/dh_t| hist bins=60 range=(-4.76,-3.47) mean=-4.54 p50=-4.60 p05=-4.60 p95=-4.15
  [diag] sat-dist hist bins=60 sat<0.05=0.0% mean=0.601 p10=0.598 p90=0.598
Iter 0007560: train nll 0.377, valid error 100.000%, best valid error 100.000%, avg grad norm   0.356, avg grad norm (post clip)   0.053, rho_Whh  0.99, Omega  0.00, alpha  0.000, steps in the past 0.000, valid nll 0.310
  [diag] log10|dL/dh_t| hist bins=60 range=(-4.76,-3.47) mean=-4.53 p50=-4.59 p05=-4.59 p95=-4.15
  [diag] sat-dist hist bins=60 sat<0.05=0.0% mean=0.602 p10=0.600 p90=0.600
Iter 0007580: train nll 0.409, valid error 100.000%, best valid error 100.000%, avg grad norm   0.358, avg grad norm (post clip)   0.053, rho_Whh  0.99, Omega  0.00, alpha  0.000, steps in the past 0.000, valid nll 0.310
  [diag] log10|dL/dh_t| hist bins=60 range=(-4.77,-3.47) mean=-4.53 p50=-4.59 p05=-4.59 p95=-4.15
  [diag] sat-dist hist bins=60 sat<0.05=0.0% mean=0.603 p10=0.600 p90=0.600
Iter 0007600: train nll 0.395, valid error 100.000%, best valid error 100.000%, avg grad norm   0.416, avg grad norm (post clip)   0.053, rho_Whh  1.00, Omega  0.00, alpha  0.000, steps in the past 0.000, valid nll 0.310
  [diag] log10|dL/dh_t| hist bins=60 range=(-4.77,-3.47) mean=-4.53 p50=-4.59 p05=-4.59 p95=-4.15
  [diag] sat-dist hist bins=60 sat<0.05=0.0% mean=0.603 p10=0.600 p90=0.600
Iter 0007620: train nll 0.390, valid error 100.000%, best valid error 100.000%, avg grad norm   0.472, avg grad norm (post clip)   0.053, rho_Whh  1.00, Omega  0.00, alpha  0.000, steps in the past 0.000, valid nll 0.309
  [diag] log10|dL/dh_t| hist bins=60 range=(-4.78,-3.47) mean=-4.56 p50=-4.61 p05=-4.61 p95=-4.15
  [diag] sat-dist hist bins=60 sat<0.05=0.0% mean=0.600 p10=0.597 p90=0.597
Iter 0007640: train nll 0.376, valid error 100.000%, best valid error 100.000%, avg grad norm   0.470, avg grad norm (post clip)   0.053, rho_Whh  1.00, Omega  0.00, alpha  0.000, steps in the past 0.000, valid nll 0.308
  [diag] log10|dL/dh_t| hist bins=60 range=(-4.79,-3.47) mean=-4.56 p50=-4.62 p05=-4.62 p95=-4.15
  [diag] sat-dist hist bins=60 sat<0.05=0.0% mean=0.599 p10=0.596 p90=0.596
Iter 0007660: train nll 0.385, valid error 100.000%, best valid error 100.000%, avg grad norm   0.428, avg grad norm (post clip)   0.053, rho_Whh  1.00, Omega  0.00, alpha  0.000, steps in the past 0.000, valid nll 0.307
  [diag] log10|dL/dh_t| hist bins=60 range=(-4.80,-3.46) mean=-4.58 p50=-4.63 p05=-4.63 p95=-4.15
  [diag] sat-dist hist bins=60 sat<0.05=0.0% mean=0.597 p10=0.594 p90=0.594
Iter 0007680: train nll 0.341, valid error 100.000%, best valid error 100.000%, avg grad norm   0.315, avg grad norm (post clip)   0.053, rho_Whh  1.00, Omega  0.00, alpha  0.000, steps in the past 0.000, valid nll 0.307
  [diag] log10|dL/dh_t| hist bins=60 range=(-4.79,-3.47) mean=-4.55 p50=-4.60 p05=-4.60 p95=-4.15
  [diag] sat-dist hist bins=60 sat<0.05=0.0% mean=0.602 p10=0.599 p90=0.599
Iter 0007700: train nll 0.428, valid error 100.000%, best valid error 100.000%, avg grad norm   0.529, avg grad norm (post clip)   0.053, rho_Whh  1.00, Omega  0.00, alpha  0.000, steps in the past 0.000, valid nll 0.307
  [diag] log10|dL/dh_t| hist bins=60 range=(-4.80,-3.46) mean=-4.57 p50=-4.62 p05=-4.62 p95=-4.15
  [diag] sat-dist hist bins=60 sat<0.05=0.0% mean=0.599 p10=0.597 p90=0.597
Iter 0007720: train nll 0.351, valid error 100.000%, best valid error 100.000%, avg grad norm   0.361, avg grad norm (post clip)   0.053, rho_Whh  1.01, Omega  0.00, alpha  0.000, steps in the past 0.000, valid nll 0.306
  [diag] log10|dL/dh_t| hist bins=60 range=(-4.81,-3.46) mean=-4.57 p50=-4.63 p05=-4.63 p95=-4.16
  [diag] sat-dist hist bins=60 sat<0.05=0.0% mean=0.599 p10=0.596 p90=0.596
Iter 0007740: train nll 0.361, valid error 100.000%, best valid error 100.000%, avg grad norm   0.323, avg grad norm (post clip)   0.053, rho_Whh  1.01, Omega  0.00, alpha  0.000, steps in the past 0.000, valid nll 0.306
  [diag] log10|dL/dh_t| hist bins=60 range=(-4.81,-3.46) mean=-4.56 p50=-4.61 p05=-4.61 p95=-4.16
  [diag] sat-dist hist bins=60 sat<0.05=0.0% mean=0.601 p10=0.599 p90=0.599
Iter 0007760: train nll 0.380, valid error 100.000%, best valid error 100.000%, avg grad norm   0.453, avg grad norm (post clip)   0.053, rho_Whh  1.01, Omega  0.00, alpha  0.000, steps in the past 0.000, valid nll 0.306
  [diag] log10|dL/dh_t| hist bins=60 range=(-4.81,-3.46) mean=-4.55 p50=-4.61 p05=-4.61 p95=-4.16
  [diag] sat-dist hist bins=60 sat<0.05=0.0% mean=0.602 p10=0.600 p90=0.600
Iter 0007780: train nll 0.377, valid error 100.000%, best valid error 100.000%, avg grad norm   0.412, avg grad norm (post clip)   0.053, rho_Whh  1.01, Omega  0.00, alpha  0.000, steps in the past 0.000, valid nll 0.305
  [diag] log10|dL/dh_t| hist bins=60 range=(-4.82,-3.46) mean=-4.56 p50=-4.62 p05=-4.62 p95=-4.16
  [diag] sat-dist hist bins=60 sat<0.05=0.0% mean=0.601 p10=0.599 p90=0.599
Iter 0007800: train nll 0.371, valid error 100.000%, best valid error 100.000%, avg grad norm   0.464, avg grad norm (post clip)   0.053, rho_Whh  1.01, Omega  0.00, alpha  0.000, steps in the past 0.000, valid nll 0.305
  [diag] log10|dL/dh_t| hist bins=60 range=(-4.83,-3.46) mean=-4.58 p50=-4.64 p05=-4.64 p95=-4.16
  [diag] sat-dist hist bins=60 sat<0.05=0.0% mean=0.598 p10=0.595 p90=0.595
Iter 0007820: train nll 0.332, valid error 100.000%, best valid error 100.000%, avg grad norm   0.396, avg grad norm (post clip)   0.053, rho_Whh  1.01, Omega  0.00, alpha  0.000, steps in the past 0.000, valid nll 0.304
  [diag] log10|dL/dh_t| hist bins=60 range=(-4.83,-3.46) mean=-4.56 p50=-4.62 p05=-4.62 p95=-4.16
  [diag] sat-dist hist bins=60 sat<0.05=0.0% mean=0.602 p10=0.599 p90=0.599
Iter 0007840: train nll 0.388, valid error 100.000%, best valid error 100.000%, avg grad norm   0.460, avg grad norm (post clip)   0.053, rho_Whh  1.02, Omega  0.00, alpha  0.000, steps in the past 0.000, valid nll 0.304
  [diag] log10|dL/dh_t| hist bins=60 range=(-4.84,-3.46) mean=-4.58 p50=-4.63 p05=-4.63 p95=-4.16
  [diag] sat-dist hist bins=60 sat<0.05=0.0% mean=0.600 p10=0.597 p90=0.598
Iter 0007860: train nll 0.362, valid error 100.000%, best valid error 100.000%, avg grad norm   0.416, avg grad norm (post clip)   0.053, rho_Whh  1.02, Omega  0.00, alpha  0.000, steps in the past 0.000, valid nll 0.303
  [diag] log10|dL/dh_t| hist bins=60 range=(-4.85,-3.46) mean=-4.58 p50=-4.63 p05=-4.64 p95=-4.16
  [diag] sat-dist hist bins=60 sat<0.05=0.0% mean=0.600 p10=0.597 p90=0.597
Iter 0007880: train nll 0.372, valid error 100.000%, best valid error 100.000%, avg grad norm   0.491, avg grad norm (post clip)   0.053, rho_Whh  1.02, Omega  0.00, alpha  0.000, steps in the past 0.000, valid nll 0.303
  [diag] log10|dL/dh_t| hist bins=60 range=(-4.85,-3.46) mean=-4.57 p50=-4.63 p05=-4.63 p95=-4.16
  [diag] sat-dist hist bins=60 sat<0.05=0.0% mean=0.601 p10=0.599 p90=0.599
Iter 0007900: train nll 0.358, valid error 100.000%, best valid error 100.000%, avg grad norm   0.418, avg grad norm (post clip)   0.053, rho_Whh  1.02, Omega  0.00, alpha  0.000, steps in the past 0.000, valid nll 0.302
  [diag] log10|dL/dh_t| hist bins=60 range=(-4.86,-3.46) mean=-4.58 p50=-4.64 p05=-4.64 p95=-4.17
  [diag] sat-dist hist bins=60 sat<0.05=0.0% mean=0.599 p10=0.597 p90=0.597
Iter 0007920: train nll 0.349, valid error 100.000%, best valid error 100.000%, avg grad norm   0.512, avg grad norm (post clip)   0.053, rho_Whh  1.02, Omega  0.00, alpha  0.000, steps in the past 0.000, valid nll 0.302
  [diag] log10|dL/dh_t| hist bins=60 range=(-4.86,-3.46) mean=-4.58 p50=-4.63 p05=-4.64 p95=-4.17
  [diag] sat-dist hist bins=60 sat<0.05=0.0% mean=0.601 p10=0.599 p90=0.599
Iter 0007940: train nll 0.370, valid error 100.000%, best valid error 100.000%, avg grad norm   0.579, avg grad norm (post clip)   0.053, rho_Whh  1.03, Omega  0.00, alpha  0.000, steps in the past 0.000, valid nll 0.301
  [diag] log10|dL/dh_t| hist bins=60 range=(-4.86,-3.46) mean=-4.58 p50=-4.64 p05=-4.64 p95=-4.17
  [diag] sat-dist hist bins=60 sat<0.05=0.0% mean=0.600 p10=0.598 p90=0.598
Iter 0007960: train nll 0.358, valid error 100.000%, best valid error 100.000%, avg grad norm   0.550, avg grad norm (post clip)   0.053, rho_Whh  1.03, Omega  0.00, alpha  0.000, steps in the past 0.000, valid nll 0.301
  [diag] log10|dL/dh_t| hist bins=60 range=(-4.86,-3.46) mean=-4.57 p50=-4.63 p05=-4.63 p95=-4.17
  [diag] sat-dist hist bins=60 sat<0.05=0.0% mean=0.602 p10=0.600 p90=0.600
Iter 0007980: train nll 0.371, valid error 100.000%, best valid error 100.000%, avg grad norm   0.579, avg grad norm (post clip)   0.053, rho_Whh  1.03, Omega  0.00, alpha  0.000, steps in the past 0.000, valid nll 0.301
  [diag] log10|dL/dh_t| hist bins=60 range=(-4.87,-3.46) mean=-4.58 p50=-4.63 p05=-4.64 p95=-4.17
  [diag] sat-dist hist bins=60 sat<0.05=0.0% mean=0.602 p10=0.600 p90=0.600
Iter 0008000: train nll 0.368, valid error 100.000%, best valid error 100.000%, avg grad norm   0.597, avg grad norm (post clip)   0.053, rho_Whh  1.03, Omega  0.00, alpha  0.000, steps in the past 0.000, valid nll 0.300
  [diag] log10|dL/dh_t| hist bins=60 range=(-4.87,-3.46) mean=-4.57 p50=-4.62 p05=-4.63 p95=-4.17
  [diag] sat-dist hist bins=60 sat<0.05=0.0% mean=0.603 p10=0.601 p90=0.601
Iter 0008020: train nll 0.362, valid error 100.000%, best valid error 100.000%, avg grad norm   0.560, avg grad norm (post clip)   0.053, rho_Whh  1.03, Omega  0.00, alpha  0.000, steps in the past 0.000, valid nll 0.300
  [diag] log10|dL/dh_t| hist bins=60 range=(-4.88,-3.46) mean=-4.57 p50=-4.62 p05=-4.63 p95=-4.17
  [diag] sat-dist hist bins=60 sat<0.05=0.0% mean=0.604 p10=0.602 p90=0.602
Iter 0008040: train nll 0.378, valid error 100.000%, best valid error 100.000%, avg grad norm   0.653, avg grad norm (post clip)   0.053, rho_Whh  1.03, Omega  0.00, alpha  0.000, steps in the past 0.000, valid nll 0.299
  [diag] log10|dL/dh_t| hist bins=60 range=(-4.88,-3.46) mean=-4.56 p50=-4.61 p05=-4.63 p95=-4.17
  [diag] sat-dist hist bins=60 sat<0.05=0.0% mean=0.605 p10=0.603 p90=0.603
Iter 0008060: train nll 0.366, valid error 100.000%, best valid error 100.000%, avg grad norm   0.637, avg grad norm (post clip)   0.053, rho_Whh  1.04, Omega  0.00, alpha  0.000, steps in the past 0.000, valid nll 0.299
  [diag] log10|dL/dh_t| hist bins=60 range=(-4.88,-3.46) mean=-4.56 p50=-4.61 p05=-4.63 p95=-4.17
  [diag] sat-dist hist bins=60 sat<0.05=0.0% mean=0.606 p10=0.604 p90=0.604
Iter 0008080: train nll 0.354, valid error 100.000%, best valid error 100.000%, avg grad norm   0.577, avg grad norm (post clip)   0.053, rho_Whh  1.04, Omega  0.00, alpha  0.000, steps in the past 0.000, valid nll 0.299
  [diag] log10|dL/dh_t| hist bins=60 range=(-4.89,-3.46) mean=-4.56 p50=-4.61 p05=-4.63 p95=-4.17
  [diag] sat-dist hist bins=60 sat<0.05=0.0% mean=0.605 p10=0.603 p90=0.604
Iter 0008100: train nll 0.363, valid error 100.000%, best valid error 100.000%, avg grad norm   0.645, avg grad norm (post clip)   0.053, rho_Whh  1.04, Omega  0.00, alpha  0.000, steps in the past 0.000, valid nll 0.298
  [diag] log10|dL/dh_t| hist bins=60 range=(-4.90,-3.46) mean=-4.59 p50=-4.64 p05=-4.66 p95=-4.17
  [diag] sat-dist hist bins=60 sat<0.05=0.0% mean=0.601 p10=0.599 p90=0.599
Iter 0008120: train nll 0.335, valid error 100.000%, best valid error 100.000%, avg grad norm   0.607, avg grad norm (post clip)   0.053, rho_Whh  1.04, Omega  0.00, alpha  0.000, steps in the past 0.000, valid nll 0.297
  [diag] log10|dL/dh_t| hist bins=60 range=(-4.90,-3.46) mean=-4.59 p50=-4.64 p05=-4.66 p95=-4.17
  [diag] sat-dist hist bins=60 sat<0.05=0.0% mean=0.602 p10=0.600 p90=0.600
Iter 0008140: train nll 0.355, valid error 100.000%, best valid error 100.000%, avg grad norm   0.663, avg grad norm (post clip)   0.053, rho_Whh  1.04, Omega  0.00, alpha  0.000, steps in the past 0.000, valid nll 0.297
  [diag] log10|dL/dh_t| hist bins=60 range=(-4.90,-3.46) mean=-4.57 p50=-4.62 p05=-4.65 p95=-4.17
  [diag] sat-dist hist bins=60 sat<0.05=0.0% mean=0.605 p10=0.603 p90=0.603
Iter 0008160: train nll 0.367, valid error 100.000%, best valid error 100.000%, avg grad norm   0.733, avg grad norm (post clip)   0.053, rho_Whh  1.04, Omega  0.00, alpha  0.000, steps in the past 0.000, valid nll 0.297
  [diag] log10|dL/dh_t| hist bins=60 range=(-4.91,-3.46) mean=-4.60 p50=-4.65 p05=-4.67 p95=-4.18
  [diag] sat-dist hist bins=60 sat<0.05=0.0% mean=0.600 p10=0.598 p90=0.598
Iter 0008180: train nll 0.329, valid error 100.000%, best valid error 100.000%, avg grad norm   0.602, avg grad norm (post clip)   0.053, rho_Whh  1.04, Omega  0.00, alpha  0.000, steps in the past 0.000, valid nll 0.296
  [diag] log10|dL/dh_t| hist bins=60 range=(-4.92,-3.46) mean=-4.61 p50=-4.67 p05=-4.69 p95=-4.18
  [diag] sat-dist hist bins=60 sat<0.05=0.0% mean=0.598 p10=0.595 p90=0.596
Iter 0008200: train nll 0.346, valid error 100.000%, best valid error 100.000%, avg grad norm   0.739, avg grad norm (post clip)   0.053, rho_Whh  1.05, Omega  0.00, alpha  0.000, steps in the past 0.000, valid nll 0.295
  [diag] log10|dL/dh_t| hist bins=60 range=(-4.92,-3.46) mean=-4.58 p50=-4.63 p05=-4.67 p95=-4.18
  [diag] sat-dist hist bins=60 sat<0.05=0.0% mean=0.604 p10=0.602 p90=0.602
Iter 0008220: train nll 0.353, valid error 100.000%, best valid error 100.000%, avg grad norm   0.680, avg grad norm (post clip)   0.053, rho_Whh  1.05, Omega  0.00, alpha  0.000, steps in the past 0.000, valid nll 0.295
  [diag] log10|dL/dh_t| hist bins=60 range=(-4.92,-3.46) mean=-4.56 p50=-4.61 p05=-4.65 p95=-4.18
  [diag] sat-dist hist bins=60 sat<0.05=0.0% mean=0.607 p10=0.606 p90=0.606
Iter 0008240: train nll 0.346, valid error 100.000%, best valid error 100.000%, avg grad norm   0.468, avg grad norm (post clip)   0.053, rho_Whh  1.05, Omega  0.00, alpha  0.000, steps in the past 0.000, valid nll 0.295
  [diag] log10|dL/dh_t| hist bins=60 range=(-4.93,-3.46) mean=-4.57 p50=-4.61 p05=-4.66 p95=-4.18
  [diag] sat-dist hist bins=60 sat<0.05=0.0% mean=0.607 p10=0.605 p90=0.606
Iter 0008260: train nll 0.346, valid error 100.000%, best valid error 100.000%, avg grad norm   0.764, avg grad norm (post clip)   0.053, rho_Whh  1.05, Omega  0.00, alpha  0.000, steps in the past 0.000, valid nll 0.294
  [diag] log10|dL/dh_t| hist bins=60 range=(-4.94,-3.46) mean=-4.59 p50=-4.64 p05=-4.68 p95=-4.18
  [diag] sat-dist hist bins=60 sat<0.05=0.0% mean=0.603 p10=0.600 p90=0.601
Iter 0008280: train nll 0.335, valid error 100.000%, best valid error 100.000%, avg grad norm   0.707, avg grad norm (post clip)   0.053, rho_Whh  1.05, Omega  0.00, alpha  0.000, steps in the past 0.000, valid nll 0.293
  [diag] log10|dL/dh_t| hist bins=60 range=(-4.95,-3.46) mean=-4.61 p50=-4.66 p05=-4.70 p95=-4.18
  [diag] sat-dist hist bins=60 sat<0.05=0.0% mean=0.601 p10=0.598 p90=0.599
Iter 0008300: train nll 0.310, valid error 100.000%, best valid error 100.000%, avg grad norm   0.554, avg grad norm (post clip)   0.053, rho_Whh  1.06, Omega  0.00, alpha  0.000, steps in the past 0.000, valid nll 0.292
  [diag] log10|dL/dh_t| hist bins=60 range=(-4.95,-3.46) mean=-4.59 p50=-4.64 p05=-4.69 p95=-4.18
  [diag] sat-dist hist bins=60 sat<0.05=0.0% mean=0.604 p10=0.602 p90=0.603
Iter 0008320: train nll 0.346, valid error 100.000%, best valid error 100.000%, avg grad norm   0.776, avg grad norm (post clip)   0.053, rho_Whh  1.06, Omega  0.00, alpha  0.000, steps in the past 0.000, valid nll 0.291
  [diag] log10|dL/dh_t| hist bins=60 range=(-4.96,-3.46) mean=-4.59 p50=-4.64 p05=-4.70 p95=-4.18
  [diag] sat-dist hist bins=60 sat<0.05=0.0% mean=0.603 p10=0.600 p90=0.602
Iter 0008340: train nll 0.351, valid error 100.000%, best valid error 100.000%, avg grad norm   0.909, avg grad norm (post clip)   0.053, rho_Whh  1.06, Omega  0.00, alpha  0.000, steps in the past 0.000, valid nll 0.291
  [diag] log10|dL/dh_t| hist bins=60 range=(-4.95,-3.46) mean=-4.57 p50=-4.61 p05=-4.68 p95=-4.18
  [diag] sat-dist hist bins=60 sat<0.05=0.0% mean=0.608 p10=0.605 p90=0.607
Iter 0008360: train nll 0.364, valid error 100.000%, best valid error 100.000%, avg grad norm   0.979, avg grad norm (post clip)   0.053, rho_Whh  1.06, Omega  0.00, alpha  0.000, steps in the past 0.000, valid nll 0.291
  [diag] log10|dL/dh_t| hist bins=60 range=(-4.96,-3.47) mean=-4.55 p50=-4.59 p05=-4.67 p95=-4.18
  [diag] sat-dist hist bins=60 sat<0.05=0.0% mean=0.610 p10=0.608 p90=0.610
Iter 0008380: train nll 0.353, valid error 100.000%, best valid error 100.000%, avg grad norm   0.834, avg grad norm (post clip)   0.053, rho_Whh  1.06, Omega  0.00, alpha  0.000, steps in the past 0.000, valid nll 0.290
  [diag] log10|dL/dh_t| hist bins=60 range=(-4.96,-3.46) mean=-4.57 p50=-4.61 p05=-4.69 p95=-4.18
  [diag] sat-dist hist bins=60 sat<0.05=0.0% mean=0.608 p10=0.605 p90=0.608
Iter 0008400: train nll 0.344, valid error 100.000%, best valid error 100.000%, avg grad norm   0.852, avg grad norm (post clip)   0.053, rho_Whh  1.06, Omega  0.00, alpha  0.000, steps in the past 0.000, valid nll 0.289
  [diag] log10|dL/dh_t| hist bins=60 range=(-4.97,-3.47) mean=-4.55 p50=-4.59 p05=-4.68 p95=-4.18
  [diag] sat-dist hist bins=60 sat<0.05=0.0% mean=0.612 p10=0.609 p90=0.611
Iter 0008420: train nll 0.364, valid error 100.000%, best valid error 100.000%, avg grad norm   0.896, avg grad norm (post clip)   0.053, rho_Whh  1.07, Omega  0.00, alpha  0.000, steps in the past 0.000, valid nll 0.289
  [diag] log10|dL/dh_t| hist bins=60 range=(-4.97,-3.47) mean=-4.53 p50=-4.57 p05=-4.67 p95=-4.18
  [diag] sat-dist hist bins=60 sat<0.05=0.0% mean=0.614 p10=0.611 p90=0.614
Iter 0008440: train nll 0.374, valid error 100.000%, best valid error 100.000%, avg grad norm   1.200, avg grad norm (post clip)   0.053, rho_Whh  1.07, Omega  0.00, alpha  0.000, steps in the past 0.000, valid nll 0.289
  [diag] log10|dL/dh_t| hist bins=60 range=(-4.98,-3.47) mean=-4.55 p50=-4.59 p05=-4.69 p95=-4.19
  [diag] sat-dist hist bins=60 sat<0.05=0.0% mean=0.611 p10=0.608 p90=0.611
Iter 0008460: train nll 0.337, valid error 100.000%, best valid error 100.000%, avg grad norm   0.921, avg grad norm (post clip)   0.053, rho_Whh  1.07, Omega  0.00, alpha  0.000, steps in the past 0.000, valid nll 0.288
  [diag] log10|dL/dh_t| hist bins=60 range=(-4.98,-3.47) mean=-4.55 p50=-4.59 p05=-4.70 p95=-4.19
  [diag] sat-dist hist bins=60 sat<0.05=0.0% mean=0.611 p10=0.607 p90=0.611
Iter 0008480: train nll 0.357, valid error 100.000%, best valid error 100.000%, avg grad norm   1.056, avg grad norm (post clip)   0.053, rho_Whh  1.07, Omega  0.00, alpha  0.000, steps in the past 0.000, valid nll 0.287
  [diag] log10|dL/dh_t| hist bins=60 range=(-4.99,-3.47) mean=-4.58 p50=-4.62 p05=-4.72 p95=-4.19
  [diag] sat-dist hist bins=60 sat<0.05=0.0% mean=0.608 p10=0.603 p90=0.608
Iter 0008500: train nll 0.333, valid error 100.000%, best valid error 100.000%, avg grad norm   0.967, avg grad norm (post clip)   0.053, rho_Whh  1.07, Omega  0.00, alpha  0.000, steps in the past 0.000, valid nll 0.286
  [diag] log10|dL/dh_t| hist bins=60 range=(-5.00,-3.47) mean=-4.58 p50=-4.62 p05=-4.73 p95=-4.19
  [diag] sat-dist hist bins=60 sat<0.05=0.0% mean=0.608 p10=0.603 p90=0.608
Iter 0008520: train nll 0.354, valid error 100.000%, best valid error 100.000%, avg grad norm   1.198, avg grad norm (post clip)   0.053, rho_Whh  1.07, Omega  0.00, alpha  0.000, steps in the past 0.000, valid nll 0.285
  [diag] log10|dL/dh_t| hist bins=60 range=(-5.00,-3.47) mean=-4.59 p50=-4.63 p05=-4.74 p95=-4.19
  [diag] sat-dist hist bins=60 sat<0.05=0.0% mean=0.606 p10=0.601 p90=0.606
Iter 0008540: train nll 0.348, valid error 100.000%, best valid error 100.000%, avg grad norm   1.248, avg grad norm (post clip)   0.053, rho_Whh  1.07, Omega  0.00, alpha  0.000, steps in the past 0.000, valid nll 0.284
  [diag] log10|dL/dh_t| hist bins=60 range=(-5.01,-3.46) mean=-4.61 p50=-4.65 p05=-4.76 p95=-4.19
  [diag] sat-dist hist bins=60 sat<0.05=0.0% mean=0.603 p10=0.597 p90=0.603
Iter 0008560: train nll 0.307, valid error 100.000%, best valid error 100.000%, avg grad norm   0.913, avg grad norm (post clip)   0.053, rho_Whh  1.08, Omega  0.00, alpha  0.000, steps in the past 0.000, valid nll 0.283
  [diag] log10|dL/dh_t| hist bins=60 range=(-5.02,-3.47) mean=-4.59 p50=-4.63 p05=-4.76 p95=-4.19
  [diag] sat-dist hist bins=60 sat<0.05=0.0% mean=0.607 p10=0.600 p90=0.607
Iter 0008580: train nll 0.325, valid error 100.000%, best valid error 100.000%, avg grad norm   0.991, avg grad norm (post clip)   0.053, rho_Whh  1.08, Omega  0.00, alpha  0.000, steps in the past 0.000, valid nll 0.282
  [diag] log10|dL/dh_t| hist bins=60 range=(-5.02,-3.47) mean=-4.56 p50=-4.59 p05=-4.74 p95=-4.19
  [diag] sat-dist hist bins=60 sat<0.05=0.0% mean=0.612 p10=0.605 p90=0.612
Iter 0008600: train nll 0.355, valid error 100.000%, best valid error 100.000%, avg grad norm   1.436, avg grad norm (post clip)   0.053, rho_Whh  1.08, Omega  0.00, alpha  0.000, steps in the past 0.000, valid nll 0.282
  [diag] log10|dL/dh_t| hist bins=60 range=(-5.02,-3.47) mean=-4.55 p50=-4.58 p05=-4.75 p95=-4.19
  [diag] sat-dist hist bins=60 sat<0.05=0.0% mean=0.613 p10=0.605 p90=0.614
Iter 0008620: train nll 0.349, valid error 100.000%, best valid error 100.000%, avg grad norm   1.437, avg grad norm (post clip)   0.053, rho_Whh  1.08, Omega  0.00, alpha  0.000, steps in the past 0.000, valid nll 0.282
  [diag] log10|dL/dh_t| hist bins=60 range=(-5.03,-3.47) mean=-4.58 p50=-4.61 p05=-4.77 p95=-4.19
  [diag] sat-dist hist bins=60 sat<0.05=0.0% mean=0.609 p10=0.600 p90=0.610
Iter 0008640: train nll 0.312, valid error 100.000%, best valid error 100.000%, avg grad norm   1.060, avg grad norm (post clip)   0.053, rho_Whh  1.08, Omega  0.00, alpha  0.000, steps in the past 0.000, valid nll 0.280
  [diag] log10|dL/dh_t| hist bins=60 range=(-5.03,-3.48) mean=-4.54 p50=-4.57 p05=-4.76 p95=-4.19
  [diag] sat-dist hist bins=60 sat<0.05=0.0% mean=0.615 p10=0.605 p90=0.616
Iter 0008660: train nll 0.342, valid error 100.000%, best valid error 100.000%, avg grad norm   1.468, avg grad norm (post clip)   0.053, rho_Whh  1.08, Omega  0.00, alpha  0.000, steps in the past 0.000, valid nll 0.280
  [diag] log10|dL/dh_t| hist bins=60 range=(-5.04,-3.48) mean=-4.55 p50=-4.58 p05=-4.77 p95=-4.19
  [diag] sat-dist hist bins=60 sat<0.05=0.0% mean=0.614 p10=0.602 p90=0.615
Iter 0008680: train nll 0.355, valid error 100.000%, best valid error 100.000%, avg grad norm   1.533, avg grad norm (post clip)   0.053, rho_Whh  1.09, Omega  0.00, alpha  0.000, steps in the past 0.000, valid nll 0.279
  [diag] log10|dL/dh_t| hist bins=60 range=(-5.05,-3.47) mean=-4.59 p50=-4.62 p05=-4.80 p95=-4.19
  [diag] sat-dist hist bins=60 sat<0.05=0.0% mean=0.608 p10=0.595 p90=0.609
Iter 0008700: train nll 0.310, valid error 100.000%, best valid error 100.000%, avg grad norm   1.654, avg grad norm (post clip)   0.053, rho_Whh  1.09, Omega  0.00, alpha  0.000, steps in the past 0.000, valid nll 0.277
  [diag] log10|dL/dh_t| hist bins=60 range=(-5.05,-3.48) mean=-4.55 p50=-4.57 p05=-4.79 p95=-4.19
  [diag] sat-dist hist bins=60 sat<0.05=0.0% mean=0.614 p10=0.600 p90=0.616
Iter 0008720: train nll 0.357, valid error 100.000%, best valid error 100.000%, avg grad norm   1.740, avg grad norm (post clip)   0.053, rho_Whh  1.09, Omega  0.00, alpha  0.000, steps in the past 0.000, valid nll 0.277
  [diag] log10|dL/dh_t| hist bins=60 range=(-5.06,-3.48) mean=-4.56 p50=-4.59 p05=-4.80 p95=-4.19
  [diag] sat-dist hist bins=60 sat<0.05=0.0% mean=0.612 p10=0.597 p90=0.614
Iter 0008740: train nll 0.345, valid error 100.000%, best valid error 100.000%, avg grad norm   2.098, avg grad norm (post clip)   0.053, rho_Whh  1.09, Omega  0.00, alpha  0.000, steps in the past 0.000, valid nll 0.276
  [diag] log10|dL/dh_t| hist bins=60 range=(-5.06,-3.48) mean=-4.55 p50=-4.57 p05=-4.81 p95=-4.19
  [diag] sat-dist hist bins=60 sat<0.05=0.0% mean=0.614 p10=0.598 p90=0.617
Iter 0008760: train nll 0.340, valid error 100.000%, best valid error 100.000%, avg grad norm   2.062, avg grad norm (post clip)   0.053, rho_Whh  1.09, Omega  0.00, alpha  0.000, steps in the past 0.000, valid nll 0.276
  [diag] log10|dL/dh_t| hist bins=60 range=(-5.06,-3.48) mean=-4.53 p50=-4.54 p05=-4.81 p95=-4.19
  [diag] sat-dist hist bins=60 sat<0.05=0.0% mean=0.617 p10=0.599 p90=0.620
Iter 0008780: train nll 0.356, valid error 100.000%, best valid error 100.000%, avg grad norm   2.236, avg grad norm (post clip)   0.053, rho_Whh  1.09, Omega  0.00, alpha  0.000, steps in the past 0.000, valid nll 0.276
  [diag] log10|dL/dh_t| hist bins=60 range=(-5.07,-3.48) mean=-4.54 p50=-4.56 p05=-4.82 p95=-4.19
  [diag] sat-dist hist bins=60 sat<0.05=0.0% mean=0.615 p10=0.596 p90=0.619
Iter 0008800: train nll 0.341, valid error 100.000%, best valid error 100.000%, avg grad norm   2.496, avg grad norm (post clip)   0.053, rho_Whh  1.09, Omega  0.00, alpha  0.000, steps in the past 0.000, valid nll 0.274
  [diag] log10|dL/dh_t| hist bins=60 range=(-5.07,-3.49) mean=-4.53 p50=-4.54 p05=-4.82 p95=-4.19
  [diag] sat-dist hist bins=60 sat<0.05=0.0% mean=0.617 p10=0.597 p90=0.621
Iter 0008820: train nll 0.339, valid error 100.000%, best valid error 100.000%, avg grad norm   2.558, avg grad norm (post clip)   0.053, rho_Whh  1.09, Omega  0.00, alpha  0.000, steps in the past 0.000, valid nll 0.274
  [diag] log10|dL/dh_t| hist bins=60 range=(-5.07,-3.49) mean=-4.51 p50=-4.51 p05=-4.83 p95=-4.20
  [diag] sat-dist hist bins=60 sat<0.05=0.0% mean=0.619 p10=0.597 p90=0.624
Iter 0008840: train nll 0.350, valid error 100.000%, best valid error 100.000%, avg grad norm   2.709, avg grad norm (post clip)   0.053, rho_Whh  1.10, Omega  0.00, alpha  0.000, steps in the past 0.000, valid nll 0.274
  [diag] log10|dL/dh_t| hist bins=60 range=(-5.08,-3.49) mean=-4.52 p50=-4.52 p05=-4.84 p95=-4.20
  [diag] sat-dist hist bins=60 sat<0.05=0.0% mean=0.618 p10=0.594 p90=0.623
Iter 0008860: train nll 0.353, valid error 100.000%, best valid error 100.000%, avg grad norm   3.181, avg grad norm (post clip)   0.053, rho_Whh  1.10, Omega  0.00, alpha  0.000, steps in the past 0.000, valid nll 0.273
  [diag] log10|dL/dh_t| hist bins=60 range=(-5.08,-3.50) mean=-4.44 p50=-4.42 p05=-4.82 p95=-4.20
  [diag] sat-dist hist bins=60 sat<0.05=0.0% mean=0.627 p10=0.602 p90=0.633
Iter 0008880: train nll 0.356, valid error 100.000%, best valid error 100.000%, avg grad norm   2.754, avg grad norm (post clip)   0.053, rho_Whh  1.10, Omega  0.00, alpha  0.000, steps in the past 0.000, valid nll 0.280
  [diag] log10|dL/dh_t| hist bins=60 range=(-5.09,-3.50) mean=-4.48 p50=-4.47 p05=-4.85 p95=-4.20
  [diag] sat-dist hist bins=60 sat<0.05=0.0% mean=0.622 p10=0.594 p90=0.628
Iter 0008900: train nll 0.336, valid error 100.000%, best valid error 100.000%, avg grad norm   3.993, avg grad norm (post clip)   0.053, rho_Whh  1.10, Omega  0.00, alpha  0.000, steps in the past 0.000, valid nll 0.273
  [diag] log10|dL/dh_t| hist bins=60 range=(-5.10,-3.49) mean=-4.55 p50=-4.55 p05=-4.88 p95=-4.20
  [diag] sat-dist hist bins=60 sat<0.05=0.0% mean=0.614 p10=0.583 p90=0.620
Iter 0008920: train nll 0.324, valid error 100.000%, best valid error 100.000%, avg grad norm   3.132, avg grad norm (post clip)   0.053, rho_Whh  1.10, Omega  0.00, alpha  0.000, steps in the past 0.000, valid nll 0.268
  [diag] log10|dL/dh_t| hist bins=60 range=(-5.10,-3.49) mean=-4.54 p50=-4.54 p05=-4.88 p95=-4.20
  [diag] sat-dist hist bins=60 sat<0.05=0.0% mean=0.615 p10=0.583 p90=0.622
Iter 0008940: train nll 0.298, valid error 100.000%, best valid error 100.000%, avg grad norm   3.664, avg grad norm (post clip)   0.053, rho_Whh  1.10, Omega  0.00, alpha  0.000, steps in the past 0.000, valid nll 0.267
  [diag] log10|dL/dh_t| hist bins=60 range=(-5.11,-3.49) mean=-4.60 p50=-4.61 p05=-4.91 p95=-4.20
  [diag] sat-dist hist bins=60 sat<0.05=0.0% mean=0.606 p10=0.574 p90=0.613
Iter 0008960: train nll 0.282, valid error 100.000%, best valid error 100.000%, avg grad norm   3.040, avg grad norm (post clip)   0.053, rho_Whh  1.10, Omega  0.00, alpha  0.000, steps in the past 0.000, valid nll 0.265
  [diag] log10|dL/dh_t| hist bins=60 range=(-5.11,-3.49) mean=-4.57 p50=-4.56 p05=-4.91 p95=-4.20
  [diag] sat-dist hist bins=60 sat<0.05=0.0% mean=0.611 p10=0.575 p90=0.620
Iter 0008980: train nll 0.322, valid error 100.000%, best valid error 100.000%, avg grad norm   4.859, avg grad norm (post clip)   0.053, rho_Whh  1.10, Omega  0.00, alpha  0.000, steps in the past 0.000, valid nll 0.263
  [diag] log10|dL/dh_t| hist bins=60 range=(-5.11,-3.50) mean=-4.49 p50=-4.46 p05=-4.90 p95=-4.20
  [diag] sat-dist hist bins=60 sat<0.05=0.0% mean=0.620 p10=0.580 p90=0.631
Iter 0009000: train nll 0.313, valid error 100.000%, best valid error 100.000%, avg grad norm   4.949, avg grad norm (post clip)   0.053, rho_Whh  1.10, Omega  0.00, alpha  0.000, steps in the past 0.000, valid nll 0.266
  [diag] log10|dL/dh_t| hist bins=60 range=(-5.12,-3.48) mean=-4.67 p50=-4.68 p05=-4.95 p95=-4.20
  [diag] sat-dist hist bins=60 sat<0.05=0.0% mean=0.593 p10=0.563 p90=0.601
Iter 0009020: train nll 0.314, valid error 100.000%, best valid error 100.000%, avg grad norm   5.710, avg grad norm (post clip)   0.053, rho_Whh  1.10, Omega  0.00, alpha  0.000, steps in the past 0.000, valid nll 0.263
  [diag] log10|dL/dh_t| hist bins=60 range=(-5.12,-3.51) mean=-4.49 p50=-4.44 p05=-4.92 p95=-4.20
  [diag] sat-dist hist bins=60 sat<0.05=0.0% mean=0.620 p10=0.575 p90=0.634
Iter 0009040: train nll 0.337, valid error 100.000%, best valid error 100.000%, avg grad norm   7.608, avg grad norm (post clip)   0.053, rho_Whh  1.11, Omega  0.00, alpha  0.000, steps in the past 0.000, valid nll 0.264
  [diag] log10|dL/dh_t| hist bins=60 range=(-5.12,-3.52) mean=-4.45 p50=-4.38 p05=-4.93 p95=-4.20
  [diag] sat-dist hist bins=60 sat<0.05=0.0% mean=0.625 p10=0.575 p90=0.640
Iter 0009060: train nll 0.314, valid error 100.000%, best valid error 100.000%, avg grad norm   5.977, avg grad norm (post clip)   0.053, rho_Whh  1.11, Omega  0.00, alpha  0.000, steps in the past 0.000, valid nll 0.267
  [diag] log10|dL/dh_t| hist bins=60 range=(-5.13,-3.51) mean=-4.57 p50=-4.56 p05=-4.96 p95=-4.20
  [diag] sat-dist hist bins=60 sat<0.05=0.0% mean=0.609 p10=0.563 p90=0.626
Iter 0009080: train nll 0.318, valid error 100.000%, best valid error 100.000%, avg grad norm  10.264, avg grad norm (post clip)   0.053, rho_Whh  1.11, Omega  0.00, alpha  0.000, steps in the past 0.000, valid nll 0.255
  [diag] log10|dL/dh_t| hist bins=60 range=(-5.13,-3.50) mean=-4.60 p50=-4.60 p05=-4.96 p95=-4.20
  [diag] sat-dist hist bins=60 sat<0.05=0.0% mean=0.604 p10=0.560 p90=0.622
Iter 0009100: train nll 0.292, valid error 100.000%, best valid error 100.000%, avg grad norm   9.843, avg grad norm (post clip)   0.053, rho_Whh  1.11, Omega  0.00, alpha  0.000, steps in the past 0.000, valid nll 0.254
  [diag] log10|dL/dh_t| hist bins=60 range=(-5.14,-3.52) mean=-4.55 p50=-4.53 p05=-4.96 p95=-4.20
  [diag] sat-dist hist bins=60 sat<0.05=0.0% mean=0.612 p10=0.561 p90=0.633
Iter 0009120: train nll 0.290, valid error 100.000%, best valid error 100.000%, avg grad norm   8.843, avg grad norm (post clip)   0.053, rho_Whh  1.11, Omega  0.00, alpha  0.000, steps in the past 0.000, valid nll 0.253
  [diag] log10|dL/dh_t| hist bins=60 range=(-5.14,-3.52) mean=-4.55 p50=-4.53 p05=-4.96 p95=-4.20
  [diag] sat-dist hist bins=60 sat<0.05=0.0% mean=0.612 p10=0.560 p90=0.635
Iter 0009140: train nll 0.297, valid error 100.000%, best valid error 100.000%, avg grad norm  10.939, avg grad norm (post clip)   0.053, rho_Whh  1.11, Omega  0.00, alpha  0.000, steps in the past 0.000, valid nll 0.251
  [diag] log10|dL/dh_t| hist bins=60 range=(-5.14,-3.52) mean=-4.55 p50=-4.54 p05=-4.96 p95=-4.20
  [diag] sat-dist hist bins=60 sat<0.05=0.0% mean=0.611 p10=0.559 p90=0.636
Iter 0009160: train nll 0.288, valid error 100.000%, best valid error 100.000%, avg grad norm  11.827, avg grad norm (post clip)   0.053, rho_Whh  1.11, Omega  0.00, alpha  0.000, steps in the past 0.000, valid nll 0.250
  [diag] log10|dL/dh_t| hist bins=60 range=(-5.14,-3.52) mean=-4.55 p50=-4.54 p05=-4.97 p95=-4.20
  [diag] sat-dist hist bins=60 sat<0.05=0.0% mean=0.611 p10=0.558 p90=0.638
Iter 0009180: train nll 0.304, valid error 100.000%, best valid error 100.000%, avg grad norm  13.327, avg grad norm (post clip)   0.053, rho_Whh  1.11, Omega  0.00, alpha  0.000, steps in the past 0.000, valid nll 0.249
  [diag] log10|dL/dh_t| hist bins=60 range=(-5.14,-3.53) mean=-4.48 p50=-4.42 p05=-4.96 p95=-4.20
  [diag] sat-dist hist bins=60 sat<0.05=0.0% mean=0.620 p10=0.560 p90=0.646
Iter 0009200: train nll 0.307, valid error 100.000%, best valid error 100.000%, avg grad norm  14.244, avg grad norm (post clip)   0.053, rho_Whh  1.11, Omega  0.00, alpha  0.000, steps in the past 0.000, valid nll 0.255
  [diag] log10|dL/dh_t| hist bins=60 range=(-5.14,-3.53) mean=-4.41 p50=-4.29 p05=-4.96 p95=-4.20
  [diag] sat-dist hist bins=60 sat<0.05=0.0% mean=0.628 p10=0.564 p90=0.651
Iter 0009220: train nll 0.325, valid error 100.000%, best valid error 100.000%, avg grad norm  16.421, avg grad norm (post clip)   0.053, rho_Whh  1.11, Omega  0.00, alpha  0.000, steps in the past 0.000, valid nll 0.268
  [diag] log10|dL/dh_t| hist bins=60 range=(-5.15,-3.53) mean=-4.56 p50=-4.57 p05=-4.98 p95=-4.20
  [diag] sat-dist hist bins=60 sat<0.05=0.0% mean=0.609 p10=0.555 p90=0.640
Iter 0009240: train nll 0.290, valid error 100.000%, best valid error 100.000%, avg grad norm  15.232, avg grad norm (post clip)   0.053, rho_Whh  1.11, Omega  0.00, alpha  0.000, steps in the past 0.000, valid nll 0.246
  [diag] log10|dL/dh_t| hist bins=60 range=(-5.14,-3.53) mean=-4.46 p50=-4.38 p05=-4.97 p95=-4.20
  [diag] sat-dist hist bins=60 sat<0.05=0.0% mean=0.622 p10=0.558 p90=0.650
Iter 0009260: train nll 0.319, valid error 100.000%, best valid error 100.000%, avg grad norm  16.383, avg grad norm (post clip)   0.053, rho_Whh  1.11, Omega  0.00, alpha  0.000, steps in the past 0.000, valid nll 0.257
  [diag] log10|dL/dh_t| hist bins=60 range=(-5.14,-3.54) mean=-4.41 p50=-4.28 p05=-4.97 p95=-4.20
  [diag] sat-dist hist bins=60 sat<0.05=0.0% mean=0.628 p10=0.561 p90=0.654
Iter 0009280: train nll 0.297, valid error 100.000%, best valid error 100.000%, avg grad norm  17.729, avg grad norm (post clip)   0.053, rho_Whh  1.11, Omega  0.00, alpha  0.000, steps in the past 0.000, valid nll 0.268
  [diag] log10|dL/dh_t| hist bins=60 range=(-5.15,-3.54) mean=-4.41 p50=-4.28 p05=-4.97 p95=-4.20
  [diag] sat-dist hist bins=60 sat<0.05=0.0% mean=0.628 p10=0.560 p90=0.654
Iter 0009300: train nll 0.325, valid error 100.000%, best valid error 100.000%, avg grad norm  17.789, avg grad norm (post clip)   0.053, rho_Whh  1.11, Omega  0.00, alpha  0.000, steps in the past 0.000, valid nll 0.267
  [diag] log10|dL/dh_t| hist bins=60 range=(-5.15,-3.54) mean=-4.48 p50=-4.44 p05=-4.98 p95=-4.20
  [diag] sat-dist hist bins=60 sat<0.05=0.0% mean=0.618 p10=0.556 p90=0.650
Iter 0009320: train nll 0.305, valid error 100.000%, best valid error 100.000%, avg grad norm  22.004, avg grad norm (post clip)   0.053, rho_Whh  1.11, Omega  0.00, alpha  0.000, steps in the past 0.000, valid nll 0.251
  [diag] log10|dL/dh_t| hist bins=60 range=(-5.15,-3.54) mean=-4.49 p50=-4.46 p05=-4.99 p95=-4.20
  [diag] sat-dist hist bins=60 sat<0.05=0.0% mean=0.617 p10=0.555 p90=0.651
Iter 0009340: train nll 0.316, valid error 100.000%, best valid error 100.000%, avg grad norm  18.058, avg grad norm (post clip)   0.053, rho_Whh  1.11, Omega  0.00, alpha  0.000, steps in the past 0.000, valid nll 0.249
  [diag] log10|dL/dh_t| hist bins=60 range=(-5.15,-3.54) mean=-4.51 p50=-4.50 p05=-4.99 p95=-4.20
  [diag] sat-dist hist bins=60 sat<0.05=0.0% mean=0.614 p10=0.553 p90=0.651
Iter 0009360: train nll 0.306, valid error 100.000%, best valid error 100.000%, avg grad norm  19.549, avg grad norm (post clip)   0.053, rho_Whh  1.11, Omega  0.00, alpha  0.000, steps in the past 0.000, valid nll 0.246
  [diag] log10|dL/dh_t| hist bins=60 range=(-5.15,-3.54) mean=-4.42 p50=-4.29 p05=-4.98 p95=-4.20
  [diag] sat-dist hist bins=60 sat<0.05=0.0% mean=0.626 p10=0.558 p90=0.655
Iter 0009380: train nll 0.303, valid error 100.000%, best valid error 100.000%, avg grad norm  23.475, avg grad norm (post clip)   0.053, rho_Whh  1.11, Omega  0.00, alpha  0.000, steps in the past 0.000, valid nll 0.263
  [diag] log10|dL/dh_t| hist bins=60 range=(-5.15,-3.54) mean=-4.42 p50=-4.31 p05=-4.98 p95=-4.20
  [diag] sat-dist hist bins=60 sat<0.05=0.0% mean=0.625 p10=0.557 p90=0.655
Iter 0009400: train nll 0.298, valid error 100.000%, best valid error 100.000%, avg grad norm  20.898, avg grad norm (post clip)   0.053, rho_Whh  1.11, Omega  0.00, alpha  0.000, steps in the past 0.000, valid nll 0.261
  [diag] log10|dL/dh_t| hist bins=60 range=(-5.15,-3.54) mean=-4.52 p50=-4.54 p05=-5.00 p95=-4.20
  [diag] sat-dist hist bins=60 sat<0.05=0.0% mean=0.613 p10=0.551 p90=0.651
Iter 0009420: train nll 0.307, valid error 100.000%, best valid error 100.000%, avg grad norm  23.814, avg grad norm (post clip)   0.053, rho_Whh  1.11, Omega  0.00, alpha  0.000, steps in the past 0.000, valid nll 0.244
  [diag] log10|dL/dh_t| hist bins=60 range=(-5.15,-3.54) mean=-4.52 p50=-4.54 p05=-5.00 p95=-4.20
  [diag] sat-dist hist bins=60 sat<0.05=0.0% mean=0.613 p10=0.551 p90=0.652
Iter 0009440: train nll 0.280, valid error 100.000%, best valid error 100.000%, avg grad norm  22.771, avg grad norm (post clip)   0.053, rho_Whh  1.11, Omega  0.00, alpha  0.000, steps in the past 0.000, valid nll 0.244
  [diag] log10|dL/dh_t| hist bins=60 range=(-5.15,-3.54) mean=-4.44 p50=-4.35 p05=-4.99 p95=-4.19
  [diag] sat-dist hist bins=60 sat<0.05=0.0% mean=0.623 p10=0.554 p90=0.656
Iter 0009460: train nll 0.328, valid error 100.000%, best valid error 100.000%, avg grad norm  24.505, avg grad norm (post clip)   0.053, rho_Whh  1.11, Omega  0.00, alpha  0.000, steps in the past 0.000, valid nll 0.256
  [diag] log10|dL/dh_t| hist bins=60 range=(-5.15,-3.54) mean=-4.44 p50=-4.35 p05=-4.99 p95=-4.19
  [diag] sat-dist hist bins=60 sat<0.05=0.0% mean=0.623 p10=0.554 p90=0.656
Iter 0009480: train nll 0.295, valid error 100.000%, best valid error 100.000%, avg grad norm  24.703, avg grad norm (post clip)   0.053, rho_Whh  1.11, Omega  0.00, alpha  0.000, steps in the past 0.000, valid nll 0.256
  [diag] log10|dL/dh_t| hist bins=60 range=(-5.15,-3.54) mean=-4.44 p50=-4.35 p05=-4.99 p95=-4.19
  [diag] sat-dist hist bins=60 sat<0.05=0.0% mean=0.623 p10=0.554 p90=0.656
Iter 0009500: train nll 0.292, valid error 100.000%, best valid error 100.000%, avg grad norm  22.736, avg grad norm (post clip)   0.053, rho_Whh  1.11, Omega  0.00, alpha  0.000, steps in the past 0.000, valid nll 0.256
  [diag] log10|dL/dh_t| hist bins=60 range=(-5.16,-3.54) mean=-4.58 p50=-4.63 p05=-5.01 p95=-4.20
  [diag] sat-dist hist bins=60 sat<0.05=0.0% mean=0.605 p10=0.548 p90=0.649
Iter 0009520: train nll 0.341, valid error 100.000%, best valid error 100.000%, avg grad norm  21.974, avg grad norm (post clip)   0.053, rho_Whh  1.11, Omega  0.00, alpha  0.000, steps in the past 0.000, valid nll 0.240
  [diag] log10|dL/dh_t| hist bins=60 range=(-5.16,-3.54) mean=-4.59 p50=-4.65 p05=-5.01 p95=-4.20
  [diag] sat-dist hist bins=60 sat<0.05=0.0% mean=0.603 p10=0.546 p90=0.649
Iter 0009540: train nll 0.271, valid error 100.000%, best valid error 100.000%, avg grad norm  24.487, avg grad norm (post clip)   0.053, rho_Whh  1.11, Omega  0.00, alpha  0.000, steps in the past 0.000, valid nll 0.239
  [diag] log10|dL/dh_t| hist bins=60 range=(-5.16,-3.55) mean=-4.46 p50=-4.40 p05=-5.00 p95=-4.18
  [diag] sat-dist hist bins=60 sat<0.05=0.0% mean=0.620 p10=0.551 p90=0.658
Iter 0009560: train nll 0.308, valid error 100.000%, best valid error 100.000%, avg grad norm  21.616, avg grad norm (post clip)   0.053, rho_Whh  1.12, Omega  0.00, alpha  0.000, steps in the past 0.000, valid nll 0.252
  [diag] log10|dL/dh_t| hist bins=60 range=(-5.16,-3.55) mean=-4.45 p50=-4.38 p05=-5.00 p95=-4.17
  [diag] sat-dist hist bins=60 sat<0.05=0.0% mean=0.621 p10=0.551 p90=0.658
Iter 0009580: train nll 0.296, valid error 100.000%, best valid error 100.000%, avg grad norm  27.652, avg grad norm (post clip)   0.053, rho_Whh  1.12, Omega  0.00, alpha  0.000, steps in the past 0.000, valid nll 0.253
  [diag] log10|dL/dh_t| hist bins=60 range=(-5.16,-3.55) mean=-4.59 p50=-4.66 p05=-5.02 p95=-4.20
  [diag] sat-dist hist bins=60 sat<0.05=0.0% mean=0.602 p10=0.545 p90=0.651
Iter 0009600: train nll 0.274, valid error 100.000%, best valid error 100.000%, avg grad norm  24.443, avg grad norm (post clip)   0.053, rho_Whh  1.12, Omega  0.00, alpha  0.000, steps in the past 0.000, valid nll 0.238
  [diag] log10|dL/dh_t| hist bins=60 range=(-5.16,-3.55) mean=-4.46 p50=-4.40 p05=-5.01 p95=-4.16
  [diag] sat-dist hist bins=60 sat<0.05=0.0% mean=0.620 p10=0.550 p90=0.659
Iter 0009620: train nll 0.319, valid error 100.000%, best valid error 100.000%, avg grad norm  25.337, avg grad norm (post clip)   0.053, rho_Whh  1.12, Omega  0.00, alpha  0.000, steps in the past 0.000, valid nll 0.252
  [diag] log10|dL/dh_t| hist bins=60 range=(-5.16,-3.55) mean=-4.45 p50=-4.39 p05=-5.01 p95=-4.16
  [diag] sat-dist hist bins=60 sat<0.05=0.0% mean=0.621 p10=0.549 p90=0.659
Iter 0009640: train nll 0.312, valid error 100.000%, best valid error 100.000%, avg grad norm  28.536, avg grad norm (post clip)   0.053, rho_Whh  1.12, Omega  0.00, alpha  0.000, steps in the past 0.000, valid nll 0.252
  [diag] log10|dL/dh_t| hist bins=60 range=(-5.16,-3.55) mean=-4.45 p50=-4.39 p05=-5.01 p95=-4.15
  [diag] sat-dist hist bins=60 sat<0.05=0.0% mean=0.621 p10=0.549 p90=0.660
Iter 0009660: train nll 0.326, valid error 100.000%, best valid error 100.000%, avg grad norm  27.923, avg grad norm (post clip)   0.053, rho_Whh  1.12, Omega  0.00, alpha  0.000, steps in the past 0.000, valid nll 0.252
  [diag] log10|dL/dh_t| hist bins=60 range=(-5.16,-3.55) mean=-4.45 p50=-4.39 p05=-5.01 p95=-4.15
  [diag] sat-dist hist bins=60 sat<0.05=0.0% mean=0.621 p10=0.549 p90=0.660
Iter 0009680: train nll 0.308, valid error 100.000%, best valid error 100.000%, avg grad norm  27.134, avg grad norm (post clip)   0.053, rho_Whh  1.12, Omega  0.00, alpha  0.000, steps in the past 0.000, valid nll 0.253
  [diag] log10|dL/dh_t| hist bins=60 range=(-5.16,-3.55) mean=-4.45 p50=-4.39 p05=-5.01 p95=-4.15
  [diag] sat-dist hist bins=60 sat<0.05=0.0% mean=0.621 p10=0.549 p90=0.660
Iter 0009700: train nll 0.318, valid error 100.000%, best valid error 100.000%, avg grad norm  31.195, avg grad norm (post clip)   0.053, rho_Whh  1.12, Omega  0.00, alpha  0.000, steps in the past 0.000, valid nll 0.253
  [diag] log10|dL/dh_t| hist bins=60 range=(-5.16,-3.55) mean=-4.45 p50=-4.39 p05=-5.01 p95=-4.15
  [diag] sat-dist hist bins=60 sat<0.05=0.0% mean=0.621 p10=0.549 p90=0.660
Iter 0009720: train nll 0.271, valid error 100.000%, best valid error 100.000%, avg grad norm  36.450, avg grad norm (post clip)   0.053, rho_Whh  1.12, Omega  0.00, alpha  0.000, steps in the past 0.000, valid nll 0.253
  [diag] log10|dL/dh_t| hist bins=60 range=(-5.16,-3.55) mean=-4.60 p50=-4.67 p05=-5.02 p95=-4.19
  [diag] sat-dist hist bins=60 sat<0.05=0.0% mean=0.601 p10=0.543 p90=0.653
Iter 0009740: train nll 0.276, valid error 100.000%, best valid error 100.000%, avg grad norm  30.959, avg grad norm (post clip)   0.053, rho_Whh  1.12, Omega  0.00, alpha  0.000, steps in the past 0.000, valid nll 0.237
  [diag] log10|dL/dh_t| hist bins=60 range=(-5.17,-3.55) mean=-4.57 p50=-4.65 p05=-5.02 p95=-4.17
  [diag] sat-dist hist bins=60 sat<0.05=0.0% mean=0.605 p10=0.544 p90=0.657
Iter 0009760: train nll 0.259, valid error 100.000%, best valid error 100.000%, avg grad norm  34.669, avg grad norm (post clip)   0.053, rho_Whh  1.12, Omega  0.00, alpha  0.000, steps in the past 0.000, valid nll 0.237
  [diag] log10|dL/dh_t| hist bins=60 range=(-5.17,-3.55) mean=-4.54 p50=-4.60 p05=-5.02 p95=-4.15
  [diag] sat-dist hist bins=60 sat<0.05=0.0% mean=0.609 p10=0.544 p90=0.659
Iter 0009780: train nll 0.268, valid error 100.000%, best valid error 100.000%, avg grad norm  32.353, avg grad norm (post clip)   0.053, rho_Whh  1.12, Omega  0.00, alpha  0.000, steps in the past 0.000, valid nll 0.239
  [diag] log10|dL/dh_t| hist bins=60 range=(-5.16,-3.56) mean=-4.33 p50=-4.12 p05=-5.00 p95=-4.10
  [diag] sat-dist hist bins=60 sat<0.05=0.0% mean=0.635 p10=0.556 p90=0.665
Iter 0009800: train nll 0.291, valid error 100.000%, best valid error 100.000%, avg grad norm  33.902, avg grad norm (post clip)   0.053, rho_Whh  1.12, Omega  0.00, alpha  0.000, steps in the past 0.000, valid nll 0.288
  [diag] log10|dL/dh_t| hist bins=60 range=(-5.17,-3.55) mean=-4.54 p50=-4.60 p05=-5.02 p95=-4.15
  [diag] sat-dist hist bins=60 sat<0.05=0.0% mean=0.609 p10=0.544 p90=0.660
Iter 0009820: train nll 0.276, valid error 100.000%, best valid error 100.000%, avg grad norm  32.205, avg grad norm (post clip)   0.053, rho_Whh  1.12, Omega  0.00, alpha  0.000, steps in the past 0.000, valid nll 0.239
  [diag] log10|dL/dh_t| hist bins=60 range=(-5.16,-3.55) mean=-4.41 p50=-4.28 p05=-5.01 p95=-4.12
  [diag] sat-dist hist bins=60 sat<0.05=0.0% mean=0.625 p10=0.549 p90=0.663
Iter 0009840: train nll 0.327, valid error 100.000%, best valid error 100.000%, avg grad norm  30.111, avg grad norm (post clip)   0.053, rho_Whh  1.12, Omega  0.00, alpha  0.000, steps in the past 0.000, valid nll 0.262
  [diag] log10|dL/dh_t| hist bins=60 range=(-5.16,-3.55) mean=-4.43 p50=-4.35 p05=-5.02 p95=-4.12
  [diag] sat-dist hist bins=60 sat<0.05=0.0% mean=0.622 p10=0.548 p90=0.663
Iter 0009860: train nll 0.304, valid error 100.000%, best valid error 100.000%, avg grad norm  32.631, avg grad norm (post clip)   0.053, rho_Whh  1.12, Omega  0.00, alpha  0.000, steps in the past 0.000, valid nll 0.256
  [diag] log10|dL/dh_t| hist bins=60 range=(-5.17,-3.55) mean=-4.60 p50=-4.68 p05=-5.03 p95=-4.17
  [diag] sat-dist hist bins=60 sat<0.05=0.0% mean=0.601 p10=0.542 p90=0.656
Iter 0009880: train nll 0.315, valid error 100.000%, best valid error 100.000%, avg grad norm  33.323, avg grad norm (post clip)   0.053, rho_Whh  1.12, Omega  0.00, alpha  0.000, steps in the past 0.000, valid nll 0.235
  [diag] log10|dL/dh_t| hist bins=60 range=(-5.17,-3.55) mean=-4.60 p50=-4.68 p05=-5.03 p95=-4.17
  [diag] sat-dist hist bins=60 sat<0.05=0.0% mean=0.601 p10=0.542 p90=0.656
Iter 0009900: train nll 0.311, valid error 100.000%, best valid error 100.000%, avg grad norm  35.791, avg grad norm (post clip)   0.053, rho_Whh  1.12, Omega  0.00, alpha  0.000, steps in the past 0.000, valid nll 0.235
  [diag] log10|dL/dh_t| hist bins=60 range=(-5.17,-3.56) mean=-4.42 p50=-4.31 p05=-5.02 p95=-4.12
  [diag] sat-dist hist bins=60 sat<0.05=0.0% mean=0.624 p10=0.548 p90=0.663
Iter 0009920: train nll 0.296, valid error 100.000%, best valid error 100.000%, avg grad norm  33.683, avg grad norm (post clip)   0.053, rho_Whh  1.12, Omega  0.00, alpha  0.000, steps in the past 0.000, valid nll 0.259
  [diag] log10|dL/dh_t| hist bins=60 range=(-5.17,-3.53) mean=-4.70 p50=-4.77 p05=-5.04 p95=-4.20
  [diag] sat-dist hist bins=60 sat<0.05=0.0% mean=0.586 p10=0.539 p90=0.630
Iter 0009940: train nll 0.316, valid error 100.000%, best valid error 100.000%, avg grad norm  27.552, avg grad norm (post clip)   0.053, rho_Whh  1.12, Omega  0.00, alpha  0.000, steps in the past 0.000, valid nll 0.241
  [diag] log10|dL/dh_t| hist bins=60 range=(-5.17,-3.56) mean=-4.48 p50=-4.48 p05=-5.03 p95=-4.12
  [diag] sat-dist hist bins=60 sat<0.05=0.0% mean=0.617 p10=0.544 p90=0.663
Iter 0009960: train nll 0.297, valid error 100.000%, best valid error 100.000%, avg grad norm  30.027, avg grad norm (post clip)   0.053, rho_Whh  1.12, Omega  0.00, alpha  0.000, steps in the past 0.000, valid nll 0.247
  [diag] log10|dL/dh_t| hist bins=60 range=(-5.17,-3.51) mean=-4.73 p50=-4.79 p05=-5.04 p95=-4.20
  [diag] sat-dist hist bins=60 sat<0.05=0.0% mean=0.581 p10=0.538 p90=0.620
Iter 0009980: train nll 0.323, valid error 100.000%, best valid error 100.000%, avg grad norm  28.271, avg grad norm (post clip)   0.053, rho_Whh  1.12, Omega  0.00, alpha  0.000, steps in the past 0.000, valid nll 0.245
  [diag] log10|dL/dh_t| hist bins=60 range=(-5.17,-3.56) mean=-4.33 p50=-4.10 p05=-5.01 p95=-4.07
  [diag] sat-dist hist bins=60 sat<0.05=0.0% mean=0.635 p10=0.553 p90=0.667
Iter 0010000: train nll 0.321, valid error 100.000%, best valid error 100.000%, avg grad norm  30.176, avg grad norm (post clip)   0.053, rho_Whh  1.12, Omega  0.00, alpha  0.000, steps in the past 0.000, valid nll 0.291
  [diag] log10|dL/dh_t| hist bins=60 range=(-5.17,-3.56) mean=-4.41 p50=-4.27 p05=-5.02 p95=-4.10
  [diag] sat-dist hist bins=60 sat<0.05=0.0% mean=0.625 p10=0.547 p90=0.665
Iter 0010020: train nll 0.338, valid error 100.000%, best valid error 100.000%, avg grad norm  30.754, avg grad norm (post clip)   0.053, rho_Whh  1.12, Omega  0.00, alpha  0.000, steps in the past 0.000, valid nll 0.263
  [diag] log10|dL/dh_t| hist bins=60 range=(-5.17,-3.56) mean=-4.40 p50=-4.26 p05=-5.02 p95=-4.10
  [diag] sat-dist hist bins=60 sat<0.05=0.0% mean=0.626 p10=0.547 p90=0.665
Iter 0010040: train nll 0.320, valid error 100.000%, best valid error 100.000%, avg grad norm  29.894, avg grad norm (post clip)   0.053, rho_Whh  1.12, Omega  0.00, alpha  0.000, steps in the past 0.000, valid nll 0.263
  [diag] log10|dL/dh_t| hist bins=60 range=(-5.17,-3.56) mean=-4.55 p50=-4.63 p05=-5.04 p95=-4.12
  [diag] sat-dist hist bins=60 sat<0.05=0.0% mean=0.607 p10=0.541 p90=0.663
Iter 0010060: train nll 0.295, valid error 100.000%, best valid error 100.000%, avg grad norm  31.668, avg grad norm (post clip)   0.053, rho_Whh  1.12, Omega  0.00, alpha  0.000, steps in the past 0.000, valid nll 0.237
  [diag] log10|dL/dh_t| hist bins=60 range=(-5.17,-3.56) mean=-4.40 p50=-4.26 p05=-5.02 p95=-4.10
  [diag] sat-dist hist bins=60 sat<0.05=0.0% mean=0.626 p10=0.547 p90=0.665
Iter 0010080: train nll 0.276, valid error 100.000%, best valid error 100.000%, avg grad norm  37.515, avg grad norm (post clip)   0.053, rho_Whh  1.12, Omega  0.00, alpha  0.000, steps in the past 0.000, valid nll 0.263
  [diag] log10|dL/dh_t| hist bins=60 range=(-5.17,-3.56) mean=-4.32 p50=-4.09 p05=-5.01 p95=-4.07
  [diag] sat-dist hist bins=60 sat<0.05=0.0% mean=0.636 p10=0.553 p90=0.667
Iter 0010100: train nll 0.360, valid error 100.000%, best valid error 100.000%, avg grad norm  36.506, avg grad norm (post clip)   0.053, rho_Whh  1.12, Omega  0.00, alpha  0.000, steps in the past 0.000, valid nll 0.294
  [diag] log10|dL/dh_t| hist bins=60 range=(-5.17,-3.56) mean=-4.53 p50=-4.61 p05=-5.03 p95=-4.12
  [diag] sat-dist hist bins=60 sat<0.05=0.0% mean=0.610 p10=0.542 p90=0.663
Iter 0010120: train nll 0.308, valid error 100.000%, best valid error 100.000%, avg grad norm  34.056, avg grad norm (post clip)   0.053, rho_Whh  1.12, Omega  0.00, alpha  0.000, steps in the past 0.000, valid nll 0.239
  [diag] log10|dL/dh_t| hist bins=60 range=(-5.17,-3.56) mean=-4.53 p50=-4.60 p05=-5.03 p95=-4.12
  [diag] sat-dist hist bins=60 sat<0.05=0.0% mean=0.610 p10=0.542 p90=0.664
Iter 0010140: train nll 0.286, valid error 100.000%, best valid error 100.000%, avg grad norm  31.698, avg grad norm (post clip)   0.053, rho_Whh  1.12, Omega  0.00, alpha  0.000, steps in the past 0.000, valid nll 0.239
  [diag] log10|dL/dh_t| hist bins=60 range=(-5.17,-3.56) mean=-4.53 p50=-4.60 p05=-5.04 p95=-4.12
  [diag] sat-dist hist bins=60 sat<0.05=0.0% mean=0.610 p10=0.541 p90=0.664
Iter 0010160: train nll 0.249, valid error 100.000%, best valid error 100.000%, avg grad norm  42.666, avg grad norm (post clip)   0.053, rho_Whh  1.12, Omega  0.00, alpha  0.000, steps in the past 0.000, valid nll 0.239
  [diag] log10|dL/dh_t| hist bins=60 range=(-5.17,-3.56) mean=-4.53 p50=-4.60 p05=-5.04 p95=-4.12
  [diag] sat-dist hist bins=60 sat<0.05=0.0% mean=0.610 p10=0.541 p90=0.664
Iter 0010180: train nll 0.316, valid error 100.000%, best valid error 100.000%, avg grad norm  34.163, avg grad norm (post clip)   0.053, rho_Whh  1.12, Omega  0.00, alpha  0.000, steps in the past 0.000, valid nll 0.239
  [diag] log10|dL/dh_t| hist bins=60 range=(-5.17,-3.56) mean=-4.53 p50=-4.62 p05=-5.04 p95=-4.11
  [diag] sat-dist hist bins=60 sat<0.05=0.0% mean=0.609 p10=0.541 p90=0.664
Iter 0010200: train nll 0.322, valid error 100.000%, best valid error 100.000%, avg grad norm  32.619, avg grad norm (post clip)   0.053, rho_Whh  1.12, Omega  0.00, alpha  0.000, steps in the past 0.000, valid nll 0.238
  [diag] log10|dL/dh_t| hist bins=60 range=(-5.17,-3.56) mean=-4.52 p50=-4.61 p05=-5.04 p95=-4.11
  [diag] sat-dist hist bins=60 sat<0.05=0.0% mean=0.610 p10=0.541 p90=0.664
Iter 0010220: train nll 0.301, valid error 100.000%, best valid error 100.000%, avg grad norm  38.431, avg grad norm (post clip)   0.053, rho_Whh  1.12, Omega  0.00, alpha  0.000, steps in the past 0.000, valid nll 0.239
  [diag] log10|dL/dh_t| hist bins=60 range=(-5.18,-3.48) mean=-4.79 p50=-4.83 p05=-5.05 p95=-4.20
  [diag] sat-dist hist bins=60 sat<0.05=0.0% mean=0.570 p10=0.535 p90=0.591
Iter 0010240: train nll 0.272, valid error 100.000%, best valid error 100.000%, avg grad norm  40.241, avg grad norm (post clip)   0.053, rho_Whh  1.12, Omega  0.00, alpha  0.000, steps in the past 0.000, valid nll 0.255
  [diag] log10|dL/dh_t| hist bins=60 range=(-5.17,-3.56) mean=-4.39 p50=-4.23 p05=-5.02 p95=-4.09
  [diag] sat-dist hist bins=60 sat<0.05=0.0% mean=0.627 p10=0.547 p90=0.666
Iter 0010260: train nll 0.318, valid error 100.000%, best valid error 100.000%, avg grad norm  37.589, avg grad norm (post clip)   0.053, rho_Whh  1.12, Omega  0.00, alpha  0.000, steps in the past 0.000, valid nll 0.267
  [diag] log10|dL/dh_t| hist bins=60 range=(-5.17,-3.56) mean=-4.32 p50=-4.08 p05=-5.01 p95=-4.06
  [diag] sat-dist hist bins=60 sat<0.05=0.0% mean=0.636 p10=0.552 p90=0.668
Iter 0010280: train nll 0.325, valid error 100.000%, best valid error 100.000%, avg grad norm  25.508, avg grad norm (post clip)   0.053, rho_Whh  1.12, Omega  0.00, alpha  0.000, steps in the past 0.000, valid nll 0.294
  [diag] log10|dL/dh_t| hist bins=60 range=(-5.17,-3.56) mean=-4.52 p50=-4.61 p05=-5.04 p95=-4.11
  [diag] sat-dist hist bins=60 sat<0.05=0.0% mean=0.610 p10=0.541 p90=0.665
Iter 0010300: train nll 0.309, valid error 100.000%, best valid error 100.000%, avg grad norm  35.241, avg grad norm (post clip)   0.053, rho_Whh  1.12, Omega  0.00, alpha  0.000, steps in the past 0.000, valid nll 0.239
  [diag] log10|dL/dh_t| hist bins=60 range=(-5.18,-3.56) mean=-4.53 p50=-4.62 p05=-5.04 p95=-4.10
  [diag] sat-dist hist bins=60 sat<0.05=0.0% mean=0.609 p10=0.540 p90=0.665
Iter 0010320: train nll 0.267, valid error 100.000%, best valid error 100.000%, avg grad norm  32.528, avg grad norm (post clip)   0.053, rho_Whh  1.12, Omega  0.00, alpha  0.000, steps in the past 0.000, valid nll 0.238
  [diag] log10|dL/dh_t| hist bins=60 range=(-5.18,-3.56) mean=-4.53 p50=-4.61 p05=-5.04 p95=-4.10
  [diag] sat-dist hist bins=60 sat<0.05=0.0% mean=0.610 p10=0.540 p90=0.665
Iter 0010340: train nll 0.290, valid error 100.000%, best valid error 100.000%, avg grad norm  41.702, avg grad norm (post clip)   0.053, rho_Whh  1.12, Omega  0.00, alpha  0.000, steps in the past 0.000, valid nll 0.239
  [diag] log10|dL/dh_t| hist bins=60 range=(-5.17,-3.56) mean=-4.39 p50=-4.23 p05=-5.03 p95=-4.08
  [diag] sat-dist hist bins=60 sat<0.05=0.0% mean=0.626 p10=0.546 p90=0.667
Iter 0010360: train nll 0.305, valid error 100.000%, best valid error 100.000%, avg grad norm  39.275, avg grad norm (post clip)   0.053, rho_Whh  1.12, Omega  0.00, alpha  0.000, steps in the past 0.000, valid nll 0.266
  [diag] log10|dL/dh_t| hist bins=60 range=(-5.17,-3.56) mean=-4.35 p50=-4.12 p05=-5.02 p95=-4.06
  [diag] sat-dist hist bins=60 sat<0.05=0.0% mean=0.632 p10=0.548 p90=0.668
Iter 0010380: train nll 0.301, valid error 100.000%, best valid error 100.000%, avg grad norm  40.948, avg grad norm (post clip)   0.053, rho_Whh  1.12, Omega  0.00, alpha  0.000, steps in the past 0.000, valid nll 0.282
  [diag] log10|dL/dh_t| hist bins=60 range=(-5.17,-3.56) mean=-4.36 p50=-4.14 p05=-5.03 p95=-4.06
  [diag] sat-dist hist bins=60 sat<0.05=0.0% mean=0.630 p10=0.547 p90=0.668
Iter 0010400: train nll 0.325, valid error 100.000%, best valid error 100.000%, avg grad norm  33.196, avg grad norm (post clip)   0.053, rho_Whh  1.12, Omega  0.00, alpha  0.000, steps in the past 0.000, valid nll 0.277
  [diag] log10|dL/dh_t| hist bins=60 range=(-5.17,-3.56) mean=-4.36 p50=-4.13 p05=-5.03 p95=-4.06
  [diag] sat-dist hist bins=60 sat<0.05=0.0% mean=0.631 p10=0.547 p90=0.668
Iter 0010420: train nll 0.312, valid error 100.000%, best valid error 100.000%, avg grad norm  37.572, avg grad norm (post clip)   0.053, rho_Whh  1.12, Omega  0.00, alpha  0.000, steps in the past 0.000, valid nll 0.279
  [diag] log10|dL/dh_t| hist bins=60 range=(-5.18,-3.56) mean=-4.46 p50=-4.47 p05=-5.04 p95=-4.08
  [diag] sat-dist hist bins=60 sat<0.05=0.0% mean=0.617 p10=0.541 p90=0.667
Iter 0010440: train nll 0.314, valid error 100.000%, best valid error 100.000%, avg grad norm  36.186, avg grad norm (post clip)   0.053, rho_Whh  1.12, Omega  0.00, alpha  0.000, steps in the past 0.000, valid nll 0.248
  [diag] log10|dL/dh_t| hist bins=60 range=(-5.18,-3.56) mean=-4.46 p50=-4.47 p05=-5.04 p95=-4.08
  [diag] sat-dist hist bins=60 sat<0.05=0.0% mean=0.617 p10=0.541 p90=0.667
Iter 0010460: train nll 0.289, valid error 100.000%, best valid error 100.000%, avg grad norm  47.260, avg grad norm (post clip)   0.053, rho_Whh  1.12, Omega  0.00, alpha  0.000, steps in the past 0.000, valid nll 0.248
  [diag] log10|dL/dh_t| hist bins=60 range=(-5.17,-3.56) mean=-4.36 p50=-4.13 p05=-5.03 p95=-4.06
  [diag] sat-dist hist bins=60 sat<0.05=0.0% mean=0.631 p10=0.547 p90=0.668
Iter 0010480: train nll 0.326, valid error 100.000%, best valid error 100.000%, avg grad norm  41.388, avg grad norm (post clip)   0.053, rho_Whh  1.12, Omega  0.00, alpha  0.000, steps in the past 0.000, valid nll 0.280
  [diag] log10|dL/dh_t| hist bins=60 range=(-5.18,-3.56) mean=-4.44 p50=-4.40 p05=-5.04 p95=-4.08
  [diag] sat-dist hist bins=60 sat<0.05=0.0% mean=0.620 p10=0.542 p90=0.667
Iter 0010500: train nll 0.318, valid error 100.000%, best valid error 100.000%, avg grad norm  35.401, avg grad norm (post clip)   0.053, rho_Whh  1.12, Omega  0.00, alpha  0.000, steps in the past 0.000, valid nll 0.253
  [diag] log10|dL/dh_t| hist bins=60 range=(-5.18,-3.56) mean=-4.48 p50=-4.52 p05=-5.04 p95=-4.08
  [diag] sat-dist hist bins=60 sat<0.05=0.0% mean=0.615 p10=0.540 p90=0.667
Iter 0010520: train nll 0.282, valid error 100.000%, best valid error 100.000%, avg grad norm  41.267, avg grad norm (post clip)   0.053, rho_Whh  1.12, Omega  0.00, alpha  0.000, steps in the past 0.000, valid nll 0.246
  [diag] log10|dL/dh_t| hist bins=60 range=(-5.18,-3.57) mean=-4.37 p50=-4.16 p05=-5.03 p95=-4.06
  [diag] sat-dist hist bins=60 sat<0.05=0.0% mean=0.629 p10=0.545 p90=0.669
Iter 0010540: train nll 0.321, valid error 100.000%, best valid error 100.000%, avg grad norm  41.952, avg grad norm (post clip)   0.053, rho_Whh  1.12, Omega  0.00, alpha  0.000, steps in the past 0.000, valid nll 0.275
  [diag] log10|dL/dh_t| hist bins=60 range=(-5.18,-3.56) mean=-4.48 p50=-4.52 p05=-5.05 p95=-4.07
  [diag] sat-dist hist bins=60 sat<0.05=0.0% mean=0.615 p10=0.540 p90=0.668
Iter 0010560: train nll 0.300, valid error 100.000%, best valid error 100.000%, avg grad norm  41.203, avg grad norm (post clip)   0.053, rho_Whh  1.12, Omega  0.00, alpha  0.000, steps in the past 0.000, valid nll 0.246
  [diag] log10|dL/dh_t| hist bins=60 range=(-5.18,-3.56) mean=-4.49 p50=-4.56 p05=-5.05 p95=-4.07
  [diag] sat-dist hist bins=60 sat<0.05=0.0% mean=0.613 p10=0.539 p90=0.668
Iter 0010580: train nll 0.308, valid error 100.000%, best valid error 100.000%, avg grad norm  43.571, avg grad norm (post clip)   0.053, rho_Whh  1.12, Omega  0.00, alpha  0.000, steps in the past 0.000, valid nll 0.243
  [diag] log10|dL/dh_t| hist bins=60 range=(-5.18,-3.56) mean=-4.49 p50=-4.56 p05=-5.05 p95=-4.08
  [diag] sat-dist hist bins=60 sat<0.05=0.0% mean=0.613 p10=0.539 p90=0.667
Iter 0010600: train nll 0.308, valid error 100.000%, best valid error 100.000%, avg grad norm  44.152, avg grad norm (post clip)   0.053, rho_Whh  1.12, Omega  0.00, alpha  0.000, steps in the past 0.000, valid nll 0.243
  [diag] log10|dL/dh_t| hist bins=60 range=(-5.18,-3.56) mean=-4.49 p50=-4.56 p05=-5.05 p95=-4.08
  [diag] sat-dist hist bins=60 sat<0.05=0.0% mean=0.613 p10=0.539 p90=0.667
Iter 0010620: train nll 0.294, valid error 100.000%, best valid error 100.000%, avg grad norm  39.633, avg grad norm (post clip)   0.053, rho_Whh  1.12, Omega  0.00, alpha  0.000, steps in the past 0.000, valid nll 0.243
  [diag] log10|dL/dh_t| hist bins=60 range=(-5.18,-3.56) mean=-4.49 p50=-4.56 p05=-5.05 p95=-4.08
  [diag] sat-dist hist bins=60 sat<0.05=0.0% mean=0.613 p10=0.539 p90=0.667
Iter 0010640: train nll 0.292, valid error 100.000%, best valid error 100.000%, avg grad norm  42.938, avg grad norm (post clip)   0.053, rho_Whh  1.12, Omega  0.00, alpha  0.000, steps in the past 0.000, valid nll 0.243
  [diag] log10|dL/dh_t| hist bins=60 range=(-5.18,-3.56) mean=-4.49 p50=-4.55 p05=-5.05 p95=-4.08
  [diag] sat-dist hist bins=60 sat<0.05=0.0% mean=0.613 p10=0.539 p90=0.667
Iter 0010660: train nll 0.315, valid error 100.000%, best valid error 100.000%, avg grad norm  46.983, avg grad norm (post clip)   0.053, rho_Whh  1.12, Omega  0.00, alpha  0.000, steps in the past 0.000, valid nll 0.243
  [diag] log10|dL/dh_t| hist bins=60 range=(-5.18,-3.57) mean=-4.38 p50=-4.18 p05=-5.03 p95=-4.06
  [diag] sat-dist hist bins=60 sat<0.05=0.0% mean=0.628 p10=0.545 p90=0.669
Iter 0010680: train nll 0.313, valid error 100.000%, best valid error 100.000%, avg grad norm  35.052, avg grad norm (post clip)   0.053, rho_Whh  1.12, Omega  0.00, alpha  0.000, steps in the past 0.000, valid nll 0.273
  [diag] log10|dL/dh_t| hist bins=60 range=(-5.18,-3.49) mean=-4.78 p50=-4.84 p05=-5.06 p95=-4.20
  [diag] sat-dist hist bins=60 sat<0.05=0.0% mean=0.572 p10=0.533 p90=0.605
Iter 0010700: train nll 0.276, valid error 100.000%, best valid error 100.000%, avg grad norm  42.206, avg grad norm (post clip)   0.053, rho_Whh  1.12, Omega  0.00, alpha  0.000, steps in the past 0.000, valid nll 0.249
  [diag] log10|dL/dh_t| hist bins=60 range=(-5.18,-3.57) mean=-4.50 p50=-4.57 p05=-5.05 p95=-4.07
  [diag] sat-dist hist bins=60 sat<0.05=0.0% mean=0.613 p10=0.539 p90=0.668
Iter 0010720: train nll 0.303, valid error 100.000%, best valid error 100.000%, avg grad norm  45.839, avg grad norm (post clip)   0.053, rho_Whh  1.12, Omega  0.00, alpha  0.000, steps in the past 0.000, valid nll 0.243
  [diag] log10|dL/dh_t| hist bins=60 range=(-5.18,-3.57) mean=-4.37 p50=-4.15 p05=-5.04 p95=-4.05
  [diag] sat-dist hist bins=60 sat<0.05=0.0% mean=0.629 p10=0.545 p90=0.670
Iter 0010740: train nll 0.334, valid error 100.000%, best valid error 100.000%, avg grad norm  33.759, avg grad norm (post clip)   0.053, rho_Whh  1.12, Omega  0.00, alpha  0.000, steps in the past 0.000, valid nll 0.276
  [diag] log10|dL/dh_t| hist bins=60 range=(-5.18,-3.57) mean=-4.49 p50=-4.56 p05=-5.05 p95=-4.07
  [diag] sat-dist hist bins=60 sat<0.05=0.0% mean=0.613 p10=0.539 p90=0.668
Iter 0010760: train nll 0.278, valid error 100.000%, best valid error 100.000%, avg grad norm  40.968, avg grad norm (post clip)   0.053, rho_Whh  1.12, Omega  0.00, alpha  0.000, steps in the past 0.000, valid nll 0.243
  [diag] log10|dL/dh_t| hist bins=60 range=(-5.18,-3.49) mean=-4.78 p50=-4.83 p05=-5.06 p95=-4.20
  [diag] sat-dist hist bins=60 sat<0.05=0.0% mean=0.572 p10=0.533 p90=0.606
Iter 0010780: train nll 0.329, valid error 100.000%, best valid error 100.000%, avg grad norm  42.826, avg grad norm (post clip)   0.053, rho_Whh  1.12, Omega  0.00, alpha  0.000, steps in the past 0.000, valid nll 0.249
  [diag] log10|dL/dh_t| hist bins=60 range=(-5.18,-3.56) mean=-4.49 p50=-4.56 p05=-5.05 p95=-4.07
  [diag] sat-dist hist bins=60 sat<0.05=0.0% mean=0.613 p10=0.539 p90=0.668
Iter 0010800: train nll 0.286, valid error 100.000%, best valid error 100.000%, avg grad norm  45.921, avg grad norm (post clip)   0.053, rho_Whh  1.12, Omega  0.00, alpha  0.000, steps in the past 0.000, valid nll 0.243
  [diag] log10|dL/dh_t| hist bins=60 range=(-5.18,-3.56) mean=-4.49 p50=-4.56 p05=-5.05 p95=-4.07
  [diag] sat-dist hist bins=60 sat<0.05=0.0% mean=0.613 p10=0.539 p90=0.668
Iter 0010820: train nll 0.320, valid error 100.000%, best valid error 100.000%, avg grad norm  37.731, avg grad norm (post clip)   0.053, rho_Whh  1.12, Omega  0.00, alpha  0.000, steps in the past 0.000, valid nll 0.243
  [diag] log10|dL/dh_t| hist bins=60 range=(-5.18,-3.56) mean=-4.49 p50=-4.55 p05=-5.05 p95=-4.07
  [diag] sat-dist hist bins=60 sat<0.05=0.0% mean=0.614 p10=0.539 p90=0.668
Iter 0010840: train nll 0.302, valid error 100.000%, best valid error 100.000%, avg grad norm  47.037, avg grad norm (post clip)   0.053, rho_Whh  1.12, Omega  0.00, alpha  0.000, steps in the past 0.000, valid nll 0.243
  [diag] log10|dL/dh_t| hist bins=60 range=(-5.18,-3.57) mean=-4.37 p50=-4.15 p05=-5.03 p95=-4.05
  [diag] sat-dist hist bins=60 sat<0.05=0.0% mean=0.629 p10=0.545 p90=0.669
Iter 0010860: train nll 0.324, valid error 100.000%, best valid error 100.000%, avg grad norm  40.172, avg grad norm (post clip)   0.053, rho_Whh  1.12, Omega  0.00, alpha  0.000, steps in the past 0.000, valid nll 0.276
  [diag] log10|dL/dh_t| hist bins=60 range=(-5.18,-3.56) mean=-4.49 p50=-4.55 p05=-5.05 p95=-4.07
  [diag] sat-dist hist bins=60 sat<0.05=0.0% mean=0.614 p10=0.539 p90=0.668
Iter 0010880: train nll 0.310, valid error 100.000%, best valid error 100.000%, avg grad norm  37.888, avg grad norm (post clip)   0.053, rho_Whh  1.12, Omega  0.00, alpha  0.000, steps in the past 0.000, valid nll 0.243
  [diag] log10|dL/dh_t| hist bins=60 range=(-5.18,-3.56) mean=-4.49 p50=-4.55 p05=-5.05 p95=-4.08
  [diag] sat-dist hist bins=60 sat<0.05=0.0% mean=0.614 p10=0.539 p90=0.668
Iter 0010900: train nll 0.283, valid error 100.000%, best valid error 100.000%, avg grad norm  48.468, avg grad norm (post clip)   0.053, rho_Whh  1.12, Omega  0.00, alpha  0.000, steps in the past 0.000, valid nll 0.243
  [diag] log10|dL/dh_t| hist bins=60 range=(-5.18,-3.56) mean=-4.49 p50=-4.55 p05=-5.05 p95=-4.08
  [diag] sat-dist hist bins=60 sat<0.05=0.0% mean=0.614 p10=0.539 p90=0.668
Iter 0010920: train nll 0.328, valid error 100.000%, best valid error 100.000%, avg grad norm  46.980, avg grad norm (post clip)   0.053, rho_Whh  1.12, Omega  0.00, alpha  0.000, steps in the past 0.000, valid nll 0.243
  [diag] log10|dL/dh_t| hist bins=60 range=(-5.18,-3.50) mean=-4.76 p50=-4.82 p05=-5.06 p95=-4.20
  [diag] sat-dist hist bins=60 sat<0.05=0.0% mean=0.575 p10=0.534 p90=0.613
Iter 0010940: train nll 0.273, valid error 100.000%, best valid error 100.000%, avg grad norm  51.905, avg grad norm (post clip)   0.053, rho_Whh  1.12, Omega  0.00, alpha  0.000, steps in the past 0.000, valid nll 0.246
  [diag] log10|dL/dh_t| hist bins=60 range=(-5.18,-3.56) mean=-4.50 p50=-4.58 p05=-5.05 p95=-4.08
  [diag] sat-dist hist bins=60 sat<0.05=0.0% mean=0.612 p10=0.539 p90=0.668
Iter 0010960: train nll 0.262, valid error 100.000%, best valid error 100.000%, avg grad norm  47.566, avg grad norm (post clip)   0.053, rho_Whh  1.12, Omega  0.00, alpha  0.000, steps in the past 0.000, valid nll 0.241
  [diag] log10|dL/dh_t| hist bins=60 range=(-5.18,-3.57) mean=-4.37 p50=-4.17 p05=-5.04 p95=-4.06
  [diag] sat-dist hist bins=60 sat<0.05=0.0% mean=0.629 p10=0.545 p90=0.669
Iter 0010980: train nll 0.314, valid error 100.000%, best valid error 100.000%, avg grad norm  38.723, avg grad norm (post clip)   0.053, rho_Whh  1.12, Omega  0.00, alpha  0.000, steps in the past 0.000, valid nll 0.273
  [diag] log10|dL/dh_t| hist bins=60 range=(-5.18,-3.56) mean=-4.50 p50=-4.58 p05=-5.05 p95=-4.08
  [diag] sat-dist hist bins=60 sat<0.05=0.0% mean=0.612 p10=0.539 p90=0.668
Iter 0011000: train nll 0.334, valid error 100.000%, best valid error 100.000%, avg grad norm  37.935, avg grad norm (post clip)   0.053, rho_Whh  1.12, Omega  0.00, alpha  0.000, steps in the past 0.000, valid nll 0.241
  [diag] log10|dL/dh_t| hist bins=60 range=(-5.18,-3.56) mean=-4.50 p50=-4.57 p05=-5.05 p95=-4.08
  [diag] sat-dist hist bins=60 sat<0.05=0.0% mean=0.613 p10=0.539 p90=0.668
Iter 0011020: train nll 0.309, valid error 100.000%, best valid error 100.000%, avg grad norm  42.821, avg grad norm (post clip)   0.053, rho_Whh  1.12, Omega  0.00, alpha  0.000, steps in the past 0.000, valid nll 0.242
  [diag] log10|dL/dh_t| hist bins=60 range=(-5.18,-3.57) mean=-4.39 p50=-4.23 p05=-5.04 p95=-4.06
  [diag] sat-dist hist bins=60 sat<0.05=0.0% mean=0.626 p10=0.543 p90=0.669
Iter 0011040: train nll 0.324, valid error 100.000%, best valid error 100.000%, avg grad norm  40.362, avg grad norm (post clip)   0.053, rho_Whh  1.12, Omega  0.00, alpha  0.000, steps in the past 0.000, valid nll 0.266
  [diag] log10|dL/dh_t| hist bins=60 range=(-5.18,-3.56) mean=-4.55 p50=-4.67 p05=-5.05 p95=-4.08
  [diag] sat-dist hist bins=60 sat<0.05=0.0% mean=0.606 p10=0.537 p90=0.668
Iter 0011060: train nll 0.301, valid error 100.000%, best valid error 100.000%, avg grad norm  46.771, avg grad norm (post clip)   0.053, rho_Whh  1.12, Omega  0.00, alpha  0.000, steps in the past 0.000, valid nll 0.236
  [diag] log10|dL/dh_t| hist bins=60 range=(-5.18,-3.57) mean=-4.39 p50=-4.23 p05=-5.04 p95=-4.06
  [diag] sat-dist hist bins=60 sat<0.05=0.0% mean=0.626 p10=0.543 p90=0.669
Iter 0011080: train nll 0.316, valid error 100.000%, best valid error 100.000%, avg grad norm  42.963, avg grad norm (post clip)   0.053, rho_Whh  1.12, Omega  0.00, alpha  0.000, steps in the past 0.000, valid nll 0.266
  [diag] log10|dL/dh_t| hist bins=60 range=(-5.18,-3.56) mean=-4.56 p50=-4.67 p05=-5.05 p95=-4.08
  [diag] sat-dist hist bins=60 sat<0.05=0.0% mean=0.605 p10=0.537 p90=0.668
Iter 0011100: train nll 0.282, valid error 100.000%, best valid error 100.000%, avg grad norm  48.060, avg grad norm (post clip)   0.053, rho_Whh  1.12, Omega  0.00, alpha  0.000, steps in the past 0.000, valid nll 0.235
  [diag] log10|dL/dh_t| hist bins=60 range=(-5.18,-3.57) mean=-4.40 p50=-4.24 p05=-5.04 p95=-4.06
  [diag] sat-dist hist bins=60 sat<0.05=0.0% mean=0.626 p10=0.543 p90=0.669
Iter 0011120: train nll 0.287, valid error 100.000%, best valid error 100.000%, avg grad norm  47.675, avg grad norm (post clip)   0.053, rho_Whh  1.12, Omega  0.00, alpha  0.000, steps in the past 0.000, valid nll 0.265
  [diag] log10|dL/dh_t| hist bins=60 range=(-5.18,-3.56) mean=-4.55 p50=-4.67 p05=-5.05 p95=-4.08
  [diag] sat-dist hist bins=60 sat<0.05=0.0% mean=0.606 p10=0.537 p90=0.668
Iter 0011140: train nll 0.282, valid error 100.000%, best valid error 100.000%, avg grad norm  46.843, avg grad norm (post clip)   0.053, rho_Whh  1.12, Omega  0.00, alpha  0.000, steps in the past 0.000, valid nll 0.235
  [diag] log10|dL/dh_t| hist bins=60 range=(-5.18,-3.56) mean=-4.55 p50=-4.67 p05=-5.05 p95=-4.08
  [diag] sat-dist hist bins=60 sat<0.05=0.0% mean=0.606 p10=0.537 p90=0.667
Iter 0011160: train nll 0.307, valid error 100.000%, best valid error 100.000%, avg grad norm  44.499, avg grad norm (post clip)   0.053, rho_Whh  1.12, Omega  0.00, alpha  0.000, steps in the past 0.000, valid nll 0.236
  [diag] log10|dL/dh_t| hist bins=60 range=(-5.19,-3.50) mean=-4.77 p50=-4.83 p05=-5.06 p95=-4.20
  [diag] sat-dist hist bins=60 sat<0.05=0.0% mean=0.574 p10=0.533 p90=0.613
Iter 0011180: train nll 0.296, valid error 100.000%, best valid error 100.000%, avg grad norm  44.175, avg grad norm (post clip)   0.053, rho_Whh  1.12, Omega  0.00, alpha  0.000, steps in the past 0.000, valid nll 0.246
  [diag] log10|dL/dh_t| hist bins=60 range=(-5.18,-3.57) mean=-4.36 p50=-4.14 p05=-5.04 p95=-4.05
  [diag] sat-dist hist bins=60 sat<0.05=0.0% mean=0.630 p10=0.545 p90=0.670
Iter 0011200: train nll 0.327, valid error 100.000%, best valid error 100.000%, avg grad norm  40.709, avg grad norm (post clip)   0.053, rho_Whh  1.12, Omega  0.00, alpha  0.000, steps in the past 0.000, valid nll 0.277
  [diag] log10|dL/dh_t| hist bins=60 range=(-5.18,-3.56) mean=-4.49 p50=-4.54 p05=-5.05 p95=-4.07
  [diag] sat-dist hist bins=60 sat<0.05=0.0% mean=0.614 p10=0.539 p90=0.668
Iter 0011220: train nll 0.303, valid error 100.000%, best valid error 100.000%, avg grad norm  47.997, avg grad norm (post clip)   0.053, rho_Whh  1.12, Omega  0.00, alpha  0.000, steps in the past 0.000, valid nll 0.244
  [diag] log10|dL/dh_t| hist bins=60 range=(-5.18,-3.56) mean=-4.49 p50=-4.54 p05=-5.05 p95=-4.07
  [diag] sat-dist hist bins=60 sat<0.05=0.0% mean=0.614 p10=0.539 p90=0.668
Iter 0011240: train nll 0.265, valid error 100.000%, best valid error 100.000%, avg grad norm  54.425, avg grad norm (post clip)   0.053, rho_Whh  1.12, Omega  0.00, alpha  0.000, steps in the past 0.000, valid nll 0.244
  [diag] log10|dL/dh_t| hist bins=60 range=(-5.18,-3.56) mean=-4.49 p50=-4.54 p05=-5.05 p95=-4.08
  [diag] sat-dist hist bins=60 sat<0.05=0.0% mean=0.615 p10=0.539 p90=0.668
Iter 0011260: train nll 0.319, valid error 100.000%, best valid error 100.000%, avg grad norm  44.472, avg grad norm (post clip)   0.053, rho_Whh  1.12, Omega  0.00, alpha  0.000, steps in the past 0.000, valid nll 0.244
  [diag] log10|dL/dh_t| hist bins=60 range=(-5.18,-3.57) mean=-4.36 p50=-4.15 p05=-5.03 p95=-4.06
  [diag] sat-dist hist bins=60 sat<0.05=0.0% mean=0.630 p10=0.545 p90=0.670
Iter 0011280: train nll 0.305, valid error 100.000%, best valid error 100.000%, avg grad norm  43.109, avg grad norm (post clip)   0.053, rho_Whh  1.12, Omega  0.00, alpha  0.000, steps in the past 0.000, valid nll 0.276
  [diag] log10|dL/dh_t| hist bins=60 range=(-5.18,-3.56) mean=-4.49 p50=-4.53 p05=-5.05 p95=-4.08
  [diag] sat-dist hist bins=60 sat<0.05=0.0% mean=0.615 p10=0.540 p90=0.668
Iter 0011300: train nll 0.324, valid error 100.000%, best valid error 100.000%, avg grad norm  40.873, avg grad norm (post clip)   0.053, rho_Whh  1.12, Omega  0.00, alpha  0.000, steps in the past 0.000, valid nll 0.244
  [diag] log10|dL/dh_t| hist bins=60 range=(-5.18,-3.56) mean=-4.48 p50=-4.52 p05=-5.05 p95=-4.08
  [diag] sat-dist hist bins=60 sat<0.05=0.0% mean=0.615 p10=0.540 p90=0.668
Iter 0011320: train nll 0.311, valid error 100.000%, best valid error 100.000%, avg grad norm  41.047, avg grad norm (post clip)   0.053, rho_Whh  1.12, Omega  0.00, alpha  0.000, steps in the past 0.000, valid nll 0.245
  [diag] log10|dL/dh_t| hist bins=60 range=(-5.18,-3.56) mean=-4.50 p50=-4.56 p05=-5.05 p95=-4.08
  [diag] sat-dist hist bins=60 sat<0.05=0.0% mean=0.613 p10=0.539 p90=0.668
Iter 0011340: train nll 0.285, valid error 100.000%, best valid error 100.000%, avg grad norm  39.174, avg grad norm (post clip)   0.053, rho_Whh  1.12, Omega  0.00, alpha  0.000, steps in the past 0.000, valid nll 0.242
  [diag] log10|dL/dh_t| hist bins=60 range=(-5.18,-3.56) mean=-4.49 p50=-4.56 p05=-5.05 p95=-4.08
  [diag] sat-dist hist bins=60 sat<0.05=0.0% mean=0.614 p10=0.539 p90=0.668
Iter 0011360: train nll 0.319, valid error 100.000%, best valid error 100.000%, avg grad norm  38.369, avg grad norm (post clip)   0.053, rho_Whh  1.12, Omega  0.00, alpha  0.000, steps in the past 0.000, valid nll 0.243
  [diag] log10|dL/dh_t| hist bins=60 range=(-5.18,-3.57) mean=-4.37 p50=-4.17 p05=-5.04 p95=-4.06
  [diag] sat-dist hist bins=60 sat<0.05=0.0% mean=0.629 p10=0.545 p90=0.670
Iter 0011380: train nll 0.300, valid error 100.000%, best valid error 100.000%, avg grad norm  40.833, avg grad norm (post clip)   0.053, rho_Whh  1.12, Omega  0.00, alpha  0.000, steps in the past 0.000, valid nll 0.273
  [diag] log10|dL/dh_t| hist bins=60 range=(-5.18,-3.56) mean=-4.46 p50=-4.48 p05=-5.05 p95=-4.07
  [diag] sat-dist hist bins=60 sat<0.05=0.0% mean=0.617 p10=0.540 p90=0.668
Iter 0011400: train nll 0.284, valid error 100.000%, best valid error 100.000%, avg grad norm  47.907, avg grad norm (post clip)   0.053, rho_Whh  1.12, Omega  0.00, alpha  0.000, steps in the past 0.000, valid nll 0.248
  [diag] log10|dL/dh_t| hist bins=60 range=(-5.18,-3.57) mean=-4.47 p50=-4.50 p05=-5.05 p95=-4.07
  [diag] sat-dist hist bins=60 sat<0.05=0.0% mean=0.616 p10=0.540 p90=0.669
Iter 0011420: train nll 0.268, valid error 100.000%, best valid error 100.000%, avg grad norm  50.526, avg grad norm (post clip)   0.053, rho_Whh  1.12, Omega  0.00, alpha  0.000, steps in the past 0.000, valid nll 0.247
  [diag] log10|dL/dh_t| hist bins=60 range=(-5.18,-3.57) mean=-4.36 p50=-4.12 p05=-5.03 p95=-4.05
  [diag] sat-dist hist bins=60 sat<0.05=0.0% mean=0.631 p10=0.546 p90=0.670
Iter 0011440: train nll 0.339, valid error 100.000%, best valid error 100.000%, avg grad norm  46.626, avg grad norm (post clip)   0.053, rho_Whh  1.12, Omega  0.00, alpha  0.000, steps in the past 0.000, valid nll 0.279
  [diag] log10|dL/dh_t| hist bins=60 range=(-5.19,-3.54) mean=-4.73 p50=-4.81 p05=-5.06 p95=-4.20
  [diag] sat-dist hist bins=60 sat<0.05=0.0% mean=0.581 p10=0.534 p90=0.629
Iter 0011460: train nll 0.297, valid error 100.000%, best valid error 100.000%, avg grad norm  43.494, avg grad norm (post clip)   0.053, rho_Whh  1.12, Omega  0.00, alpha  0.000, steps in the past 0.000, valid nll 0.239
  [diag] log10|dL/dh_t| hist bins=60 range=(-5.18,-3.56) mean=-4.47 p50=-4.49 p05=-5.05 p95=-4.07
  [diag] sat-dist hist bins=60 sat<0.05=0.0% mean=0.617 p10=0.540 p90=0.668
Iter 0011480: train nll 0.303, valid error 100.000%, best valid error 100.000%, avg grad norm  45.014, avg grad norm (post clip)   0.053, rho_Whh  1.12, Omega  0.00, alpha  0.000, steps in the past 0.000, valid nll 0.247
  [diag] log10|dL/dh_t| hist bins=60 range=(-5.18,-3.57) mean=-4.36 p50=-4.13 p05=-5.04 p95=-4.05
  [diag] sat-dist hist bins=60 sat<0.05=0.0% mean=0.631 p10=0.545 p90=0.670
Iter 0011500: train nll 0.305, valid error 100.000%, best valid error 100.000%, avg grad norm  37.796, avg grad norm (post clip)   0.053, rho_Whh  1.12, Omega  0.00, alpha  0.000, steps in the past 0.000, valid nll 0.279
  [diag] log10|dL/dh_t| hist bins=60 range=(-5.18,-3.56) mean=-4.47 p50=-4.51 p05=-5.05 p95=-4.08
  [diag] sat-dist hist bins=60 sat<0.05=0.0% mean=0.616 p10=0.540 p90=0.668
Iter 0011520: train nll 0.343, valid error 100.000%, best valid error 100.000%, avg grad norm  37.853, avg grad norm (post clip)   0.053, rho_Whh  1.12, Omega  0.00, alpha  0.000, steps in the past 0.000, valid nll 0.246
  [diag] log10|dL/dh_t| hist bins=60 range=(-5.19,-3.56) mean=-4.57 p50=-4.69 p05=-5.06 p95=-4.08
  [diag] sat-dist hist bins=60 sat<0.05=0.0% mean=0.603 p10=0.537 p90=0.668
Iter 0011540: train nll 0.296, valid error 100.000%, best valid error 100.000%, avg grad norm  39.376, avg grad norm (post clip)   0.053, rho_Whh  1.12, Omega  0.00, alpha  0.000, steps in the past 0.000, valid nll 0.234
  [diag] log10|dL/dh_t| hist bins=60 range=(-5.19,-3.56) mean=-4.57 p50=-4.69 p05=-5.06 p95=-4.08
  [diag] sat-dist hist bins=60 sat<0.05=0.0% mean=0.604 p10=0.537 p90=0.668
Iter 0011560: train nll 0.271, valid error 100.000%, best valid error 100.000%, avg grad norm  43.186, avg grad norm (post clip)   0.053, rho_Whh  1.12, Omega  0.00, alpha  0.000, steps in the past 0.000, valid nll 0.234
  [diag] log10|dL/dh_t| hist bins=60 range=(-5.18,-3.57) mean=-4.40 p50=-4.26 p05=-5.04 p95=-4.06
  [diag] sat-dist hist bins=60 sat<0.05=0.0% mean=0.625 p10=0.543 p90=0.670
Iter 0011580: train nll 0.297, valid error 100.000%, best valid error 100.000%, avg grad norm  46.379, avg grad norm (post clip)   0.053, rho_Whh  1.12, Omega  0.00, alpha  0.000, steps in the past 0.000, valid nll 0.264
  [diag] log10|dL/dh_t| hist bins=60 range=(-5.19,-3.56) mean=-4.57 p50=-4.68 p05=-5.06 p95=-4.08
  [diag] sat-dist hist bins=60 sat<0.05=0.0% mean=0.604 p10=0.537 p90=0.668
Iter 0011600: train nll 0.273, valid error 100.000%, best valid error 100.000%, avg grad norm  48.299, avg grad norm (post clip)   0.053, rho_Whh  1.12, Omega  0.00, alpha  0.000, steps in the past 0.000, valid nll 0.234
  [diag] log10|dL/dh_t| hist bins=60 range=(-5.19,-3.56) mean=-4.58 p50=-4.70 p05=-5.06 p95=-4.08
  [diag] sat-dist hist bins=60 sat<0.05=0.0% mean=0.602 p10=0.536 p90=0.667
Iter 0011620: train nll 0.317, valid error 100.000%, best valid error 100.000%, avg grad norm  38.634, avg grad norm (post clip)   0.053, rho_Whh  1.12, Omega  0.00, alpha  0.000, steps in the past 0.000, valid nll 0.233
  [diag] log10|dL/dh_t| hist bins=60 range=(-5.18,-3.57) mean=-4.41 p50=-4.28 p05=-5.04 p95=-4.06
  [diag] sat-dist hist bins=60 sat<0.05=0.0% mean=0.624 p10=0.542 p90=0.669
Iter 0011640: train nll 0.299, valid error 100.000%, best valid error 100.000%, avg grad norm  47.924, avg grad norm (post clip)   0.053, rho_Whh  1.12, Omega  0.00, alpha  0.000, steps in the past 0.000, valid nll 0.261
  [diag] log10|dL/dh_t| hist bins=60 range=(-5.18,-3.57) mean=-4.41 p50=-4.27 p05=-5.04 p95=-4.06
  [diag] sat-dist hist bins=60 sat<0.05=0.0% mean=0.625 p10=0.542 p90=0.670
Iter 0011660: train nll 0.294, valid error 100.000%, best valid error 100.000%, avg grad norm  39.326, avg grad norm (post clip)   0.053, rho_Whh  1.12, Omega  0.00, alpha  0.000, steps in the past 0.000, valid nll 0.262
  [diag] log10|dL/dh_t| hist bins=60 range=(-5.18,-3.57) mean=-4.40 p50=-4.24 p05=-5.04 p95=-4.06
  [diag] sat-dist hist bins=60 sat<0.05=0.0% mean=0.626 p10=0.542 p90=0.670
Iter 0011680: train nll 0.301, valid error 100.000%, best valid error 100.000%, avg grad norm  39.856, avg grad norm (post clip)   0.053, rho_Whh  1.12, Omega  0.00, alpha  0.000, steps in the past 0.000, valid nll 0.265
  [diag] log10|dL/dh_t| hist bins=60 range=(-5.18,-3.57) mean=-4.40 p50=-4.24 p05=-5.04 p95=-4.06
  [diag] sat-dist hist bins=60 sat<0.05=0.0% mean=0.626 p10=0.543 p90=0.670
Iter 0011700: train nll 0.310, valid error 100.000%, best valid error 100.000%, avg grad norm  46.644, avg grad norm (post clip)   0.053, rho_Whh  1.12, Omega  0.00, alpha  0.000, steps in the past 0.000, valid nll 0.265
  [diag] log10|dL/dh_t| hist bins=60 range=(-5.19,-3.56) mean=-4.56 p50=-4.67 p05=-5.06 p95=-4.08
  [diag] sat-dist hist bins=60 sat<0.05=0.0% mean=0.606 p10=0.537 p90=0.668
Iter 0011720: train nll 0.279, valid error 100.000%, best valid error 100.000%, avg grad norm  44.285, avg grad norm (post clip)   0.053, rho_Whh  1.12, Omega  0.00, alpha  0.000, steps in the past 0.000, valid nll 0.235
  [diag] log10|dL/dh_t| hist bins=60 range=(-5.19,-3.56) mean=-4.56 p50=-4.68 p05=-5.06 p95=-4.08
  [diag] sat-dist hist bins=60 sat<0.05=0.0% mean=0.605 p10=0.537 p90=0.668
Iter 0011740: train nll 0.312, valid error 100.000%, best valid error 100.000%, avg grad norm  39.327, avg grad norm (post clip)   0.053, rho_Whh  1.12, Omega  0.00, alpha  0.000, steps in the past 0.000, valid nll 0.234
  [diag] log10|dL/dh_t| hist bins=60 range=(-5.18,-3.57) mean=-4.31 p50=-4.05 p05=-5.03 p95=-4.04
  [diag] sat-dist hist bins=60 sat<0.05=0.0% mean=0.636 p10=0.548 p90=0.671
Iter 0011760: train nll 0.305, valid error 100.000%, best valid error 100.000%, avg grad norm  40.163, avg grad norm (post clip)   0.053, rho_Whh  1.12, Omega  0.00, alpha  0.000, steps in the past 0.000, valid nll 0.297
  [diag] log10|dL/dh_t| hist bins=60 range=(-5.19,-3.56) mean=-4.56 p50=-4.68 p05=-5.06 p95=-4.08
  [diag] sat-dist hist bins=60 sat<0.05=0.0% mean=0.605 p10=0.537 p90=0.668
Iter 0011780: train nll 0.314, valid error 100.000%, best valid error 100.000%, avg grad norm  39.975, avg grad norm (post clip)   0.053, rho_Whh  1.12, Omega  0.00, alpha  0.000, steps in the past 0.000, valid nll 0.234
  [diag] log10|dL/dh_t| hist bins=60 range=(-5.18,-3.57) mean=-4.40 p50=-4.25 p05=-5.04 p95=-4.06
  [diag] sat-dist hist bins=60 sat<0.05=0.0% mean=0.626 p10=0.542 p90=0.670
Iter 0011800: train nll 0.271, valid error 100.000%, best valid error 100.000%, avg grad norm  46.911, avg grad norm (post clip)   0.053, rho_Whh  1.12, Omega  0.00, alpha  0.000, steps in the past 0.000, valid nll 0.264
  [diag] log10|dL/dh_t| hist bins=60 range=(-5.19,-3.56) mean=-4.56 p50=-4.68 p05=-5.06 p95=-4.08
  [diag] sat-dist hist bins=60 sat<0.05=0.0% mean=0.605 p10=0.537 p90=0.668
Iter 0011820: train nll 0.312, valid error 100.000%, best valid error 100.000%, avg grad norm  48.105, avg grad norm (post clip)   0.053, rho_Whh  1.12, Omega  0.00, alpha  0.000, steps in the past 0.000, valid nll 0.234
  [diag] log10|dL/dh_t| hist bins=60 range=(-5.19,-3.56) mean=-4.55 p50=-4.66 p05=-5.06 p95=-4.08
  [diag] sat-dist hist bins=60 sat<0.05=0.0% mean=0.607 p10=0.537 p90=0.668
Iter 0011840: train nll 0.295, valid error 100.000%, best valid error 100.000%, avg grad norm  40.435, avg grad norm (post clip)   0.053, rho_Whh  1.12, Omega  0.00, alpha  0.000, steps in the past 0.000, valid nll 0.236
  [diag] log10|dL/dh_t| hist bins=60 range=(-5.19,-3.56) mean=-4.55 p50=-4.67 p05=-5.06 p95=-4.08
  [diag] sat-dist hist bins=60 sat<0.05=0.0% mean=0.606 p10=0.537 p90=0.668
Iter 0011860: train nll 0.300, valid error 100.000%, best valid error 100.000%, avg grad norm  41.268, avg grad norm (post clip)   0.053, rho_Whh  1.12, Omega  0.00, alpha  0.000, steps in the past 0.000, valid nll 0.235
  [diag] log10|dL/dh_t| hist bins=60 range=(-5.19,-3.56) mean=-4.53 p50=-4.63 p05=-5.06 p95=-4.08
  [diag] sat-dist hist bins=60 sat<0.05=0.0% mean=0.609 p10=0.538 p90=0.668
Iter 0011880: train nll 0.291, valid error 100.000%, best valid error 100.000%, avg grad norm  47.410, avg grad norm (post clip)   0.053, rho_Whh  1.12, Omega  0.00, alpha  0.000, steps in the past 0.000, valid nll 0.238
  [diag] log10|dL/dh_t| hist bins=60 range=(-5.18,-3.57) mean=-4.39 p50=-4.20 p05=-5.04 p95=-4.05
  [diag] sat-dist hist bins=60 sat<0.05=0.0% mean=0.628 p10=0.543 p90=0.670
Iter 0011900: train nll 0.280, valid error 100.000%, best valid error 100.000%, avg grad norm  49.556, avg grad norm (post clip)   0.053, rho_Whh  1.12, Omega  0.00, alpha  0.000, steps in the past 0.000, valid nll 0.269
  [diag] log10|dL/dh_t| hist bins=60 range=(-5.19,-3.57) mean=-4.39 p50=-4.22 p05=-5.04 p95=-4.06
  [diag] sat-dist hist bins=60 sat<0.05=0.0% mean=0.627 p10=0.543 p90=0.670
Iter 0011920: train nll 0.293, valid error 100.000%, best valid error 100.000%, avg grad norm  41.641, avg grad norm (post clip)   0.053, rho_Whh  1.12, Omega  0.00, alpha  0.000, steps in the past 0.000, valid nll 0.268
  [diag] log10|dL/dh_t| hist bins=60 range=(-5.19,-3.57) mean=-4.41 p50=-4.27 p05=-5.05 p95=-4.06
  [diag] sat-dist hist bins=60 sat<0.05=0.0% mean=0.625 p10=0.542 p90=0.670
Iter 0011940: train nll 0.309, valid error 100.000%, best valid error 100.000%, avg grad norm  40.930, avg grad norm (post clip)   0.053, rho_Whh  1.12, Omega  0.00, alpha  0.000, steps in the past 0.000, valid nll 0.263
  [diag] log10|dL/dh_t| hist bins=60 range=(-5.19,-3.57) mean=-4.55 p50=-4.67 p05=-5.06 p95=-4.07
  [diag] sat-dist hist bins=60 sat<0.05=0.0% mean=0.606 p10=0.537 p90=0.669
Iter 0011960: train nll 0.272, valid error 100.000%, best valid error 100.000%, avg grad norm  38.899, avg grad norm (post clip)   0.053, rho_Whh  1.12, Omega  0.00, alpha  0.000, steps in the past 0.000, valid nll 0.235
  [diag] log10|dL/dh_t| hist bins=60 range=(-5.18,-3.57) mean=-4.31 p50=-4.05 p05=-5.03 p95=-4.03
  [diag] sat-dist hist bins=60 sat<0.05=0.0% mean=0.637 p10=0.548 p90=0.672
Iter 0011980: train nll 0.310, valid error 100.000%, best valid error 100.000%, avg grad norm  45.088, avg grad norm (post clip)   0.053, rho_Whh  1.12, Omega  0.00, alpha  0.000, steps in the past 0.000, valid nll 0.298
  [diag] log10|dL/dh_t| hist bins=60 range=(-5.19,-3.56) mean=-4.55 p50=-4.67 p05=-5.06 p95=-4.08
  [diag] sat-dist hist bins=60 sat<0.05=0.0% mean=0.606 p10=0.537 p90=0.668
Iter 0012000: train nll 0.322, valid error 100.000%, best valid error 100.000%, avg grad norm  40.267, avg grad norm (post clip)   0.053, rho_Whh  1.12, Omega  0.00, alpha  0.000, steps in the past 0.000, valid nll 0.235
  [diag] log10|dL/dh_t| hist bins=60 range=(-5.19,-3.57) mean=-4.54 p50=-4.66 p05=-5.06 p95=-4.07
  [diag] sat-dist hist bins=60 sat<0.05=0.0% mean=0.607 p10=0.537 p90=0.669
Iter 0012020: train nll 0.264, valid error 100.000%, best valid error 100.000%, avg grad norm  45.065, avg grad norm (post clip)   0.053, rho_Whh  1.12, Omega  0.00, alpha  0.000, steps in the past 0.000, valid nll 0.236
  [diag] log10|dL/dh_t| hist bins=60 range=(-5.19,-3.57) mean=-4.55 p50=-4.66 p05=-5.06 p95=-4.07
  [diag] sat-dist hist bins=60 sat<0.05=0.0% mean=0.607 p10=0.537 p90=0.669
Iter 0012040: train nll 0.262, valid error 100.000%, best valid error 100.000%, avg grad norm  49.356, avg grad norm (post clip)   0.053, rho_Whh  1.12, Omega  0.00, alpha  0.000, steps in the past 0.000, valid nll 0.236
  [diag] log10|dL/dh_t| hist bins=60 range=(-5.19,-3.57) mean=-4.54 p50=-4.66 p05=-5.06 p95=-4.07
  [diag] sat-dist hist bins=60 sat<0.05=0.0% mean=0.607 p10=0.537 p90=0.669
Iter 0012060: train nll 0.323, valid error 100.000%, best valid error 100.000%, avg grad norm  41.448, avg grad norm (post clip)   0.053, rho_Whh  1.12, Omega  0.00, alpha  0.000, steps in the past 0.000, valid nll 0.236
  [diag] log10|dL/dh_t| hist bins=60 range=(-5.19,-3.57) mean=-4.54 p50=-4.65 p05=-5.06 p95=-4.07
  [diag] sat-dist hist bins=60 sat<0.05=0.0% mean=0.608 p10=0.537 p90=0.669
Iter 0012080: train nll 0.300, valid error 100.000%, best valid error 100.000%, avg grad norm  45.358, avg grad norm (post clip)   0.053, rho_Whh  1.12, Omega  0.00, alpha  0.000, steps in the past 0.000, valid nll 0.236
  [diag] log10|dL/dh_t| hist bins=60 range=(-5.19,-3.57) mean=-4.54 p50=-4.65 p05=-5.06 p95=-4.07
  [diag] sat-dist hist bins=60 sat<0.05=0.0% mean=0.608 p10=0.537 p90=0.669
Iter 0012100: train nll 0.295, valid error 100.000%, best valid error 100.000%, avg grad norm  47.095, avg grad norm (post clip)   0.053, rho_Whh  1.12, Omega  0.00, alpha  0.000, steps in the past 0.000, valid nll 0.236
  [diag] log10|dL/dh_t| hist bins=60 range=(-5.19,-3.57) mean=-4.54 p50=-4.65 p05=-5.06 p95=-4.07
  [diag] sat-dist hist bins=60 sat<0.05=0.0% mean=0.608 p10=0.537 p90=0.669
Iter 0012120: train nll 0.280, valid error 100.000%, best valid error 100.000%, avg grad norm  46.974, avg grad norm (post clip)   0.053, rho_Whh  1.12, Omega  0.00, alpha  0.000, steps in the past 0.000, valid nll 0.236
  [diag] log10|dL/dh_t| hist bins=60 range=(-5.19,-3.57) mean=-4.52 p50=-4.62 p05=-5.06 p95=-4.07
  [diag] sat-dist hist bins=60 sat<0.05=0.0% mean=0.610 p10=0.537 p90=0.669
Iter 0012140: train nll 0.314, valid error 100.000%, best valid error 100.000%, avg grad norm  46.917, avg grad norm (post clip)   0.053, rho_Whh  1.12, Omega  0.00, alpha  0.000, steps in the past 0.000, valid nll 0.239
  [diag] log10|dL/dh_t| hist bins=60 range=(-5.19,-3.57) mean=-4.38 p50=-4.19 p05=-5.04 p95=-4.05
  [diag] sat-dist hist bins=60 sat<0.05=0.0% mean=0.628 p10=0.543 p90=0.671
Iter 0012160: train nll 0.300, valid error 100.000%, best valid error 100.000%, avg grad norm  49.028, avg grad norm (post clip)   0.053, rho_Whh  1.12, Omega  0.00, alpha  0.000, steps in the past 0.000, valid nll 0.271
  [diag] log10|dL/dh_t| hist bins=60 range=(-5.18,-3.57) mean=-4.26 p50=-4.03 p05=-5.02 p95=-4.02
  [diag] sat-dist hist bins=60 sat<0.05=0.0% mean=0.643 p10=0.554 p90=0.673
Iter 0012180: train nll 0.352, valid error 100.000%, best valid error 100.000%, avg grad norm  34.160, avg grad norm (post clip)   0.053, rho_Whh  1.12, Omega  0.00, alpha  0.000, steps in the past 0.000, valid nll 0.322
  [diag] log10|dL/dh_t| hist bins=60 range=(-5.19,-3.57) mean=-4.41 p50=-4.27 p05=-5.05 p95=-4.06
  [diag] sat-dist hist bins=60 sat<0.05=0.0% mean=0.625 p10=0.542 p90=0.670
Iter 0012200: train nll 0.328, valid error 100.000%, best valid error 100.000%, avg grad norm  36.574, avg grad norm (post clip)   0.053, rho_Whh  1.12, Omega  0.00, alpha  0.000, steps in the past 0.000, valid nll 0.262
  [diag] log10|dL/dh_t| hist bins=60 range=(-5.19,-3.57) mean=-4.58 p50=-4.70 p05=-5.06 p95=-4.08
  [diag] sat-dist hist bins=60 sat<0.05=0.0% mean=0.603 p10=0.536 p90=0.668
Iter 0012220: train nll 0.310, valid error 100.000%, best valid error 100.000%, avg grad norm  41.373, avg grad norm (post clip)   0.053, rho_Whh  1.12, Omega  0.00, alpha  0.000, steps in the past 0.000, valid nll 0.233
  [diag] log10|dL/dh_t| hist bins=60 range=(-5.19,-3.57) mean=-4.59 p50=-4.71 p05=-5.06 p95=-4.08
  [diag] sat-dist hist bins=60 sat<0.05=0.0% mean=0.602 p10=0.536 p90=0.668
Iter 0012240: train nll 0.294, valid error 100.000%, best valid error 100.000%, avg grad norm  42.185, avg grad norm (post clip)   0.053, rho_Whh  1.12, Omega  0.00, alpha  0.000, steps in the past 0.000, valid nll 0.233
  [diag] log10|dL/dh_t| hist bins=60 range=(-5.19,-3.57) mean=-4.59 p50=-4.71 p05=-5.06 p95=-4.08
  [diag] sat-dist hist bins=60 sat<0.05=0.0% mean=0.601 p10=0.536 p90=0.668
Iter 0012260: train nll 0.283, valid error 100.000%, best valid error 100.000%, avg grad norm  48.397, avg grad norm (post clip)   0.053, rho_Whh  1.12, Omega  0.00, alpha  0.000, steps in the past 0.000, valid nll 0.232
  [diag] log10|dL/dh_t| hist bins=60 range=(-5.19,-3.57) mean=-4.41 p50=-4.28 p05=-5.05 p95=-4.05
  [diag] sat-dist hist bins=60 sat<0.05=0.0% mean=0.625 p10=0.541 p90=0.671
Iter 0012280: train nll 0.320, valid error 100.000%, best valid error 100.000%, avg grad norm  39.127, avg grad norm (post clip)   0.053, rho_Whh  1.12, Omega  0.00, alpha  0.000, steps in the past 0.000, valid nll 0.262
  [diag] log10|dL/dh_t| hist bins=60 range=(-5.19,-3.57) mean=-4.58 p50=-4.71 p05=-5.06 p95=-4.07
  [diag] sat-dist hist bins=60 sat<0.05=0.0% mean=0.602 p10=0.535 p90=0.669
Iter 0012300: train nll 0.317, valid error 100.000%, best valid error 100.000%, avg grad norm  40.558, avg grad norm (post clip)   0.053, rho_Whh  1.12, Omega  0.00, alpha  0.000, steps in the past 0.000, valid nll 0.233
  [diag] log10|dL/dh_t| hist bins=60 range=(-5.19,-3.57) mean=-4.41 p50=-4.27 p05=-5.05 p95=-4.05
  [diag] sat-dist hist bins=60 sat<0.05=0.0% mean=0.625 p10=0.541 p90=0.671
Iter 0012320: train nll 0.330, valid error 100.000%, best valid error 100.000%, avg grad norm  47.057, avg grad norm (post clip)   0.053, rho_Whh  1.12, Omega  0.00, alpha  0.000, steps in the past 0.000, valid nll 0.262
  [diag] log10|dL/dh_t| hist bins=60 range=(-5.19,-3.57) mean=-4.32 p50=-4.05 p05=-5.04 p95=-4.03
  [diag] sat-dist hist bins=60 sat<0.05=0.0% mean=0.636 p10=0.547 p90=0.672
Iter 0012340: train nll 0.276, valid error 100.000%, best valid error 100.000%, avg grad norm  48.580, avg grad norm (post clip)   0.053, rho_Whh  1.12, Omega  0.00, alpha  0.000, steps in the past 0.000, valid nll 0.296
  [diag] log10|dL/dh_t| hist bins=60 range=(-5.19,-3.57) mean=-4.58 p50=-4.71 p05=-5.06 p95=-4.07
  [diag] sat-dist hist bins=60 sat<0.05=0.0% mean=0.602 p10=0.535 p90=0.669
Iter 0012360: train nll 0.267, valid error 100.000%, best valid error 100.000%, avg grad norm  46.661, avg grad norm (post clip)   0.053, rho_Whh  1.12, Omega  0.00, alpha  0.000, steps in the past 0.000, valid nll 0.233
  [diag] log10|dL/dh_t| hist bins=60 range=(-5.19,-3.57) mean=-4.41 p50=-4.27 p05=-5.05 p95=-4.05
  [diag] sat-dist hist bins=60 sat<0.05=0.0% mean=0.625 p10=0.541 p90=0.671
Iter 0012380: train nll 0.301, valid error 100.000%, best valid error 100.000%, avg grad norm  39.188, avg grad norm (post clip)   0.053, rho_Whh  1.12, Omega  0.00, alpha  0.000, steps in the past 0.000, valid nll 0.263
  [diag] log10|dL/dh_t| hist bins=60 range=(-5.19,-3.57) mean=-4.38 p50=-4.17 p05=-5.05 p95=-4.04
  [diag] sat-dist hist bins=60 sat<0.05=0.0% mean=0.629 p10=0.542 p90=0.671
Iter 0012400: train nll 0.297, valid error 100.000%, best valid error 100.000%, avg grad norm  43.386, avg grad norm (post clip)   0.053, rho_Whh  1.12, Omega  0.00, alpha  0.000, steps in the past 0.000, valid nll 0.273
  [diag] log10|dL/dh_t| hist bins=60 range=(-5.19,-3.57) mean=-4.52 p50=-4.62 p05=-5.06 p95=-4.06
  [diag] sat-dist hist bins=60 sat<0.05=0.0% mean=0.611 p10=0.537 p90=0.670
Iter 0012420: train nll 0.287, valid error 100.000%, best valid error 100.000%, avg grad norm  43.382, avg grad norm (post clip)   0.053, rho_Whh  1.12, Omega  0.00, alpha  0.000, steps in the past 0.000, valid nll 0.239
  [diag] log10|dL/dh_t| hist bins=60 range=(-5.19,-3.57) mean=-4.38 p50=-4.17 p05=-5.05 p95=-4.04
  [diag] sat-dist hist bins=60 sat<0.05=0.0% mean=0.629 p10=0.543 p90=0.671
Iter 0012440: train nll 0.324, valid error 100.000%, best valid error 100.000%, avg grad norm  43.486, avg grad norm (post clip)   0.053, rho_Whh  1.12, Omega  0.00, alpha  0.000, steps in the past 0.000, valid nll 0.272
  [diag] log10|dL/dh_t| hist bins=60 range=(-5.19,-3.57) mean=-4.38 p50=-4.17 p05=-5.05 p95=-4.04
  [diag] sat-dist hist bins=60 sat<0.05=0.0% mean=0.629 p10=0.543 p90=0.671
Iter 0012460: train nll 0.318, valid error 100.000%, best valid error 100.000%, avg grad norm  38.698, avg grad norm (post clip)   0.053, rho_Whh  1.12, Omega  0.00, alpha  0.000, steps in the past 0.000, valid nll 0.273
  [diag] log10|dL/dh_t| hist bins=60 range=(-5.19,-3.57) mean=-4.52 p50=-4.61 p05=-5.06 p95=-4.07
  [diag] sat-dist hist bins=60 sat<0.05=0.0% mean=0.611 p10=0.537 p90=0.670
Iter 0012480: train nll 0.325, valid error 100.000%, best valid error 100.000%, avg grad norm  38.578, avg grad norm (post clip)   0.053, rho_Whh  1.12, Omega  0.00, alpha  0.000, steps in the past 0.000, valid nll 0.239
  [diag] log10|dL/dh_t| hist bins=60 range=(-5.19,-3.57) mean=-4.53 p50=-4.64 p05=-5.06 p95=-4.06
  [diag] sat-dist hist bins=60 sat<0.05=0.0% mean=0.609 p10=0.536 p90=0.670
Iter 0012500: train nll 0.296, valid error 100.000%, best valid error 100.000%, avg grad norm  41.055, avg grad norm (post clip)   0.053, rho_Whh  1.12, Omega  0.00, alpha  0.000, steps in the past 0.000, valid nll 0.237
  [diag] log10|dL/dh_t| hist bins=60 range=(-5.20,-3.47) mean=-4.82 p50=-4.87 p05=-5.08 p95=-4.21
  [diag] sat-dist hist bins=60 sat<0.05=0.0% mean=0.563 p10=0.531 p90=0.581
Iter 0012520: train nll 0.297, valid error 100.000%, best valid error 100.000%, avg grad norm  46.755, avg grad norm (post clip)   0.053, rho_Whh  1.12, Omega  0.00, alpha  0.000, steps in the past 0.000, valid nll 0.257
  [diag] log10|dL/dh_t| hist bins=60 range=(-5.19,-3.57) mean=-4.42 p50=-4.34 p05=-5.06 p95=-4.05
  [diag] sat-dist hist bins=60 sat<0.05=0.0% mean=0.623 p10=0.540 p90=0.671
Iter 0012540: train nll 0.316, valid error 100.000%, best valid error 100.000%, avg grad norm  40.703, avg grad norm (post clip)   0.053, rho_Whh  1.12, Omega  0.00, alpha  0.000, steps in the past 0.000, valid nll 0.258
  [diag] log10|dL/dh_t| hist bins=60 range=(-5.19,-3.57) mean=-4.42 p50=-4.33 p05=-5.06 p95=-4.05
  [diag] sat-dist hist bins=60 sat<0.05=0.0% mean=0.623 p10=0.540 p90=0.671
Iter 0012560: train nll 0.299, valid error 100.000%, best valid error 100.000%, avg grad norm  44.415, avg grad norm (post clip)   0.053, rho_Whh  1.12, Omega  0.00, alpha  0.000, steps in the past 0.000, valid nll 0.259
  [diag] log10|dL/dh_t| hist bins=60 range=(-5.19,-3.57) mean=-4.42 p50=-4.32 p05=-5.06 p95=-4.05
  [diag] sat-dist hist bins=60 sat<0.05=0.0% mean=0.623 p10=0.540 p90=0.671
Iter 0012580: train nll 0.306, valid error 100.000%, best valid error 100.000%, avg grad norm  47.380, avg grad norm (post clip)   0.053, rho_Whh  1.12, Omega  0.00, alpha  0.000, steps in the past 0.000, valid nll 0.259
  [diag] log10|dL/dh_t| hist bins=60 range=(-5.19,-3.57) mean=-4.42 p50=-4.32 p05=-5.06 p95=-4.05
  [diag] sat-dist hist bins=60 sat<0.05=0.0% mean=0.623 p10=0.540 p90=0.671
Iter 0012600: train nll 0.307, valid error 100.000%, best valid error 100.000%, avg grad norm  47.259, avg grad norm (post clip)   0.053, rho_Whh  1.12, Omega  0.00, alpha  0.000, steps in the past 0.000, valid nll 0.259
  [diag] log10|dL/dh_t| hist bins=60 range=(-5.20,-3.57) mean=-4.59 p50=-4.72 p05=-5.07 p95=-4.07
  [diag] sat-dist hist bins=60 sat<0.05=0.0% mean=0.600 p10=0.535 p90=0.669
Iter 0012620: train nll 0.307, valid error 100.000%, best valid error 100.000%, avg grad norm  39.739, avg grad norm (post clip)   0.053, rho_Whh  1.12, Omega  0.00, alpha  0.000, steps in the past 0.000, valid nll 0.232
  [diag] log10|dL/dh_t| hist bins=60 range=(-5.19,-3.57) mean=-4.41 p50=-4.29 p05=-5.05 p95=-4.05
  [diag] sat-dist hist bins=60 sat<0.05=0.0% mean=0.624 p10=0.540 p90=0.671
Iter 0012640: train nll 0.291, valid error 100.000%, best valid error 100.000%, avg grad norm  47.624, avg grad norm (post clip)   0.053, rho_Whh  1.12, Omega  0.00, alpha  0.000, steps in the past 0.000, valid nll 0.261
  [diag] log10|dL/dh_t| hist bins=60 range=(-5.19,-3.57) mean=-4.41 p50=-4.29 p05=-5.05 p95=-4.05
  [diag] sat-dist hist bins=60 sat<0.05=0.0% mean=0.624 p10=0.541 p90=0.671
Iter 0012660: train nll 0.317, valid error 100.000%, best valid error 100.000%, avg grad norm  37.340, avg grad norm (post clip)   0.053, rho_Whh  1.12, Omega  0.00, alpha  0.000, steps in the past 0.000, valid nll 0.261
  [diag] log10|dL/dh_t| hist bins=60 range=(-5.20,-3.57) mean=-4.60 p50=-4.72 p05=-5.07 p95=-4.07
  [diag] sat-dist hist bins=60 sat<0.05=0.0% mean=0.600 p10=0.535 p90=0.669
Iter 0012680: train nll 0.288, valid error 100.000%, best valid error 100.000%, avg grad norm  50.475, avg grad norm (post clip)   0.053, rho_Whh  1.12, Omega  0.00, alpha  0.000, steps in the past 0.000, valid nll 0.232
  [diag] log10|dL/dh_t| hist bins=60 range=(-5.19,-3.57) mean=-4.41 p50=-4.29 p05=-5.05 p95=-4.05
  [diag] sat-dist hist bins=60 sat<0.05=0.0% mean=0.624 p10=0.541 p90=0.671
Iter 0012700: train nll 0.322, valid error 100.000%, best valid error 100.000%, avg grad norm  43.847, avg grad norm (post clip)   0.053, rho_Whh  1.12, Omega  0.00, alpha  0.000, steps in the past 0.000, valid nll 0.261
  [diag] log10|dL/dh_t| hist bins=60 range=(-5.19,-3.57) mean=-4.32 p50=-4.05 p05=-5.04 p95=-4.03
  [diag] sat-dist hist bins=60 sat<0.05=0.0% mean=0.636 p10=0.547 p90=0.672
Iter 0012720: train nll 0.327, valid error 100.000%, best valid error 100.000%, avg grad norm  47.108, avg grad norm (post clip)   0.053, rho_Whh  1.12, Omega  0.00, alpha  0.000, steps in the past 0.000, valid nll 0.294
  [diag] log10|dL/dh_t| hist bins=60 range=(-5.19,-3.57) mean=-4.41 p50=-4.29 p05=-5.05 p95=-4.06
  [diag] sat-dist hist bins=60 sat<0.05=0.0% mean=0.624 p10=0.541 p90=0.671
Iter 0012740: train nll 0.333, valid error 100.000%, best valid error 100.000%, avg grad norm  41.892, avg grad norm (post clip)   0.053, rho_Whh  1.12, Omega  0.00, alpha  0.000, steps in the past 0.000, valid nll 0.260
  [diag] log10|dL/dh_t| hist bins=60 range=(-5.19,-3.57) mean=-4.41 p50=-4.29 p05=-5.05 p95=-4.06
  [diag] sat-dist hist bins=60 sat<0.05=0.0% mean=0.625 p10=0.541 p90=0.670
Iter 0012760: train nll 0.314, valid error 100.000%, best valid error 100.000%, avg grad norm  42.384, avg grad norm (post clip)   0.053, rho_Whh  1.12, Omega  0.00, alpha  0.000, steps in the past 0.000, valid nll 0.260
  [diag] log10|dL/dh_t| hist bins=60 range=(-5.19,-3.57) mean=-4.61 p50=-4.73 p05=-5.07 p95=-4.08
  [diag] sat-dist hist bins=60 sat<0.05=0.0% mean=0.599 p10=0.535 p90=0.668
Iter 0012780: train nll 0.284, valid error 100.000%, best valid error 100.000%, avg grad norm  42.795, avg grad norm (post clip)   0.053, rho_Whh  1.12, Omega  0.00, alpha  0.000, steps in the past 0.000, valid nll 0.231
  [diag] log10|dL/dh_t| hist bins=60 range=(-5.19,-3.57) mean=-4.42 p50=-4.32 p05=-5.05 p95=-4.06
  [diag] sat-dist hist bins=60 sat<0.05=0.0% mean=0.624 p10=0.541 p90=0.671
Iter 0012800: train nll 0.290, valid error 100.000%, best valid error 100.000%, avg grad norm  50.185, avg grad norm (post clip)   0.053, rho_Whh  1.12, Omega  0.00, alpha  0.000, steps in the past 0.000, valid nll 0.258
  [diag] log10|dL/dh_t| hist bins=60 range=(-5.19,-3.57) mean=-4.42 p50=-4.33 p05=-5.05 p95=-4.06
  [diag] sat-dist hist bins=60 sat<0.05=0.0% mean=0.623 p10=0.541 p90=0.670
Iter 0012820: train nll 0.328, valid error 100.000%, best valid error 100.000%, avg grad norm  37.899, avg grad norm (post clip)   0.053, rho_Whh  1.12, Omega  0.00, alpha  0.000, steps in the past 0.000, valid nll 0.257
  [diag] log10|dL/dh_t| hist bins=60 range=(-5.19,-3.57) mean=-4.43 p50=-4.34 p05=-5.05 p95=-4.06
  [diag] sat-dist hist bins=60 sat<0.05=0.0% mean=0.623 p10=0.541 p90=0.670
Iter 0012840: train nll 0.297, valid error 100.000%, best valid error 100.000%, avg grad norm  37.223, avg grad norm (post clip)   0.053, rho_Whh  1.12, Omega  0.00, alpha  0.000, steps in the past 0.000, valid nll 0.257
  [diag] log10|dL/dh_t| hist bins=60 range=(-5.19,-3.57) mean=-4.42 p50=-4.33 p05=-5.05 p95=-4.06
  [diag] sat-dist hist bins=60 sat<0.05=0.0% mean=0.623 p10=0.541 p90=0.670
Iter 0012860: train nll 0.303, valid error 100.000%, best valid error 100.000%, avg grad norm  40.646, avg grad norm (post clip)   0.053, rho_Whh  1.12, Omega  0.00, alpha  0.000, steps in the past 0.000, valid nll 0.257
  [diag] log10|dL/dh_t| hist bins=60 range=(-5.19,-3.57) mean=-4.33 p50=-4.06 p05=-5.04 p95=-4.04
  [diag] sat-dist hist bins=60 sat<0.05=0.0% mean=0.635 p10=0.547 p90=0.672
Iter 0012880: train nll 0.310, valid error 100.000%, best valid error 100.000%, avg grad norm  42.910, avg grad norm (post clip)   0.053, rho_Whh  1.12, Omega  0.00, alpha  0.000, steps in the past 0.000, valid nll 0.290
  [diag] log10|dL/dh_t| hist bins=60 range=(-5.19,-3.57) mean=-4.43 p50=-4.34 p05=-5.05 p95=-4.06
  [diag] sat-dist hist bins=60 sat<0.05=0.0% mean=0.623 p10=0.541 p90=0.670
Iter 0012900: train nll 0.288, valid error 100.000%, best valid error 100.000%, avg grad norm  44.183, avg grad norm (post clip)   0.053, rho_Whh  1.12, Omega  0.00, alpha  0.000, steps in the past 0.000, valid nll 0.257
  [diag] log10|dL/dh_t| hist bins=60 range=(-5.19,-3.57) mean=-4.43 p50=-4.34 p05=-5.05 p95=-4.06
  [diag] sat-dist hist bins=60 sat<0.05=0.0% mean=0.623 p10=0.541 p90=0.670
Iter 0012920: train nll 0.303, valid error 100.000%, best valid error 100.000%, avg grad norm  49.754, avg grad norm (post clip)   0.053, rho_Whh  1.12, Omega  0.00, alpha  0.000, steps in the past 0.000, valid nll 0.257
  [diag] log10|dL/dh_t| hist bins=60 range=(-5.20,-3.56) mean=-4.62 p50=-4.74 p05=-5.07 p95=-4.08
  [diag] sat-dist hist bins=60 sat<0.05=0.0% mean=0.598 p10=0.535 p90=0.667
Iter 0012940: train nll 0.286, valid error 100.000%, best valid error 100.000%, avg grad norm  43.467, avg grad norm (post clip)   0.053, rho_Whh  1.12, Omega  0.00, alpha  0.000, steps in the past 0.000, valid nll 0.231
  [diag] log10|dL/dh_t| hist bins=60 range=(-5.20,-3.57) mean=-4.54 p50=-4.66 p05=-5.07 p95=-4.07
  [diag] sat-dist hist bins=60 sat<0.05=0.0% mean=0.607 p10=0.536 p90=0.670
Iter 0012960: train nll 0.297, valid error 100.000%, best valid error 100.000%, avg grad norm  43.662, avg grad norm (post clip)   0.053, rho_Whh  1.12, Omega  0.00, alpha  0.000, steps in the past 0.000, valid nll 0.235
  [diag] log10|dL/dh_t| hist bins=60 range=(-5.20,-3.57) mean=-4.55 p50=-4.67 p05=-5.07 p95=-4.07
  [diag] sat-dist hist bins=60 sat<0.05=0.0% mean=0.607 p10=0.536 p90=0.670
Iter 0012980: train nll 0.301, valid error 100.000%, best valid error 100.000%, avg grad norm  52.120, avg grad norm (post clip)   0.053, rho_Whh  1.12, Omega  0.00, alpha  0.000, steps in the past 0.000, valid nll 0.235
  [diag] log10|dL/dh_t| hist bins=60 range=(-5.19,-3.57) mean=-4.31 p50=-4.04 p05=-5.04 p95=-4.03
  [diag] sat-dist hist bins=60 sat<0.05=0.0% mean=0.638 p10=0.548 p90=0.673
Iter 0013000: train nll 0.327, valid error 100.000%, best valid error 100.000%, avg grad norm  37.870, avg grad norm (post clip)   0.053, rho_Whh  1.12, Omega  0.00, alpha  0.000, steps in the past 0.000, valid nll 0.301
  [diag] log10|dL/dh_t| hist bins=60 range=(-5.19,-3.57) mean=-4.39 p50=-4.23 p05=-5.05 p95=-4.05
  [diag] sat-dist hist bins=60 sat<0.05=0.0% mean=0.627 p10=0.541 p90=0.672
Iter 0013020: train nll 0.329, valid error 100.000%, best valid error 100.000%, avg grad norm  38.148, avg grad norm (post clip)   0.053, rho_Whh  1.12, Omega  0.00, alpha  0.000, steps in the past 0.000, valid nll 0.266
  [diag] log10|dL/dh_t| hist bins=60 range=(-5.19,-3.57) mean=-4.40 p50=-4.24 p05=-5.06 p95=-4.05
  [diag] sat-dist hist bins=60 sat<0.05=0.0% mean=0.626 p10=0.541 p90=0.672
Iter 0013040: train nll 0.282, valid error 100.000%, best valid error 100.000%, avg grad norm  43.469, avg grad norm (post clip)   0.053, rho_Whh  1.12, Omega  0.00, alpha  0.000, steps in the past 0.000, valid nll 0.265
  [diag] log10|dL/dh_t| hist bins=60 range=(-5.19,-3.57) mean=-4.40 p50=-4.24 p05=-5.06 p95=-4.05
  [diag] sat-dist hist bins=60 sat<0.05=0.0% mean=0.626 p10=0.541 p90=0.672
Iter 0013060: train nll 0.285, valid error 100.000%, best valid error 100.000%, avg grad norm  55.923, avg grad norm (post clip)   0.053, rho_Whh  1.12, Omega  0.00, alpha  0.000, steps in the past 0.000, valid nll 0.265
  [diag] log10|dL/dh_t| hist bins=60 range=(-5.20,-3.57) mean=-4.56 p50=-4.69 p05=-5.07 p95=-4.07
  [diag] sat-dist hist bins=60 sat<0.05=0.0% mean=0.605 p10=0.535 p90=0.670
Iter 0013080: train nll 0.283, valid error 100.000%, best valid error 100.000%, avg grad norm  47.212, avg grad norm (post clip)   0.053, rho_Whh  1.12, Omega  0.00, alpha  0.000, steps in the past 0.000, valid nll 0.234
  [diag] log10|dL/dh_t| hist bins=60 range=(-5.19,-3.57) mean=-4.40 p50=-4.24 p05=-5.05 p95=-4.05
  [diag] sat-dist hist bins=60 sat<0.05=0.0% mean=0.626 p10=0.541 p90=0.671
Iter 0013100: train nll 0.322, valid error 100.000%, best valid error 100.000%, avg grad norm  46.032, avg grad norm (post clip)   0.053, rho_Whh  1.12, Omega  0.00, alpha  0.000, steps in the past 0.000, valid nll 0.265
  [diag] log10|dL/dh_t| hist bins=60 range=(-5.19,-3.57) mean=-4.31 p50=-4.05 p05=-5.04 p95=-4.03
  [diag] sat-dist hist bins=60 sat<0.05=0.0% mean=0.637 p10=0.547 p90=0.673
Iter 0013120: train nll 0.326, valid error 100.000%, best valid error 100.000%, avg grad norm  47.875, avg grad norm (post clip)   0.053, rho_Whh  1.12, Omega  0.00, alpha  0.000, steps in the past 0.000, valid nll 0.298
  [diag] log10|dL/dh_t| hist bins=60 range=(-5.20,-3.57) mean=-4.56 p50=-4.68 p05=-5.07 p95=-4.07
  [diag] sat-dist hist bins=60 sat<0.05=0.0% mean=0.605 p10=0.536 p90=0.670
Iter 0013140: train nll 0.296, valid error 100.000%, best valid error 100.000%, avg grad norm  47.908, avg grad norm (post clip)   0.053, rho_Whh  1.12, Omega  0.00, alpha  0.000, steps in the past 0.000, valid nll 0.234
  [diag] log10|dL/dh_t| hist bins=60 range=(-5.20,-3.57) mean=-4.56 p50=-4.68 p05=-5.07 p95=-4.07
  [diag] sat-dist hist bins=60 sat<0.05=0.0% mean=0.605 p10=0.536 p90=0.670
Iter 0013160: train nll 0.279, valid error 100.000%, best valid error 100.000%, avg grad norm  46.736, avg grad norm (post clip)   0.053, rho_Whh  1.12, Omega  0.00, alpha  0.000, steps in the past 0.000, valid nll 0.234
  [diag] log10|dL/dh_t| hist bins=60 range=(-5.20,-3.57) mean=-4.44 p50=-4.41 p05=-5.06 p95=-4.05
  [diag] sat-dist hist bins=60 sat<0.05=0.0% mean=0.621 p10=0.539 p90=0.671
Iter 0013180: train nll 0.323, valid error 100.000%, best valid error 100.000%, avg grad norm  43.105, avg grad norm (post clip)   0.053, rho_Whh  1.12, Omega  0.00, alpha  0.000, steps in the past 0.000, valid nll 0.253
  [diag] log10|dL/dh_t| hist bins=60 range=(-5.20,-3.57) mean=-4.44 p50=-4.40 p05=-5.06 p95=-4.06
  [diag] sat-dist hist bins=60 sat<0.05=0.0% mean=0.621 p10=0.539 p90=0.671
Iter 0013200: train nll 0.308, valid error 100.000%, best valid error 100.000%, avg grad norm  49.053, avg grad norm (post clip)   0.053, rho_Whh  1.12, Omega  0.00, alpha  0.000, steps in the past 0.000, valid nll 0.253
  [diag] log10|dL/dh_t| hist bins=60 range=(-5.20,-3.57) mean=-4.44 p50=-4.41 p05=-5.06 p95=-4.06
  [diag] sat-dist hist bins=60 sat<0.05=0.0% mean=0.621 p10=0.539 p90=0.671
Iter 0013220: train nll 0.306, valid error 100.000%, best valid error 100.000%, avg grad norm  41.422, avg grad norm (post clip)   0.053, rho_Whh  1.12, Omega  0.00, alpha  0.000, steps in the past 0.000, valid nll 0.252
  [diag] log10|dL/dh_t| hist bins=60 range=(-5.20,-3.57) mean=-4.44 p50=-4.40 p05=-5.06 p95=-4.06
  [diag] sat-dist hist bins=60 sat<0.05=0.0% mean=0.621 p10=0.539 p90=0.671
Iter 0013240: train nll 0.310, valid error 100.000%, best valid error 100.000%, avg grad norm  45.823, avg grad norm (post clip)   0.053, rho_Whh  1.12, Omega  0.00, alpha  0.000, steps in the past 0.000, valid nll 0.253
  [diag] log10|dL/dh_t| hist bins=60 range=(-5.19,-3.57) mean=-4.34 p50=-4.07 p05=-5.05 p95=-4.04
  [diag] sat-dist hist bins=60 sat<0.05=0.0% mean=0.634 p10=0.545 p90=0.672
Iter 0013260: train nll 0.299, valid error 100.000%, best valid error 100.000%, avg grad norm  50.410, avg grad norm (post clip)   0.053, rho_Whh  1.12, Omega  0.00, alpha  0.000, steps in the past 0.000, valid nll 0.287
  [diag] log10|dL/dh_t| hist bins=60 range=(-5.20,-3.57) mean=-4.44 p50=-4.40 p05=-5.06 p95=-4.06
  [diag] sat-dist hist bins=60 sat<0.05=0.0% mean=0.621 p10=0.539 p90=0.671
Iter 0013280: train nll 0.309, valid error 100.000%, best valid error 100.000%, avg grad norm  45.679, avg grad norm (post clip)   0.053, rho_Whh  1.12, Omega  0.00, alpha  0.000, steps in the past 0.000, valid nll 0.252
  [diag] log10|dL/dh_t| hist bins=60 range=(-5.19,-3.57) mean=-4.34 p50=-4.07 p05=-5.04 p95=-4.04
  [diag] sat-dist hist bins=60 sat<0.05=0.0% mean=0.634 p10=0.545 p90=0.672
Iter 0013300: train nll 0.332, valid error 100.000%, best valid error 100.000%, avg grad norm  40.000, avg grad norm (post clip)   0.053, rho_Whh  1.12, Omega  0.00, alpha  0.000, steps in the past 0.000, valid nll 0.287
  [diag] log10|dL/dh_t| hist bins=60 range=(-5.20,-3.57) mean=-4.43 p50=-4.37 p05=-5.06 p95=-4.06
  [diag] sat-dist hist bins=60 sat<0.05=0.0% mean=0.622 p10=0.540 p90=0.671
Iter 0013320: train nll 0.300, valid error 100.000%, best valid error 100.000%, avg grad norm  39.294, avg grad norm (post clip)   0.053, rho_Whh  1.12, Omega  0.00, alpha  0.000, steps in the past 0.000, valid nll 0.255
  [diag] log10|dL/dh_t| hist bins=60 range=(-5.20,-3.57) mean=-4.69 p50=-4.79 p05=-5.08 p95=-4.13
  [diag] sat-dist hist bins=60 sat<0.05=0.0% mean=0.588 p10=0.533 p90=0.652
Iter 0013340: train nll 0.253, valid error 100.000%, best valid error 100.000%, avg grad norm  49.599, avg grad norm (post clip)   0.053, rho_Whh  1.12, Omega  0.00, alpha  0.000, steps in the past 0.000, valid nll 0.232
  [diag] log10|dL/dh_t| hist bins=60 range=(-5.19,-3.57) mean=-4.34 p50=-4.08 p05=-5.05 p95=-4.04
  [diag] sat-dist hist bins=60 sat<0.05=0.0% mean=0.634 p10=0.545 p90=0.673
Iter 0013360: train nll 0.319, valid error 100.000%, best valid error 100.000%, avg grad norm  46.900, avg grad norm (post clip)   0.053, rho_Whh  1.12, Omega  0.00, alpha  0.000, steps in the past 0.000, valid nll 0.285
  [diag] log10|dL/dh_t| hist bins=60 range=(-5.20,-3.57) mean=-4.45 p50=-4.42 p05=-5.06 p95=-4.06
  [diag] sat-dist hist bins=60 sat<0.05=0.0% mean=0.620 p10=0.539 p90=0.671
Iter 0013380: train nll 0.329, valid error 100.000%, best valid error 100.000%, avg grad norm  42.147, avg grad norm (post clip)   0.053, rho_Whh  1.12, Omega  0.00, alpha  0.000, steps in the past 0.000, valid nll 0.251
  [diag] log10|dL/dh_t| hist bins=60 range=(-5.20,-3.57) mean=-4.66 p50=-4.78 p05=-5.07 p95=-4.10
  [diag] sat-dist hist bins=60 sat<0.05=0.0% mean=0.592 p10=0.534 p90=0.660
Iter 0013400: train nll 0.284, valid error 100.000%, best valid error 100.000%, avg grad norm  46.597, avg grad norm (post clip)   0.053, rho_Whh  1.12, Omega  0.00, alpha  0.000, steps in the past 0.000, valid nll 0.231
  [diag] log10|dL/dh_t| hist bins=60 range=(-5.20,-3.57) mean=-4.67 p50=-4.78 p05=-5.07 p95=-4.10
  [diag] sat-dist hist bins=60 sat<0.05=0.0% mean=0.590 p10=0.533 p90=0.657
Iter 0013420: train nll 0.293, valid error 100.000%, best valid error 100.000%, avg grad norm  42.727, avg grad norm (post clip)   0.053, rho_Whh  1.12, Omega  0.00, alpha  0.000, steps in the past 0.000, valid nll 0.231
  [diag] log10|dL/dh_t| hist bins=60 range=(-5.20,-3.57) mean=-4.67 p50=-4.78 p05=-5.07 p95=-4.10
  [diag] sat-dist hist bins=60 sat<0.05=0.0% mean=0.590 p10=0.534 p90=0.657
Iter 0013440: train nll 0.270, valid error 100.000%, best valid error 100.000%, avg grad norm  50.355, avg grad norm (post clip)   0.053, rho_Whh  1.12, Omega  0.00, alpha  0.000, steps in the past 0.000, valid nll 0.231
  [diag] log10|dL/dh_t| hist bins=60 range=(-5.20,-3.57) mean=-4.42 p50=-4.32 p05=-5.06 p95=-4.05
  [diag] sat-dist hist bins=60 sat<0.05=0.0% mean=0.624 p10=0.540 p90=0.672
Iter 0013460: train nll 0.296, valid error 100.000%, best valid error 100.000%, avg grad norm  50.913, avg grad norm (post clip)   0.053, rho_Whh  1.12, Omega  0.00, alpha  0.000, steps in the past 0.000, valid nll 0.258
  [diag] log10|dL/dh_t| hist bins=60 range=(-5.20,-3.57) mean=-4.42 p50=-4.32 p05=-5.06 p95=-4.05
  [diag] sat-dist hist bins=60 sat<0.05=0.0% mean=0.624 p10=0.540 p90=0.672
Iter 0013480: train nll 0.302, valid error 100.000%, best valid error 100.000%, avg grad norm  54.431, avg grad norm (post clip)   0.053, rho_Whh  1.12, Omega  0.00, alpha  0.000, steps in the past 0.000, valid nll 0.258
  [diag] log10|dL/dh_t| hist bins=60 range=(-5.20,-3.57) mean=-4.62 p50=-4.75 p05=-5.07 p95=-4.08
  [diag] sat-dist hist bins=60 sat<0.05=0.0% mean=0.598 p10=0.534 p90=0.668
Iter 0013500: train nll 0.339, valid error 100.000%, best valid error 100.000%, avg grad norm  39.459, avg grad norm (post clip)   0.053, rho_Whh  1.12, Omega  0.00, alpha  0.000, steps in the past 0.000, valid nll 0.230
  [diag] log10|dL/dh_t| hist bins=60 range=(-5.20,-3.57) mean=-4.60 p50=-4.73 p05=-5.07 p95=-4.07
  [diag] sat-dist hist bins=60 sat<0.05=0.0% mean=0.600 p10=0.535 p90=0.669
Iter 0013520: train nll 0.325, valid error 100.000%, best valid error 100.000%, avg grad norm  40.442, avg grad norm (post clip)   0.053, rho_Whh  1.12, Omega  0.00, alpha  0.000, steps in the past 0.000, valid nll 0.231
  [diag] log10|dL/dh_t| hist bins=60 range=(-5.20,-3.57) mean=-4.42 p50=-4.31 p05=-5.06 p95=-4.05
  [diag] sat-dist hist bins=60 sat<0.05=0.0% mean=0.624 p10=0.540 p90=0.672
Iter 0013540: train nll 0.280, valid error 100.000%, best valid error 100.000%, avg grad norm  39.450, avg grad norm (post clip)   0.053, rho_Whh  1.12, Omega  0.00, alpha  0.000, steps in the past 0.000, valid nll 0.259
  [diag] log10|dL/dh_t| hist bins=60 range=(-5.20,-3.57) mean=-4.42 p50=-4.30 p05=-5.06 p95=-4.05
  [diag] sat-dist hist bins=60 sat<0.05=0.0% mean=0.624 p10=0.540 p90=0.672
Iter 0013560: train nll 0.276, valid error 100.000%, best valid error 100.000%, avg grad norm  53.023, avg grad norm (post clip)   0.053, rho_Whh  1.12, Omega  0.00, alpha  0.000, steps in the past 0.000, valid nll 0.259
  [diag] log10|dL/dh_t| hist bins=60 range=(-5.20,-3.57) mean=-4.42 p50=-4.30 p05=-5.06 p95=-4.05
  [diag] sat-dist hist bins=60 sat<0.05=0.0% mean=0.624 p10=0.540 p90=0.672
Iter 0013580: train nll 0.319, valid error 100.000%, best valid error 100.000%, avg grad norm  39.921, avg grad norm (post clip)   0.053, rho_Whh  1.12, Omega  0.00, alpha  0.000, steps in the past 0.000, valid nll 0.259
  [diag] log10|dL/dh_t| hist bins=60 range=(-5.20,-3.57) mean=-4.60 p50=-4.73 p05=-5.07 p95=-4.08
  [diag] sat-dist hist bins=60 sat<0.05=0.0% mean=0.600 p10=0.535 p90=0.669
Iter 0013600: train nll 0.294, valid error 100.000%, best valid error 100.000%, avg grad norm  48.916, avg grad norm (post clip)   0.053, rho_Whh  1.12, Omega  0.00, alpha  0.000, steps in the past 0.000, valid nll 0.231
  [diag] log10|dL/dh_t| hist bins=60 range=(-5.20,-3.57) mean=-4.42 p50=-4.30 p05=-5.06 p95=-4.06
  [diag] sat-dist hist bins=60 sat<0.05=0.0% mean=0.624 p10=0.541 p90=0.671
Iter 0013620: train nll 0.307, valid error 100.000%, best valid error 100.000%, avg grad norm  48.032, avg grad norm (post clip)   0.053, rho_Whh  1.12, Omega  0.00, alpha  0.000, steps in the past 0.000, valid nll 0.259
  [diag] log10|dL/dh_t| hist bins=60 range=(-5.20,-3.57) mean=-4.42 p50=-4.30 p05=-5.06 p95=-4.06
  [diag] sat-dist hist bins=60 sat<0.05=0.0% mean=0.624 p10=0.541 p90=0.671
Iter 0013640: train nll 0.310, valid error 100.000%, best valid error 100.000%, avg grad norm  44.921, avg grad norm (post clip)   0.053, rho_Whh  1.12, Omega  0.00, alpha  0.000, steps in the past 0.000, valid nll 0.259
  [diag] log10|dL/dh_t| hist bins=60 range=(-5.20,-3.57) mean=-4.60 p50=-4.72 p05=-5.07 p95=-4.08
  [diag] sat-dist hist bins=60 sat<0.05=0.0% mean=0.601 p10=0.535 p90=0.669
Iter 0013660: train nll 0.319, valid error 100.000%, best valid error 100.000%, avg grad norm  42.459, avg grad norm (post clip)   0.053, rho_Whh  1.12, Omega  0.00, alpha  0.000, steps in the past 0.000, valid nll 0.231
  [diag] log10|dL/dh_t| hist bins=60 range=(-5.20,-3.57) mean=-4.42 p50=-4.30 p05=-5.06 p95=-4.06
  [diag] sat-dist hist bins=60 sat<0.05=0.0% mean=0.625 p10=0.541 p90=0.671
Iter 0013680: train nll 0.289, valid error 100.000%, best valid error 100.000%, avg grad norm  47.167, avg grad norm (post clip)   0.053, rho_Whh  1.12, Omega  0.00, alpha  0.000, steps in the past 0.000, valid nll 0.259
  [diag] log10|dL/dh_t| hist bins=60 range=(-5.20,-3.57) mean=-4.41 p50=-4.27 p05=-5.06 p95=-4.06
  [diag] sat-dist hist bins=60 sat<0.05=0.0% mean=0.625 p10=0.541 p90=0.671
Iter 0013700: train nll 0.325, valid error 100.000%, best valid error 100.000%, avg grad norm  37.540, avg grad norm (post clip)   0.053, rho_Whh  1.12, Omega  0.00, alpha  0.000, steps in the past 0.000, valid nll 0.261
  [diag] log10|dL/dh_t| hist bins=60 range=(-5.20,-3.57) mean=-4.41 p50=-4.27 p05=-5.06 p95=-4.06
  [diag] sat-dist hist bins=60 sat<0.05=0.0% mean=0.625 p10=0.541 p90=0.671
Iter 0013720: train nll 0.287, valid error 100.000%, best valid error 100.000%, avg grad norm  45.936, avg grad norm (post clip)   0.053, rho_Whh  1.12, Omega  0.00, alpha  0.000, steps in the past 0.000, valid nll 0.261
  [diag] log10|dL/dh_t| hist bins=60 range=(-5.20,-3.57) mean=-4.41 p50=-4.28 p05=-5.06 p95=-4.06
  [diag] sat-dist hist bins=60 sat<0.05=0.0% mean=0.625 p10=0.541 p90=0.671
Iter 0013740: train nll 0.269, valid error 100.000%, best valid error 100.000%, avg grad norm  50.994, avg grad norm (post clip)   0.053, rho_Whh  1.12, Omega  0.00, alpha  0.000, steps in the past 0.000, valid nll 0.261
  [diag] log10|dL/dh_t| hist bins=60 range=(-5.20,-3.57) mean=-4.57 p50=-4.69 p05=-5.07 p95=-4.08
  [diag] sat-dist hist bins=60 sat<0.05=0.0% mean=0.604 p10=0.536 p90=0.670
Iter 0013760: train nll 0.292, valid error 100.000%, best valid error 100.000%, avg grad norm  46.288, avg grad norm (post clip)   0.053, rho_Whh  1.12, Omega  0.00, alpha  0.000, steps in the past 0.000, valid nll 0.233
  [diag] log10|dL/dh_t| hist bins=60 range=(-5.20,-3.57) mean=-4.56 p50=-4.68 p05=-5.07 p95=-4.07
  [diag] sat-dist hist bins=60 sat<0.05=0.0% mean=0.606 p10=0.536 p90=0.670
Iter 0013780: train nll 0.305, valid error 100.000%, best valid error 100.000%, avg grad norm  50.308, avg grad norm (post clip)   0.053, rho_Whh  1.12, Omega  0.00, alpha  0.000, steps in the past 0.000, valid nll 0.234
  [diag] log10|dL/dh_t| hist bins=60 range=(-5.20,-3.57) mean=-4.40 p50=-4.23 p05=-5.05 p95=-4.05
  [diag] sat-dist hist bins=60 sat<0.05=0.0% mean=0.627 p10=0.542 p90=0.672
Iter 0013800: train nll 0.308, valid error 100.000%, best valid error 100.000%, avg grad norm  46.057, avg grad norm (post clip)   0.053, rho_Whh  1.12, Omega  0.00, alpha  0.000, steps in the past 0.000, valid nll 0.265
  [diag] log10|dL/dh_t| hist bins=60 range=(-5.19,-3.57) mean=-4.31 p50=-4.05 p05=-5.04 p95=-4.03
  [diag] sat-dist hist bins=60 sat<0.05=0.0% mean=0.638 p10=0.548 p90=0.673
Iter 0013820: train nll 0.333, valid error 100.000%, best valid error 100.000%, avg grad norm  39.062, avg grad norm (post clip)   0.053, rho_Whh  1.12, Omega  0.00, alpha  0.000, steps in the past 0.000, valid nll 0.297
  [diag] log10|dL/dh_t| hist bins=60 range=(-5.20,-3.57) mean=-4.55 p50=-4.67 p05=-5.07 p95=-4.08
  [diag] sat-dist hist bins=60 sat<0.05=0.0% mean=0.607 p10=0.536 p90=0.670
Iter 0013840: train nll 0.304, valid error 100.000%, best valid error 100.000%, avg grad norm  45.404, avg grad norm (post clip)   0.053, rho_Whh  1.12, Omega  0.00, alpha  0.000, steps in the past 0.000, valid nll 0.234
  [diag] log10|dL/dh_t| hist bins=60 range=(-5.20,-3.56) mean=-4.55 p50=-4.67 p05=-5.07 p95=-4.08
  [diag] sat-dist hist bins=60 sat<0.05=0.0% mean=0.607 p10=0.537 p90=0.670
Iter 0013860: train nll 0.331, valid error 100.000%, best valid error 100.000%, avg grad norm  45.944, avg grad norm (post clip)   0.053, rho_Whh  1.12, Omega  0.00, alpha  0.000, steps in the past 0.000, valid nll 0.234
  [diag] log10|dL/dh_t| hist bins=60 range=(-5.20,-3.57) mean=-4.39 p50=-4.22 p05=-5.05 p95=-4.06
  [diag] sat-dist hist bins=60 sat<0.05=0.0% mean=0.628 p10=0.542 p90=0.671
Iter 0013880: train nll 0.303, valid error 100.000%, best valid error 100.000%, avg grad norm  45.635, avg grad norm (post clip)   0.053, rho_Whh  1.12, Omega  0.00, alpha  0.000, steps in the past 0.000, valid nll 0.266
  [diag] log10|dL/dh_t| hist bins=60 range=(-5.20,-3.57) mean=-4.53 p50=-4.63 p05=-5.07 p95=-4.08
  [diag] sat-dist hist bins=60 sat<0.05=0.0% mean=0.610 p10=0.537 p90=0.670
Iter 0013900: train nll 0.282, valid error 100.000%, best valid error 100.000%, avg grad norm  41.515, avg grad norm (post clip)   0.053, rho_Whh  1.12, Omega  0.00, alpha  0.000, steps in the past 0.000, valid nll 0.237
  [diag] log10|dL/dh_t| hist bins=60 range=(-5.20,-3.57) mean=-4.39 p50=-4.20 p05=-5.05 p95=-4.06
  [diag] sat-dist hist bins=60 sat<0.05=0.0% mean=0.629 p10=0.543 p90=0.672
Iter 0013920: train nll 0.319, valid error 100.000%, best valid error 100.000%, avg grad norm  43.134, avg grad norm (post clip)   0.053, rho_Whh  1.12, Omega  0.00, alpha  0.000, steps in the past 0.000, valid nll 0.268
  [diag] log10|dL/dh_t| hist bins=60 range=(-5.20,-3.57) mean=-4.39 p50=-4.20 p05=-5.05 p95=-4.06
  [diag] sat-dist hist bins=60 sat<0.05=0.0% mean=0.629 p10=0.543 p90=0.672
Iter 0013940: train nll 0.305, valid error 100.000%, best valid error 100.000%, avg grad norm  39.712, avg grad norm (post clip)   0.053, rho_Whh  1.12, Omega  0.00, alpha  0.000, steps in the past 0.000, valid nll 0.268
  [diag] log10|dL/dh_t| hist bins=60 range=(-5.20,-3.57) mean=-4.39 p50=-4.20 p05=-5.05 p95=-4.06
  [diag] sat-dist hist bins=60 sat<0.05=0.0% mean=0.629 p10=0.543 p90=0.672
Iter 0013960: train nll 0.300, valid error 100.000%, best valid error 100.000%, avg grad norm  35.588, avg grad norm (post clip)   0.053, rho_Whh  1.12, Omega  0.00, alpha  0.000, steps in the past 0.000, valid nll 0.268
  [diag] log10|dL/dh_t| hist bins=60 range=(-5.20,-3.57) mean=-4.39 p50=-4.20 p05=-5.05 p95=-4.06
  [diag] sat-dist hist bins=60 sat<0.05=0.0% mean=0.629 p10=0.543 p90=0.672
Iter 0013980: train nll 0.285, valid error 100.000%, best valid error 100.000%, avg grad norm  35.204, avg grad norm (post clip)   0.053, rho_Whh  1.12, Omega  0.00, alpha  0.000, steps in the past 0.000, valid nll 0.268
  [diag] log10|dL/dh_t| hist bins=60 range=(-5.20,-3.56) mean=-4.53 p50=-4.63 p05=-5.07 p95=-4.08
  [diag] sat-dist hist bins=60 sat<0.05=0.0% mean=0.610 p10=0.537 p90=0.670
Iter 0014000: train nll 0.273, valid error 100.000%, best valid error 100.000%, avg grad norm  46.665, avg grad norm (post clip)   0.053, rho_Whh  1.12, Omega  0.00, alpha  0.000, steps in the past 0.000, valid nll 0.237
  [diag] log10|dL/dh_t| hist bins=60 range=(-5.20,-3.57) mean=-4.53 p50=-4.63 p05=-5.07 p95=-4.08
  [diag] sat-dist hist bins=60 sat<0.05=0.0% mean=0.610 p10=0.537 p90=0.670
Iter 0014020: train nll 0.285, valid error 100.000%, best valid error 100.000%, avg grad norm  41.165, avg grad norm (post clip)   0.053, rho_Whh  1.12, Omega  0.00, alpha  0.000, steps in the past 0.000, valid nll 0.237
  [diag] log10|dL/dh_t| hist bins=60 range=(-5.20,-3.57) mean=-4.54 p50=-4.64 p05=-5.07 p95=-4.08
  [diag] sat-dist hist bins=60 sat<0.05=0.0% mean=0.609 p10=0.537 p90=0.670
Iter 0014040: train nll 0.312, valid error 100.000%, best valid error 100.000%, avg grad norm  42.751, avg grad norm (post clip)   0.053, rho_Whh  1.12, Omega  0.00, alpha  0.000, steps in the past 0.000, valid nll 0.236
  [diag] log10|dL/dh_t| hist bins=60 range=(-5.20,-3.57) mean=-4.39 p50=-4.21 p05=-5.05 p95=-4.06
  [diag] sat-dist hist bins=60 sat<0.05=0.0% mean=0.628 p10=0.543 p90=0.672
Iter 0014060: train nll 0.294, valid error 100.000%, best valid error 100.000%, avg grad norm  45.301, avg grad norm (post clip)   0.053, rho_Whh  1.12, Omega  0.00, alpha  0.000, steps in the past 0.000, valid nll 0.267
  [diag] log10|dL/dh_t| hist bins=60 range=(-5.20,-3.56) mean=-4.53 p50=-4.64 p05=-5.07 p95=-4.08
  [diag] sat-dist hist bins=60 sat<0.05=0.0% mean=0.610 p10=0.537 p90=0.670
Iter 0014080: train nll 0.309, valid error 100.000%, best valid error 100.000%, avg grad norm  39.173, avg grad norm (post clip)   0.053, rho_Whh  1.12, Omega  0.00, alpha  0.000, steps in the past 0.000, valid nll 0.236
  [diag] log10|dL/dh_t| hist bins=60 range=(-5.20,-3.57) mean=-4.39 p50=-4.21 p05=-5.05 p95=-4.06
  [diag] sat-dist hist bins=60 sat<0.05=0.0% mean=0.628 p10=0.543 p90=0.672
Iter 0014100: train nll 0.291, valid error 100.000%, best valid error 100.000%, avg grad norm  46.253, avg grad norm (post clip)   0.053, rho_Whh  1.12, Omega  0.00, alpha  0.000, steps in the past 0.000, valid nll 0.267
  [diag] log10|dL/dh_t| hist bins=60 range=(-5.20,-3.57) mean=-4.39 p50=-4.21 p05=-5.05 p95=-4.06
  [diag] sat-dist hist bins=60 sat<0.05=0.0% mean=0.628 p10=0.543 p90=0.671
Iter 0014120: train nll 0.294, valid error 100.000%, best valid error 100.000%, avg grad norm  48.413, avg grad norm (post clip)   0.053, rho_Whh  1.12, Omega  0.00, alpha  0.000, steps in the past 0.000, valid nll 0.267
  [diag] log10|dL/dh_t| hist bins=60 range=(-5.20,-3.57) mean=-4.39 p50=-4.21 p05=-5.05 p95=-4.06
  [diag] sat-dist hist bins=60 sat<0.05=0.0% mean=0.628 p10=0.543 p90=0.671
Iter 0014140: train nll 0.325, valid error 100.000%, best valid error 100.000%, avg grad norm  42.266, avg grad norm (post clip)   0.053, rho_Whh  1.12, Omega  0.00, alpha  0.000, steps in the past 0.000, valid nll 0.267
  [diag] log10|dL/dh_t| hist bins=60 range=(-5.20,-3.57) mean=-4.39 p50=-4.21 p05=-5.05 p95=-4.06
  [diag] sat-dist hist bins=60 sat<0.05=0.0% mean=0.628 p10=0.543 p90=0.671
Iter 0014160: train nll 0.281, valid error 100.000%, best valid error 100.000%, avg grad norm  44.940, avg grad norm (post clip)   0.053, rho_Whh  1.12, Omega  0.00, alpha  0.000, steps in the past 0.000, valid nll 0.267
  [diag] log10|dL/dh_t| hist bins=60 range=(-5.20,-3.57) mean=-4.39 p50=-4.21 p05=-5.05 p95=-4.06
  [diag] sat-dist hist bins=60 sat<0.05=0.0% mean=0.628 p10=0.543 p90=0.671
Iter 0014180: train nll 0.304, valid error 100.000%, best valid error 100.000%, avg grad norm  44.391, avg grad norm (post clip)   0.053, rho_Whh  1.12, Omega  0.00, alpha  0.000, steps in the past 0.000, valid nll 0.267
  [diag] log10|dL/dh_t| hist bins=60 range=(-5.20,-3.57) mean=-4.41 p50=-4.27 p05=-5.06 p95=-4.06
  [diag] sat-dist hist bins=60 sat<0.05=0.0% mean=0.626 p10=0.541 p90=0.672
Iter 0014200: train nll 0.306, valid error 100.000%, best valid error 100.000%, avg grad norm  35.542, avg grad norm (post clip)   0.053, rho_Whh  1.12, Omega  0.00, alpha  0.000, steps in the past 0.000, valid nll 0.260
  [diag] log10|dL/dh_t| hist bins=60 range=(-5.20,-3.56) mean=-4.58 p50=-4.70 p05=-5.07 p95=-4.08
  [diag] sat-dist hist bins=60 sat<0.05=0.0% mean=0.603 p10=0.536 p90=0.670
Iter 0014220: train nll 0.284, valid error 100.000%, best valid error 100.000%, avg grad norm  43.313, avg grad norm (post clip)   0.053, rho_Whh  1.12, Omega  0.00, alpha  0.000, steps in the past 0.000, valid nll 0.232
  [diag] log10|dL/dh_t| hist bins=60 range=(-5.20,-3.57) mean=-4.42 p50=-4.30 p05=-5.06 p95=-4.06
  [diag] sat-dist hist bins=60 sat<0.05=0.0% mean=0.625 p10=0.541 p90=0.672
Iter 0014240: train nll 0.304, valid error 100.000%, best valid error 100.000%, avg grad norm  43.283, avg grad norm (post clip)   0.053, rho_Whh  1.12, Omega  0.00, alpha  0.000, steps in the past 0.000, valid nll 0.259
  [diag] log10|dL/dh_t| hist bins=60 range=(-5.20,-3.57) mean=-4.42 p50=-4.29 p05=-5.06 p95=-4.06
  [diag] sat-dist hist bins=60 sat<0.05=0.0% mean=0.625 p10=0.541 p90=0.671
Iter 0014260: train nll 0.333, valid error 100.000%, best valid error 100.000%, avg grad norm  37.310, avg grad norm (post clip)   0.053, rho_Whh  1.12, Omega  0.00, alpha  0.000, steps in the past 0.000, valid nll 0.259
  [diag] log10|dL/dh_t| hist bins=60 range=(-5.20,-3.57) mean=-4.33 p50=-4.06 p05=-5.04 p95=-4.04
  [diag] sat-dist hist bins=60 sat<0.05=0.0% mean=0.637 p10=0.547 p90=0.673
Iter 0014280: train nll 0.312, valid error 100.000%, best valid error 100.000%, avg grad norm  43.510, avg grad norm (post clip)   0.053, rho_Whh  1.12, Omega  0.00, alpha  0.000, steps in the past 0.000, valid nll 0.292
  [diag] log10|dL/dh_t| hist bins=60 range=(-5.20,-3.57) mean=-4.42 p50=-4.29 p05=-5.06 p95=-4.06
  [diag] sat-dist hist bins=60 sat<0.05=0.0% mean=0.625 p10=0.541 p90=0.671
Iter 0014300: train nll 0.313, valid error 100.000%, best valid error 100.000%, avg grad norm  39.477, avg grad norm (post clip)   0.053, rho_Whh  1.12, Omega  0.00, alpha  0.000, steps in the past 0.000, valid nll 0.259
  [diag] log10|dL/dh_t| hist bins=60 range=(-5.20,-3.57) mean=-4.42 p50=-4.29 p05=-5.06 p95=-4.07
  [diag] sat-dist hist bins=60 sat<0.05=0.0% mean=0.625 p10=0.542 p90=0.671
Iter 0014320: train nll 0.343, valid error 100.000%, best valid error 100.000%, avg grad norm  37.031, avg grad norm (post clip)   0.053, rho_Whh  1.12, Omega  0.00, alpha  0.000, steps in the past 0.000, valid nll 0.259
  [diag] log10|dL/dh_t| hist bins=60 range=(-5.20,-3.57) mean=-4.42 p50=-4.29 p05=-5.06 p95=-4.07
  [diag] sat-dist hist bins=60 sat<0.05=0.0% mean=0.625 p10=0.542 p90=0.671
Iter 0014340: train nll 0.296, valid error 100.000%, best valid error 100.000%, avg grad norm  40.166, avg grad norm (post clip)   0.053, rho_Whh  1.12, Omega  0.00, alpha  0.000, steps in the past 0.000, valid nll 0.259
  [diag] log10|dL/dh_t| hist bins=60 range=(-5.20,-3.56) mean=-4.62 p50=-4.74 p05=-5.07 p95=-4.09
  [diag] sat-dist hist bins=60 sat<0.05=0.0% mean=0.598 p10=0.535 p90=0.667
Iter 0014360: train nll 0.291, valid error 100.000%, best valid error 100.000%, avg grad norm  44.083, avg grad norm (post clip)   0.053, rho_Whh  1.12, Omega  0.00, alpha  0.000, steps in the past 0.000, valid nll 0.230
  [diag] log10|dL/dh_t| hist bins=60 range=(-5.20,-3.57) mean=-4.41 p50=-4.26 p05=-5.06 p95=-4.06
  [diag] sat-dist hist bins=60 sat<0.05=0.0% mean=0.626 p10=0.542 p90=0.672
Iter 0014380: train nll 0.296, valid error 100.000%, best valid error 100.000%, avg grad norm  45.801, avg grad norm (post clip)   0.053, rho_Whh  1.12, Omega  0.00, alpha  0.000, steps in the past 0.000, valid nll 0.261
  [diag] log10|dL/dh_t| hist bins=60 range=(-5.20,-3.57) mean=-4.41 p50=-4.26 p05=-5.06 p95=-4.06
  [diag] sat-dist hist bins=60 sat<0.05=0.0% mean=0.626 p10=0.542 p90=0.671
Iter 0014400: train nll 0.323, valid error 100.000%, best valid error 100.000%, avg grad norm  35.729, avg grad norm (post clip)   0.053, rho_Whh  1.12, Omega  0.00, alpha  0.000, steps in the past 0.000, valid nll 0.262
  [diag] log10|dL/dh_t| hist bins=60 range=(-5.20,-3.56) mean=-4.57 p50=-4.68 p05=-5.07 p95=-4.09
  [diag] sat-dist hist bins=60 sat<0.05=0.0% mean=0.605 p10=0.536 p90=0.669
Iter 0014420: train nll 0.312, valid error 100.000%, best valid error 100.000%, avg grad norm  49.082, avg grad norm (post clip)   0.053, rho_Whh  1.12, Omega  0.00, alpha  0.000, steps in the past 0.000, valid nll 0.233
  [diag] log10|dL/dh_t| hist bins=60 range=(-5.20,-3.57) mean=-4.41 p50=-4.26 p05=-5.06 p95=-4.07
  [diag] sat-dist hist bins=60 sat<0.05=0.0% mean=0.627 p10=0.542 p90=0.671
Iter 0014440: train nll 0.308, valid error 100.000%, best valid error 100.000%, avg grad norm  46.379, avg grad norm (post clip)   0.053, rho_Whh  1.12, Omega  0.00, alpha  0.000, steps in the past 0.000, valid nll 0.261
  [diag] log10|dL/dh_t| hist bins=60 range=(-5.20,-3.57) mean=-4.41 p50=-4.26 p05=-5.06 p95=-4.07
  [diag] sat-dist hist bins=60 sat<0.05=0.0% mean=0.626 p10=0.542 p90=0.671
Iter 0014460: train nll 0.328, valid error 100.000%, best valid error 100.000%, avg grad norm  31.059, avg grad norm (post clip)   0.053, rho_Whh  1.12, Omega  0.00, alpha  0.000, steps in the past 0.000, valid nll 0.261
  [diag] log10|dL/dh_t| hist bins=60 range=(-5.20,-3.56) mean=-4.51 p50=-4.58 p05=-5.07 p95=-4.08
  [diag] sat-dist hist bins=60 sat<0.05=0.0% mean=0.614 p10=0.538 p90=0.670
Iter 0014480: train nll 0.297, valid error 100.000%, best valid error 100.000%, avg grad norm  39.107, avg grad norm (post clip)   0.053, rho_Whh  1.12, Omega  0.00, alpha  0.000, steps in the past 0.000, valid nll 0.240
  [diag] log10|dL/dh_t| hist bins=60 range=(-5.20,-3.56) mean=-4.51 p50=-4.58 p05=-5.07 p95=-4.08
  [diag] sat-dist hist bins=60 sat<0.05=0.0% mean=0.614 p10=0.538 p90=0.670
Iter 0014500: train nll 0.272, valid error 100.000%, best valid error 100.000%, avg grad norm  43.972, avg grad norm (post clip)   0.053, rho_Whh  1.12, Omega  0.00, alpha  0.000, steps in the past 0.000, valid nll 0.240
  [diag] log10|dL/dh_t| hist bins=60 range=(-5.20,-3.56) mean=-4.51 p50=-4.58 p05=-5.07 p95=-4.08
  [diag] sat-dist hist bins=60 sat<0.05=0.0% mean=0.614 p10=0.538 p90=0.670
Iter 0014520: train nll 0.310, valid error 100.000%, best valid error 100.000%, avg grad norm  42.073, avg grad norm (post clip)   0.053, rho_Whh  1.12, Omega  0.00, alpha  0.000, steps in the past 0.000, valid nll 0.239
  [diag] log10|dL/dh_t| hist bins=60 range=(-5.20,-3.56) mean=-4.51 p50=-4.58 p05=-5.07 p95=-4.08
  [diag] sat-dist hist bins=60 sat<0.05=0.0% mean=0.614 p10=0.538 p90=0.670
Iter 0014540: train nll 0.301, valid error 100.000%, best valid error 100.000%, avg grad norm  44.726, avg grad norm (post clip)   0.053, rho_Whh  1.12, Omega  0.00, alpha  0.000, steps in the past 0.000, valid nll 0.239
  [diag] log10|dL/dh_t| hist bins=60 range=(-5.20,-3.56) mean=-4.51 p50=-4.58 p05=-5.07 p95=-4.08
  [diag] sat-dist hist bins=60 sat<0.05=0.0% mean=0.614 p10=0.538 p90=0.670
Iter 0014560: train nll 0.317, valid error 100.000%, best valid error 100.000%, avg grad norm  46.731, avg grad norm (post clip)   0.053, rho_Whh  1.12, Omega  0.00, alpha  0.000, steps in the past 0.000, valid nll 0.239
  [diag] log10|dL/dh_t| hist bins=60 range=(-5.20,-3.49) mean=-4.79 p50=-4.84 p05=-5.08 p95=-4.21
  [diag] sat-dist hist bins=60 sat<0.05=0.0% mean=0.573 p10=0.533 p90=0.606
Iter 0014580: train nll 0.266, valid error 100.000%, best valid error 100.000%, avg grad norm  59.140, avg grad norm (post clip)   0.053, rho_Whh  1.12, Omega  0.00, alpha  0.000, steps in the past 0.000, valid nll 0.248
  [diag] log10|dL/dh_t| hist bins=60 range=(-5.20,-3.57) mean=-4.38 p50=-4.17 p05=-5.05 p95=-4.06
  [diag] sat-dist hist bins=60 sat<0.05=0.0% mean=0.630 p10=0.544 p90=0.672
Iter 0014600: train nll 0.340, valid error 100.000%, best valid error 100.000%, avg grad norm  38.811, avg grad norm (post clip)   0.053, rho_Whh  1.12, Omega  0.00, alpha  0.000, steps in the past 0.000, valid nll 0.271
  [diag] log10|dL/dh_t| hist bins=60 range=(-5.20,-3.56) mean=-4.49 p50=-4.54 p05=-5.06 p95=-4.08
  [diag] sat-dist hist bins=60 sat<0.05=0.0% mean=0.616 p10=0.539 p90=0.670
Iter 0014620: train nll 0.283, valid error 100.000%, best valid error 100.000%, avg grad norm  39.035, avg grad norm (post clip)   0.053, rho_Whh  1.12, Omega  0.00, alpha  0.000, steps in the past 0.000, valid nll 0.242
  [diag] log10|dL/dh_t| hist bins=60 range=(-5.20,-3.56) mean=-4.50 p50=-4.56 p05=-5.07 p95=-4.08
  [diag] sat-dist hist bins=60 sat<0.05=0.0% mean=0.615 p10=0.538 p90=0.670
Iter 0014640: train nll 0.289, valid error 100.000%, best valid error 100.000%, avg grad norm  43.963, avg grad norm (post clip)   0.053, rho_Whh  1.12, Omega  0.00, alpha  0.000, steps in the past 0.000, valid nll 0.240
  [diag] log10|dL/dh_t| hist bins=60 range=(-5.20,-3.57) mean=-4.38 p50=-4.16 p05=-5.05 p95=-4.06
  [diag] sat-dist hist bins=60 sat<0.05=0.0% mean=0.631 p10=0.544 p90=0.672
Iter 0014660: train nll 0.297, valid error 100.000%, best valid error 100.000%, avg grad norm  40.600, avg grad norm (post clip)   0.053, rho_Whh  1.12, Omega  0.00, alpha  0.000, steps in the past 0.000, valid nll 0.272
  [diag] log10|dL/dh_t| hist bins=60 range=(-5.20,-3.56) mean=-4.50 p50=-4.57 p05=-5.07 p95=-4.08
  [diag] sat-dist hist bins=60 sat<0.05=0.0% mean=0.614 p10=0.538 p90=0.670
Iter 0014680: train nll 0.278, valid error 100.000%, best valid error 100.000%, avg grad norm  42.734, avg grad norm (post clip)   0.053, rho_Whh  1.12, Omega  0.00, alpha  0.000, steps in the past 0.000, valid nll 0.240
  [diag] log10|dL/dh_t| hist bins=60 range=(-5.20,-3.57) mean=-4.38 p50=-4.16 p05=-5.05 p95=-4.06
  [diag] sat-dist hist bins=60 sat<0.05=0.0% mean=0.631 p10=0.544 p90=0.672
Iter 0014700: train nll 0.327, valid error 100.000%, best valid error 100.000%, avg grad norm  37.155, avg grad norm (post clip)   0.053, rho_Whh  1.12, Omega  0.00, alpha  0.000, steps in the past 0.000, valid nll 0.271
  [diag] log10|dL/dh_t| hist bins=60 range=(-5.20,-3.57) mean=-4.51 p50=-4.59 p05=-5.07 p95=-4.08
  [diag] sat-dist hist bins=60 sat<0.05=0.0% mean=0.613 p10=0.538 p90=0.671
Iter 0014720: train nll 0.280, valid error 100.000%, best valid error 100.000%, avg grad norm  38.109, avg grad norm (post clip)   0.053, rho_Whh  1.12, Omega  0.00, alpha  0.000, steps in the past 0.000, valid nll 0.239
  [diag] log10|dL/dh_t| hist bins=60 range=(-5.20,-3.57) mean=-4.38 p50=-4.16 p05=-5.05 p95=-4.05
  [diag] sat-dist hist bins=60 sat<0.05=0.0% mean=0.631 p10=0.543 p90=0.672
Iter 0014740: train nll 0.284, valid error 100.000%, best valid error 100.000%, avg grad norm  43.912, avg grad norm (post clip)   0.053, rho_Whh  1.12, Omega  0.00, alpha  0.000, steps in the past 0.000, valid nll 0.272
  [diag] log10|dL/dh_t| hist bins=60 range=(-5.20,-3.57) mean=-4.50 p50=-4.58 p05=-5.07 p95=-4.08
  [diag] sat-dist hist bins=60 sat<0.05=0.0% mean=0.614 p10=0.538 p90=0.671
Iter 0014760: train nll 0.297, valid error 100.000%, best valid error 100.000%, avg grad norm  46.286, avg grad norm (post clip)   0.053, rho_Whh  1.12, Omega  0.00, alpha  0.000, steps in the past 0.000, valid nll 0.240
  [diag] log10|dL/dh_t| hist bins=60 range=(-5.20,-3.56) mean=-4.50 p50=-4.57 p05=-5.07 p95=-4.08
  [diag] sat-dist hist bins=60 sat<0.05=0.0% mean=0.614 p10=0.538 p90=0.671
Iter 0014780: train nll 0.294, valid error 100.000%, best valid error 100.000%, avg grad norm  43.861, avg grad norm (post clip)   0.053, rho_Whh  1.12, Omega  0.00, alpha  0.000, steps in the past 0.000, valid nll 0.240
  [diag] log10|dL/dh_t| hist bins=60 range=(-5.20,-3.56) mean=-4.50 p50=-4.57 p05=-5.07 p95=-4.08
  [diag] sat-dist hist bins=60 sat<0.05=0.0% mean=0.614 p10=0.538 p90=0.670
Iter 0014800: train nll 0.313, valid error 100.000%, best valid error 100.000%, avg grad norm  38.994, avg grad norm (post clip)   0.053, rho_Whh  1.12, Omega  0.00, alpha  0.000, steps in the past 0.000, valid nll 0.240
  [diag] log10|dL/dh_t| hist bins=60 range=(-5.20,-3.56) mean=-4.50 p50=-4.57 p05=-5.07 p95=-4.08
  [diag] sat-dist hist bins=60 sat<0.05=0.0% mean=0.614 p10=0.538 p90=0.670
Iter 0014820: train nll 0.268, valid error 100.000%, best valid error 100.000%, avg grad norm  45.870, avg grad norm (post clip)   0.053, rho_Whh  1.12, Omega  0.00, alpha  0.000, steps in the past 0.000, valid nll 0.240
  [diag] log10|dL/dh_t| hist bins=60 range=(-5.20,-3.57) mean=-4.30 p50=-4.05 p05=-5.04 p95=-4.04
  [diag] sat-dist hist bins=60 sat<0.05=0.0% mean=0.640 p10=0.550 p90=0.674
Iter 0014840: train nll 0.320, valid error 100.000%, best valid error 100.000%, avg grad norm  37.247, avg grad norm (post clip)   0.053, rho_Whh  1.12, Omega  0.00, alpha  0.000, steps in the past 0.000, valid nll 0.301
  [diag] log10|dL/dh_t| hist bins=60 range=(-5.20,-3.56) mean=-4.50 p50=-4.57 p05=-5.07 p95=-4.08
  [diag] sat-dist hist bins=60 sat<0.05=0.0% mean=0.614 p10=0.538 p90=0.670
Iter 0014860: train nll 0.281, valid error 100.000%, best valid error 100.000%, avg grad norm  42.526, avg grad norm (post clip)   0.053, rho_Whh  1.12, Omega  0.00, alpha  0.000, steps in the past 0.000, valid nll 0.240
  [diag] log10|dL/dh_t| hist bins=60 range=(-5.20,-3.57) mean=-4.30 p50=-4.06 p05=-5.04 p95=-4.04
  [diag] sat-dist hist bins=60 sat<0.05=0.0% mean=0.640 p10=0.550 p90=0.674
Iter 0014880: train nll 0.349, valid error 100.000%, best valid error 100.000%, avg grad norm  38.632, avg grad norm (post clip)   0.053, rho_Whh  1.12, Omega  0.00, alpha  0.000, steps in the past 0.000, valid nll 0.302
  [diag] log10|dL/dh_t| hist bins=60 range=(-5.20,-3.57) mean=-4.38 p50=-4.16 p05=-5.05 p95=-4.06
  [diag] sat-dist hist bins=60 sat<0.05=0.0% mean=0.631 p10=0.544 p90=0.672
Iter 0014900: train nll 0.301, valid error 100.000%, best valid error 100.000%, avg grad norm  38.816, avg grad norm (post clip)   0.053, rho_Whh  1.12, Omega  0.00, alpha  0.000, steps in the past 0.000, valid nll 0.272
  [diag] log10|dL/dh_t| hist bins=60 range=(-5.20,-3.57) mean=-4.38 p50=-4.17 p05=-5.05 p95=-4.06
  [diag] sat-dist hist bins=60 sat<0.05=0.0% mean=0.630 p10=0.544 p90=0.672
Iter 0014920: train nll 0.292, valid error 100.000%, best valid error 100.000%, avg grad norm  43.112, avg grad norm (post clip)   0.053, rho_Whh  1.12, Omega  0.00, alpha  0.000, steps in the past 0.000, valid nll 0.270
  [diag] log10|dL/dh_t| hist bins=60 range=(-5.20,-3.57) mean=-4.38 p50=-4.17 p05=-5.05 p95=-4.06
  [diag] sat-dist hist bins=60 sat<0.05=0.0% mean=0.630 p10=0.544 p90=0.672
Iter 0014940: train nll 0.293, valid error 100.000%, best valid error 100.000%, avg grad norm  41.076, avg grad norm (post clip)   0.053, rho_Whh  1.12, Omega  0.00, alpha  0.000, steps in the past 0.000, valid nll 0.270
  [diag] log10|dL/dh_t| hist bins=60 range=(-5.20,-3.56) mean=-4.51 p50=-4.58 p05=-5.07 p95=-4.09
  [diag] sat-dist hist bins=60 sat<0.05=0.0% mean=0.613 p10=0.538 p90=0.670
Iter 0014960: train nll 0.346, valid error 100.000%, best valid error 100.000%, avg grad norm  34.955, avg grad norm (post clip)   0.053, rho_Whh  1.12, Omega  0.00, alpha  0.000, steps in the past 0.000, valid nll 0.239
  [diag] log10|dL/dh_t| hist bins=60 range=(-5.20,-3.56) mean=-4.51 p50=-4.58 p05=-5.07 p95=-4.09
  [diag] sat-dist hist bins=60 sat<0.05=0.0% mean=0.614 p10=0.538 p90=0.670
Iter 0014980: train nll 0.298, valid error 100.000%, best valid error 100.000%, avg grad norm  41.634, avg grad norm (post clip)   0.053, rho_Whh  1.12, Omega  0.00, alpha  0.000, steps in the past 0.000, valid nll 0.239
  [diag] log10|dL/dh_t| hist bins=60 range=(-5.20,-3.56) mean=-4.51 p50=-4.58 p05=-5.07 p95=-4.09
  [diag] sat-dist hist bins=60 sat<0.05=0.0% mean=0.614 p10=0.538 p90=0.670
Iter 0015000: train nll 0.257, valid error 100.000%, best valid error 100.000%, avg grad norm  46.967, avg grad norm (post clip)   0.053, rho_Whh  1.12, Omega  0.00, alpha  0.000, steps in the past 0.000, valid nll 0.239
  [diag] log10|dL/dh_t| hist bins=60 range=(-5.20,-3.56) mean=-4.52 p50=-4.60 p05=-5.07 p95=-4.09
  [diag] sat-dist hist bins=60 sat<0.05=0.0% mean=0.613 p10=0.538 p90=0.670
Iter 0015020: train nll 0.300, valid error 100.000%, best valid error 100.000%, avg grad norm  41.848, avg grad norm (post clip)   0.053, rho_Whh  1.12, Omega  0.00, alpha  0.000, steps in the past 0.000, valid nll 0.238
  [diag] log10|dL/dh_t| hist bins=60 range=(-5.20,-3.56) mean=-4.52 p50=-4.60 p05=-5.07 p95=-4.09
  [diag] sat-dist hist bins=60 sat<0.05=0.0% mean=0.613 p10=0.538 p90=0.670
Iter 0015040: train nll 0.282, valid error 100.000%, best valid error 100.000%, avg grad norm  45.469, avg grad norm (post clip)   0.053, rho_Whh  1.12, Omega  0.00, alpha  0.000, steps in the past 0.000, valid nll 0.238
  [diag] log10|dL/dh_t| hist bins=60 range=(-5.20,-3.56) mean=-4.52 p50=-4.60 p05=-5.07 p95=-4.09
  [diag] sat-dist hist bins=60 sat<0.05=0.0% mean=0.613 p10=0.538 p90=0.670
Iter 0015060: train nll 0.307, valid error 100.000%, best valid error 100.000%, avg grad norm  45.387, avg grad norm (post clip)   0.053, rho_Whh  1.12, Omega  0.00, alpha  0.000, steps in the past 0.000, valid nll 0.238
  [diag] log10|dL/dh_t| hist bins=60 range=(-5.21,-3.48) mean=-4.80 p50=-4.85 p05=-5.08 p95=-4.21
  [diag] sat-dist hist bins=60 sat<0.05=0.0% mean=0.569 p10=0.532 p90=0.596
Iter 0015080: train nll 0.256, valid error 100.000%, best valid error 100.000%, avg grad norm  47.352, avg grad norm (post clip)   0.053, rho_Whh  1.12, Omega  0.00, alpha  0.000, steps in the past 0.000, valid nll 0.251
  [diag] log10|dL/dh_t| hist bins=60 range=(-5.20,-3.56) mean=-4.52 p50=-4.61 p05=-5.07 p95=-4.09
  [diag] sat-dist hist bins=60 sat<0.05=0.0% mean=0.612 p10=0.538 p90=0.670
Iter 0015100: train nll 0.297, valid error 100.000%, best valid error 100.000%, avg grad norm  40.181, avg grad norm (post clip)   0.053, rho_Whh  1.12, Omega  0.00, alpha  0.000, steps in the past 0.000, valid nll 0.237
  [diag] log10|dL/dh_t| hist bins=60 range=(-5.20,-3.57) mean=-4.39 p50=-4.19 p05=-5.06 p95=-4.06
  [diag] sat-dist hist bins=60 sat<0.05=0.0% mean=0.630 p10=0.543 p90=0.672
Iter 0015120: train nll 0.314, valid error 100.000%, best valid error 100.000%, avg grad norm  37.096, avg grad norm (post clip)   0.053, rho_Whh  1.12, Omega  0.00, alpha  0.000, steps in the past 0.000, valid nll 0.268
  [diag] log10|dL/dh_t| hist bins=60 range=(-5.20,-3.57) mean=-4.39 p50=-4.19 p05=-5.05 p95=-4.06
  [diag] sat-dist hist bins=60 sat<0.05=0.0% mean=0.630 p10=0.543 p90=0.672
Iter 0015140: train nll 0.321, valid error 100.000%, best valid error 100.000%, avg grad norm  38.574, avg grad norm (post clip)   0.053, rho_Whh  1.12, Omega  0.00, alpha  0.000, steps in the past 0.000, valid nll 0.268
  [diag] log10|dL/dh_t| hist bins=60 range=(-5.20,-3.56) mean=-4.52 p50=-4.60 p05=-5.07 p95=-4.09
  [diag] sat-dist hist bins=60 sat<0.05=0.0% mean=0.612 p10=0.538 p90=0.670
Iter 0015160: train nll 0.303, valid error 100.000%, best valid error 100.000%, avg grad norm  43.195, avg grad norm (post clip)   0.053, rho_Whh  1.12, Omega  0.00, alpha  0.000, steps in the past 0.000, valid nll 0.237
  [diag] log10|dL/dh_t| hist bins=60 range=(-5.20,-3.57) mean=-4.31 p50=-4.06 p05=-5.04 p95=-4.04
  [diag] sat-dist hist bins=60 sat<0.05=0.0% mean=0.640 p10=0.550 p90=0.674
Iter 0015180: train nll 0.324, valid error 100.000%, best valid error 100.000%, avg grad norm  39.337, avg grad norm (post clip)   0.053, rho_Whh  1.12, Omega  0.00, alpha  0.000, steps in the past 0.000, valid nll 0.298
  [diag] log10|dL/dh_t| hist bins=60 range=(-5.20,-3.56) mean=-4.39 p50=-4.19 p05=-5.05 p95=-4.07
  [diag] sat-dist hist bins=60 sat<0.05=0.0% mean=0.630 p10=0.544 p90=0.672
Iter 0015200: train nll 0.328, valid error 100.000%, best valid error 100.000%, avg grad norm  37.006, avg grad norm (post clip)   0.053, rho_Whh  1.12, Omega  0.00, alpha  0.000, steps in the past 0.000, valid nll 0.268
  [diag] log10|dL/dh_t| hist bins=60 range=(-5.20,-3.56) mean=-4.52 p50=-4.60 p05=-5.07 p95=-4.09
  [diag] sat-dist hist bins=60 sat<0.05=0.0% mean=0.613 p10=0.538 p90=0.670
Iter 0015220: train nll 0.285, valid error 100.000%, best valid error 100.000%, avg grad norm  35.444, avg grad norm (post clip)   0.053, rho_Whh  1.12, Omega  0.00, alpha  0.000, steps in the past 0.000, valid nll 0.237
  [diag] log10|dL/dh_t| hist bins=60 range=(-5.21,-3.48) mean=-4.80 p50=-4.85 p05=-5.08 p95=-4.21
  [diag] sat-dist hist bins=60 sat<0.05=0.0% mean=0.570 p10=0.532 p90=0.597
Iter 0015240: train nll 0.295, valid error 100.000%, best valid error 100.000%, avg grad norm  42.175, avg grad norm (post clip)   0.053, rho_Whh  1.12, Omega  0.00, alpha  0.000, steps in the past 0.000, valid nll 0.251
  [diag] log10|dL/dh_t| hist bins=60 range=(-5.20,-3.56) mean=-4.52 p50=-4.60 p05=-5.07 p95=-4.09
  [diag] sat-dist hist bins=60 sat<0.05=0.0% mean=0.613 p10=0.538 p90=0.670
Iter 0015260: train nll 0.288, valid error 100.000%, best valid error 100.000%, avg grad norm  46.987, avg grad norm (post clip)   0.053, rho_Whh  1.12, Omega  0.00, alpha  0.000, steps in the past 0.000, valid nll 0.237
  [diag] log10|dL/dh_t| hist bins=60 range=(-5.20,-3.56) mean=-4.39 p50=-4.19 p05=-5.05 p95=-4.07
  [diag] sat-dist hist bins=60 sat<0.05=0.0% mean=0.630 p10=0.544 p90=0.672
Iter 0015280: train nll 0.295, valid error 100.000%, best valid error 100.000%, avg grad norm  38.681, avg grad norm (post clip)   0.053, rho_Whh  1.12, Omega  0.00, alpha  0.000, steps in the past 0.000, valid nll 0.268
  [diag] log10|dL/dh_t| hist bins=60 range=(-5.20,-3.56) mean=-4.52 p50=-4.60 p05=-5.07 p95=-4.09
  [diag] sat-dist hist bins=60 sat<0.05=0.0% mean=0.613 p10=0.538 p90=0.670
Iter 0015300: train nll 0.296, valid error 100.000%, best valid error 100.000%, avg grad norm  46.263, avg grad norm (post clip)   0.053, rho_Whh  1.12, Omega  0.00, alpha  0.000, steps in the past 0.000, valid nll 0.237
  [diag] log10|dL/dh_t| hist bins=60 range=(-5.21,-3.56) mean=-4.52 p50=-4.60 p05=-5.07 p95=-4.09
  [diag] sat-dist hist bins=60 sat<0.05=0.0% mean=0.613 p10=0.538 p90=0.670
Iter 0015320: train nll 0.309, valid error 100.000%, best valid error 100.000%, avg grad norm  35.678, avg grad norm (post clip)   0.053, rho_Whh  1.12, Omega  0.00, alpha  0.000, steps in the past 0.000, valid nll 0.237
  [diag] log10|dL/dh_t| hist bins=60 range=(-5.20,-3.57) mean=-4.39 p50=-4.19 p05=-5.05 p95=-4.06
  [diag] sat-dist hist bins=60 sat<0.05=0.0% mean=0.630 p10=0.544 p90=0.672
Iter 0015340: train nll 0.282, valid error 100.000%, best valid error 100.000%, avg grad norm  44.081, avg grad norm (post clip)   0.053, rho_Whh  1.12, Omega  0.00, alpha  0.000, steps in the past 0.000, valid nll 0.268
  [diag] log10|dL/dh_t| hist bins=60 range=(-5.20,-3.57) mean=-4.39 p50=-4.20 p05=-5.06 p95=-4.06
  [diag] sat-dist hist bins=60 sat<0.05=0.0% mean=0.630 p10=0.543 p90=0.672
Iter 0015360: train nll 0.329, valid error 100.000%, best valid error 100.000%, avg grad norm  28.146, avg grad norm (post clip)   0.053, rho_Whh  1.12, Omega  0.00, alpha  0.000, steps in the past 0.000, valid nll 0.267
  [diag] log10|dL/dh_t| hist bins=60 range=(-5.20,-3.57) mean=-4.39 p50=-4.20 p05=-5.06 p95=-4.07
  [diag] sat-dist hist bins=60 sat<0.05=0.0% mean=0.630 p10=0.543 p90=0.672
Iter 0015380: train nll 0.311, valid error 100.000%, best valid error 100.000%, avg grad norm  41.744, avg grad norm (post clip)   0.053, rho_Whh  1.12, Omega  0.00, alpha  0.000, steps in the past 0.000, valid nll 0.267
  [diag] log10|dL/dh_t| hist bins=60 range=(-5.20,-3.56) mean=-4.39 p50=-4.20 p05=-5.06 p95=-4.07
  [diag] sat-dist hist bins=60 sat<0.05=0.0% mean=0.630 p10=0.544 p90=0.672
Iter 0015400: train nll 0.292, valid error 100.000%, best valid error 100.000%, avg grad norm  43.409, avg grad norm (post clip)   0.053, rho_Whh  1.12, Omega  0.00, alpha  0.000, steps in the past 0.000, valid nll 0.267
  [diag] log10|dL/dh_t| hist bins=60 range=(-5.21,-3.56) mean=-4.53 p50=-4.61 p05=-5.07 p95=-4.09
  [diag] sat-dist hist bins=60 sat<0.05=0.0% mean=0.612 p10=0.538 p90=0.670
Iter 0015420: train nll 0.302, valid error 100.000%, best valid error 100.000%, avg grad norm  48.124, avg grad norm (post clip)   0.053, rho_Whh  1.12, Omega  0.00, alpha  0.000, steps in the past 0.000, valid nll 0.236
  [diag] log10|dL/dh_t| hist bins=60 range=(-5.21,-3.47) mean=-4.80 p50=-4.85 p05=-5.08 p95=-4.21
  [diag] sat-dist hist bins=60 sat<0.05=0.0% mean=0.569 p10=0.533 p90=0.593
Iter 0015440: train nll 0.266, valid error 100.000%, best valid error 100.000%, avg grad norm  52.822, avg grad norm (post clip)   0.053, rho_Whh  1.12, Omega  0.00, alpha  0.000, steps in the past 0.000, valid nll 0.252
  [diag] log10|dL/dh_t| hist bins=60 range=(-5.21,-3.56) mean=-4.51 p50=-4.58 p05=-5.07 p95=-4.09
  [diag] sat-dist hist bins=60 sat<0.05=0.0% mean=0.614 p10=0.538 p90=0.670
Iter 0015460: train nll 0.310, valid error 100.000%, best valid error 100.000%, avg grad norm  39.575, avg grad norm (post clip)   0.053, rho_Whh  1.12, Omega  0.00, alpha  0.000, steps in the past 0.000, valid nll 0.238
  [diag] log10|dL/dh_t| hist bins=60 range=(-5.21,-3.48) mean=-4.79 p50=-4.84 p05=-5.08 p95=-4.21
  [diag] sat-dist hist bins=60 sat<0.05=0.0% mean=0.573 p10=0.533 p90=0.605
Iter 0015480: train nll 0.285, valid error 100.000%, best valid error 100.000%, avg grad norm  40.792, avg grad norm (post clip)   0.053, rho_Whh  1.12, Omega  0.00, alpha  0.000, steps in the past 0.000, valid nll 0.248
  [diag] log10|dL/dh_t| hist bins=60 range=(-5.20,-3.56) mean=-4.38 p50=-4.18 p05=-5.05 p95=-4.07
  [diag] sat-dist hist bins=60 sat<0.05=0.0% mean=0.631 p10=0.544 p90=0.672
Iter 0015500: train nll 0.314, valid error 100.000%, best valid error 100.000%, avg grad norm  40.229, avg grad norm (post clip)   0.053, rho_Whh  1.12, Omega  0.00, alpha  0.000, steps in the past 0.000, valid nll 0.269
  [diag] log10|dL/dh_t| hist bins=60 range=(-5.21,-3.56) mean=-4.51 p50=-4.58 p05=-5.07 p95=-4.09
  [diag] sat-dist hist bins=60 sat<0.05=0.0% mean=0.614 p10=0.539 p90=0.670
Iter 0015520: train nll 0.300, valid error 100.000%, best valid error 100.000%, avg grad norm  44.918, avg grad norm (post clip)   0.053, rho_Whh  1.12, Omega  0.00, alpha  0.000, steps in the past 0.000, valid nll 0.238
  [diag] log10|dL/dh_t| hist bins=60 range=(-5.20,-3.56) mean=-4.38 p50=-4.18 p05=-5.05 p95=-4.07
  [diag] sat-dist hist bins=60 sat<0.05=0.0% mean=0.631 p10=0.544 p90=0.672
Iter 0015540: train nll 0.313, valid error 100.000%, best valid error 100.000%, avg grad norm  43.896, avg grad norm (post clip)   0.053, rho_Whh  1.12, Omega  0.00, alpha  0.000, steps in the past 0.000, valid nll 0.268
  [diag] log10|dL/dh_t| hist bins=60 range=(-5.21,-3.56) mean=-4.51 p50=-4.58 p05=-5.07 p95=-4.10
  [diag] sat-dist hist bins=60 sat<0.05=0.0% mean=0.614 p10=0.539 p90=0.670
Iter 0015560: train nll 0.297, valid error 100.000%, best valid error 100.000%, avg grad norm  41.485, avg grad norm (post clip)   0.053, rho_Whh  1.12, Omega  0.00, alpha  0.000, steps in the past 0.000, valid nll 0.238
  [diag] log10|dL/dh_t| hist bins=60 range=(-5.21,-3.56) mean=-4.51 p50=-4.58 p05=-5.07 p95=-4.10
  [diag] sat-dist hist bins=60 sat<0.05=0.0% mean=0.614 p10=0.539 p90=0.670
Iter 0015580: train nll 0.288, valid error 100.000%, best valid error 100.000%, avg grad norm  42.168, avg grad norm (post clip)   0.053, rho_Whh  1.12, Omega  0.00, alpha  0.000, steps in the past 0.000, valid nll 0.238
  [diag] log10|dL/dh_t| hist bins=60 range=(-5.21,-3.56) mean=-4.52 p50=-4.60 p05=-5.07 p95=-4.10
  [diag] sat-dist hist bins=60 sat<0.05=0.0% mean=0.613 p10=0.538 p90=0.670
Iter 0015600: train nll 0.264, valid error 100.000%, best valid error 100.000%, avg grad norm  42.854, avg grad norm (post clip)   0.053, rho_Whh  1.12, Omega  0.00, alpha  0.000, steps in the past 0.000, valid nll 0.237
  [diag] log10|dL/dh_t| hist bins=60 range=(-5.20,-3.56) mean=-4.44 p50=-4.36 p05=-5.06 p95=-4.08
  [diag] sat-dist hist bins=60 sat<0.05=0.0% mean=0.624 p10=0.541 p90=0.671
Iter 0015620: train nll 0.266, valid error 100.000%, best valid error 100.000%, avg grad norm  44.216, avg grad norm (post clip)   0.053, rho_Whh  1.12, Omega  0.00, alpha  0.000, steps in the past 0.000, valid nll 0.253
  [diag] log10|dL/dh_t| hist bins=60 range=(-5.21,-3.56) mean=-4.64 p50=-4.75 p05=-5.08 p95=-4.11
  [diag] sat-dist hist bins=60 sat<0.05=0.0% mean=0.596 p10=0.535 p90=0.664
Iter 0015640: train nll 0.278, valid error 100.000%, best valid error 100.000%, avg grad norm  39.347, avg grad norm (post clip)   0.053, rho_Whh  1.12, Omega  0.00, alpha  0.000, steps in the past 0.000, valid nll 0.230
  [diag] log10|dL/dh_t| hist bins=60 range=(-5.21,-3.56) mean=-4.44 p50=-4.37 p05=-5.06 p95=-4.08
  [diag] sat-dist hist bins=60 sat<0.05=0.0% mean=0.623 p10=0.541 p90=0.671
Iter 0015660: train nll 0.292, valid error 100.000%, best valid error 100.000%, avg grad norm  41.311, avg grad norm (post clip)   0.053, rho_Whh  1.12, Omega  0.00, alpha  0.000, steps in the past 0.000, valid nll 0.252
  [diag] log10|dL/dh_t| hist bins=60 range=(-5.21,-3.56) mean=-4.44 p50=-4.37 p05=-5.06 p95=-4.08
  [diag] sat-dist hist bins=60 sat<0.05=0.0% mean=0.623 p10=0.541 p90=0.671
Iter 0015680: train nll 0.283, valid error 100.000%, best valid error 100.000%, avg grad norm  43.568, avg grad norm (post clip)   0.053, rho_Whh  1.12, Omega  0.00, alpha  0.000, steps in the past 0.000, valid nll 0.252
  [diag] log10|dL/dh_t| hist bins=60 range=(-5.21,-3.56) mean=-4.44 p50=-4.35 p05=-5.06 p95=-4.08
  [diag] sat-dist hist bins=60 sat<0.05=0.0% mean=0.624 p10=0.541 p90=0.672
Iter 0015700: train nll 0.289, valid error 100.000%, best valid error 100.000%, avg grad norm  38.428, avg grad norm (post clip)   0.053, rho_Whh  1.12, Omega  0.00, alpha  0.000, steps in the past 0.000, valid nll 0.253
  [diag] log10|dL/dh_t| hist bins=60 range=(-5.21,-3.56) mean=-4.63 p50=-4.74 p05=-5.08 p95=-4.10
  [diag] sat-dist hist bins=60 sat<0.05=0.0% mean=0.598 p10=0.535 p90=0.666
Iter 0015720: train nll 0.291, valid error 100.000%, best valid error 100.000%, avg grad norm  41.730, avg grad norm (post clip)   0.053, rho_Whh  1.12, Omega  0.00, alpha  0.000, steps in the past 0.000, valid nll 0.230
  [diag] log10|dL/dh_t| hist bins=60 range=(-5.21,-3.56) mean=-4.63 p50=-4.74 p05=-5.08 p95=-4.11
  [diag] sat-dist hist bins=60 sat<0.05=0.0% mean=0.598 p10=0.536 p90=0.666
Iter 0015740: train nll 0.306, valid error 100.000%, best valid error 100.000%, avg grad norm  42.080, avg grad norm (post clip)   0.053, rho_Whh  1.12, Omega  0.00, alpha  0.000, steps in the past 0.000, valid nll 0.230
  [diag] log10|dL/dh_t| hist bins=60 range=(-5.21,-3.56) mean=-4.44 p50=-4.35 p05=-5.06 p95=-4.08
  [diag] sat-dist hist bins=60 sat<0.05=0.0% mean=0.624 p10=0.541 p90=0.671
Iter 0015760: train nll 0.312, valid error 100.000%, best valid error 100.000%, avg grad norm  39.612, avg grad norm (post clip)   0.053, rho_Whh  1.12, Omega  0.00, alpha  0.000, steps in the past 0.000, valid nll 0.253
  [diag] log10|dL/dh_t| hist bins=60 range=(-5.21,-3.56) mean=-4.57 p50=-4.68 p05=-5.07 p95=-4.10
  [diag] sat-dist hist bins=60 sat<0.05=0.0% mean=0.606 p10=0.537 p90=0.670
Iter 0015780: train nll 0.305, valid error 100.000%, best valid error 100.000%, avg grad norm  45.207, avg grad norm (post clip)   0.053, rho_Whh  1.12, Omega  0.00, alpha  0.000, steps in the past 0.000, valid nll 0.232
  [diag] log10|dL/dh_t| hist bins=60 range=(-5.21,-3.56) mean=-4.57 p50=-4.68 p05=-5.07 p95=-4.10
  [diag] sat-dist hist bins=60 sat<0.05=0.0% mean=0.607 p10=0.537 p90=0.670
Iter 0015800: train nll 0.338, valid error 100.000%, best valid error 100.000%, avg grad norm  34.849, avg grad norm (post clip)   0.053, rho_Whh  1.12, Omega  0.00, alpha  0.000, steps in the past 0.000, valid nll 0.232
  [diag] log10|dL/dh_t| hist bins=60 range=(-5.21,-3.56) mean=-4.56 p50=-4.68 p05=-5.07 p95=-4.10
  [diag] sat-dist hist bins=60 sat<0.05=0.0% mean=0.607 p10=0.537 p90=0.670
Iter 0015820: train nll 0.296, valid error 100.000%, best valid error 100.000%, avg grad norm  39.465, avg grad norm (post clip)   0.053, rho_Whh  1.12, Omega  0.00, alpha  0.000, steps in the past 0.000, valid nll 0.232
  [diag] log10|dL/dh_t| hist bins=60 range=(-5.21,-3.56) mean=-4.56 p50=-4.67 p05=-5.07 p95=-4.10
  [diag] sat-dist hist bins=60 sat<0.05=0.0% mean=0.607 p10=0.537 p90=0.670
Iter 0015840: train nll 0.310, valid error 100.000%, best valid error 100.000%, avg grad norm  41.966, avg grad norm (post clip)   0.053, rho_Whh  1.12, Omega  0.00, alpha  0.000, steps in the past 0.000, valid nll 0.233
  [diag] log10|dL/dh_t| hist bins=60 range=(-5.21,-3.56) mean=-4.46 p50=-4.45 p05=-5.07 p95=-4.08
  [diag] sat-dist hist bins=60 sat<0.05=0.0% mean=0.620 p10=0.539 p90=0.672
Iter 0015860: train nll 0.269, valid error 100.000%, best valid error 100.000%, avg grad norm  39.426, avg grad norm (post clip)   0.053, rho_Whh  1.12, Omega  0.00, alpha  0.000, steps in the past 0.000, valid nll 0.247
  [diag] log10|dL/dh_t| hist bins=60 range=(-5.20,-3.57) mean=-4.35 p50=-4.10 p05=-5.05 p95=-4.05
  [diag] sat-dist hist bins=60 sat<0.05=0.0% mean=0.634 p10=0.545 p90=0.673
Iter 0015880: train nll 0.296, valid error 100.000%, best valid error 100.000%, avg grad norm  45.908, avg grad norm (post clip)   0.053, rho_Whh  1.12, Omega  0.00, alpha  0.000, steps in the past 0.000, valid nll 0.280
  [diag] log10|dL/dh_t| hist bins=60 range=(-5.21,-3.57) mean=-4.69 p50=-4.79 p05=-5.08 p95=-4.16
  [diag] sat-dist hist bins=60 sat<0.05=0.0% mean=0.589 p10=0.534 p90=0.651
Iter 0015900: train nll 0.294, valid error 100.000%, best valid error 100.000%, avg grad norm  35.957, avg grad norm (post clip)   0.053, rho_Whh  1.12, Omega  0.00, alpha  0.000, steps in the past 0.000, valid nll 0.231
  [diag] log10|dL/dh_t| hist bins=60 range=(-5.21,-3.57) mean=-4.69 p50=-4.79 p05=-5.08 p95=-4.14
  [diag] sat-dist hist bins=60 sat<0.05=0.0% mean=0.590 p10=0.534 p90=0.654
Iter 0015920: train nll 0.278, valid error 100.000%, best valid error 100.000%, avg grad norm  35.224, avg grad norm (post clip)   0.053, rho_Whh  1.12, Omega  0.00, alpha  0.000, steps in the past 0.000, valid nll 0.230
  [diag] log10|dL/dh_t| hist bins=60 range=(-5.20,-3.57) mean=-4.35 p50=-4.09 p05=-5.05 p95=-4.05
  [diag] sat-dist hist bins=60 sat<0.05=0.0% mean=0.635 p10=0.546 p90=0.674
Iter 0015940: train nll 0.292, valid error 100.000%, best valid error 100.000%, avg grad norm  48.471, avg grad norm (post clip)   0.053, rho_Whh  1.12, Omega  0.00, alpha  0.000, steps in the past 0.000, valid nll 0.281
  [diag] log10|dL/dh_t| hist bins=60 range=(-5.21,-3.57) mean=-4.68 p50=-4.78 p05=-5.08 p95=-4.14
  [diag] sat-dist hist bins=60 sat<0.05=0.0% mean=0.590 p10=0.534 p90=0.654
Iter 0015960: train nll 0.264, valid error 100.000%, best valid error 100.000%, avg grad norm  42.238, avg grad norm (post clip)   0.053, rho_Whh  1.12, Omega  0.00, alpha  0.000, steps in the past 0.000, valid nll 0.231
  [diag] log10|dL/dh_t| hist bins=60 range=(-5.21,-3.57) mean=-4.48 p50=-4.50 p05=-5.07 p95=-4.08
  [diag] sat-dist hist bins=60 sat<0.05=0.0% mean=0.618 p10=0.539 p90=0.672
Iter 0015980: train nll 0.301, valid error 100.000%, best valid error 100.000%, avg grad norm  39.310, avg grad norm (post clip)   0.053, rho_Whh  1.12, Omega  0.00, alpha  0.000, steps in the past 0.000, valid nll 0.244
  [diag] log10|dL/dh_t| hist bins=60 range=(-5.21,-3.56) mean=-4.48 p50=-4.49 p05=-5.07 p95=-4.08
  [diag] sat-dist hist bins=60 sat<0.05=0.0% mean=0.618 p10=0.539 p90=0.672
Iter 0016000: train nll 0.333, valid error 100.000%, best valid error 100.000%, avg grad norm  38.142, avg grad norm (post clip)   0.053, rho_Whh  1.12, Omega  0.00, alpha  0.000, steps in the past 0.000, valid nll 0.244
  [diag] log10|dL/dh_t| hist bins=60 range=(-5.21,-3.57) mean=-4.36 p50=-4.12 p05=-5.06 p95=-4.06
  [diag] sat-dist hist bins=60 sat<0.05=0.0% mean=0.633 p10=0.545 p90=0.673
Iter 0016020: train nll 0.310, valid error 100.000%, best valid error 100.000%, avg grad norm  38.294, avg grad norm (post clip)   0.053, rho_Whh  1.12, Omega  0.00, alpha  0.000, steps in the past 0.000, valid nll 0.276
  [diag] log10|dL/dh_t| hist bins=60 range=(-5.21,-3.56) mean=-4.52 p50=-4.60 p05=-5.07 p95=-4.08
  [diag] sat-dist hist bins=60 sat<0.05=0.0% mean=0.613 p10=0.537 p90=0.671
Iter 0016040: train nll 0.278, valid error 100.000%, best valid error 100.000%, avg grad norm  41.924, avg grad norm (post clip)   0.053, rho_Whh  1.12, Omega  0.00, alpha  0.000, steps in the past 0.000, valid nll 0.238
  [diag] log10|dL/dh_t| hist bins=60 range=(-5.21,-3.48) mean=-4.80 p50=-4.85 p05=-5.09 p95=-4.21
  [diag] sat-dist hist bins=60 sat<0.05=0.0% mean=0.570 p10=0.532 p90=0.600
Iter 0016060: train nll 0.264, valid error 100.000%, best valid error 100.000%, avg grad norm  44.296, avg grad norm (post clip)   0.053, rho_Whh  1.12, Omega  0.00, alpha  0.000, steps in the past 0.000, valid nll 0.249
  [diag] log10|dL/dh_t| hist bins=60 range=(-5.21,-3.57) mean=-4.38 p50=-4.17 p05=-5.06 p95=-4.06
  [diag] sat-dist hist bins=60 sat<0.05=0.0% mean=0.631 p10=0.543 p90=0.673
Iter 0016080: train nll 0.331, valid error 100.000%, best valid error 100.000%, avg grad norm  45.160, avg grad norm (post clip)   0.053, rho_Whh  1.12, Omega  0.00, alpha  0.000, steps in the past 0.000, valid nll 0.269
  [diag] log10|dL/dh_t| hist bins=60 range=(-5.21,-3.57) mean=-4.38 p50=-4.17 p05=-5.06 p95=-4.06
  [diag] sat-dist hist bins=60 sat<0.05=0.0% mean=0.631 p10=0.543 p90=0.673
Iter 0016100: train nll 0.304, valid error 100.000%, best valid error 100.000%, avg grad norm  39.849, avg grad norm (post clip)   0.053, rho_Whh  1.12, Omega  0.00, alpha  0.000, steps in the past 0.000, valid nll 0.269
  [diag] log10|dL/dh_t| hist bins=60 range=(-5.21,-3.57) mean=-4.46 p50=-4.45 p05=-5.07 p95=-4.07
  [diag] sat-dist hist bins=60 sat<0.05=0.0% mean=0.620 p10=0.539 p90=0.672
Iter 0016120: train nll 0.277, valid error 100.000%, best valid error 100.000%, avg grad norm  44.809, avg grad norm (post clip)   0.053, rho_Whh  1.12, Omega  0.00, alpha  0.000, steps in the past 0.000, valid nll 0.247
  [diag] log10|dL/dh_t| hist bins=60 range=(-5.21,-3.57) mean=-4.35 p50=-4.09 p05=-5.06 p95=-4.05
  [diag] sat-dist hist bins=60 sat<0.05=0.0% mean=0.634 p10=0.545 p90=0.674
Iter 0016140: train nll 0.290, valid error 100.000%, best valid error 100.000%, avg grad norm  46.519, avg grad norm (post clip)   0.053, rho_Whh  1.12, Omega  0.00, alpha  0.000, steps in the past 0.000, valid nll 0.280
  [diag] log10|dL/dh_t| hist bins=60 range=(-5.21,-3.57) mean=-4.62 p50=-4.74 p05=-5.08 p95=-4.08
  [diag] sat-dist hist bins=60 sat<0.05=0.0% mean=0.600 p10=0.534 p90=0.670
Iter 0016160: train nll 0.307, valid error 100.000%, best valid error 100.000%, avg grad norm  39.125, avg grad norm (post clip)   0.053, rho_Whh  1.12, Omega  0.00, alpha  0.000, steps in the past 0.000, valid nll 0.229
  [diag] log10|dL/dh_t| hist bins=60 range=(-5.21,-3.57) mean=-4.43 p50=-4.32 p05=-5.07 p95=-4.06
  [diag] sat-dist hist bins=60 sat<0.05=0.0% mean=0.625 p10=0.540 p90=0.673
Iter 0016180: train nll 0.317, valid error 100.000%, best valid error 100.000%, avg grad norm  46.305, avg grad norm (post clip)   0.053, rho_Whh  1.12, Omega  0.00, alpha  0.000, steps in the past 0.000, valid nll 0.256
  [diag] log10|dL/dh_t| hist bins=60 range=(-5.21,-3.57) mean=-4.43 p50=-4.32 p05=-5.07 p95=-4.06
  [diag] sat-dist hist bins=60 sat<0.05=0.0% mean=0.625 p10=0.540 p90=0.673
Iter 0016200: train nll 0.316, valid error 100.000%, best valid error 100.000%, avg grad norm  43.302, avg grad norm (post clip)   0.053, rho_Whh  1.12, Omega  0.00, alpha  0.000, steps in the past 0.000, valid nll 0.256
  [diag] log10|dL/dh_t| hist bins=60 range=(-5.21,-3.57) mean=-4.48 p50=-4.51 p05=-5.07 p95=-4.07
  [diag] sat-dist hist bins=60 sat<0.05=0.0% mean=0.618 p10=0.538 p90=0.672
Iter 0016220: train nll 0.300, valid error 100.000%, best valid error 100.000%, avg grad norm  43.749, avg grad norm (post clip)   0.053, rho_Whh  1.12, Omega  0.00, alpha  0.000, steps in the past 0.000, valid nll 0.244
  [diag] log10|dL/dh_t| hist bins=60 range=(-5.21,-3.53) mean=-4.75 p50=-4.82 p05=-5.09 p95=-4.21
  [diag] sat-dist hist bins=60 sat<0.05=0.0% mean=0.580 p10=0.532 p90=0.630
Iter 0016240: train nll 0.264, valid error 100.000%, best valid error 100.000%, avg grad norm  56.197, avg grad norm (post clip)   0.053, rho_Whh  1.12, Omega  0.00, alpha  0.000, steps in the past 0.000, valid nll 0.237
  [diag] log10|dL/dh_t| hist bins=60 range=(-5.21,-3.57) mean=-4.29 p50=-4.04 p05=-5.05 p95=-4.02
  [diag] sat-dist hist bins=60 sat<0.05=0.0% mean=0.643 p10=0.550 p90=0.676
Iter 0016260: train nll 0.350, valid error 100.000%, best valid error 100.000%, avg grad norm  34.171, avg grad norm (post clip)   0.053, rho_Whh  1.12, Omega  0.00, alpha  0.000, steps in the past 0.000, valid nll 0.309
  [diag] log10|dL/dh_t| hist bins=60 range=(-5.21,-3.57) mean=-4.72 p50=-4.81 p05=-5.09 p95=-4.21
  [diag] sat-dist hist bins=60 sat<0.05=0.0% mean=0.585 p10=0.533 p90=0.643
Iter 0016280: train nll 0.298, valid error 100.000%, best valid error 100.000%, avg grad norm  43.514, avg grad norm (post clip)   0.053, rho_Whh  1.12, Omega  0.00, alpha  0.000, steps in the past 0.000, valid nll 0.233
  [diag] log10|dL/dh_t| hist bins=60 range=(-5.21,-3.57) mean=-4.47 p50=-4.46 p05=-5.07 p95=-4.07
  [diag] sat-dist hist bins=60 sat<0.05=0.0% mean=0.620 p10=0.539 p90=0.672
Iter 0016300: train nll 0.309, valid error 100.000%, best valid error 100.000%, avg grad norm  49.072, avg grad norm (post clip)   0.053, rho_Whh  1.12, Omega  0.00, alpha  0.000, steps in the past 0.000, valid nll 0.246
  [diag] log10|dL/dh_t| hist bins=60 range=(-5.21,-3.57) mean=-4.47 p50=-4.46 p05=-5.07 p95=-4.07
  [diag] sat-dist hist bins=60 sat<0.05=0.0% mean=0.620 p10=0.539 p90=0.672
Iter 0016320: train nll 0.307, valid error 100.000%, best valid error 100.000%, avg grad norm  42.916, avg grad norm (post clip)   0.053, rho_Whh  1.12, Omega  0.00, alpha  0.000, steps in the past 0.000, valid nll 0.246
  [diag] log10|dL/dh_t| hist bins=60 range=(-5.21,-3.57) mean=-4.47 p50=-4.46 p05=-5.07 p95=-4.07
  [diag] sat-dist hist bins=60 sat<0.05=0.0% mean=0.620 p10=0.539 p90=0.672
Iter 0016340: train nll 0.313, valid error 100.000%, best valid error 100.000%, avg grad norm  44.584, avg grad norm (post clip)   0.053, rho_Whh  1.12, Omega  0.00, alpha  0.000, steps in the past 0.000, valid nll 0.246
  [diag] log10|dL/dh_t| hist bins=60 range=(-5.21,-3.57) mean=-4.46 p50=-4.45 p05=-5.07 p95=-4.07
  [diag] sat-dist hist bins=60 sat<0.05=0.0% mean=0.620 p10=0.539 p90=0.672
Iter 0016360: train nll 0.277, valid error 100.000%, best valid error 100.000%, avg grad norm  43.722, avg grad norm (post clip)   0.053, rho_Whh  1.12, Omega  0.00, alpha  0.000, steps in the past 0.000, valid nll 0.247
  [diag] log10|dL/dh_t| hist bins=60 range=(-5.21,-3.57) mean=-4.35 p50=-4.10 p05=-5.06 p95=-4.05
  [diag] sat-dist hist bins=60 sat<0.05=0.0% mean=0.634 p10=0.545 p90=0.674
Iter 0016380: train nll 0.314, valid error 100.000%, best valid error 100.000%, avg grad norm  40.065, avg grad norm (post clip)   0.053, rho_Whh  1.12, Omega  0.00, alpha  0.000, steps in the past 0.000, valid nll 0.280
  [diag] log10|dL/dh_t| hist bins=60 range=(-5.21,-3.57) mean=-4.46 p50=-4.45 p05=-5.07 p95=-4.07
  [diag] sat-dist hist bins=60 sat<0.05=0.0% mean=0.620 p10=0.539 p90=0.672
Iter 0016400: train nll 0.284, valid error 100.000%, best valid error 100.000%, avg grad norm  46.742, avg grad norm (post clip)   0.053, rho_Whh  1.12, Omega  0.00, alpha  0.000, steps in the past 0.000, valid nll 0.247
  [diag] log10|dL/dh_t| hist bins=60 range=(-5.21,-3.57) mean=-4.46 p50=-4.44 p05=-5.07 p95=-4.07
  [diag] sat-dist hist bins=60 sat<0.05=0.0% mean=0.621 p10=0.539 p90=0.672
Iter 0016420: train nll 0.310, valid error 100.000%, best valid error 100.000%, avg grad norm  40.194, avg grad norm (post clip)   0.053, rho_Whh  1.12, Omega  0.00, alpha  0.000, steps in the past 0.000, valid nll 0.247
  [diag] log10|dL/dh_t| hist bins=60 range=(-5.21,-3.57) mean=-4.46 p50=-4.44 p05=-5.07 p95=-4.08
  [diag] sat-dist hist bins=60 sat<0.05=0.0% mean=0.621 p10=0.539 p90=0.672
Iter 0016440: train nll 0.284, valid error 100.000%, best valid error 100.000%, avg grad norm  48.933, avg grad norm (post clip)   0.053, rho_Whh  1.12, Omega  0.00, alpha  0.000, steps in the past 0.000, valid nll 0.247
  [diag] log10|dL/dh_t| hist bins=60 range=(-5.21,-3.54) mean=-4.74 p50=-4.82 p05=-5.09 p95=-4.21
  [diag] sat-dist hist bins=60 sat<0.05=0.0% mean=0.582 p10=0.533 p90=0.633
Iter 0016460: train nll 0.249, valid error 100.000%, best valid error 100.000%, avg grad norm  48.381, avg grad norm (post clip)   0.053, rho_Whh  1.12, Omega  0.00, alpha  0.000, steps in the past 0.000, valid nll 0.236
  [diag] log10|dL/dh_t| hist bins=60 range=(-5.21,-3.57) mean=-4.48 p50=-4.50 p05=-5.07 p95=-4.08
  [diag] sat-dist hist bins=60 sat<0.05=0.0% mean=0.619 p10=0.538 p90=0.672
Iter 0016480: train nll 0.305, valid error 100.000%, best valid error 100.000%, avg grad norm  47.066, avg grad norm (post clip)   0.053, rho_Whh  1.12, Omega  0.00, alpha  0.000, steps in the past 0.000, valid nll 0.244
  [diag] log10|dL/dh_t| hist bins=60 range=(-5.21,-3.57) mean=-4.50 p50=-4.55 p05=-5.08 p95=-4.08
  [diag] sat-dist hist bins=60 sat<0.05=0.0% mean=0.616 p10=0.538 p90=0.672
Iter 0016500: train nll 0.292, valid error 100.000%, best valid error 100.000%, avg grad norm  41.247, avg grad norm (post clip)   0.053, rho_Whh  1.12, Omega  0.00, alpha  0.000, steps in the past 0.000, valid nll 0.240
  [diag] log10|dL/dh_t| hist bins=60 range=(-5.21,-3.57) mean=-4.50 p50=-4.56 p05=-5.08 p95=-4.08
  [diag] sat-dist hist bins=60 sat<0.05=0.0% mean=0.616 p10=0.537 p90=0.672
Iter 0016520: train nll 0.303, valid error 100.000%, best valid error 100.000%, avg grad norm  41.357, avg grad norm (post clip)   0.053, rho_Whh  1.12, Omega  0.00, alpha  0.000, steps in the past 0.000, valid nll 0.240
  [diag] log10|dL/dh_t| hist bins=60 range=(-5.21,-3.57) mean=-4.46 p50=-4.44 p05=-5.07 p95=-4.07
  [diag] sat-dist hist bins=60 sat<0.05=0.0% mean=0.621 p10=0.538 p90=0.673
Iter 0016540: train nll 0.304, valid error 100.000%, best valid error 100.000%, avg grad norm  44.704, avg grad norm (post clip)   0.053, rho_Whh  1.12, Omega  0.00, alpha  0.000, steps in the past 0.000, valid nll 0.248
  [diag] log10|dL/dh_t| hist bins=60 range=(-5.21,-3.57) mean=-4.37 p50=-4.13 p05=-5.07 p95=-4.04
  [diag] sat-dist hist bins=60 sat<0.05=0.0% mean=0.632 p10=0.542 p90=0.675
Iter 0016560: train nll 0.280, valid error 100.000%, best valid error 100.000%, avg grad norm  44.436, avg grad norm (post clip)   0.053, rho_Whh  1.12, Omega  0.00, alpha  0.000, steps in the past 0.000, valid nll 0.274
  [diag] log10|dL/dh_t| hist bins=60 range=(-5.21,-3.57) mean=-4.50 p50=-4.57 p05=-5.08 p95=-4.07
  [diag] sat-dist hist bins=60 sat<0.05=0.0% mean=0.615 p10=0.537 p90=0.673
Iter 0016580: train nll 0.288, valid error 100.000%, best valid error 100.000%, avg grad norm  43.544, avg grad norm (post clip)   0.053, rho_Whh  1.12, Omega  0.00, alpha  0.000, steps in the past 0.000, valid nll 0.240
  [diag] log10|dL/dh_t| hist bins=60 range=(-5.22,-3.57) mean=-4.51 p50=-4.59 p05=-5.08 p95=-4.06
  [diag] sat-dist hist bins=60 sat<0.05=0.0% mean=0.614 p10=0.536 p90=0.673
Iter 0016600: train nll 0.276, valid error 100.000%, best valid error 100.000%, avg grad norm  49.411, avg grad norm (post clip)   0.053, rho_Whh  1.12, Omega  0.00, alpha  0.000, steps in the past 0.000, valid nll 0.238
  [diag] log10|dL/dh_t| hist bins=60 range=(-5.22,-3.57) mean=-4.49 p50=-4.53 p05=-5.08 p95=-4.06
  [diag] sat-dist hist bins=60 sat<0.05=0.0% mean=0.617 p10=0.537 p90=0.674
Iter 0016620: train nll 0.304, valid error 100.000%, best valid error 100.000%, avg grad norm  45.339, avg grad norm (post clip)   0.053, rho_Whh  1.12, Omega  0.00, alpha  0.000, steps in the past 0.000, valid nll 0.242
  [diag] log10|dL/dh_t| hist bins=60 range=(-5.22,-3.57) mean=-4.49 p50=-4.53 p05=-5.08 p95=-4.06
  [diag] sat-dist hist bins=60 sat<0.05=0.0% mean=0.617 p10=0.537 p90=0.673
Iter 0016640: train nll 0.333, valid error 100.000%, best valid error 100.000%, avg grad norm  41.294, avg grad norm (post clip)   0.053, rho_Whh  1.12, Omega  0.00, alpha  0.000, steps in the past 0.000, valid nll 0.242
  [diag] log10|dL/dh_t| hist bins=60 range=(-5.21,-3.57) mean=-4.49 p50=-4.53 p05=-5.08 p95=-4.06
  [diag] sat-dist hist bins=60 sat<0.05=0.0% mean=0.617 p10=0.537 p90=0.673
Iter 0016660: train nll 0.313, valid error 100.000%, best valid error 100.000%, avg grad norm  44.713, avg grad norm (post clip)   0.053, rho_Whh  1.12, Omega  0.00, alpha  0.000, steps in the past 0.000, valid nll 0.242
  [diag] log10|dL/dh_t| hist bins=60 range=(-5.21,-3.57) mean=-4.44 p50=-4.39 p05=-5.08 p95=-4.05
  [diag] sat-dist hist bins=60 sat<0.05=0.0% mean=0.623 p10=0.538 p90=0.674
Iter 0016680: train nll 0.318, valid error 100.000%, best valid error 100.000%, avg grad norm  38.177, avg grad norm (post clip)   0.053, rho_Whh  1.12, Omega  0.00, alpha  0.000, steps in the past 0.000, valid nll 0.252
  [diag] log10|dL/dh_t| hist bins=60 range=(-5.21,-3.57) mean=-4.44 p50=-4.39 p05=-5.08 p95=-4.05
  [diag] sat-dist hist bins=60 sat<0.05=0.0% mean=0.623 p10=0.538 p90=0.674
Iter 0016700: train nll 0.307, valid error 100.000%, best valid error 100.000%, avg grad norm  48.282, avg grad norm (post clip)   0.053, rho_Whh  1.12, Omega  0.00, alpha  0.000, steps in the past 0.000, valid nll 0.252
  [diag] log10|dL/dh_t| hist bins=60 range=(-5.21,-3.57) mean=-4.28 p50=-4.03 p05=-5.05 p95=-4.01
  [diag] sat-dist hist bins=60 sat<0.05=0.0% mean=0.644 p10=0.550 p90=0.677
Iter 0016720: train nll 0.301, valid error 100.000%, best valid error 100.000%, avg grad norm  46.946, avg grad norm (post clip)   0.053, rho_Whh  1.12, Omega  0.00, alpha  0.000, steps in the past 0.000, valid nll 0.313
  [diag] log10|dL/dh_t| hist bins=60 range=(-5.22,-3.57) mean=-4.70 p50=-4.80 p05=-5.09 p95=-4.12
  [diag] sat-dist hist bins=60 sat<0.05=0.0% mean=0.589 p10=0.532 p90=0.656
Iter 0016740: train nll 0.279, valid error 100.000%, best valid error 100.000%, avg grad norm  40.657, avg grad norm (post clip)   0.053, rho_Whh  1.12, Omega  0.00, alpha  0.000, steps in the past 0.000, valid nll 0.230
  [diag] log10|dL/dh_t| hist bins=60 range=(-5.22,-3.57) mean=-4.45 p50=-4.42 p05=-5.08 p95=-4.06
  [diag] sat-dist hist bins=60 sat<0.05=0.0% mean=0.621 p10=0.538 p90=0.674
Iter 0016760: train nll 0.293, valid error 100.000%, best valid error 100.000%, avg grad norm  50.861, avg grad norm (post clip)   0.053, rho_Whh  1.12, Omega  0.00, alpha  0.000, steps in the past 0.000, valid nll 0.249
  [diag] log10|dL/dh_t| hist bins=60 range=(-5.22,-3.57) mean=-4.45 p50=-4.42 p05=-5.08 p95=-4.06
  [diag] sat-dist hist bins=60 sat<0.05=0.0% mean=0.622 p10=0.538 p90=0.674
Iter 0016780: train nll 0.289, valid error 100.000%, best valid error 100.000%, avg grad norm  47.418, avg grad norm (post clip)   0.053, rho_Whh  1.12, Omega  0.00, alpha  0.000, steps in the past 0.000, valid nll 0.249
  [diag] log10|dL/dh_t| hist bins=60 range=(-5.22,-3.57) mean=-4.45 p50=-4.43 p05=-5.08 p95=-4.06
  [diag] sat-dist hist bins=60 sat<0.05=0.0% mean=0.621 p10=0.538 p90=0.674
Iter 0016800: train nll 0.296, valid error 100.000%, best valid error 100.000%, avg grad norm  36.595, avg grad norm (post clip)   0.053, rho_Whh  1.12, Omega  0.00, alpha  0.000, steps in the past 0.000, valid nll 0.249
  [diag] log10|dL/dh_t| hist bins=60 range=(-5.22,-3.57) mean=-4.69 p50=-4.80 p05=-5.09 p95=-4.12
  [diag] sat-dist hist bins=60 sat<0.05=0.0% mean=0.589 p10=0.532 p90=0.656
Iter 0016820: train nll 0.276, valid error 100.000%, best valid error 100.000%, avg grad norm  47.872, avg grad norm (post clip)   0.053, rho_Whh  1.12, Omega  0.00, alpha  0.000, steps in the past 0.000, valid nll 0.230
  [diag] log10|dL/dh_t| hist bins=60 range=(-5.22,-3.57) mean=-4.49 p50=-4.54 p05=-5.08 p95=-4.06
  [diag] sat-dist hist bins=60 sat<0.05=0.0% mean=0.617 p10=0.536 p90=0.674
Iter 0016840: train nll 0.296, valid error 100.000%, best valid error 100.000%, avg grad norm  44.338, avg grad norm (post clip)   0.053, rho_Whh  1.12, Omega  0.00, alpha  0.000, steps in the past 0.000, valid nll 0.242
  [diag] log10|dL/dh_t| hist bins=60 range=(-5.22,-3.57) mean=-4.53 p50=-4.65 p05=-5.09 p95=-4.05
  [diag] sat-dist hist bins=60 sat<0.05=0.0% mean=0.610 p10=0.534 p90=0.674
Iter 0016860: train nll 0.266, valid error 100.000%, best valid error 100.000%, avg grad norm  44.266, avg grad norm (post clip)   0.053, rho_Whh  1.12, Omega  0.00, alpha  0.000, steps in the past 0.000, valid nll 0.235
  [diag] log10|dL/dh_t| hist bins=60 range=(-5.21,-3.57) mean=-4.30 p50=-4.03 p05=-5.06 p95=-4.01
  [diag] sat-dist hist bins=60 sat<0.05=0.0% mean=0.640 p10=0.546 p90=0.677
Iter 0016880: train nll 0.324, valid error 100.000%, best valid error 100.000%, avg grad norm  42.710, avg grad norm (post clip)   0.053, rho_Whh  1.12, Omega  0.00, alpha  0.000, steps in the past 0.000, valid nll 0.303
  [diag] log10|dL/dh_t| hist bins=60 range=(-5.22,-3.57) mean=-4.53 p50=-4.64 p05=-5.09 p95=-4.06
  [diag] sat-dist hist bins=60 sat<0.05=0.0% mean=0.611 p10=0.535 p90=0.674
Iter 0016900: train nll 0.309, valid error 100.000%, best valid error 100.000%, avg grad norm  47.245, avg grad norm (post clip)   0.053, rho_Whh  1.12, Omega  0.00, alpha  0.000, steps in the past 0.000, valid nll 0.235
  [diag] log10|dL/dh_t| hist bins=60 range=(-5.22,-3.57) mean=-4.53 p50=-4.64 p05=-5.09 p95=-4.06
  [diag] sat-dist hist bins=60 sat<0.05=0.0% mean=0.611 p10=0.535 p90=0.674
Iter 0016920: train nll 0.278, valid error 100.000%, best valid error 100.000%, avg grad norm  55.208, avg grad norm (post clip)   0.053, rho_Whh  1.12, Omega  0.00, alpha  0.000, steps in the past 0.000, valid nll 0.235
  [diag] log10|dL/dh_t| hist bins=60 range=(-5.22,-3.57) mean=-4.38 p50=-4.17 p05=-5.07 p95=-4.04
  [diag] sat-dist hist bins=60 sat<0.05=0.0% mean=0.630 p10=0.541 p90=0.675
Iter 0016940: train nll 0.336, valid error 100.000%, best valid error 100.000%, avg grad norm  44.418, avg grad norm (post clip)   0.053, rho_Whh  1.12, Omega  0.00, alpha  0.000, steps in the past 0.000, valid nll 0.269
  [diag] log10|dL/dh_t| hist bins=60 range=(-5.22,-3.57) mean=-4.54 p50=-4.65 p05=-5.09 p95=-4.06
  [diag] sat-dist hist bins=60 sat<0.05=0.0% mean=0.610 p10=0.534 p90=0.674
Iter 0016960: train nll 0.290, valid error 100.000%, best valid error 100.000%, avg grad norm  41.674, avg grad norm (post clip)   0.053, rho_Whh  1.12, Omega  0.00, alpha  0.000, steps in the past 0.000, valid nll 0.235
  [diag] log10|dL/dh_t| hist bins=60 range=(-5.22,-3.57) mean=-4.54 p50=-4.65 p05=-5.09 p95=-4.06
  [diag] sat-dist hist bins=60 sat<0.05=0.0% mean=0.610 p10=0.535 p90=0.674
Iter 0016980: train nll 0.322, valid error 100.000%, best valid error 100.000%, avg grad norm  43.904, avg grad norm (post clip)   0.053, rho_Whh  1.12, Omega  0.00, alpha  0.000, steps in the past 0.000, valid nll 0.235
  [diag] log10|dL/dh_t| hist bins=60 range=(-5.21,-3.57) mean=-4.30 p50=-4.04 p05=-5.06 p95=-4.02
  [diag] sat-dist hist bins=60 sat<0.05=0.0% mean=0.640 p10=0.546 p90=0.677
Iter 0017000: train nll 0.303, valid error 100.000%, best valid error 100.000%, avg grad norm  38.551, avg grad norm (post clip)   0.053, rho_Whh  1.12, Omega  0.00, alpha  0.000, steps in the past 0.000, valid nll 0.302
  [diag] log10|dL/dh_t| hist bins=60 range=(-5.22,-3.57) mean=-4.39 p50=-4.18 p05=-5.07 p95=-4.04
  [diag] sat-dist hist bins=60 sat<0.05=0.0% mean=0.630 p10=0.540 p90=0.676
Iter 0017020: train nll 0.318, valid error 100.000%, best valid error 100.000%, avg grad norm  41.606, avg grad norm (post clip)   0.053, rho_Whh  1.12, Omega  0.00, alpha  0.000, steps in the past 0.000, valid nll 0.268
  [diag] log10|dL/dh_t| hist bins=60 range=(-5.22,-3.57) mean=-4.54 p50=-4.65 p05=-5.09 p95=-4.06
  [diag] sat-dist hist bins=60 sat<0.05=0.0% mean=0.610 p10=0.535 p90=0.674
Iter 0017040: train nll 0.290, valid error 100.000%, best valid error 100.000%, avg grad norm  48.459, avg grad norm (post clip)   0.053, rho_Whh  1.12, Omega  0.00, alpha  0.000, steps in the past 0.000, valid nll 0.235
  [diag] log10|dL/dh_t| hist bins=60 range=(-5.22,-3.57) mean=-4.53 p50=-4.65 p05=-5.09 p95=-4.06
  [diag] sat-dist hist bins=60 sat<0.05=0.0% mean=0.610 p10=0.535 p90=0.674
Iter 0017060: train nll 0.274, valid error 100.000%, best valid error 100.000%, avg grad norm  54.242, avg grad norm (post clip)   0.053, rho_Whh  1.12, Omega  0.00, alpha  0.000, steps in the past 0.000, valid nll 0.235
  [diag] log10|dL/dh_t| hist bins=60 range=(-5.22,-3.57) mean=-4.54 p50=-4.65 p05=-5.09 p95=-4.06
  [diag] sat-dist hist bins=60 sat<0.05=0.0% mean=0.611 p10=0.535 p90=0.674
Iter 0017080: train nll 0.302, valid error 100.000%, best valid error 100.000%, avg grad norm  53.997, avg grad norm (post clip)   0.053, rho_Whh  1.12, Omega  0.00, alpha  0.000, steps in the past 0.000, valid nll 0.235
  [diag] log10|dL/dh_t| hist bins=60 range=(-5.22,-3.57) mean=-4.39 p50=-4.19 p05=-5.07 p95=-4.04
  [diag] sat-dist hist bins=60 sat<0.05=0.0% mean=0.630 p10=0.540 p90=0.675
Iter 0017100: train nll 0.326, valid error 100.000%, best valid error 100.000%, avg grad norm  39.935, avg grad norm (post clip)   0.053, rho_Whh  1.12, Omega  0.00, alpha  0.000, steps in the past 0.000, valid nll 0.267
  [diag] log10|dL/dh_t| hist bins=60 range=(-5.22,-3.57) mean=-4.49 p50=-4.54 p05=-5.08 p95=-4.05
  [diag] sat-dist hist bins=60 sat<0.05=0.0% mean=0.617 p10=0.536 p90=0.674
Iter 0017120: train nll 0.275, valid error 100.000%, best valid error 100.000%, avg grad norm  46.671, avg grad norm (post clip)   0.053, rho_Whh  1.12, Omega  0.00, alpha  0.000, steps in the past 0.000, valid nll 0.242
  [diag] log10|dL/dh_t| hist bins=60 range=(-5.22,-3.57) mean=-4.49 p50=-4.54 p05=-5.08 p95=-4.06
  [diag] sat-dist hist bins=60 sat<0.05=0.0% mean=0.617 p10=0.536 p90=0.674
Iter 0017140: train nll 0.296, valid error 100.000%, best valid error 100.000%, avg grad norm  52.929, avg grad norm (post clip)   0.053, rho_Whh  1.12, Omega  0.00, alpha  0.000, steps in the past 0.000, valid nll 0.242
  [diag] log10|dL/dh_t| hist bins=60 range=(-5.22,-3.57) mean=-4.49 p50=-4.54 p05=-5.08 p95=-4.06
  [diag] sat-dist hist bins=60 sat<0.05=0.0% mean=0.617 p10=0.536 p90=0.674
Iter 0017160: train nll 0.318, valid error 100.000%, best valid error 100.000%, avg grad norm  44.938, avg grad norm (post clip)   0.053, rho_Whh  1.12, Omega  0.00, alpha  0.000, steps in the past 0.000, valid nll 0.242
  [diag] log10|dL/dh_t| hist bins=60 range=(-5.22,-3.57) mean=-4.36 p50=-4.11 p05=-5.07 p95=-4.04
  [diag] sat-dist hist bins=60 sat<0.05=0.0% mean=0.633 p10=0.542 p90=0.676
Iter 0017180: train nll 0.300, valid error 100.000%, best valid error 100.000%, avg grad norm  45.448, avg grad norm (post clip)   0.053, rho_Whh  1.12, Omega  0.00, alpha  0.000, steps in the past 0.000, valid nll 0.277
  [diag] log10|dL/dh_t| hist bins=60 range=(-5.22,-3.57) mean=-4.49 p50=-4.53 p05=-5.08 p95=-4.06
  [diag] sat-dist hist bins=60 sat<0.05=0.0% mean=0.617 p10=0.536 p90=0.674
Iter 0017200: train nll 0.311, valid error 100.000%, best valid error 100.000%, avg grad norm  44.845, avg grad norm (post clip)   0.053, rho_Whh  1.12, Omega  0.00, alpha  0.000, steps in the past 0.000, valid nll 0.242
  [diag] log10|dL/dh_t| hist bins=60 range=(-5.22,-3.57) mean=-4.51 p50=-4.59 p05=-5.09 p95=-4.06
  [diag] sat-dist hist bins=60 sat<0.05=0.0% mean=0.614 p10=0.535 p90=0.674
Iter 0017220: train nll 0.297, valid error 100.000%, best valid error 100.000%, avg grad norm  45.958, avg grad norm (post clip)   0.053, rho_Whh  1.12, Omega  0.00, alpha  0.000, steps in the past 0.000, valid nll 0.239
  [diag] log10|dL/dh_t| hist bins=60 range=(-5.22,-3.57) mean=-4.51 p50=-4.59 p05=-5.09 p95=-4.06
  [diag] sat-dist hist bins=60 sat<0.05=0.0% mean=0.614 p10=0.535 p90=0.674
Iter 0017240: train nll 0.267, valid error 100.000%, best valid error 100.000%, avg grad norm  56.804, avg grad norm (post clip)   0.053, rho_Whh  1.12, Omega  0.00, alpha  0.000, steps in the past 0.000, valid nll 0.239
  [diag] log10|dL/dh_t| hist bins=60 range=(-5.22,-3.57) mean=-4.51 p50=-4.61 p05=-5.09 p95=-4.06
  [diag] sat-dist hist bins=60 sat<0.05=0.0% mean=0.613 p10=0.535 p90=0.674
Iter 0017260: train nll 0.278, valid error 100.000%, best valid error 100.000%, avg grad norm  46.305, avg grad norm (post clip)   0.053, rho_Whh  1.12, Omega  0.00, alpha  0.000, steps in the past 0.000, valid nll 0.237
  [diag] log10|dL/dh_t| hist bins=60 range=(-5.22,-3.48) mean=-4.82 p50=-4.87 p05=-5.10 p95=-4.21
  [diag] sat-dist hist bins=60 sat<0.05=0.0% mean=0.568 p10=0.530 p90=0.595
Iter 0017280: train nll 0.314, valid error 100.000%, best valid error 100.000%, avg grad norm  51.279, avg grad norm (post clip)   0.053, rho_Whh  1.12, Omega  0.00, alpha  0.000, steps in the past 0.000, valid nll 0.250
  [diag] log10|dL/dh_t| hist bins=60 range=(-5.22,-3.48) mean=-4.82 p50=-4.87 p05=-5.10 p95=-4.21
  [diag] sat-dist hist bins=60 sat<0.05=0.0% mean=0.568 p10=0.530 p90=0.596
Iter 0017300: train nll 0.297, valid error 100.000%, best valid error 100.000%, avg grad norm  45.964, avg grad norm (post clip)   0.053, rho_Whh  1.12, Omega  0.00, alpha  0.000, steps in the past 0.000, valid nll 0.250
  [diag] log10|dL/dh_t| hist bins=60 range=(-5.22,-3.57) mean=-4.52 p50=-4.61 p05=-5.09 p95=-4.06
  [diag] sat-dist hist bins=60 sat<0.05=0.0% mean=0.613 p10=0.535 p90=0.674
Iter 0017320: train nll 0.301, valid error 100.000%, best valid error 100.000%, avg grad norm  50.914, avg grad norm (post clip)   0.053, rho_Whh  1.12, Omega  0.00, alpha  0.000, steps in the past 0.000, valid nll 0.237
  [diag] log10|dL/dh_t| hist bins=60 range=(-5.22,-3.57) mean=-4.52 p50=-4.61 p05=-5.09 p95=-4.06
  [diag] sat-dist hist bins=60 sat<0.05=0.0% mean=0.613 p10=0.535 p90=0.674
Iter 0017340: train nll 0.267, valid error 100.000%, best valid error 100.000%, avg grad norm  52.508, avg grad norm (post clip)   0.053, rho_Whh  1.12, Omega  0.00, alpha  0.000, steps in the past 0.000, valid nll 0.237
  [diag] log10|dL/dh_t| hist bins=60 range=(-5.22,-3.57) mean=-4.52 p50=-4.61 p05=-5.09 p95=-4.06
  [diag] sat-dist hist bins=60 sat<0.05=0.0% mean=0.613 p10=0.535 p90=0.674
Iter 0017360: train nll 0.313, valid error 100.000%, best valid error 100.000%, avg grad norm  45.139, avg grad norm (post clip)   0.053, rho_Whh  1.12, Omega  0.00, alpha  0.000, steps in the past 0.000, valid nll 0.237
  [diag] log10|dL/dh_t| hist bins=60 range=(-5.22,-3.57) mean=-4.52 p50=-4.61 p05=-5.09 p95=-4.06
  [diag] sat-dist hist bins=60 sat<0.05=0.0% mean=0.613 p10=0.535 p90=0.674
Iter 0017380: train nll 0.278, valid error 100.000%, best valid error 100.000%, avg grad norm  46.470, avg grad norm (post clip)   0.053, rho_Whh  1.12, Omega  0.00, alpha  0.000, steps in the past 0.000, valid nll 0.237
  [diag] log10|dL/dh_t| hist bins=60 range=(-5.22,-3.57) mean=-4.38 p50=-4.16 p05=-5.07 p95=-4.04
  [diag] sat-dist hist bins=60 sat<0.05=0.0% mean=0.631 p10=0.541 p90=0.675
Iter 0017400: train nll 0.299, valid error 100.000%, best valid error 100.000%, avg grad norm  51.503, avg grad norm (post clip)   0.053, rho_Whh  1.12, Omega  0.00, alpha  0.000, steps in the past 0.000, valid nll 0.270
  [diag] log10|dL/dh_t| hist bins=60 range=(-5.22,-3.57) mean=-4.38 p50=-4.16 p05=-5.07 p95=-4.05
  [diag] sat-dist hist bins=60 sat<0.05=0.0% mean=0.631 p10=0.542 p90=0.675
Iter 0017420: train nll 0.331, valid error 100.000%, best valid error 100.000%, avg grad norm  42.287, avg grad norm (post clip)   0.053, rho_Whh  1.12, Omega  0.00, alpha  0.000, steps in the past 0.000, valid nll 0.270
  [diag] log10|dL/dh_t| hist bins=60 range=(-5.21,-3.57) mean=-4.30 p50=-4.04 p05=-5.06 p95=-4.03
  [diag] sat-dist hist bins=60 sat<0.05=0.0% mean=0.641 p10=0.548 p90=0.677
Iter 0017440: train nll 0.311, valid error 100.000%, best valid error 100.000%, avg grad norm  45.450, avg grad norm (post clip)   0.053, rho_Whh  1.12, Omega  0.00, alpha  0.000, steps in the past 0.000, valid nll 0.302
  [diag] log10|dL/dh_t| hist bins=60 range=(-5.22,-3.57) mean=-4.49 p50=-4.52 p05=-5.08 p95=-4.06
  [diag] sat-dist hist bins=60 sat<0.05=0.0% mean=0.618 p10=0.537 p90=0.674
Iter 0017460: train nll 0.293, valid error 100.000%, best valid error 100.000%, avg grad norm  43.242, avg grad norm (post clip)   0.053, rho_Whh  1.12, Omega  0.00, alpha  0.000, steps in the past 0.000, valid nll 0.242
  [diag] log10|dL/dh_t| hist bins=60 range=(-5.22,-3.57) mean=-4.49 p50=-4.53 p05=-5.08 p95=-4.06
  [diag] sat-dist hist bins=60 sat<0.05=0.0% mean=0.617 p10=0.537 p90=0.674
Iter 0017480: train nll 0.284, valid error 100.000%, best valid error 100.000%, avg grad norm  43.908, avg grad norm (post clip)   0.053, rho_Whh  1.12, Omega  0.00, alpha  0.000, steps in the past 0.000, valid nll 0.242
  [diag] log10|dL/dh_t| hist bins=60 range=(-5.22,-3.57) mean=-4.49 p50=-4.53 p05=-5.08 p95=-4.06
  [diag] sat-dist hist bins=60 sat<0.05=0.0% mean=0.617 p10=0.537 p90=0.674
Iter 0017500: train nll 0.286, valid error 100.000%, best valid error 100.000%, avg grad norm  52.909, avg grad norm (post clip)   0.053, rho_Whh  1.12, Omega  0.00, alpha  0.000, steps in the past 0.000, valid nll 0.242
  [diag] log10|dL/dh_t| hist bins=60 range=(-5.22,-3.54) mean=-4.75 p50=-4.83 p05=-5.10 p95=-4.21
  [diag] sat-dist hist bins=60 sat<0.05=0.0% mean=0.580 p10=0.532 p90=0.632
Iter 0017520: train nll 0.310, valid error 100.000%, best valid error 100.000%, avg grad norm  42.729, avg grad norm (post clip)   0.053, rho_Whh  1.12, Omega  0.00, alpha  0.000, steps in the past 0.000, valid nll 0.236
  [diag] log10|dL/dh_t| hist bins=60 range=(-5.22,-3.57) mean=-4.34 p50=-4.06 p05=-5.07 p95=-4.03
  [diag] sat-dist hist bins=60 sat<0.05=0.0% mean=0.636 p10=0.544 p90=0.676
Iter 0017540: train nll 0.347, valid error 100.000%, best valid error 100.000%, avg grad norm  41.124, avg grad norm (post clip)   0.053, rho_Whh  1.12, Omega  0.00, alpha  0.000, steps in the past 0.000, valid nll 0.285
  [diag] log10|dL/dh_t| hist bins=60 range=(-5.22,-3.57) mean=-4.46 p50=-4.45 p05=-5.08 p95=-4.05
  [diag] sat-dist hist bins=60 sat<0.05=0.0% mean=0.621 p10=0.537 p90=0.675
Iter 0017560: train nll 0.328, valid error 100.000%, best valid error 100.000%, avg grad norm  33.857, avg grad norm (post clip)   0.053, rho_Whh  1.12, Omega  0.00, alpha  0.000, steps in the past 0.000, valid nll 0.248
  [diag] log10|dL/dh_t| hist bins=60 range=(-5.22,-3.57) mean=-4.46 p50=-4.44 p05=-5.08 p95=-4.05
  [diag] sat-dist hist bins=60 sat<0.05=0.0% mean=0.621 p10=0.537 p90=0.675
Iter 0017580: train nll 0.268, valid error 100.000%, best valid error 100.000%, avg grad norm  46.129, avg grad norm (post clip)   0.053, rho_Whh  1.12, Omega  0.00, alpha  0.000, steps in the past 0.000, valid nll 0.248
  [diag] log10|dL/dh_t| hist bins=60 range=(-5.22,-3.57) mean=-4.35 p50=-4.07 p05=-5.07 p95=-4.03
  [diag] sat-dist hist bins=60 sat<0.05=0.0% mean=0.635 p10=0.543 p90=0.676
Iter 0017600: train nll 0.317, valid error 100.000%, best valid error 100.000%, avg grad norm  47.621, avg grad norm (post clip)   0.053, rho_Whh  1.12, Omega  0.00, alpha  0.000, steps in the past 0.000, valid nll 0.282
  [diag] log10|dL/dh_t| hist bins=60 range=(-5.22,-3.57) mean=-4.46 p50=-4.44 p05=-5.08 p95=-4.06
  [diag] sat-dist hist bins=60 sat<0.05=0.0% mean=0.621 p10=0.537 p90=0.675
Iter 0017620: train nll 0.297, valid error 100.000%, best valid error 100.000%, avg grad norm  46.836, avg grad norm (post clip)   0.053, rho_Whh  1.12, Omega  0.00, alpha  0.000, steps in the past 0.000, valid nll 0.248
  [diag] log10|dL/dh_t| hist bins=60 range=(-5.22,-3.57) mean=-4.46 p50=-4.44 p05=-5.08 p95=-4.06
  [diag] sat-dist hist bins=60 sat<0.05=0.0% mean=0.621 p10=0.537 p90=0.674
Iter 0017640: train nll 0.284, valid error 100.000%, best valid error 100.000%, avg grad norm  53.588, avg grad norm (post clip)   0.053, rho_Whh  1.12, Omega  0.00, alpha  0.000, steps in the past 0.000, valid nll 0.248
  [diag] log10|dL/dh_t| hist bins=60 range=(-5.22,-3.57) mean=-4.46 p50=-4.44 p05=-5.08 p95=-4.06
  [diag] sat-dist hist bins=60 sat<0.05=0.0% mean=0.621 p10=0.538 p90=0.674
Iter 0017660: train nll 0.320, valid error 100.000%, best valid error 100.000%, avg grad norm  38.795, avg grad norm (post clip)   0.053, rho_Whh  1.12, Omega  0.00, alpha  0.000, steps in the past 0.000, valid nll 0.248
  [diag] log10|dL/dh_t| hist bins=60 range=(-5.22,-3.57) mean=-4.46 p50=-4.44 p05=-5.08 p95=-4.06
  [diag] sat-dist hist bins=60 sat<0.05=0.0% mean=0.621 p10=0.538 p90=0.674
Iter 0017680: train nll 0.276, valid error 100.000%, best valid error 100.000%, avg grad norm  53.280, avg grad norm (post clip)   0.053, rho_Whh  1.12, Omega  0.00, alpha  0.000, steps in the past 0.000, valid nll 0.247
  [diag] log10|dL/dh_t| hist bins=60 range=(-5.22,-3.57) mean=-4.71 p50=-4.80 p05=-5.09 p95=-4.15
  [diag] sat-dist hist bins=60 sat<0.05=0.0% mean=0.588 p10=0.532 p90=0.653
Iter 0017700: train nll 0.298, valid error 100.000%, best valid error 100.000%, avg grad norm  43.653, avg grad norm (post clip)   0.053, rho_Whh  1.12, Omega  0.00, alpha  0.000, steps in the past 0.000, valid nll 0.230
  [diag] log10|dL/dh_t| hist bins=60 range=(-5.22,-3.57) mean=-4.46 p50=-4.44 p05=-5.08 p95=-4.06
  [diag] sat-dist hist bins=60 sat<0.05=0.0% mean=0.621 p10=0.538 p90=0.674
Iter 0017720: train nll 0.301, valid error 100.000%, best valid error 100.000%, avg grad norm  47.929, avg grad norm (post clip)   0.053, rho_Whh  1.12, Omega  0.00, alpha  0.000, steps in the past 0.000, valid nll 0.247
  [diag] log10|dL/dh_t| hist bins=60 range=(-5.22,-3.57) mean=-4.46 p50=-4.44 p05=-5.08 p95=-4.06
  [diag] sat-dist hist bins=60 sat<0.05=0.0% mean=0.621 p10=0.538 p90=0.674
Iter 0017740: train nll 0.300, valid error 100.000%, best valid error 100.000%, avg grad norm  48.149, avg grad norm (post clip)   0.053, rho_Whh  1.12, Omega  0.00, alpha  0.000, steps in the past 0.000, valid nll 0.247
  [diag] log10|dL/dh_t| hist bins=60 range=(-5.22,-3.57) mean=-4.46 p50=-4.44 p05=-5.08 p95=-4.06
  [diag] sat-dist hist bins=60 sat<0.05=0.0% mean=0.621 p10=0.538 p90=0.674
Iter 0017760: train nll 0.300, valid error 100.000%, best valid error 100.000%, avg grad norm  48.557, avg grad norm (post clip)   0.053, rho_Whh  1.12, Omega  0.00, alpha  0.000, steps in the past 0.000, valid nll 0.247
  [diag] log10|dL/dh_t| hist bins=60 range=(-5.22,-3.57) mean=-4.70 p50=-4.80 p05=-5.09 p95=-4.15
  [diag] sat-dist hist bins=60 sat<0.05=0.0% mean=0.588 p10=0.532 p90=0.653
Iter 0017780: train nll 0.305, valid error 100.000%, best valid error 100.000%, avg grad norm  37.614, avg grad norm (post clip)   0.053, rho_Whh  1.12, Omega  0.00, alpha  0.000, steps in the past 0.000, valid nll 0.230
  [diag] log10|dL/dh_t| hist bins=60 range=(-5.22,-3.57) mean=-4.46 p50=-4.44 p05=-5.08 p95=-4.07
  [diag] sat-dist hist bins=60 sat<0.05=0.0% mean=0.621 p10=0.538 p90=0.674
Iter 0017800: train nll 0.288, valid error 100.000%, best valid error 100.000%, avg grad norm  43.220, avg grad norm (post clip)   0.053, rho_Whh  1.12, Omega  0.00, alpha  0.000, steps in the past 0.000, valid nll 0.247
  [diag] log10|dL/dh_t| hist bins=60 range=(-5.22,-3.57) mean=-4.46 p50=-4.44 p05=-5.08 p95=-4.07
  [diag] sat-dist hist bins=60 sat<0.05=0.0% mean=0.621 p10=0.538 p90=0.674
Iter 0017820: train nll 0.315, valid error 100.000%, best valid error 100.000%, avg grad norm  45.370, avg grad norm (post clip)   0.053, rho_Whh  1.12, Omega  0.00, alpha  0.000, steps in the past 0.000, valid nll 0.247
  [diag] log10|dL/dh_t| hist bins=60 range=(-5.22,-3.57) mean=-4.52 p50=-4.61 p05=-5.09 p95=-4.07
  [diag] sat-dist hist bins=60 sat<0.05=0.0% mean=0.613 p10=0.536 p90=0.673
Iter 0017840: train nll 0.311, valid error 100.000%, best valid error 100.000%, avg grad norm  40.893, avg grad norm (post clip)   0.053, rho_Whh  1.12, Omega  0.00, alpha  0.000, steps in the past 0.000, valid nll 0.236
  [diag] log10|dL/dh_t| hist bins=60 range=(-5.22,-3.57) mean=-4.38 p50=-4.16 p05=-5.07 p95=-4.05
  [diag] sat-dist hist bins=60 sat<0.05=0.0% mean=0.632 p10=0.542 p90=0.675
Iter 0017860: train nll 0.315, valid error 100.000%, best valid error 100.000%, avg grad norm  49.859, avg grad norm (post clip)   0.053, rho_Whh  1.12, Omega  0.00, alpha  0.000, steps in the past 0.000, valid nll 0.269
  [diag] log10|dL/dh_t| hist bins=60 range=(-5.22,-3.57) mean=-4.38 p50=-4.14 p05=-5.07 p95=-4.05
  [diag] sat-dist hist bins=60 sat<0.05=0.0% mean=0.632 p10=0.542 p90=0.676
Iter 0017880: train nll 0.306, valid error 100.000%, best valid error 100.000%, avg grad norm  43.798, avg grad norm (post clip)   0.053, rho_Whh  1.12, Omega  0.00, alpha  0.000, steps in the past 0.000, valid nll 0.271
  [diag] log10|dL/dh_t| hist bins=60 range=(-5.22,-3.57) mean=-4.51 p50=-4.58 p05=-5.08 p95=-4.07
  [diag] sat-dist hist bins=60 sat<0.05=0.0% mean=0.615 p10=0.536 p90=0.674
Iter 0017900: train nll 0.314, valid error 100.000%, best valid error 100.000%, avg grad norm  41.386, avg grad norm (post clip)   0.053, rho_Whh  1.12, Omega  0.00, alpha  0.000, steps in the past 0.000, valid nll 0.238
  [diag] log10|dL/dh_t| hist bins=60 range=(-5.22,-3.57) mean=-4.50 p50=-4.57 p05=-5.08 p95=-4.07
  [diag] sat-dist hist bins=60 sat<0.05=0.0% mean=0.616 p10=0.536 p90=0.674
Iter 0017920: train nll 0.312, valid error 100.000%, best valid error 100.000%, avg grad norm  46.234, avg grad norm (post clip)   0.053, rho_Whh  1.12, Omega  0.00, alpha  0.000, steps in the past 0.000, valid nll 0.239
  [diag] log10|dL/dh_t| hist bins=60 range=(-5.22,-3.57) mean=-4.37 p50=-4.13 p05=-5.07 p95=-4.05
  [diag] sat-dist hist bins=60 sat<0.05=0.0% mean=0.633 p10=0.542 p90=0.676
Iter 0017940: train nll 0.272, valid error 100.000%, best valid error 100.000%, avg grad norm  49.503, avg grad norm (post clip)   0.053, rho_Whh  1.12, Omega  0.00, alpha  0.000, steps in the past 0.000, valid nll 0.272
  [diag] log10|dL/dh_t| hist bins=60 range=(-5.22,-3.57) mean=-4.50 p50=-4.56 p05=-5.08 p95=-4.07
  [diag] sat-dist hist bins=60 sat<0.05=0.0% mean=0.616 p10=0.537 p90=0.674
Iter 0017960: train nll 0.285, valid error 100.000%, best valid error 100.000%, avg grad norm  45.314, avg grad norm (post clip)   0.053, rho_Whh  1.12, Omega  0.00, alpha  0.000, steps in the past 0.000, valid nll 0.239
  [diag] log10|dL/dh_t| hist bins=60 range=(-5.22,-3.57) mean=-4.49 p50=-4.53 p05=-5.08 p95=-4.07
  [diag] sat-dist hist bins=60 sat<0.05=0.0% mean=0.618 p10=0.537 p90=0.674
Iter 0017980: train nll 0.301, valid error 100.000%, best valid error 100.000%, avg grad norm  43.412, avg grad norm (post clip)   0.053, rho_Whh  1.12, Omega  0.00, alpha  0.000, steps in the past 0.000, valid nll 0.241
  [diag] log10|dL/dh_t| hist bins=60 range=(-5.22,-3.57) mean=-4.37 p50=-4.12 p05=-5.07 p95=-4.05
  [diag] sat-dist hist bins=60 sat<0.05=0.0% mean=0.634 p10=0.543 p90=0.676
Iter 0018000: train nll 0.303, valid error 100.000%, best valid error 100.000%, avg grad norm  48.558, avg grad norm (post clip)   0.053, rho_Whh  1.12, Omega  0.00, alpha  0.000, steps in the past 0.000, valid nll 0.275
  [diag] log10|dL/dh_t| hist bins=60 range=(-5.22,-3.57) mean=-4.37 p50=-4.12 p05=-5.07 p95=-4.05
  [diag] sat-dist hist bins=60 sat<0.05=0.0% mean=0.634 p10=0.543 p90=0.676
Iter 0018020: train nll 0.333, valid error 100.000%, best valid error 100.000%, avg grad norm  30.834, avg grad norm (post clip)   0.053, rho_Whh  1.12, Omega  0.00, alpha  0.000, steps in the past 0.000, valid nll 0.274
  [diag] log10|dL/dh_t| hist bins=60 range=(-5.22,-3.57) mean=-4.48 p50=-4.51 p05=-5.08 p95=-4.07
  [diag] sat-dist hist bins=60 sat<0.05=0.0% mean=0.619 p10=0.537 p90=0.674
Iter 0018040: train nll 0.299, valid error 100.000%, best valid error 100.000%, avg grad norm  42.948, avg grad norm (post clip)   0.053, rho_Whh  1.12, Omega  0.00, alpha  0.000, steps in the past 0.000, valid nll 0.243
  [diag] log10|dL/dh_t| hist bins=60 range=(-5.22,-3.57) mean=-4.48 p50=-4.50 p05=-5.08 p95=-4.07
  [diag] sat-dist hist bins=60 sat<0.05=0.0% mean=0.619 p10=0.537 p90=0.674
Iter 0018060: train nll 0.275, valid error 100.000%, best valid error 100.000%, avg grad norm  48.561, avg grad norm (post clip)   0.053, rho_Whh  1.12, Omega  0.00, alpha  0.000, steps in the past 0.000, valid nll 0.243
  [diag] log10|dL/dh_t| hist bins=60 range=(-5.22,-3.57) mean=-4.48 p50=-4.52 p05=-5.08 p95=-4.07
  [diag] sat-dist hist bins=60 sat<0.05=0.0% mean=0.618 p10=0.537 p90=0.674
Iter 0018080: train nll 0.288, valid error 100.000%, best valid error 100.000%, avg grad norm  43.358, avg grad norm (post clip)   0.053, rho_Whh  1.12, Omega  0.00, alpha  0.000, steps in the past 0.000, valid nll 0.242
  [diag] log10|dL/dh_t| hist bins=60 range=(-5.22,-3.57) mean=-4.37 p50=-4.11 p05=-5.07 p95=-4.05
  [diag] sat-dist hist bins=60 sat<0.05=0.0% mean=0.634 p10=0.543 p90=0.676
Iter 0018100: train nll 0.270, valid error 100.000%, best valid error 100.000%, avg grad norm  52.771, avg grad norm (post clip)   0.053, rho_Whh  1.12, Omega  0.00, alpha  0.000, steps in the past 0.000, valid nll 0.275
  [diag] log10|dL/dh_t| hist bins=60 range=(-5.22,-3.57) mean=-4.37 p50=-4.11 p05=-5.07 p95=-4.05
  [diag] sat-dist hist bins=60 sat<0.05=0.0% mean=0.634 p10=0.543 p90=0.676
Iter 0018120: train nll 0.339, valid error 100.000%, best valid error 100.000%, avg grad norm  42.397, avg grad norm (post clip)   0.053, rho_Whh  1.12, Omega  0.00, alpha  0.000, steps in the past 0.000, valid nll 0.275
  [diag] log10|dL/dh_t| hist bins=60 range=(-5.22,-3.57) mean=-4.48 p50=-4.51 p05=-5.08 p95=-4.07
  [diag] sat-dist hist bins=60 sat<0.05=0.0% mean=0.618 p10=0.537 p90=0.674
Iter 0018140: train nll 0.290, valid error 100.000%, best valid error 100.000%, avg grad norm  47.979, avg grad norm (post clip)   0.053, rho_Whh  1.12, Omega  0.00, alpha  0.000, steps in the past 0.000, valid nll 0.242
  [diag] log10|dL/dh_t| hist bins=60 range=(-5.22,-3.57) mean=-4.37 p50=-4.11 p05=-5.07 p95=-4.05
  [diag] sat-dist hist bins=60 sat<0.05=0.0% mean=0.634 p10=0.543 p90=0.676
Iter 0018160: train nll 0.261, valid error 100.000%, best valid error 100.000%, avg grad norm  52.323, avg grad norm (post clip)   0.053, rho_Whh  1.12, Omega  0.00, alpha  0.000, steps in the past 0.000, valid nll 0.275
  [diag] log10|dL/dh_t| hist bins=60 range=(-5.22,-3.57) mean=-4.49 p50=-4.54 p05=-5.08 p95=-4.07
  [diag] sat-dist hist bins=60 sat<0.05=0.0% mean=0.617 p10=0.537 p90=0.674
Iter 0018180: train nll 0.299, valid error 100.000%, best valid error 100.000%, avg grad norm  40.679, avg grad norm (post clip)   0.053, rho_Whh  1.12, Omega  0.00, alpha  0.000, steps in the past 0.000, valid nll 0.240
  [diag] log10|dL/dh_t| hist bins=60 range=(-5.22,-3.57) mean=-4.51 p50=-4.58 p05=-5.09 p95=-4.07
  [diag] sat-dist hist bins=60 sat<0.05=0.0% mean=0.615 p10=0.536 p90=0.674
Iter 0018200: train nll 0.296, valid error 100.000%, best valid error 100.000%, avg grad norm  37.888, avg grad norm (post clip)   0.053, rho_Whh  1.12, Omega  0.00, alpha  0.000, steps in the past 0.000, valid nll 0.238
  [diag] log10|dL/dh_t| hist bins=60 range=(-5.22,-3.57) mean=-4.38 p50=-4.14 p05=-5.07 p95=-4.05
  [diag] sat-dist hist bins=60 sat<0.05=0.0% mean=0.633 p10=0.542 p90=0.676
Iter 0018220: train nll 0.295, valid error 100.000%, best valid error 100.000%, avg grad norm  40.665, avg grad norm (post clip)   0.053, rho_Whh  1.12, Omega  0.00, alpha  0.000, steps in the past 0.000, valid nll 0.271
  [diag] log10|dL/dh_t| hist bins=60 range=(-5.22,-3.57) mean=-4.48 p50=-4.49 p05=-5.08 p95=-4.07
  [diag] sat-dist hist bins=60 sat<0.05=0.0% mean=0.619 p10=0.537 p90=0.674
Iter 0018240: train nll 0.326, valid error 100.000%, best valid error 100.000%, avg grad norm  35.646, avg grad norm (post clip)   0.053, rho_Whh  1.12, Omega  0.00, alpha  0.000, steps in the past 0.000, valid nll 0.244
  [diag] log10|dL/dh_t| hist bins=60 range=(-5.22,-3.57) mean=-4.48 p50=-4.49 p05=-5.08 p95=-4.07
  [diag] sat-dist hist bins=60 sat<0.05=0.0% mean=0.619 p10=0.537 p90=0.674
Iter 0018260: train nll 0.282, valid error 100.000%, best valid error 100.000%, avg grad norm  52.930, avg grad norm (post clip)   0.053, rho_Whh  1.12, Omega  0.00, alpha  0.000, steps in the past 0.000, valid nll 0.244
  [diag] log10|dL/dh_t| hist bins=60 range=(-5.22,-3.57) mean=-4.29 p50=-4.04 p05=-5.06 p95=-4.03
  [diag] sat-dist hist bins=60 sat<0.05=0.0% mean=0.643 p10=0.549 p90=0.678
Iter 0018280: train nll 0.325, valid error 100.000%, best valid error 100.000%, avg grad norm  46.718, avg grad norm (post clip)   0.053, rho_Whh  1.12, Omega  0.00, alpha  0.000, steps in the past 0.000, valid nll 0.307
  [diag] log10|dL/dh_t| hist bins=60 range=(-5.22,-3.57) mean=-4.51 p50=-4.58 p05=-5.09 p95=-4.07
  [diag] sat-dist hist bins=60 sat<0.05=0.0% mean=0.615 p10=0.536 p90=0.674
Iter 0018300: train nll 0.292, valid error 100.000%, best valid error 100.000%, avg grad norm  41.896, avg grad norm (post clip)   0.053, rho_Whh  1.12, Omega  0.00, alpha  0.000, steps in the past 0.000, valid nll 0.238
  [diag] log10|dL/dh_t| hist bins=60 range=(-5.22,-3.57) mean=-4.51 p50=-4.58 p05=-5.09 p95=-4.07
  [diag] sat-dist hist bins=60 sat<0.05=0.0% mean=0.615 p10=0.536 p90=0.674
Iter 0018320: train nll 0.307, valid error 100.000%, best valid error 100.000%, avg grad norm  46.433, avg grad norm (post clip)   0.053, rho_Whh  1.12, Omega  0.00, alpha  0.000, steps in the past 0.000, valid nll 0.238
  [diag] log10|dL/dh_t| hist bins=60 range=(-5.22,-3.57) mean=-4.51 p50=-4.59 p05=-5.09 p95=-4.07
  [diag] sat-dist hist bins=60 sat<0.05=0.0% mean=0.615 p10=0.536 p90=0.674
Iter 0018340: train nll 0.305, valid error 100.000%, best valid error 100.000%, avg grad norm  47.295, avg grad norm (post clip)   0.053, rho_Whh  1.12, Omega  0.00, alpha  0.000, steps in the past 0.000, valid nll 0.237
  [diag] log10|dL/dh_t| hist bins=60 range=(-5.22,-3.57) mean=-4.38 p50=-4.15 p05=-5.07 p95=-4.05
  [diag] sat-dist hist bins=60 sat<0.05=0.0% mean=0.632 p10=0.542 p90=0.676
Iter 0018360: train nll 0.292, valid error 100.000%, best valid error 100.000%, avg grad norm  46.246, avg grad norm (post clip)   0.053, rho_Whh  1.12, Omega  0.00, alpha  0.000, steps in the past 0.000, valid nll 0.270
  [diag] log10|dL/dh_t| hist bins=60 range=(-5.22,-3.57) mean=-4.38 p50=-4.15 p05=-5.07 p95=-4.05
  [diag] sat-dist hist bins=60 sat<0.05=0.0% mean=0.632 p10=0.542 p90=0.676
Iter 0018380: train nll 0.313, valid error 100.000%, best valid error 100.000%, avg grad norm  43.412, avg grad norm (post clip)   0.053, rho_Whh  1.12, Omega  0.00, alpha  0.000, steps in the past 0.000, valid nll 0.270
  [diag] log10|dL/dh_t| hist bins=60 range=(-5.22,-3.57) mean=-4.51 p50=-4.59 p05=-5.09 p95=-4.07
  [diag] sat-dist hist bins=60 sat<0.05=0.0% mean=0.615 p10=0.536 p90=0.674
Iter 0018400: train nll 0.260, valid error 100.000%, best valid error 100.000%, avg grad norm  49.300, avg grad norm (post clip)   0.053, rho_Whh  1.12, Omega  0.00, alpha  0.000, steps in the past 0.000, valid nll 0.237
  [diag] log10|dL/dh_t| hist bins=60 range=(-5.22,-3.57) mean=-4.30 p50=-4.05 p05=-5.06 p95=-4.03
  [diag] sat-dist hist bins=60 sat<0.05=0.0% mean=0.642 p10=0.548 p90=0.677
Iter 0018420: train nll 0.343, valid error 100.000%, best valid error 100.000%, avg grad norm  45.158, avg grad norm (post clip)   0.053, rho_Whh  1.12, Omega  0.00, alpha  0.000, steps in the past 0.000, valid nll 0.301
  [diag] log10|dL/dh_t| hist bins=60 range=(-5.22,-3.57) mean=-4.54 p50=-4.65 p05=-5.09 p95=-4.08
  [diag] sat-dist hist bins=60 sat<0.05=0.0% mean=0.611 p10=0.535 p90=0.674
Iter 0018440: train nll 0.264, valid error 100.000%, best valid error 100.000%, avg grad norm  46.415, avg grad norm (post clip)   0.053, rho_Whh  1.12, Omega  0.00, alpha  0.000, steps in the past 0.000, valid nll 0.233
  [diag] log10|dL/dh_t| hist bins=60 range=(-5.22,-3.57) mean=-4.39 p50=-4.20 p05=-5.07 p95=-4.06
  [diag] sat-dist hist bins=60 sat<0.05=0.0% mean=0.630 p10=0.541 p90=0.675
Iter 0018460: train nll 0.320, valid error 100.000%, best valid error 100.000%, avg grad norm  48.893, avg grad norm (post clip)   0.053, rho_Whh  1.12, Omega  0.00, alpha  0.000, steps in the past 0.000, valid nll 0.265
  [diag] log10|dL/dh_t| hist bins=60 range=(-5.22,-3.57) mean=-4.39 p50=-4.19 p05=-5.07 p95=-4.05
  [diag] sat-dist hist bins=60 sat<0.05=0.0% mean=0.631 p10=0.541 p90=0.675
Iter 0018480: train nll 0.271, valid error 100.000%, best valid error 100.000%, avg grad norm  47.405, avg grad norm (post clip)   0.053, rho_Whh  1.12, Omega  0.00, alpha  0.000, steps in the past 0.000, valid nll 0.265
  [diag] log10|dL/dh_t| hist bins=60 range=(-5.22,-3.57) mean=-4.40 p50=-4.20 p05=-5.07 p95=-4.06
  [diag] sat-dist hist bins=60 sat<0.05=0.0% mean=0.630 p10=0.541 p90=0.675
Iter 0018500: train nll 0.303, valid error 100.000%, best valid error 100.000%, avg grad norm  42.422, avg grad norm (post clip)   0.053, rho_Whh  1.12, Omega  0.00, alpha  0.000, steps in the past 0.000, valid nll 0.265
  [diag] log10|dL/dh_t| hist bins=60 range=(-5.22,-3.57) mean=-4.40 p50=-4.20 p05=-5.07 p95=-4.06
  [diag] sat-dist hist bins=60 sat<0.05=0.0% mean=0.630 p10=0.541 p90=0.675
Iter 0018520: train nll 0.292, valid error 100.000%, best valid error 100.000%, avg grad norm  45.909, avg grad norm (post clip)   0.053, rho_Whh  1.12, Omega  0.00, alpha  0.000, steps in the past 0.000, valid nll 0.265
  [diag] log10|dL/dh_t| hist bins=60 range=(-5.22,-3.57) mean=-4.54 p50=-4.65 p05=-5.09 p95=-4.08
  [diag] sat-dist hist bins=60 sat<0.05=0.0% mean=0.611 p10=0.535 p90=0.673
Iter 0018540: train nll 0.271, valid error 100.000%, best valid error 100.000%, avg grad norm  43.705, avg grad norm (post clip)   0.053, rho_Whh  1.12, Omega  0.00, alpha  0.000, steps in the past 0.000, valid nll 0.233
  [diag] log10|dL/dh_t| hist bins=60 range=(-5.22,-3.57) mean=-4.54 p50=-4.65 p05=-5.09 p95=-4.08
  [diag] sat-dist hist bins=60 sat<0.05=0.0% mean=0.611 p10=0.536 p90=0.673
Iter 0018560: train nll 0.309, valid error 100.000%, best valid error 100.000%, avg grad norm  43.676, avg grad norm (post clip)   0.053, rho_Whh  1.12, Omega  0.00, alpha  0.000, steps in the past 0.000, valid nll 0.233
  [diag] log10|dL/dh_t| hist bins=60 range=(-5.22,-3.57) mean=-4.40 p50=-4.21 p05=-5.07 p95=-4.06
  [diag] sat-dist hist bins=60 sat<0.05=0.0% mean=0.630 p10=0.541 p90=0.675
Iter 0018580: train nll 0.289, valid error 100.000%, best valid error 100.000%, avg grad norm  37.512, avg grad norm (post clip)   0.053, rho_Whh  1.12, Omega  0.00, alpha  0.000, steps in the past 0.000, valid nll 0.264
  [diag] log10|dL/dh_t| hist bins=60 range=(-5.22,-3.57) mean=-4.40 p50=-4.21 p05=-5.07 p95=-4.06
  [diag] sat-dist hist bins=60 sat<0.05=0.0% mean=0.630 p10=0.541 p90=0.675
Iter 0018600: train nll 0.288, valid error 100.000%, best valid error 100.000%, avg grad norm  40.017, avg grad norm (post clip)   0.053, rho_Whh  1.12, Omega  0.00, alpha  0.000, steps in the past 0.000, valid nll 0.264
  [diag] log10|dL/dh_t| hist bins=60 range=(-5.22,-3.57) mean=-4.54 p50=-4.65 p05=-5.09 p95=-4.08
  [diag] sat-dist hist bins=60 sat<0.05=0.0% mean=0.611 p10=0.536 p90=0.673
Iter 0018620: train nll 0.298, valid error 100.000%, best valid error 100.000%, avg grad norm  48.173, avg grad norm (post clip)   0.053, rho_Whh  1.12, Omega  0.00, alpha  0.000, steps in the past 0.000, valid nll 0.233
  [diag] log10|dL/dh_t| hist bins=60 range=(-5.22,-3.57) mean=-4.54 p50=-4.65 p05=-5.09 p95=-4.08
  [diag] sat-dist hist bins=60 sat<0.05=0.0% mean=0.611 p10=0.536 p90=0.673
Iter 0018640: train nll 0.281, valid error 100.000%, best valid error 100.000%, avg grad norm  47.009, avg grad norm (post clip)   0.053, rho_Whh  1.12, Omega  0.00, alpha  0.000, steps in the past 0.000, valid nll 0.233
  [diag] log10|dL/dh_t| hist bins=60 range=(-5.22,-3.57) mean=-4.40 p50=-4.20 p05=-5.07 p95=-4.06
  [diag] sat-dist hist bins=60 sat<0.05=0.0% mean=0.630 p10=0.541 p90=0.675
Iter 0018660: train nll 0.269, valid error 100.000%, best valid error 100.000%, avg grad norm  47.844, avg grad norm (post clip)   0.053, rho_Whh  1.12, Omega  0.00, alpha  0.000, steps in the past 0.000, valid nll 0.264
  [diag] log10|dL/dh_t| hist bins=60 range=(-5.23,-3.57) mean=-4.58 p50=-4.71 p05=-5.09 p95=-4.08
  [diag] sat-dist hist bins=60 sat<0.05=0.0% mean=0.605 p10=0.534 p90=0.673
Iter 0018680: train nll 0.261, valid error 100.000%, best valid error 100.000%, avg grad norm  39.619, avg grad norm (post clip)   0.053, rho_Whh  1.12, Omega  0.00, alpha  0.000, steps in the past 0.000, valid nll 0.229
  [diag] log10|dL/dh_t| hist bins=60 range=(-5.22,-3.57) mean=-4.42 p50=-4.26 p05=-5.08 p95=-4.06
  [diag] sat-dist hist bins=60 sat<0.05=0.0% mean=0.628 p10=0.540 p90=0.675
Iter 0018700: train nll 0.296, valid error 100.000%, best valid error 100.000%, avg grad norm  40.963, avg grad norm (post clip)   0.053, rho_Whh  1.12, Omega  0.00, alpha  0.000, steps in the past 0.000, valid nll 0.258
  [diag] log10|dL/dh_t| hist bins=60 range=(-5.23,-3.57) mean=-4.59 p50=-4.71 p05=-5.09 p95=-4.08
  [diag] sat-dist hist bins=60 sat<0.05=0.0% mean=0.605 p10=0.534 p90=0.673
Iter 0018720: train nll 0.273, valid error 100.000%, best valid error 100.000%, avg grad norm  56.282, avg grad norm (post clip)   0.053, rho_Whh  1.12, Omega  0.00, alpha  0.000, steps in the past 0.000, valid nll 0.229
  [diag] log10|dL/dh_t| hist bins=60 range=(-5.23,-3.57) mean=-4.59 p50=-4.71 p05=-5.09 p95=-4.08
  [diag] sat-dist hist bins=60 sat<0.05=0.0% mean=0.605 p10=0.534 p90=0.673
Iter 0018740: train nll 0.254, valid error 100.000%, best valid error 100.000%, avg grad norm  54.113, avg grad norm (post clip)   0.053, rho_Whh  1.12, Omega  0.00, alpha  0.000, steps in the past 0.000, valid nll 0.229
  [diag] log10|dL/dh_t| hist bins=60 range=(-5.23,-3.57) mean=-4.58 p50=-4.70 p05=-5.09 p95=-4.08
  [diag] sat-dist hist bins=60 sat<0.05=0.0% mean=0.606 p10=0.534 p90=0.674
Iter 0018760: train nll 0.294, valid error 100.000%, best valid error 100.000%, avg grad norm  45.086, avg grad norm (post clip)   0.053, rho_Whh  1.12, Omega  0.00, alpha  0.000, steps in the past 0.000, valid nll 0.230
  [diag] log10|dL/dh_t| hist bins=60 range=(-5.23,-3.57) mean=-4.58 p50=-4.70 p05=-5.09 p95=-4.08
  [diag] sat-dist hist bins=60 sat<0.05=0.0% mean=0.606 p10=0.534 p90=0.674
Iter 0018780: train nll 0.298, valid error 100.000%, best valid error 100.000%, avg grad norm  44.795, avg grad norm (post clip)   0.053, rho_Whh  1.12, Omega  0.00, alpha  0.000, steps in the past 0.000, valid nll 0.230
  [diag] log10|dL/dh_t| hist bins=60 range=(-5.23,-3.57) mean=-4.57 p50=-4.70 p05=-5.09 p95=-4.08
  [diag] sat-dist hist bins=60 sat<0.05=0.0% mean=0.606 p10=0.534 p90=0.674
Iter 0018800: train nll 0.280, valid error 100.000%, best valid error 100.000%, avg grad norm  50.535, avg grad norm (post clip)   0.053, rho_Whh  1.12, Omega  0.00, alpha  0.000, steps in the past 0.000, valid nll 0.230
  [diag] log10|dL/dh_t| hist bins=60 range=(-5.22,-3.57) mean=-4.42 p50=-4.27 p05=-5.08 p95=-4.06
  [diag] sat-dist hist bins=60 sat<0.05=0.0% mean=0.628 p10=0.540 p90=0.675
Iter 0018820: train nll 0.318, valid error 100.000%, best valid error 100.000%, avg grad norm  44.797, avg grad norm (post clip)   0.053, rho_Whh  1.12, Omega  0.00, alpha  0.000, steps in the past 0.000, valid nll 0.258
  [diag] log10|dL/dh_t| hist bins=60 range=(-5.23,-3.57) mean=-4.59 p50=-4.72 p05=-5.09 p95=-4.08
  [diag] sat-dist hist bins=60 sat<0.05=0.0% mean=0.604 p10=0.534 p90=0.673
Iter 0018840: train nll 0.314, valid error 100.000%, best valid error 100.000%, avg grad norm  40.702, avg grad norm (post clip)   0.053, rho_Whh  1.12, Omega  0.00, alpha  0.000, steps in the past 0.000, valid nll 0.229
  [diag] log10|dL/dh_t| hist bins=60 range=(-5.23,-3.57) mean=-4.59 p50=-4.71 p05=-5.09 p95=-4.08
  [diag] sat-dist hist bins=60 sat<0.05=0.0% mean=0.605 p10=0.534 p90=0.674
Iter 0018860: train nll 0.302, valid error 100.000%, best valid error 100.000%, avg grad norm  41.239, avg grad norm (post clip)   0.053, rho_Whh  1.12, Omega  0.00, alpha  0.000, steps in the past 0.000, valid nll 0.229
  [diag] log10|dL/dh_t| hist bins=60 range=(-5.22,-3.57) mean=-4.33 p50=-4.06 p05=-5.06 p95=-4.04
  [diag] sat-dist hist bins=60 sat<0.05=0.0% mean=0.640 p10=0.546 p90=0.677
Iter 0018880: train nll 0.313, valid error 100.000%, best valid error 100.000%, avg grad norm  53.623, avg grad norm (post clip)   0.053, rho_Whh  1.12, Omega  0.00, alpha  0.000, steps in the past 0.000, valid nll 0.291
  [diag] log10|dL/dh_t| hist bins=60 range=(-5.23,-3.57) mean=-4.60 p50=-4.73 p05=-5.09 p95=-4.08
  [diag] sat-dist hist bins=60 sat<0.05=0.0% mean=0.603 p10=0.534 p90=0.674
Iter 0018900: train nll 0.292, valid error 100.000%, best valid error 100.000%, avg grad norm  35.523, avg grad norm (post clip)   0.053, rho_Whh  1.12, Omega  0.00, alpha  0.000, steps in the past 0.000, valid nll 0.229
  [diag] log10|dL/dh_t| hist bins=60 range=(-5.22,-3.57) mean=-4.42 p50=-4.28 p05=-5.08 p95=-4.06
  [diag] sat-dist hist bins=60 sat<0.05=0.0% mean=0.627 p10=0.540 p90=0.675
Iter 0018920: train nll 0.308, valid error 100.000%, best valid error 100.000%, avg grad norm  47.548, avg grad norm (post clip)   0.053, rho_Whh  1.12, Omega  0.00, alpha  0.000, steps in the past 0.000, valid nll 0.257
  [diag] log10|dL/dh_t| hist bins=60 range=(-5.23,-3.57) mean=-4.60 p50=-4.72 p05=-5.09 p95=-4.08
  [diag] sat-dist hist bins=60 sat<0.05=0.0% mean=0.604 p10=0.534 p90=0.673
Iter 0018940: train nll 0.281, valid error 100.000%, best valid error 100.000%, avg grad norm  49.775, avg grad norm (post clip)   0.053, rho_Whh  1.12, Omega  0.00, alpha  0.000, steps in the past 0.000, valid nll 0.229
  [diag] log10|dL/dh_t| hist bins=60 range=(-5.23,-3.57) mean=-4.59 p50=-4.71 p05=-5.09 p95=-4.08
  [diag] sat-dist hist bins=60 sat<0.05=0.0% mean=0.605 p10=0.534 p90=0.674
Iter 0018960: train nll 0.268, valid error 100.000%, best valid error 100.000%, avg grad norm  39.814, avg grad norm (post clip)   0.053, rho_Whh  1.12, Omega  0.00, alpha  0.000, steps in the past 0.000, valid nll 0.229
  [diag] log10|dL/dh_t| hist bins=60 range=(-5.23,-3.57) mean=-4.59 p50=-4.71 p05=-5.09 p95=-4.08
  [diag] sat-dist hist bins=60 sat<0.05=0.0% mean=0.605 p10=0.534 p90=0.674
Iter 0018980: train nll 0.298, valid error 100.000%, best valid error 100.000%, avg grad norm  42.457, avg grad norm (post clip)   0.053, rho_Whh  1.12, Omega  0.00, alpha  0.000, steps in the past 0.000, valid nll 0.229
  [diag] log10|dL/dh_t| hist bins=60 range=(-5.22,-3.57) mean=-4.41 p50=-4.26 p05=-5.08 p95=-4.06
  [diag] sat-dist hist bins=60 sat<0.05=0.0% mean=0.628 p10=0.540 p90=0.676
Iter 0019000: train nll 0.260, valid error 100.000%, best valid error 100.000%, avg grad norm  48.819, avg grad norm (post clip)   0.053, rho_Whh  1.12, Omega  0.00, alpha  0.000, steps in the past 0.000, valid nll 0.259
  [diag] log10|dL/dh_t| hist bins=60 range=(-5.22,-3.57) mean=-4.41 p50=-4.26 p05=-5.08 p95=-4.06
  [diag] sat-dist hist bins=60 sat<0.05=0.0% mean=0.628 p10=0.540 p90=0.676
Iter 0019020: train nll 0.295, valid error 100.000%, best valid error 100.000%, avg grad norm  45.171, avg grad norm (post clip)   0.053, rho_Whh  1.12, Omega  0.00, alpha  0.000, steps in the past 0.000, valid nll 0.259
  [diag] log10|dL/dh_t| hist bins=60 range=(-5.23,-3.57) mean=-4.58 p50=-4.71 p05=-5.09 p95=-4.08
  [diag] sat-dist hist bins=60 sat<0.05=0.0% mean=0.605 p10=0.534 p90=0.674
Iter 0019040: train nll 0.270, valid error 100.000%, best valid error 100.000%, avg grad norm  49.297, avg grad norm (post clip)   0.053, rho_Whh  1.12, Omega  0.00, alpha  0.000, steps in the past 0.000, valid nll 0.229
  [diag] log10|dL/dh_t| hist bins=60 range=(-5.23,-3.57) mean=-4.58 p50=-4.71 p05=-5.09 p95=-4.08
  [diag] sat-dist hist bins=60 sat<0.05=0.0% mean=0.605 p10=0.534 p90=0.674
Iter 0019060: train nll 0.281, valid error 100.000%, best valid error 100.000%, avg grad norm  46.749, avg grad norm (post clip)   0.053, rho_Whh  1.12, Omega  0.00, alpha  0.000, steps in the past 0.000, valid nll 0.229
  [diag] log10|dL/dh_t| hist bins=60 range=(-5.23,-3.57) mean=-4.41 p50=-4.24 p05=-5.08 p95=-4.06
  [diag] sat-dist hist bins=60 sat<0.05=0.0% mean=0.629 p10=0.540 p90=0.676
Iter 0019080: train nll 0.349, valid error 100.000%, best valid error 100.000%, avg grad norm  36.745, avg grad norm (post clip)   0.053, rho_Whh  1.12, Omega  0.00, alpha  0.000, steps in the past 0.000, valid nll 0.260
  [diag] log10|dL/dh_t| hist bins=60 range=(-5.23,-3.57) mean=-4.60 p50=-4.72 p05=-5.09 p95=-4.08
  [diag] sat-dist hist bins=60 sat<0.05=0.0% mean=0.604 p10=0.534 p90=0.674
Iter 0019100: train nll 0.282, valid error 100.000%, best valid error 100.000%, avg grad norm  48.137, avg grad norm (post clip)   0.053, rho_Whh  1.12, Omega  0.00, alpha  0.000, steps in the past 0.000, valid nll 0.229
  [diag] log10|dL/dh_t| hist bins=60 range=(-5.23,-3.57) mean=-4.59 p50=-4.72 p05=-5.09 p95=-4.08
  [diag] sat-dist hist bins=60 sat<0.05=0.0% mean=0.604 p10=0.534 p90=0.674
Iter 0019120: train nll 0.287, valid error 100.000%, best valid error 100.000%, avg grad norm  49.467, avg grad norm (post clip)   0.053, rho_Whh  1.12, Omega  0.00, alpha  0.000, steps in the past 0.000, valid nll 0.229
  [diag] log10|dL/dh_t| hist bins=60 range=(-5.23,-3.57) mean=-4.42 p50=-4.28 p05=-5.08 p95=-4.06
  [diag] sat-dist hist bins=60 sat<0.05=0.0% mean=0.628 p10=0.540 p90=0.676
Iter 0019140: train nll 0.289, valid error 100.000%, best valid error 100.000%, avg grad norm  53.509, avg grad norm (post clip)   0.053, rho_Whh  1.12, Omega  0.00, alpha  0.000, steps in the past 0.000, valid nll 0.257
  [diag] log10|dL/dh_t| hist bins=60 range=(-5.23,-3.57) mean=-4.42 p50=-4.27 p05=-5.08 p95=-4.06
  [diag] sat-dist hist bins=60 sat<0.05=0.0% mean=0.628 p10=0.540 p90=0.676
Iter 0019160: train nll 0.326, valid error 100.000%, best valid error 100.000%, avg grad norm  43.673, avg grad norm (post clip)   0.053, rho_Whh  1.12, Omega  0.00, alpha  0.000, steps in the past 0.000, valid nll 0.258
  [diag] log10|dL/dh_t| hist bins=60 range=(-5.23,-3.57) mean=-4.42 p50=-4.28 p05=-5.08 p95=-4.06
  [diag] sat-dist hist bins=60 sat<0.05=0.0% mean=0.627 p10=0.539 p90=0.676
Iter 0019180: train nll 0.322, valid error 100.000%, best valid error 100.000%, avg grad norm  41.716, avg grad norm (post clip)   0.053, rho_Whh  1.12, Omega  0.00, alpha  0.000, steps in the past 0.000, valid nll 0.257
  [diag] log10|dL/dh_t| hist bins=60 range=(-5.23,-3.57) mean=-4.60 p50=-4.72 p05=-5.10 p95=-4.08
  [diag] sat-dist hist bins=60 sat<0.05=0.0% mean=0.604 p10=0.534 p90=0.674
Iter 0019200: train nll 0.319, valid error 100.000%, best valid error 100.000%, avg grad norm  42.341, avg grad norm (post clip)   0.053, rho_Whh  1.12, Omega  0.00, alpha  0.000, steps in the past 0.000, valid nll 0.229
  [diag] log10|dL/dh_t| hist bins=60 range=(-5.22,-3.57) mean=-4.27 p50=-4.03 p05=-5.05 p95=-4.01
  [diag] sat-dist hist bins=60 sat<0.05=0.0% mean=0.647 p10=0.552 p90=0.679
Iter 0019220: train nll 0.314, valid error 100.000%, best valid error 100.000%, avg grad norm  40.747, avg grad norm (post clip)   0.053, rho_Whh  1.12, Omega  0.00, alpha  0.000, steps in the past 0.000, valid nll 0.318
  [diag] log10|dL/dh_t| hist bins=60 range=(-5.23,-3.57) mean=-4.59 p50=-4.72 p05=-5.09 p95=-4.08
  [diag] sat-dist hist bins=60 sat<0.05=0.0% mean=0.604 p10=0.534 p90=0.674
Iter 0019240: train nll 0.285, valid error 100.000%, best valid error 100.000%, avg grad norm  51.118, avg grad norm (post clip)   0.053, rho_Whh  1.12, Omega  0.00, alpha  0.000, steps in the past 0.000, valid nll 0.229
  [diag] log10|dL/dh_t| hist bins=60 range=(-5.22,-3.57) mean=-4.33 p50=-4.06 p05=-5.07 p95=-4.04
  [diag] sat-dist hist bins=60 sat<0.05=0.0% mean=0.640 p10=0.546 p90=0.678
Iter 0019260: train nll 0.313, valid error 100.000%, best valid error 100.000%, avg grad norm  43.766, avg grad norm (post clip)   0.053, rho_Whh  1.12, Omega  0.00, alpha  0.000, steps in the past 0.000, valid nll 0.291
  [diag] log10|dL/dh_t| hist bins=60 range=(-5.23,-3.57) mean=-4.42 p50=-4.27 p05=-5.08 p95=-4.06
  [diag] sat-dist hist bins=60 sat<0.05=0.0% mean=0.628 p10=0.540 p90=0.676
Iter 0019280: train nll 0.331, valid error 100.000%, best valid error 100.000%, avg grad norm  39.584, avg grad norm (post clip)   0.053, rho_Whh  1.12, Omega  0.00, alpha  0.000, steps in the past 0.000, valid nll 0.257
  [diag] log10|dL/dh_t| hist bins=60 range=(-5.23,-3.57) mean=-4.42 p50=-4.27 p05=-5.08 p95=-4.06
  [diag] sat-dist hist bins=60 sat<0.05=0.0% mean=0.628 p10=0.540 p90=0.675
Iter 0019300: train nll 0.258, valid error 100.000%, best valid error 100.000%, avg grad norm  62.313, avg grad norm (post clip)   0.053, rho_Whh  1.12, Omega  0.00, alpha  0.000, steps in the past 0.000, valid nll 0.257
  [diag] log10|dL/dh_t| hist bins=60 range=(-5.23,-3.57) mean=-4.42 p50=-4.27 p05=-5.08 p95=-4.06
  [diag] sat-dist hist bins=60 sat<0.05=0.0% mean=0.628 p10=0.540 p90=0.675
Iter 0019320: train nll 0.313, valid error 100.000%, best valid error 100.000%, avg grad norm  44.411, avg grad norm (post clip)   0.053, rho_Whh  1.12, Omega  0.00, alpha  0.000, steps in the past 0.000, valid nll 0.257
  [diag] log10|dL/dh_t| hist bins=60 range=(-5.23,-3.50) mean=-4.79 p50=-4.85 p05=-5.10 p95=-4.21
  [diag] sat-dist hist bins=60 sat<0.05=0.0% mean=0.574 p10=0.531 p90=0.615
Iter 0019340: train nll 0.275, valid error 100.000%, best valid error 100.000%, avg grad norm  47.012, avg grad norm (post clip)   0.053, rho_Whh  1.12, Omega  0.00, alpha  0.000, steps in the past 0.000, valid nll 0.242
  [diag] log10|dL/dh_t| hist bins=60 range=(-5.23,-3.57) mean=-4.51 p50=-4.57 p05=-5.09 p95=-4.07
  [diag] sat-dist hist bins=60 sat<0.05=0.0% mean=0.616 p10=0.536 p90=0.675
Iter 0019360: train nll 0.294, valid error 100.000%, best valid error 100.000%, avg grad norm  44.796, avg grad norm (post clip)   0.053, rho_Whh  1.12, Omega  0.00, alpha  0.000, steps in the past 0.000, valid nll 0.238
  [diag] log10|dL/dh_t| hist bins=60 range=(-5.23,-3.57) mean=-4.54 p50=-4.64 p05=-5.09 p95=-4.07
  [diag] sat-dist hist bins=60 sat<0.05=0.0% mean=0.612 p10=0.535 p90=0.675
Iter 0019380: train nll 0.304, valid error 100.000%, best valid error 100.000%, avg grad norm  41.711, avg grad norm (post clip)   0.053, rho_Whh  1.12, Omega  0.00, alpha  0.000, steps in the past 0.000, valid nll 0.234
  [diag] log10|dL/dh_t| hist bins=60 range=(-5.23,-3.47) mean=-4.83 p50=-4.88 p05=-5.11 p95=-4.21
  [diag] sat-dist hist bins=60 sat<0.05=0.0% mean=0.565 p10=0.530 p90=0.587
Iter 0019400: train nll 0.275, valid error 100.000%, best valid error 100.000%, avg grad norm  50.343, avg grad norm (post clip)   0.053, rho_Whh  1.12, Omega  0.00, alpha  0.000, steps in the past 0.000, valid nll 0.253
  [diag] log10|dL/dh_t| hist bins=60 range=(-5.23,-3.57) mean=-4.54 p50=-4.64 p05=-5.09 p95=-4.07
  [diag] sat-dist hist bins=60 sat<0.05=0.0% mean=0.612 p10=0.535 p90=0.675
Iter 0019420: train nll 0.317, valid error 100.000%, best valid error 100.000%, avg grad norm  41.429, avg grad norm (post clip)   0.053, rho_Whh  1.12, Omega  0.00, alpha  0.000, steps in the past 0.000, valid nll 0.233
  [diag] log10|dL/dh_t| hist bins=60 range=(-5.23,-3.57) mean=-4.54 p50=-4.64 p05=-5.09 p95=-4.07
  [diag] sat-dist hist bins=60 sat<0.05=0.0% mean=0.612 p10=0.535 p90=0.675
Iter 0019440: train nll 0.279, valid error 100.000%, best valid error 100.000%, avg grad norm  45.911, avg grad norm (post clip)   0.053, rho_Whh  1.12, Omega  0.00, alpha  0.000, steps in the past 0.000, valid nll 0.233
  [diag] log10|dL/dh_t| hist bins=60 range=(-5.23,-3.57) mean=-4.39 p50=-4.19 p05=-5.08 p95=-4.05
  [diag] sat-dist hist bins=60 sat<0.05=0.0% mean=0.631 p10=0.541 p90=0.676
Iter 0019460: train nll 0.260, valid error 100.000%, best valid error 100.000%, avg grad norm  49.667, avg grad norm (post clip)   0.053, rho_Whh  1.12, Omega  0.00, alpha  0.000, steps in the past 0.000, valid nll 0.265
  [diag] log10|dL/dh_t| hist bins=60 range=(-5.23,-3.47) mean=-4.83 p50=-4.88 p05=-5.11 p95=-4.21
  [diag] sat-dist hist bins=60 sat<0.05=0.0% mean=0.566 p10=0.530 p90=0.587
Iter 0019480: train nll 0.299, valid error 100.000%, best valid error 100.000%, avg grad norm  45.246, avg grad norm (post clip)   0.053, rho_Whh  1.12, Omega  0.00, alpha  0.000, steps in the past 0.000, valid nll 0.252
  [diag] log10|dL/dh_t| hist bins=60 range=(-5.23,-3.57) mean=-4.39 p50=-4.19 p05=-5.08 p95=-4.05
  [diag] sat-dist hist bins=60 sat<0.05=0.0% mean=0.631 p10=0.541 p90=0.676
Iter 0019500: train nll 0.276, valid error 100.000%, best valid error 100.000%, avg grad norm  44.915, avg grad norm (post clip)   0.053, rho_Whh  1.12, Omega  0.00, alpha  0.000, steps in the past 0.000, valid nll 0.265
  [diag] log10|dL/dh_t| hist bins=60 range=(-5.23,-3.57) mean=-4.39 p50=-4.19 p05=-5.08 p95=-4.05
  [diag] sat-dist hist bins=60 sat<0.05=0.0% mean=0.631 p10=0.541 p90=0.676
Iter 0019520: train nll 0.286, valid error 100.000%, best valid error 100.000%, avg grad norm  47.108, avg grad norm (post clip)   0.053, rho_Whh  1.12, Omega  0.00, alpha  0.000, steps in the past 0.000, valid nll 0.265
  [diag] log10|dL/dh_t| hist bins=60 range=(-5.23,-3.57) mean=-4.39 p50=-4.19 p05=-5.08 p95=-4.05
  [diag] sat-dist hist bins=60 sat<0.05=0.0% mean=0.631 p10=0.541 p90=0.676
Iter 0019540: train nll 0.284, valid error 100.000%, best valid error 100.000%, avg grad norm  46.568, avg grad norm (post clip)   0.053, rho_Whh  1.12, Omega  0.00, alpha  0.000, steps in the past 0.000, valid nll 0.265
  [diag] log10|dL/dh_t| hist bins=60 range=(-5.23,-3.57) mean=-4.54 p50=-4.64 p05=-5.09 p95=-4.08
  [diag] sat-dist hist bins=60 sat<0.05=0.0% mean=0.612 p10=0.535 p90=0.674
Iter 0019560: train nll 0.318, valid error 100.000%, best valid error 100.000%, avg grad norm  37.781, avg grad norm (post clip)   0.053, rho_Whh  1.12, Omega  0.00, alpha  0.000, steps in the past 0.000, valid nll 0.233
  [diag] log10|dL/dh_t| hist bins=60 range=(-5.23,-3.57) mean=-4.40 p50=-4.20 p05=-5.08 p95=-4.06
  [diag] sat-dist hist bins=60 sat<0.05=0.0% mean=0.631 p10=0.541 p90=0.676
Iter 0019580: train nll 0.282, valid error 100.000%, best valid error 100.000%, avg grad norm  46.789, avg grad norm (post clip)   0.053, rho_Whh  1.12, Omega  0.00, alpha  0.000, steps in the past 0.000, valid nll 0.264
  [diag] log10|dL/dh_t| hist bins=60 range=(-5.23,-3.57) mean=-4.65 p50=-4.77 p05=-5.10 p95=-4.09
  [diag] sat-dist hist bins=60 sat<0.05=0.0% mean=0.597 p10=0.533 p90=0.671
Iter 0019600: train nll 0.278, valid error 100.000%, best valid error 100.000%, avg grad norm  46.496, avg grad norm (post clip)   0.053, rho_Whh  1.12, Omega  0.00, alpha  0.000, steps in the past 0.000, valid nll 0.227
  [diag] log10|dL/dh_t| hist bins=60 range=(-5.23,-3.57) mean=-4.65 p50=-4.77 p05=-5.10 p95=-4.09
  [diag] sat-dist hist bins=60 sat<0.05=0.0% mean=0.597 p10=0.533 p90=0.671
Iter 0019620: train nll 0.308, valid error 100.000%, best valid error 100.000%, avg grad norm  36.968, avg grad norm (post clip)   0.053, rho_Whh  1.12, Omega  0.00, alpha  0.000, steps in the past 0.000, valid nll 0.227
  [diag] log10|dL/dh_t| hist bins=60 range=(-5.23,-3.57) mean=-4.65 p50=-4.77 p05=-5.10 p95=-4.09
  [diag] sat-dist hist bins=60 sat<0.05=0.0% mean=0.597 p10=0.533 p90=0.671
Iter 0019640: train nll 0.290, valid error 100.000%, best valid error 100.000%, avg grad norm  48.156, avg grad norm (post clip)   0.053, rho_Whh  1.12, Omega  0.00, alpha  0.000, steps in the past 0.000, valid nll 0.227
  [diag] log10|dL/dh_t| hist bins=60 range=(-5.23,-3.57) mean=-4.65 p50=-4.77 p05=-5.10 p95=-4.09
  [diag] sat-dist hist bins=60 sat<0.05=0.0% mean=0.597 p10=0.533 p90=0.670
Iter 0019660: train nll 0.286, valid error 100.000%, best valid error 100.000%, avg grad norm  54.487, avg grad norm (post clip)   0.053, rho_Whh  1.12, Omega  0.00, alpha  0.000, steps in the past 0.000, valid nll 0.227
  [diag] log10|dL/dh_t| hist bins=60 range=(-5.23,-3.57) mean=-4.34 p50=-4.06 p05=-5.07 p95=-4.04
  [diag] sat-dist hist bins=60 sat<0.05=0.0% mean=0.638 p10=0.545 p90=0.677
Iter 0019680: train nll 0.292, valid error 100.000%, best valid error 100.000%, avg grad norm  42.346, avg grad norm (post clip)   0.053, rho_Whh  1.12, Omega  0.00, alpha  0.000, steps in the past 0.000, valid nll 0.284
  [diag] log10|dL/dh_t| hist bins=60 range=(-5.23,-3.57) mean=-4.44 p50=-4.36 p05=-5.08 p95=-4.07
  [diag] sat-dist hist bins=60 sat<0.05=0.0% mean=0.625 p10=0.539 p90=0.676
Iter 0019700: train nll 0.313, valid error 100.000%, best valid error 100.000%, avg grad norm  35.016, avg grad norm (post clip)   0.053, rho_Whh  1.12, Omega  0.00, alpha  0.000, steps in the past 0.000, valid nll 0.251
  [diag] log10|dL/dh_t| hist bins=60 range=(-5.23,-3.57) mean=-4.44 p50=-4.36 p05=-5.08 p95=-4.07
  [diag] sat-dist hist bins=60 sat<0.05=0.0% mean=0.625 p10=0.539 p90=0.675
Iter 0019720: train nll 0.282, valid error 100.000%, best valid error 100.000%, avg grad norm  48.278, avg grad norm (post clip)   0.053, rho_Whh  1.12, Omega  0.00, alpha  0.000, steps in the past 0.000, valid nll 0.251
  [diag] log10|dL/dh_t| hist bins=60 range=(-5.23,-3.57) mean=-4.44 p50=-4.36 p05=-5.08 p95=-4.07
  [diag] sat-dist hist bins=60 sat<0.05=0.0% mean=0.625 p10=0.539 p90=0.675
Iter 0019740: train nll 0.303, valid error 100.000%, best valid error 100.000%, avg grad norm  40.588, avg grad norm (post clip)   0.053, rho_Whh  1.12, Omega  0.00, alpha  0.000, steps in the past 0.000, valid nll 0.251
  [diag] log10|dL/dh_t| hist bins=60 range=(-5.23,-3.57) mean=-4.34 p50=-4.07 p05=-5.07 p95=-4.05
  [diag] sat-dist hist bins=60 sat<0.05=0.0% mean=0.638 p10=0.545 p90=0.677
Iter 0019760: train nll 0.312, valid error 100.000%, best valid error 100.000%, avg grad norm  37.827, avg grad norm (post clip)   0.053, rho_Whh  1.12, Omega  0.00, alpha  0.000, steps in the past 0.000, valid nll 0.283
  [diag] log10|dL/dh_t| hist bins=60 range=(-5.23,-3.57) mean=-4.35 p50=-4.07 p05=-5.07 p95=-4.05
  [diag] sat-dist hist bins=60 sat<0.05=0.0% mean=0.638 p10=0.545 p90=0.677
Iter 0019780: train nll 0.297, valid error 100.000%, best valid error 100.000%, avg grad norm  40.710, avg grad norm (post clip)   0.053, rho_Whh  1.12, Omega  0.00, alpha  0.000, steps in the past 0.000, valid nll 0.283
  [diag] log10|dL/dh_t| hist bins=60 range=(-5.23,-3.57) mean=-4.54 p50=-4.65 p05=-5.09 p95=-4.08
  [diag] sat-dist hist bins=60 sat<0.05=0.0% mean=0.611 p10=0.535 p90=0.675
Iter 0019800: train nll 0.263, valid error 100.000%, best valid error 100.000%, avg grad norm  39.756, avg grad norm (post clip)   0.053, rho_Whh  1.12, Omega  0.00, alpha  0.000, steps in the past 0.000, valid nll 0.233
  [diag] log10|dL/dh_t| hist bins=60 range=(-5.23,-3.57) mean=-4.54 p50=-4.65 p05=-5.09 p95=-4.08
  [diag] sat-dist hist bins=60 sat<0.05=0.0% mean=0.611 p10=0.535 p90=0.674
Iter 0019820: train nll 0.309, valid error 100.000%, best valid error 100.000%, avg grad norm  46.206, avg grad norm (post clip)   0.053, rho_Whh  1.12, Omega  0.00, alpha  0.000, steps in the past 0.000, valid nll 0.232
  [diag] log10|dL/dh_t| hist bins=60 range=(-5.23,-3.57) mean=-4.54 p50=-4.65 p05=-5.09 p95=-4.08
  [diag] sat-dist hist bins=60 sat<0.05=0.0% mean=0.611 p10=0.535 p90=0.674
Iter 0019840: train nll 0.304, valid error 100.000%, best valid error 100.000%, avg grad norm  42.388, avg grad norm (post clip)   0.053, rho_Whh  1.12, Omega  0.00, alpha  0.000, steps in the past 0.000, valid nll 0.233
  [diag] log10|dL/dh_t| hist bins=60 range=(-5.23,-3.57) mean=-4.53 p50=-4.63 p05=-5.09 p95=-4.08
  [diag] sat-dist hist bins=60 sat<0.05=0.0% mean=0.613 p10=0.535 p90=0.674
Iter 0019860: train nll 0.304, valid error 100.000%, best valid error 100.000%, avg grad norm  43.550, avg grad norm (post clip)   0.053, rho_Whh  1.12, Omega  0.00, alpha  0.000, steps in the past 0.000, valid nll 0.234
  [diag] log10|dL/dh_t| hist bins=60 range=(-5.23,-3.57) mean=-4.53 p50=-4.63 p05=-5.09 p95=-4.08
  [diag] sat-dist hist bins=60 sat<0.05=0.0% mean=0.613 p10=0.535 p90=0.675
Iter 0019880: train nll 0.282, valid error 100.000%, best valid error 100.000%, avg grad norm  44.054, avg grad norm (post clip)   0.053, rho_Whh  1.12, Omega  0.00, alpha  0.000, steps in the past 0.000, valid nll 0.234
  [diag] log10|dL/dh_t| hist bins=60 range=(-5.23,-3.57) mean=-4.39 p50=-4.18 p05=-5.08 p95=-4.06
  [diag] sat-dist hist bins=60 sat<0.05=0.0% mean=0.632 p10=0.541 p90=0.676
Iter 0019900: train nll 0.313, valid error 100.000%, best valid error 100.000%, avg grad norm  45.305, avg grad norm (post clip)   0.053, rho_Whh  1.12, Omega  0.00, alpha  0.000, steps in the past 0.000, valid nll 0.265
  [diag] log10|dL/dh_t| hist bins=60 range=(-5.23,-3.57) mean=-4.31 p50=-4.05 p05=-5.06 p95=-4.04
  [diag] sat-dist hist bins=60 sat<0.05=0.0% mean=0.642 p10=0.548 p90=0.678
Iter 0019920: train nll 0.284, valid error 100.000%, best valid error 100.000%, avg grad norm  47.770, avg grad norm (post clip)   0.053, rho_Whh  1.12, Omega  0.00, alpha  0.000, steps in the past 0.000, valid nll 0.297
  [diag] log10|dL/dh_t| hist bins=60 range=(-5.23,-3.57) mean=-4.53 p50=-4.63 p05=-5.09 p95=-4.08
  [diag] sat-dist hist bins=60 sat<0.05=0.0% mean=0.613 p10=0.536 p90=0.674
Iter 0019940: train nll 0.293, valid error 100.000%, best valid error 100.000%, avg grad norm  44.560, avg grad norm (post clip)   0.053, rho_Whh  1.12, Omega  0.00, alpha  0.000, steps in the past 0.000, valid nll 0.234
  [diag] log10|dL/dh_t| hist bins=60 range=(-5.23,-3.57) mean=-4.53 p50=-4.63 p05=-5.09 p95=-4.08
  [diag] sat-dist hist bins=60 sat<0.05=0.0% mean=0.613 p10=0.536 p90=0.674
Iter 0019960: train nll 0.253, valid error 100.000%, best valid error 100.000%, avg grad norm  44.361, avg grad norm (post clip)   0.053, rho_Whh  1.12, Omega  0.00, alpha  0.000, steps in the past 0.000, valid nll 0.234
  [diag] log10|dL/dh_t| hist bins=60 range=(-5.23,-3.57) mean=-4.53 p50=-4.63 p05=-5.09 p95=-4.08
  [diag] sat-dist hist bins=60 sat<0.05=0.0% mean=0.613 p10=0.536 p90=0.674
Iter 0019980: train nll 0.276, valid error 100.000%, best valid error 100.000%, avg grad norm  48.409, avg grad norm (post clip)   0.053, rho_Whh  1.12, Omega  0.00, alpha  0.000, steps in the past 0.000, valid nll 0.234
  [diag] log10|dL/dh_t| hist bins=60 range=(-5.23,-3.57) mean=-4.53 p50=-4.63 p05=-5.09 p95=-4.08
  [diag] sat-dist hist bins=60 sat<0.05=0.0% mean=0.613 p10=0.536 p90=0.674
Iter 0020000: train nll 0.272, valid error 100.000%, best valid error 100.000%, avg grad norm  48.821, avg grad norm (post clip)   0.053, rho_Whh  1.12, Omega  0.00, alpha  0.000, steps in the past 0.000, valid nll 0.234
  [diag] log10|dL/dh_t| hist bins=60 range=(-5.23,-3.57) mean=-4.39 p50=-4.19 p05=-5.08 p95=-4.06
  [diag] sat-dist hist bins=60 sat<0.05=0.0% mean=0.631 p10=0.541 p90=0.676
Iter 0020020: train nll 0.299, valid error 100.000%, best valid error 100.000%, avg grad norm  47.031, avg grad norm (post clip)   0.053, rho_Whh  1.12, Omega  0.00, alpha  0.000, steps in the past 0.000, valid nll 0.264
  [diag] log10|dL/dh_t| hist bins=60 range=(-5.23,-3.57) mean=-4.48 p50=-4.51 p05=-5.09 p95=-4.07
  [diag] sat-dist hist bins=60 sat<0.05=0.0% mean=0.619 p10=0.537 p90=0.676
Iter 0020040: train nll 0.275, valid error 100.000%, best valid error 100.000%, avg grad norm  40.525, avg grad norm (post clip)   0.053, rho_Whh  1.12, Omega  0.00, alpha  0.000, steps in the past 0.000, valid nll 0.241
  [diag] log10|dL/dh_t| hist bins=60 range=(-5.23,-3.57) mean=-4.37 p50=-4.10 p05=-5.08 p95=-4.05
  [diag] sat-dist hist bins=60 sat<0.05=0.0% mean=0.635 p10=0.543 p90=0.677
Iter 0020060: train nll 0.331, valid error 100.000%, best valid error 100.000%, avg grad norm  43.518, avg grad norm (post clip)   0.053, rho_Whh  1.12, Omega  0.00, alpha  0.000, steps in the past 0.000, valid nll 0.275
  [diag] log10|dL/dh_t| hist bins=60 range=(-5.23,-3.57) mean=-4.37 p50=-4.11 p05=-5.08 p95=-4.05
  [diag] sat-dist hist bins=60 sat<0.05=0.0% mean=0.635 p10=0.543 p90=0.677
Iter 0020080: train nll 0.328, valid error 100.000%, best valid error 100.000%, avg grad norm  39.725, avg grad norm (post clip)   0.053, rho_Whh  1.12, Omega  0.00, alpha  0.000, steps in the past 0.000, valid nll 0.275
  [diag] log10|dL/dh_t| hist bins=60 range=(-5.23,-3.57) mean=-4.48 p50=-4.50 p05=-5.09 p95=-4.07
  [diag] sat-dist hist bins=60 sat<0.05=0.0% mean=0.620 p10=0.537 p90=0.675
Iter 0020100: train nll 0.272, valid error 100.000%, best valid error 100.000%, avg grad norm  44.055, avg grad norm (post clip)   0.053, rho_Whh  1.12, Omega  0.00, alpha  0.000, steps in the past 0.000, valid nll 0.242
  [diag] log10|dL/dh_t| hist bins=60 range=(-5.23,-3.57) mean=-4.48 p50=-4.50 p05=-5.09 p95=-4.07
  [diag] sat-dist hist bins=60 sat<0.05=0.0% mean=0.620 p10=0.537 p90=0.675
Iter 0020120: train nll 0.279, valid error 100.000%, best valid error 100.000%, avg grad norm  45.448, avg grad norm (post clip)   0.053, rho_Whh  1.12, Omega  0.00, alpha  0.000, steps in the past 0.000, valid nll 0.242
  [diag] log10|dL/dh_t| hist bins=60 range=(-5.23,-3.57) mean=-4.48 p50=-4.50 p05=-5.09 p95=-4.07
  [diag] sat-dist hist bins=60 sat<0.05=0.0% mean=0.620 p10=0.537 p90=0.675
Iter 0020140: train nll 0.317, valid error 100.000%, best valid error 100.000%, avg grad norm  47.900, avg grad norm (post clip)   0.053, rho_Whh  1.12, Omega  0.00, alpha  0.000, steps in the past 0.000, valid nll 0.242
  [diag] log10|dL/dh_t| hist bins=60 range=(-5.23,-3.57) mean=-4.30 p50=-4.05 p05=-5.07 p95=-4.03
  [diag] sat-dist hist bins=60 sat<0.05=0.0% mean=0.644 p10=0.548 p90=0.679
Iter 0020160: train nll 0.317, valid error 100.000%, best valid error 100.000%, avg grad norm  34.240, avg grad norm (post clip)   0.053, rho_Whh  1.12, Omega  0.00, alpha  0.000, steps in the past 0.000, valid nll 0.303
  [diag] log10|dL/dh_t| hist bins=60 range=(-5.23,-3.57) mean=-4.38 p50=-4.12 p05=-5.08 p95=-4.05
  [diag] sat-dist hist bins=60 sat<0.05=0.0% mean=0.634 p10=0.542 p90=0.677
Iter 0020180: train nll 0.311, valid error 100.000%, best valid error 100.000%, avg grad norm  39.218, avg grad norm (post clip)   0.053, rho_Whh  1.12, Omega  0.00, alpha  0.000, steps in the past 0.000, valid nll 0.272
  [diag] log10|dL/dh_t| hist bins=60 range=(-5.23,-3.57) mean=-4.38 p50=-4.13 p05=-5.08 p95=-4.05
  [diag] sat-dist hist bins=60 sat<0.05=0.0% mean=0.634 p10=0.542 p90=0.677
Iter 0020200: train nll 0.337, valid error 100.000%, best valid error 100.000%, avg grad norm  40.578, avg grad norm (post clip)   0.053, rho_Whh  1.12, Omega  0.00, alpha  0.000, steps in the past 0.000, valid nll 0.271
  [diag] log10|dL/dh_t| hist bins=60 range=(-5.23,-3.57) mean=-4.38 p50=-4.13 p05=-5.08 p95=-4.05
  [diag] sat-dist hist bins=60 sat<0.05=0.0% mean=0.634 p10=0.542 p90=0.677
Iter 0020220: train nll 0.321, valid error 100.000%, best valid error 100.000%, avg grad norm  47.231, avg grad norm (post clip)   0.053, rho_Whh  1.12, Omega  0.00, alpha  0.000, steps in the past 0.000, valid nll 0.271
  [diag] log10|dL/dh_t| hist bins=60 range=(-5.23,-3.57) mean=-4.49 p50=-4.52 p05=-5.09 p95=-4.07
  [diag] sat-dist hist bins=60 sat<0.05=0.0% mean=0.619 p10=0.537 p90=0.675
Iter 0020240: train nll 0.334, valid error 100.000%, best valid error 100.000%, avg grad norm  40.413, avg grad norm (post clip)   0.053, rho_Whh  1.12, Omega  0.00, alpha  0.000, steps in the past 0.000, valid nll 0.240
  [diag] log10|dL/dh_t| hist bins=60 range=(-5.23,-3.57) mean=-4.37 p50=-4.12 p05=-5.08 p95=-4.05
  [diag] sat-dist hist bins=60 sat<0.05=0.0% mean=0.635 p10=0.543 p90=0.677
Iter 0020260: train nll 0.332, valid error 100.000%, best valid error 100.000%, avg grad norm  39.470, avg grad norm (post clip)   0.053, rho_Whh  1.12, Omega  0.00, alpha  0.000, steps in the past 0.000, valid nll 0.273
  [diag] log10|dL/dh_t| hist bins=60 range=(-5.23,-3.57) mean=-4.37 p50=-4.12 p05=-5.08 p95=-4.05
  [diag] sat-dist hist bins=60 sat<0.05=0.0% mean=0.635 p10=0.543 p90=0.677
Iter 0020280: train nll 0.303, valid error 100.000%, best valid error 100.000%, avg grad norm  43.989, avg grad norm (post clip)   0.053, rho_Whh  1.12, Omega  0.00, alpha  0.000, steps in the past 0.000, valid nll 0.273
  [diag] log10|dL/dh_t| hist bins=60 range=(-5.24,-3.52) mean=-4.77 p50=-4.84 p05=-5.10 p95=-4.21
  [diag] sat-dist hist bins=60 sat<0.05=0.0% mean=0.579 p10=0.532 p90=0.629
Iter 0020300: train nll 0.270, valid error 100.000%, best valid error 100.000%, avg grad norm  42.563, avg grad norm (post clip)   0.053, rho_Whh  1.12, Omega  0.00, alpha  0.000, steps in the past 0.000, valid nll 0.237
  [diag] log10|dL/dh_t| hist bins=60 range=(-5.23,-3.57) mean=-4.49 p50=-4.52 p05=-5.09 p95=-4.08
  [diag] sat-dist hist bins=60 sat<0.05=0.0% mean=0.619 p10=0.537 p90=0.675
Iter 0020320: train nll 0.265, valid error 100.000%, best valid error 100.000%, avg grad norm  57.524, avg grad norm (post clip)   0.053, rho_Whh  1.12, Omega  0.00, alpha  0.000, steps in the past 0.000, valid nll 0.240
  [diag] log10|dL/dh_t| hist bins=60 range=(-5.23,-3.57) mean=-4.49 p50=-4.52 p05=-5.09 p95=-4.08
  [diag] sat-dist hist bins=60 sat<0.05=0.0% mean=0.619 p10=0.537 p90=0.675
Iter 0020340: train nll 0.298, valid error 100.000%, best valid error 100.000%, avg grad norm  44.569, avg grad norm (post clip)   0.053, rho_Whh  1.12, Omega  0.00, alpha  0.000, steps in the past 0.000, valid nll 0.240
  [diag] log10|dL/dh_t| hist bins=60 range=(-5.23,-3.57) mean=-4.49 p50=-4.53 p05=-5.09 p95=-4.08
  [diag] sat-dist hist bins=60 sat<0.05=0.0% mean=0.619 p10=0.537 p90=0.675
Iter 0020360: train nll 0.307, valid error 100.000%, best valid error 100.000%, avg grad norm  40.228, avg grad norm (post clip)   0.053, rho_Whh  1.12, Omega  0.00, alpha  0.000, steps in the past 0.000, valid nll 0.240
  [diag] log10|dL/dh_t| hist bins=60 range=(-5.23,-3.57) mean=-4.50 p50=-4.54 p05=-5.09 p95=-4.08
  [diag] sat-dist hist bins=60 sat<0.05=0.0% mean=0.618 p10=0.537 p90=0.675
Iter 0020380: train nll 0.264, valid error 100.000%, best valid error 100.000%, avg grad norm  44.327, avg grad norm (post clip)   0.053, rho_Whh  1.12, Omega  0.00, alpha  0.000, steps in the past 0.000, valid nll 0.239
  [diag] log10|dL/dh_t| hist bins=60 range=(-5.23,-3.57) mean=-4.50 p50=-4.54 p05=-5.09 p95=-4.08
  [diag] sat-dist hist bins=60 sat<0.05=0.0% mean=0.618 p10=0.537 p90=0.675
Iter 0020400: train nll 0.300, valid error 100.000%, best valid error 100.000%, avg grad norm  43.483, avg grad norm (post clip)   0.053, rho_Whh  1.12, Omega  0.00, alpha  0.000, steps in the past 0.000, valid nll 0.239
  [diag] log10|dL/dh_t| hist bins=60 range=(-5.24,-3.56) mean=-4.73 p50=-4.82 p05=-5.10 p95=-4.21
  [diag] sat-dist hist bins=60 sat<0.05=0.0% mean=0.585 p10=0.532 p90=0.644
Iter 0020420: train nll 0.287, valid error 100.000%, best valid error 100.000%, avg grad norm  45.723, avg grad norm (post clip)   0.053, rho_Whh  1.12, Omega  0.00, alpha  0.000, steps in the past 0.000, valid nll 0.231
  [diag] log10|dL/dh_t| hist bins=60 range=(-5.23,-3.57) mean=-4.46 p50=-4.44 p05=-5.09 p95=-4.07
  [diag] sat-dist hist bins=60 sat<0.05=0.0% mean=0.622 p10=0.538 p90=0.676
Iter 0020440: train nll 0.322, valid error 100.000%, best valid error 100.000%, avg grad norm  39.404, avg grad norm (post clip)   0.053, rho_Whh  1.12, Omega  0.00, alpha  0.000, steps in the past 0.000, valid nll 0.245
  [diag] log10|dL/dh_t| hist bins=60 range=(-5.23,-3.57) mean=-4.47 p50=-4.45 p05=-5.09 p95=-4.07
  [diag] sat-dist hist bins=60 sat<0.05=0.0% mean=0.622 p10=0.538 p90=0.676
Iter 0020460: train nll 0.317, valid error 100.000%, best valid error 100.000%, avg grad norm  39.880, avg grad norm (post clip)   0.053, rho_Whh  1.12, Omega  0.00, alpha  0.000, steps in the past 0.000, valid nll 0.245
  [diag] log10|dL/dh_t| hist bins=60 range=(-5.23,-3.57) mean=-4.52 p50=-4.60 p05=-5.10 p95=-4.07
  [diag] sat-dist hist bins=60 sat<0.05=0.0% mean=0.615 p10=0.536 p90=0.675
Iter 0020480: train nll 0.280, valid error 100.000%, best valid error 100.000%, avg grad norm  45.245, avg grad norm (post clip)   0.053, rho_Whh  1.12, Omega  0.00, alpha  0.000, steps in the past 0.000, valid nll 0.236
  [diag] log10|dL/dh_t| hist bins=60 range=(-5.23,-3.57) mean=-4.52 p50=-4.59 p05=-5.10 p95=-4.08
  [diag] sat-dist hist bins=60 sat<0.05=0.0% mean=0.615 p10=0.536 p90=0.675
Iter 0020500: train nll 0.323, valid error 100.000%, best valid error 100.000%, avg grad norm  46.150, avg grad norm (post clip)   0.053, rho_Whh  1.12, Omega  0.00, alpha  0.000, steps in the past 0.000, valid nll 0.236
  [diag] log10|dL/dh_t| hist bins=60 range=(-5.23,-3.57) mean=-4.51 p50=-4.59 p05=-5.09 p95=-4.08
  [diag] sat-dist hist bins=60 sat<0.05=0.0% mean=0.616 p10=0.536 p90=0.675
Iter 0020520: train nll 0.296, valid error 100.000%, best valid error 100.000%, avg grad norm  41.197, avg grad norm (post clip)   0.053, rho_Whh  1.12, Omega  0.00, alpha  0.000, steps in the past 0.000, valid nll 0.236
  [diag] log10|dL/dh_t| hist bins=60 range=(-5.24,-3.48) mean=-4.81 p50=-4.86 p05=-5.11 p95=-4.21
  [diag] sat-dist hist bins=60 sat<0.05=0.0% mean=0.571 p10=0.531 p90=0.605
Iter 0020540: train nll 0.300, valid error 100.000%, best valid error 100.000%, avg grad norm  50.313, avg grad norm (post clip)   0.053, rho_Whh  1.12, Omega  0.00, alpha  0.000, steps in the past 0.000, valid nll 0.245
  [diag] log10|dL/dh_t| hist bins=60 range=(-5.23,-3.57) mean=-4.52 p50=-4.60 p05=-5.10 p95=-4.08
  [diag] sat-dist hist bins=60 sat<0.05=0.0% mean=0.615 p10=0.536 p90=0.675
Iter 0020560: train nll 0.293, valid error 100.000%, best valid error 100.000%, avg grad norm  40.044, avg grad norm (post clip)   0.053, rho_Whh  1.12, Omega  0.00, alpha  0.000, steps in the past 0.000, valid nll 0.235
  [diag] log10|dL/dh_t| hist bins=60 range=(-5.23,-3.57) mean=-4.52 p50=-4.60 p05=-5.10 p95=-4.08
  [diag] sat-dist hist bins=60 sat<0.05=0.0% mean=0.615 p10=0.536 p90=0.675
Iter 0020580: train nll 0.322, valid error 100.000%, best valid error 100.000%, avg grad norm  40.208, avg grad norm (post clip)   0.053, rho_Whh  1.12, Omega  0.00, alpha  0.000, steps in the past 0.000, valid nll 0.235
  [diag] log10|dL/dh_t| hist bins=60 range=(-5.24,-3.57) mean=-4.62 p50=-4.75 p05=-5.10 p95=-4.08
  [diag] sat-dist hist bins=60 sat<0.05=0.0% mean=0.601 p10=0.533 p90=0.675
Iter 0020600: train nll 0.251, valid error 100.000%, best valid error 100.000%, avg grad norm  42.393, avg grad norm (post clip)   0.053, rho_Whh  1.12, Omega  0.00, alpha  0.000, steps in the past 0.000, valid nll 0.227
  [diag] log10|dL/dh_t| hist bins=60 range=(-5.24,-3.57) mean=-4.62 p50=-4.75 p05=-5.10 p95=-4.08
  [diag] sat-dist hist bins=60 sat<0.05=0.0% mean=0.601 p10=0.533 p90=0.674
Iter 0020620: train nll 0.335, valid error 100.000%, best valid error 100.000%, avg grad norm  46.991, avg grad norm (post clip)   0.053, rho_Whh  1.12, Omega  0.00, alpha  0.000, steps in the past 0.000, valid nll 0.227
  [diag] log10|dL/dh_t| hist bins=60 range=(-5.23,-3.57) mean=-4.43 p50=-4.31 p05=-5.09 p95=-4.06
  [diag] sat-dist hist bins=60 sat<0.05=0.0% mean=0.627 p10=0.539 p90=0.677
Iter 0020640: train nll 0.310, valid error 100.000%, best valid error 100.000%, avg grad norm  46.218, avg grad norm (post clip)   0.053, rho_Whh  1.12, Omega  0.00, alpha  0.000, steps in the past 0.000, valid nll 0.254
  [diag] log10|dL/dh_t| hist bins=60 range=(-5.23,-3.57) mean=-4.43 p50=-4.31 p05=-5.09 p95=-4.06
  [diag] sat-dist hist bins=60 sat<0.05=0.0% mean=0.627 p10=0.539 p90=0.677
Iter 0020660: train nll 0.307, valid error 100.000%, best valid error 100.000%, avg grad norm  49.792, avg grad norm (post clip)   0.053, rho_Whh  1.12, Omega  0.00, alpha  0.000, steps in the past 0.000, valid nll 0.254
  [diag] log10|dL/dh_t| hist bins=60 range=(-5.23,-3.57) mean=-4.43 p50=-4.31 p05=-5.09 p95=-4.06
  [diag] sat-dist hist bins=60 sat<0.05=0.0% mean=0.627 p10=0.539 p90=0.677
Iter 0020680: train nll 0.309, valid error 100.000%, best valid error 100.000%, avg grad norm  33.506, avg grad norm (post clip)   0.053, rho_Whh  1.12, Omega  0.00, alpha  0.000, steps in the past 0.000, valid nll 0.253
  [diag] log10|dL/dh_t| hist bins=60 range=(-5.23,-3.57) mean=-4.43 p50=-4.31 p05=-5.09 p95=-4.06
  [diag] sat-dist hist bins=60 sat<0.05=0.0% mean=0.627 p10=0.539 p90=0.677
Iter 0020700: train nll 0.279, valid error 100.000%, best valid error 100.000%, avg grad norm  46.247, avg grad norm (post clip)   0.053, rho_Whh  1.12, Omega  0.00, alpha  0.000, steps in the past 0.000, valid nll 0.253
  [diag] log10|dL/dh_t| hist bins=60 range=(-5.23,-3.57) mean=-4.43 p50=-4.32 p05=-5.09 p95=-4.06
  [diag] sat-dist hist bins=60 sat<0.05=0.0% mean=0.627 p10=0.539 p90=0.677
Iter 0020720: train nll 0.294, valid error 100.000%, best valid error 100.000%, avg grad norm  35.487, avg grad norm (post clip)   0.053, rho_Whh  1.12, Omega  0.00, alpha  0.000, steps in the past 0.000, valid nll 0.253
  [diag] log10|dL/dh_t| hist bins=60 range=(-5.24,-3.57) mean=-4.63 p50=-4.75 p05=-5.10 p95=-4.09
  [diag] sat-dist hist bins=60 sat<0.05=0.0% mean=0.600 p10=0.533 p90=0.674
Iter 0020740: train nll 0.273, valid error 100.000%, best valid error 100.000%, avg grad norm  54.237, avg grad norm (post clip)   0.053, rho_Whh  1.12, Omega  0.00, alpha  0.000, steps in the past 0.000, valid nll 0.227
  [diag] log10|dL/dh_t| hist bins=60 range=(-5.24,-3.57) mean=-4.62 p50=-4.75 p05=-5.10 p95=-4.08
  [diag] sat-dist hist bins=60 sat<0.05=0.0% mean=0.600 p10=0.533 p90=0.674
Iter 0020760: train nll 0.273, valid error 100.000%, best valid error 100.000%, avg grad norm  46.895, avg grad norm (post clip)   0.053, rho_Whh  1.12, Omega  0.00, alpha  0.000, steps in the past 0.000, valid nll 0.227
  [diag] log10|dL/dh_t| hist bins=60 range=(-5.23,-3.57) mean=-4.43 p50=-4.32 p05=-5.09 p95=-4.06
  [diag] sat-dist hist bins=60 sat<0.05=0.0% mean=0.627 p10=0.539 p90=0.677
Iter 0020780: train nll 0.310, valid error 100.000%, best valid error 100.000%, avg grad norm  44.726, avg grad norm (post clip)   0.053, rho_Whh  1.12, Omega  0.00, alpha  0.000, steps in the past 0.000, valid nll 0.253
  [diag] log10|dL/dh_t| hist bins=60 range=(-5.24,-3.57) mean=-4.61 p50=-4.74 p05=-5.10 p95=-4.08
  [diag] sat-dist hist bins=60 sat<0.05=0.0% mean=0.602 p10=0.533 p90=0.675
Iter 0020800: train nll 0.292, valid error 100.000%, best valid error 100.000%, avg grad norm  49.717, avg grad norm (post clip)   0.053, rho_Whh  1.12, Omega  0.00, alpha  0.000, steps in the past 0.000, valid nll 0.227
  [diag] log10|dL/dh_t| hist bins=60 range=(-5.23,-3.57) mean=-4.43 p50=-4.30 p05=-5.09 p95=-4.06
  [diag] sat-dist hist bins=60 sat<0.05=0.0% mean=0.627 p10=0.539 p90=0.677
Iter 0020820: train nll 0.330, valid error 100.000%, best valid error 100.000%, avg grad norm  43.821, avg grad norm (post clip)   0.053, rho_Whh  1.12, Omega  0.00, alpha  0.000, steps in the past 0.000, valid nll 0.254
  [diag] log10|dL/dh_t| hist bins=60 range=(-5.23,-3.57) mean=-4.43 p50=-4.30 p05=-5.09 p95=-4.06
  [diag] sat-dist hist bins=60 sat<0.05=0.0% mean=0.627 p10=0.539 p90=0.677
Iter 0020840: train nll 0.306, valid error 100.000%, best valid error 100.000%, avg grad norm  38.446, avg grad norm (post clip)   0.053, rho_Whh  1.12, Omega  0.00, alpha  0.000, steps in the past 0.000, valid nll 0.254
  [diag] log10|dL/dh_t| hist bins=60 range=(-5.23,-3.57) mean=-4.43 p50=-4.29 p05=-5.09 p95=-4.06
  [diag] sat-dist hist bins=60 sat<0.05=0.0% mean=0.628 p10=0.539 p90=0.677
Iter 0020860: train nll 0.278, valid error 100.000%, best valid error 100.000%, avg grad norm  44.992, avg grad norm (post clip)   0.053, rho_Whh  1.12, Omega  0.00, alpha  0.000, steps in the past 0.000, valid nll 0.255
  [diag] log10|dL/dh_t| hist bins=60 range=(-5.24,-3.57) mean=-4.61 p50=-4.73 p05=-5.10 p95=-4.09
  [diag] sat-dist hist bins=60 sat<0.05=0.0% mean=0.603 p10=0.534 p90=0.675
Iter 0020880: train nll 0.271, valid error 100.000%, best valid error 100.000%, avg grad norm  55.734, avg grad norm (post clip)   0.053, rho_Whh  1.12, Omega  0.00, alpha  0.000, steps in the past 0.000, valid nll 0.227
  [diag] log10|dL/dh_t| hist bins=60 range=(-5.23,-3.57) mean=-4.43 p50=-4.29 p05=-5.09 p95=-4.06
  [diag] sat-dist hist bins=60 sat<0.05=0.0% mean=0.628 p10=0.539 p90=0.677
Iter 0020900: train nll 0.289, valid error 100.000%, best valid error 100.000%, avg grad norm  51.820, avg grad norm (post clip)   0.053, rho_Whh  1.12, Omega  0.00, alpha  0.000, steps in the past 0.000, valid nll 0.255
  [diag] log10|dL/dh_t| hist bins=60 range=(-5.23,-3.57) mean=-4.43 p50=-4.29 p05=-5.09 p95=-4.07
  [diag] sat-dist hist bins=60 sat<0.05=0.0% mean=0.628 p10=0.540 p90=0.677
Iter 0020920: train nll 0.322, valid error 100.000%, best valid error 100.000%, avg grad norm  41.094, avg grad norm (post clip)   0.053, rho_Whh  1.12, Omega  0.00, alpha  0.000, steps in the past 0.000, valid nll 0.255
  [diag] log10|dL/dh_t| hist bins=60 range=(-5.24,-3.57) mean=-4.59 p50=-4.71 p05=-5.10 p95=-4.09
  [diag] sat-dist hist bins=60 sat<0.05=0.0% mean=0.606 p10=0.534 p90=0.674
Iter 0020940: train nll 0.310, valid error 100.000%, best valid error 100.000%, avg grad norm  39.801, avg grad norm (post clip)   0.053, rho_Whh  1.12, Omega  0.00, alpha  0.000, steps in the past 0.000, valid nll 0.228
  [diag] log10|dL/dh_t| hist bins=60 range=(-5.24,-3.57) mean=-4.59 p50=-4.71 p05=-5.10 p95=-4.09
  [diag] sat-dist hist bins=60 sat<0.05=0.0% mean=0.606 p10=0.534 p90=0.674
Iter 0020960: train nll 0.288, valid error 100.000%, best valid error 100.000%, avg grad norm  48.841, avg grad norm (post clip)   0.053, rho_Whh  1.12, Omega  0.00, alpha  0.000, steps in the past 0.000, valid nll 0.228
  [diag] log10|dL/dh_t| hist bins=60 range=(-5.23,-3.57) mean=-4.42 p50=-4.27 p05=-5.09 p95=-4.07
  [diag] sat-dist hist bins=60 sat<0.05=0.0% mean=0.629 p10=0.540 p90=0.677
Iter 0020980: train nll 0.317, valid error 100.000%, best valid error 100.000%, avg grad norm  45.745, avg grad norm (post clip)   0.053, rho_Whh  1.12, Omega  0.00, alpha  0.000, steps in the past 0.000, valid nll 0.256
  [diag] log10|dL/dh_t| hist bins=60 range=(-5.24,-3.57) mean=-4.59 p50=-4.71 p05=-5.10 p95=-4.09
  [diag] sat-dist hist bins=60 sat<0.05=0.0% mean=0.605 p10=0.534 p90=0.674
Iter 0021000: train nll 0.311, valid error 100.000%, best valid error 100.000%, avg grad norm  44.007, avg grad norm (post clip)   0.053, rho_Whh  1.12, Omega  0.00, alpha  0.000, steps in the past 0.000, valid nll 0.228
  [diag] log10|dL/dh_t| hist bins=60 range=(-5.23,-3.57) mean=-4.43 p50=-4.29 p05=-5.09 p95=-4.06
  [diag] sat-dist hist bins=60 sat<0.05=0.0% mean=0.628 p10=0.539 p90=0.677
Iter 0021020: train nll 0.312, valid error 100.000%, best valid error 100.000%, avg grad norm  36.015, avg grad norm (post clip)   0.053, rho_Whh  1.12, Omega  0.00, alpha  0.000, steps in the past 0.000, valid nll 0.255
  [diag] log10|dL/dh_t| hist bins=60 range=(-5.24,-3.57) mean=-4.60 p50=-4.73 p05=-5.10 p95=-4.09
  [diag] sat-dist hist bins=60 sat<0.05=0.0% mean=0.604 p10=0.534 p90=0.674
Iter 0021040: train nll 0.310, valid error 100.000%, best valid error 100.000%, avg grad norm  39.114, avg grad norm (post clip)   0.053, rho_Whh  1.12, Omega  0.00, alpha  0.000, steps in the past 0.000, valid nll 0.227
  [diag] log10|dL/dh_t| hist bins=60 range=(-5.23,-3.57) mean=-4.43 p50=-4.29 p05=-5.09 p95=-4.07
  [diag] sat-dist hist bins=60 sat<0.05=0.0% mean=0.628 p10=0.540 p90=0.677
Iter 0021060: train nll 0.275, valid error 100.000%, best valid error 100.000%, avg grad norm  50.631, avg grad norm (post clip)   0.053, rho_Whh  1.12, Omega  0.00, alpha  0.000, steps in the past 0.000, valid nll 0.255
  [diag] log10|dL/dh_t| hist bins=60 range=(-5.24,-3.57) mean=-4.60 p50=-4.72 p05=-5.10 p95=-4.09
  [diag] sat-dist hist bins=60 sat<0.05=0.0% mean=0.604 p10=0.534 p90=0.674
Iter 0021080: train nll 0.308, valid error 100.000%, best valid error 100.000%, avg grad norm  45.186, avg grad norm (post clip)   0.053, rho_Whh  1.12, Omega  0.00, alpha  0.000, steps in the past 0.000, valid nll 0.227
  [diag] log10|dL/dh_t| hist bins=60 range=(-5.24,-3.57) mean=-4.60 p50=-4.72 p05=-5.10 p95=-4.09
  [diag] sat-dist hist bins=60 sat<0.05=0.0% mean=0.604 p10=0.534 p90=0.674
Iter 0021100: train nll 0.301, valid error 100.000%, best valid error 100.000%, avg grad norm  46.438, avg grad norm (post clip)   0.053, rho_Whh  1.12, Omega  0.00, alpha  0.000, steps in the past 0.000, valid nll 0.227
  [diag] log10|dL/dh_t| hist bins=60 range=(-5.24,-3.57) mean=-4.60 p50=-4.72 p05=-5.10 p95=-4.09
  [diag] sat-dist hist bins=60 sat<0.05=0.0% mean=0.604 p10=0.534 p90=0.674
Iter 0021120: train nll 0.253, valid error 100.000%, best valid error 100.000%, avg grad norm  53.012, avg grad norm (post clip)   0.053, rho_Whh  1.12, Omega  0.00, alpha  0.000, steps in the past 0.000, valid nll 0.227
  [diag] log10|dL/dh_t| hist bins=60 range=(-5.23,-3.57) mean=-4.43 p50=-4.29 p05=-5.09 p95=-4.07
  [diag] sat-dist hist bins=60 sat<0.05=0.0% mean=0.628 p10=0.540 p90=0.676
Iter 0021140: train nll 0.335, valid error 100.000%, best valid error 100.000%, avg grad norm  45.408, avg grad norm (post clip)   0.053, rho_Whh  1.12, Omega  0.00, alpha  0.000, steps in the past 0.000, valid nll 0.254
  [diag] log10|dL/dh_t| hist bins=60 range=(-5.24,-3.57) mean=-4.45 p50=-4.38 p05=-5.09 p95=-4.07
  [diag] sat-dist hist bins=60 sat<0.05=0.0% mean=0.625 p10=0.539 p90=0.676
Iter 0021160: train nll 0.251, valid error 100.000%, best valid error 100.000%, avg grad norm  44.271, avg grad norm (post clip)   0.053, rho_Whh  1.12, Omega  0.00, alpha  0.000, steps in the past 0.000, valid nll 0.248
  [diag] log10|dL/dh_t| hist bins=60 range=(-5.23,-3.57) mean=-4.35 p50=-4.07 p05=-5.08 p95=-4.05
  [diag] sat-dist hist bins=60 sat<0.05=0.0% mean=0.638 p10=0.544 p90=0.678
Iter 0021180: train nll 0.275, valid error 100.000%, best valid error 100.000%, avg grad norm  48.303, avg grad norm (post clip)   0.053, rho_Whh  1.12, Omega  0.00, alpha  0.000, steps in the past 0.000, valid nll 0.280
  [diag] log10|dL/dh_t| hist bins=60 range=(-5.24,-3.57) mean=-4.66 p50=-4.78 p05=-5.10 p95=-4.10
  [diag] sat-dist hist bins=60 sat<0.05=0.0% mean=0.596 p10=0.533 p90=0.669
Iter 0021200: train nll 0.285, valid error 100.000%, best valid error 100.000%, avg grad norm  40.274, avg grad norm (post clip)   0.053, rho_Whh  1.12, Omega  0.00, alpha  0.000, steps in the past 0.000, valid nll 0.226
  [diag] log10|dL/dh_t| hist bins=60 range=(-5.24,-3.57) mean=-4.66 p50=-4.78 p05=-5.10 p95=-4.10
  [diag] sat-dist hist bins=60 sat<0.05=0.0% mean=0.596 p10=0.533 p90=0.669
Iter 0021220: train nll 0.292, valid error 100.000%, best valid error 100.000%, avg grad norm  49.927, avg grad norm (post clip)   0.053, rho_Whh  1.12, Omega  0.00, alpha  0.000, steps in the past 0.000, valid nll 0.226
  [diag] log10|dL/dh_t| hist bins=60 range=(-5.24,-3.57) mean=-4.66 p50=-4.78 p05=-5.10 p95=-4.10
  [diag] sat-dist hist bins=60 sat<0.05=0.0% mean=0.596 p10=0.533 p90=0.669
Iter 0021240: train nll 0.281, valid error 100.000%, best valid error 100.000%, avg grad norm  49.976, avg grad norm (post clip)   0.053, rho_Whh  1.12, Omega  0.00, alpha  0.000, steps in the past 0.000, valid nll 0.226
  [diag] log10|dL/dh_t| hist bins=60 range=(-5.24,-3.57) mean=-4.45 p50=-4.38 p05=-5.09 p95=-4.07
  [diag] sat-dist hist bins=60 sat<0.05=0.0% mean=0.625 p10=0.539 p90=0.676
Iter 0021260: train nll 0.295, valid error 100.000%, best valid error 100.000%, avg grad norm  48.696, avg grad norm (post clip)   0.053, rho_Whh  1.12, Omega  0.00, alpha  0.000, steps in the past 0.000, valid nll 0.248
  [diag] log10|dL/dh_t| hist bins=60 range=(-5.24,-3.57) mean=-4.66 p50=-4.78 p05=-5.10 p95=-4.10
  [diag] sat-dist hist bins=60 sat<0.05=0.0% mean=0.595 p10=0.533 p90=0.668
Iter 0021280: train nll 0.259, valid error 100.000%, best valid error 100.000%, avg grad norm  50.342, avg grad norm (post clip)   0.053, rho_Whh  1.12, Omega  0.00, alpha  0.000, steps in the past 0.000, valid nll 0.226
  [diag] log10|dL/dh_t| hist bins=60 range=(-5.24,-3.57) mean=-4.66 p50=-4.78 p05=-5.10 p95=-4.10
  [diag] sat-dist hist bins=60 sat<0.05=0.0% mean=0.596 p10=0.533 p90=0.668
Iter 0021300: train nll 0.297, valid error 100.000%, best valid error 100.000%, avg grad norm  47.635, avg grad norm (post clip)   0.053, rho_Whh  1.12, Omega  0.00, alpha  0.000, steps in the past 0.000, valid nll 0.226
  [diag] log10|dL/dh_t| hist bins=60 range=(-5.24,-3.57) mean=-4.45 p50=-4.37 p05=-5.09 p95=-4.07
  [diag] sat-dist hist bins=60 sat<0.05=0.0% mean=0.625 p10=0.539 p90=0.676
Iter 0021320: train nll 0.281, valid error 100.000%, best valid error 100.000%, avg grad norm  42.963, avg grad norm (post clip)   0.053, rho_Whh  1.12, Omega  0.00, alpha  0.000, steps in the past 0.000, valid nll 0.249
  [diag] log10|dL/dh_t| hist bins=60 range=(-5.24,-3.57) mean=-4.47 p50=-4.44 p05=-5.09 p95=-4.07
  [diag] sat-dist hist bins=60 sat<0.05=0.0% mean=0.623 p10=0.538 p90=0.676
Iter 0021340: train nll 0.328, valid error 100.000%, best valid error 100.000%, avg grad norm  40.010, avg grad norm (post clip)   0.053, rho_Whh  1.12, Omega  0.00, alpha  0.000, steps in the past 0.000, valid nll 0.244
  [diag] log10|dL/dh_t| hist bins=60 range=(-5.24,-3.57) mean=-4.47 p50=-4.46 p05=-5.09 p95=-4.07
  [diag] sat-dist hist bins=60 sat<0.05=0.0% mean=0.622 p10=0.537 p90=0.676
Iter 0021360: train nll 0.287, valid error 100.000%, best valid error 100.000%, avg grad norm  38.476, avg grad norm (post clip)   0.053, rho_Whh  1.12, Omega  0.00, alpha  0.000, steps in the past 0.000, valid nll 0.244
  [diag] log10|dL/dh_t| hist bins=60 range=(-5.23,-3.57) mean=-4.36 p50=-4.08 p05=-5.08 p95=-4.05
  [diag] sat-dist hist bins=60 sat<0.05=0.0% mean=0.637 p10=0.544 p90=0.678
Iter 0021380: train nll 0.326, valid error 100.000%, best valid error 100.000%, avg grad norm  34.558, avg grad norm (post clip)   0.053, rho_Whh  1.12, Omega  0.00, alpha  0.000, steps in the past 0.000, valid nll 0.278
  [diag] log10|dL/dh_t| hist bins=60 range=(-5.24,-3.57) mean=-4.46 p50=-4.43 p05=-5.09 p95=-4.08
  [diag] sat-dist hist bins=60 sat<0.05=0.0% mean=0.623 p10=0.538 p90=0.676
Iter 0021400: train nll 0.323, valid error 100.000%, best valid error 100.000%, avg grad norm  42.263, avg grad norm (post clip)   0.053, rho_Whh  1.12, Omega  0.00, alpha  0.000, steps in the past 0.000, valid nll 0.245
  [diag] log10|dL/dh_t| hist bins=60 range=(-5.24,-3.57) mean=-4.47 p50=-4.43 p05=-5.09 p95=-4.08
  [diag] sat-dist hist bins=60 sat<0.05=0.0% mean=0.623 p10=0.538 p90=0.676
Iter 0021420: train nll 0.290, valid error 100.000%, best valid error 100.000%, avg grad norm  44.381, avg grad norm (post clip)   0.053, rho_Whh  1.12, Omega  0.00, alpha  0.000, steps in the past 0.000, valid nll 0.245
  [diag] log10|dL/dh_t| hist bins=60 range=(-5.24,-3.57) mean=-4.46 p50=-4.43 p05=-5.09 p95=-4.08
  [diag] sat-dist hist bins=60 sat<0.05=0.0% mean=0.623 p10=0.538 p90=0.676
Iter 0021440: train nll 0.309, valid error 100.000%, best valid error 100.000%, avg grad norm  44.152, avg grad norm (post clip)   0.053, rho_Whh  1.12, Omega  0.00, alpha  0.000, steps in the past 0.000, valid nll 0.245
  [diag] log10|dL/dh_t| hist bins=60 range=(-5.24,-3.57) mean=-4.47 p50=-4.43 p05=-5.09 p95=-4.08
  [diag] sat-dist hist bins=60 sat<0.05=0.0% mean=0.623 p10=0.538 p90=0.676
Iter 0021460: train nll 0.280, valid error 100.000%, best valid error 100.000%, avg grad norm  53.312, avg grad norm (post clip)   0.053, rho_Whh  1.12, Omega  0.00, alpha  0.000, steps in the past 0.000, valid nll 0.245
  [diag] log10|dL/dh_t| hist bins=60 range=(-5.24,-3.57) mean=-4.47 p50=-4.43 p05=-5.09 p95=-4.08
  [diag] sat-dist hist bins=60 sat<0.05=0.0% mean=0.623 p10=0.538 p90=0.676
Iter 0021480: train nll 0.303, valid error 100.000%, best valid error 100.000%, avg grad norm  44.600, avg grad norm (post clip)   0.053, rho_Whh  1.12, Omega  0.00, alpha  0.000, steps in the past 0.000, valid nll 0.245
  [diag] log10|dL/dh_t| hist bins=60 range=(-5.23,-3.57) mean=-4.34 p50=-4.06 p05=-5.08 p95=-4.04
  [diag] sat-dist hist bins=60 sat<0.05=0.0% mean=0.640 p10=0.545 p90=0.679
Iter 0021500: train nll 0.298, valid error 100.000%, best valid error 100.000%, avg grad norm  40.268, avg grad norm (post clip)   0.053, rho_Whh  1.13, Omega  0.00, alpha  0.000, steps in the past 0.000, valid nll 0.286
  [diag] log10|dL/dh_t| hist bins=60 range=(-5.24,-3.57) mean=-4.61 p50=-4.74 p05=-5.10 p95=-4.09
  [diag] sat-dist hist bins=60 sat<0.05=0.0% mean=0.603 p10=0.533 p90=0.675
Iter 0021520: train nll 0.262, valid error 100.000%, best valid error 100.000%, avg grad norm  51.009, avg grad norm (post clip)   0.053, rho_Whh  1.12, Omega  0.00, alpha  0.000, steps in the past 0.000, valid nll 0.227
  [diag] log10|dL/dh_t| hist bins=60 range=(-5.24,-3.57) mean=-4.61 p50=-4.74 p05=-5.10 p95=-4.08
  [diag] sat-dist hist bins=60 sat<0.05=0.0% mean=0.603 p10=0.533 p90=0.675
Iter 0021540: train nll 0.282, valid error 100.000%, best valid error 100.000%, avg grad norm  47.270, avg grad norm (post clip)   0.053, rho_Whh  1.12, Omega  0.00, alpha  0.000, steps in the past 0.000, valid nll 0.227
  [diag] log10|dL/dh_t| hist bins=60 range=(-5.24,-3.57) mean=-4.65 p50=-4.77 p05=-5.11 p95=-4.09
  [diag] sat-dist hist bins=60 sat<0.05=0.0% mean=0.597 p10=0.532 p90=0.673
Iter 0021560: train nll 0.293, valid error 100.000%, best valid error 100.000%, avg grad norm  44.490, avg grad norm (post clip)   0.053, rho_Whh  1.12, Omega  0.00, alpha  0.000, steps in the past 0.000, valid nll 0.226
  [diag] log10|dL/dh_t| hist bins=60 range=(-5.24,-3.57) mean=-4.44 p50=-4.35 p05=-5.09 p95=-4.06
  [diag] sat-dist hist bins=60 sat<0.05=0.0% mean=0.626 p10=0.538 p90=0.677
Iter 0021580: train nll 0.307, valid error 100.000%, best valid error 100.000%, avg grad norm  47.230, avg grad norm (post clip)   0.053, rho_Whh  1.12, Omega  0.00, alpha  0.000, steps in the past 0.000, valid nll 0.250
  [diag] log10|dL/dh_t| hist bins=60 range=(-5.24,-3.57) mean=-4.44 p50=-4.35 p05=-5.09 p95=-4.06
  [diag] sat-dist hist bins=60 sat<0.05=0.0% mean=0.626 p10=0.538 p90=0.677
Iter 0021600: train nll 0.286, valid error 100.000%, best valid error 100.000%, avg grad norm  41.745, avg grad norm (post clip)   0.053, rho_Whh  1.12, Omega  0.00, alpha  0.000, steps in the past 0.000, valid nll 0.251
  [diag] log10|dL/dh_t| hist bins=60 range=(-5.24,-3.57) mean=-4.65 p50=-4.77 p05=-5.11 p95=-4.09
  [diag] sat-dist hist bins=60 sat<0.05=0.0% mean=0.598 p10=0.533 p90=0.673
Iter 0021620: train nll 0.310, valid error 100.000%, best valid error 100.000%, avg grad norm  50.437, avg grad norm (post clip)   0.053, rho_Whh  1.12, Omega  0.00, alpha  0.000, steps in the past 0.000, valid nll 0.226
  [diag] log10|dL/dh_t| hist bins=60 range=(-5.24,-3.57) mean=-4.44 p50=-4.35 p05=-5.09 p95=-4.06
  [diag] sat-dist hist bins=60 sat<0.05=0.0% mean=0.626 p10=0.538 p90=0.677
Iter 0021640: train nll 0.298, valid error 100.000%, best valid error 100.000%, avg grad norm  51.555, avg grad norm (post clip)   0.053, rho_Whh  1.12, Omega  0.00, alpha  0.000, steps in the past 0.000, valid nll 0.250
  [diag] log10|dL/dh_t| hist bins=60 range=(-5.24,-3.57) mean=-4.34 p50=-4.06 p05=-5.08 p95=-4.04
  [diag] sat-dist hist bins=60 sat<0.05=0.0% mean=0.640 p10=0.544 p90=0.679
Iter 0021660: train nll 0.253, valid error 100.000%, best valid error 100.000%, avg grad norm  54.737, avg grad norm (post clip)   0.053, rho_Whh  1.13, Omega  0.00, alpha  0.000, steps in the past 0.000, valid nll 0.285
  [diag] log10|dL/dh_t| hist bins=60 range=(-5.24,-3.57) mean=-4.44 p50=-4.33 p05=-5.09 p95=-4.07
  [diag] sat-dist hist bins=60 sat<0.05=0.0% mean=0.627 p10=0.539 p90=0.677
Iter 0021680: train nll 0.326, valid error 100.000%, best valid error 100.000%, avg grad norm  39.210, avg grad norm (post clip)   0.053, rho_Whh  1.12, Omega  0.00, alpha  0.000, steps in the past 0.000, valid nll 0.252
  [diag] log10|dL/dh_t| hist bins=60 range=(-5.24,-3.57) mean=-4.44 p50=-4.33 p05=-5.09 p95=-4.07
  [diag] sat-dist hist bins=60 sat<0.05=0.0% mean=0.627 p10=0.539 p90=0.677
Iter 0021700: train nll 0.280, valid error 100.000%, best valid error 100.000%, avg grad norm  43.441, avg grad norm (post clip)   0.053, rho_Whh  1.12, Omega  0.00, alpha  0.000, steps in the past 0.000, valid nll 0.252
  [diag] log10|dL/dh_t| hist bins=60 range=(-5.24,-3.57) mean=-4.44 p50=-4.32 p05=-5.09 p95=-4.07
  [diag] sat-dist hist bins=60 sat<0.05=0.0% mean=0.627 p10=0.539 p90=0.677
Iter 0021720: train nll 0.282, valid error 100.000%, best valid error 100.000%, avg grad norm  40.382, avg grad norm (post clip)   0.053, rho_Whh  1.12, Omega  0.00, alpha  0.000, steps in the past 0.000, valid nll 0.252
  [diag] log10|dL/dh_t| hist bins=60 range=(-5.24,-3.57) mean=-4.44 p50=-4.33 p05=-5.09 p95=-4.07
  [diag] sat-dist hist bins=60 sat<0.05=0.0% mean=0.627 p10=0.539 p90=0.677
Iter 0021740: train nll 0.308, valid error 100.000%, best valid error 100.000%, avg grad norm  44.304, avg grad norm (post clip)   0.053, rho_Whh  1.12, Omega  0.00, alpha  0.000, steps in the past 0.000, valid nll 0.252
  [diag] log10|dL/dh_t| hist bins=60 range=(-5.24,-3.57) mean=-4.44 p50=-4.32 p05=-5.09 p95=-4.07
  [diag] sat-dist hist bins=60 sat<0.05=0.0% mean=0.627 p10=0.539 p90=0.677
Iter 0021760: train nll 0.283, valid error 100.000%, best valid error 100.000%, avg grad norm  44.753, avg grad norm (post clip)   0.053, rho_Whh  1.12, Omega  0.00, alpha  0.000, steps in the past 0.000, valid nll 0.252
  [diag] log10|dL/dh_t| hist bins=60 range=(-5.24,-3.57) mean=-4.44 p50=-4.33 p05=-5.09 p95=-4.07
  [diag] sat-dist hist bins=60 sat<0.05=0.0% mean=0.627 p10=0.539 p90=0.677
Iter 0021780: train nll 0.297, valid error 100.000%, best valid error 100.000%, avg grad norm  46.086, avg grad norm (post clip)   0.053, rho_Whh  1.12, Omega  0.00, alpha  0.000, steps in the past 0.000, valid nll 0.252
  [diag] log10|dL/dh_t| hist bins=60 range=(-5.24,-3.57) mean=-4.61 p50=-4.74 p05=-5.11 p95=-4.09
  [diag] sat-dist hist bins=60 sat<0.05=0.0% mean=0.603 p10=0.533 p90=0.675
Iter 0021800: train nll 0.275, valid error 100.000%, best valid error 100.000%, avg grad norm  45.390, avg grad norm (post clip)   0.053, rho_Whh  1.12, Omega  0.00, alpha  0.000, steps in the past 0.000, valid nll 0.226
  [diag] log10|dL/dh_t| hist bins=60 range=(-5.24,-3.57) mean=-4.43 p50=-4.30 p05=-5.09 p95=-4.07
  [diag] sat-dist hist bins=60 sat<0.05=0.0% mean=0.628 p10=0.539 p90=0.677
Iter 0021820: train nll 0.318, valid error 100.000%, best valid error 100.000%, avg grad norm  47.133, avg grad norm (post clip)   0.053, rho_Whh  1.12, Omega  0.00, alpha  0.000, steps in the past 0.000, valid nll 0.253
  [diag] log10|dL/dh_t| hist bins=60 range=(-5.24,-3.57) mean=-4.45 p50=-4.36 p05=-5.09 p95=-4.07
  [diag] sat-dist hist bins=60 sat<0.05=0.0% mean=0.626 p10=0.538 p90=0.677
Iter 0021840: train nll 0.314, valid error 100.000%, best valid error 100.000%, avg grad norm  38.059, avg grad norm (post clip)   0.053, rho_Whh  1.12, Omega  0.00, alpha  0.000, steps in the past 0.000, valid nll 0.250
  [diag] log10|dL/dh_t| hist bins=60 range=(-5.24,-3.57) mean=-4.66 p50=-4.78 p05=-5.11 p95=-4.09
  [diag] sat-dist hist bins=60 sat<0.05=0.0% mean=0.597 p10=0.532 p90=0.672
Iter 0021860: train nll 0.267, valid error 100.000%, best valid error 100.000%, avg grad norm  39.240, avg grad norm (post clip)   0.053, rho_Whh  1.12, Omega  0.00, alpha  0.000, steps in the past 0.000, valid nll 0.225
  [diag] log10|dL/dh_t| hist bins=60 range=(-5.24,-3.57) mean=-4.66 p50=-4.78 p05=-5.11 p95=-4.09
  [diag] sat-dist hist bins=60 sat<0.05=0.0% mean=0.597 p10=0.533 p90=0.671
Iter 0021880: train nll 0.286, valid error 100.000%, best valid error 100.000%, avg grad norm  48.980, avg grad norm (post clip)   0.053, rho_Whh  1.12, Omega  0.00, alpha  0.000, steps in the past 0.000, valid nll 0.225
  [diag] log10|dL/dh_t| hist bins=60 range=(-5.24,-3.57) mean=-4.44 p50=-4.34 p05=-5.09 p95=-4.06
  [diag] sat-dist hist bins=60 sat<0.05=0.0% mean=0.627 p10=0.538 p90=0.678
Iter 0021900: train nll 0.316, valid error 100.000%, best valid error 100.000%, avg grad norm  37.103, avg grad norm (post clip)   0.053, rho_Whh  1.12, Omega  0.00, alpha  0.000, steps in the past 0.000, valid nll 0.251
  [diag] log10|dL/dh_t| hist bins=60 range=(-5.24,-3.57) mean=-4.44 p50=-4.33 p05=-5.09 p95=-4.06
  [diag] sat-dist hist bins=60 sat<0.05=0.0% mean=0.627 p10=0.538 p90=0.678
Iter 0021920: train nll 0.274, valid error 100.000%, best valid error 100.000%, avg grad norm  51.770, avg grad norm (post clip)   0.053, rho_Whh  1.12, Omega  0.00, alpha  0.000, steps in the past 0.000, valid nll 0.251
  [diag] log10|dL/dh_t| hist bins=60 range=(-5.24,-3.57) mean=-4.34 p50=-4.06 p05=-5.08 p95=-4.04
  [diag] sat-dist hist bins=60 sat<0.05=0.0% mean=0.640 p10=0.545 p90=0.679
Iter 0021940: train nll 0.324, valid error 100.000%, best valid error 100.000%, avg grad norm  38.980, avg grad norm (post clip)   0.053, rho_Whh  1.13, Omega  0.00, alpha  0.000, steps in the past 0.000, valid nll 0.284
  [diag] log10|dL/dh_t| hist bins=60 range=(-5.24,-3.57) mean=-4.44 p50=-4.33 p05=-5.09 p95=-4.07
  [diag] sat-dist hist bins=60 sat<0.05=0.0% mean=0.627 p10=0.539 p90=0.677
Iter 0021960: train nll 0.336, valid error 100.000%, best valid error 100.000%, avg grad norm  40.768, avg grad norm (post clip)   0.053, rho_Whh  1.12, Omega  0.00, alpha  0.000, steps in the past 0.000, valid nll 0.251
  [diag] log10|dL/dh_t| hist bins=60 range=(-5.24,-3.57) mean=-4.44 p50=-4.33 p05=-5.09 p95=-4.07
  [diag] sat-dist hist bins=60 sat<0.05=0.0% mean=0.627 p10=0.539 p90=0.677
Iter 0021980: train nll 0.285, valid error 100.000%, best valid error 100.000%, avg grad norm  48.157, avg grad norm (post clip)   0.053, rho_Whh  1.12, Omega  0.00, alpha  0.000, steps in the past 0.000, valid nll 0.251
  [diag] log10|dL/dh_t| hist bins=60 range=(-5.24,-3.57) mean=-4.63 p50=-4.75 p05=-5.11 p95=-4.09
  [diag] sat-dist hist bins=60 sat<0.05=0.0% mean=0.601 p10=0.533 p90=0.674
Iter 0022000: train nll 0.285, valid error 100.000%, best valid error 100.000%, avg grad norm  40.611, avg grad norm (post clip)   0.053, rho_Whh  1.12, Omega  0.00, alpha  0.000, steps in the past 0.000, valid nll 0.226
  [diag] log10|dL/dh_t| hist bins=60 range=(-5.24,-3.57) mean=-4.34 p50=-4.07 p05=-5.08 p95=-4.05
  [diag] sat-dist hist bins=60 sat<0.05=0.0% mean=0.640 p10=0.545 p90=0.679
Iter 0022020: train nll 0.301, valid error 100.000%, best valid error 100.000%, avg grad norm  50.924, avg grad norm (post clip)   0.053, rho_Whh  1.13, Omega  0.00, alpha  0.000, steps in the past 0.000, valid nll 0.284
  [diag] log10|dL/dh_t| hist bins=60 range=(-5.24,-3.57) mean=-4.38 p50=-4.13 p05=-5.08 p95=-4.06
  [diag] sat-dist hist bins=60 sat<0.05=0.0% mean=0.635 p10=0.542 p90=0.678
Iter 0022040: train nll 0.330, valid error 100.000%, best valid error 100.000%, avg grad norm  38.665, avg grad norm (post clip)   0.053, rho_Whh  1.12, Omega  0.00, alpha  0.000, steps in the past 0.000, valid nll 0.270
  [diag] log10|dL/dh_t| hist bins=60 range=(-5.24,-3.57) mean=-4.38 p50=-4.13 p05=-5.08 p95=-4.06
  [diag] sat-dist hist bins=60 sat<0.05=0.0% mean=0.635 p10=0.542 p90=0.678
Iter 0022060: train nll 0.311, valid error 100.000%, best valid error 100.000%, avg grad norm  45.944, avg grad norm (post clip)   0.053, rho_Whh  1.12, Omega  0.00, alpha  0.000, steps in the past 0.000, valid nll 0.269
  [diag] log10|dL/dh_t| hist bins=60 range=(-5.24,-3.57) mean=-4.43 p50=-4.31 p05=-5.09 p95=-4.07
  [diag] sat-dist hist bins=60 sat<0.05=0.0% mean=0.628 p10=0.539 p90=0.677
Iter 0022080: train nll 0.305, valid error 100.000%, best valid error 100.000%, avg grad norm  44.321, avg grad norm (post clip)   0.053, rho_Whh  1.12, Omega  0.00, alpha  0.000, steps in the past 0.000, valid nll 0.252
  [diag] log10|dL/dh_t| hist bins=60 range=(-5.24,-3.57) mean=-4.43 p50=-4.31 p05=-5.09 p95=-4.07
  [diag] sat-dist hist bins=60 sat<0.05=0.0% mean=0.628 p10=0.539 p90=0.677
Iter 0022100: train nll 0.303, valid error 100.000%, best valid error 100.000%, avg grad norm  49.834, avg grad norm (post clip)   0.053, rho_Whh  1.12, Omega  0.00, alpha  0.000, steps in the past 0.000, valid nll 0.252
  [diag] log10|dL/dh_t| hist bins=60 range=(-5.24,-3.57) mean=-4.61 p50=-4.74 p05=-5.11 p95=-4.09
  [diag] sat-dist hist bins=60 sat<0.05=0.0% mean=0.603 p10=0.534 p90=0.675
Iter 0022120: train nll 0.251, valid error 100.000%, best valid error 100.000%, avg grad norm  48.538, avg grad norm (post clip)   0.053, rho_Whh  1.12, Omega  0.00, alpha  0.000, steps in the past 0.000, valid nll 0.226
  [diag] log10|dL/dh_t| hist bins=60 range=(-5.24,-3.57) mean=-4.34 p50=-4.07 p05=-5.08 p95=-4.05
  [diag] sat-dist hist bins=60 sat<0.05=0.0% mean=0.640 p10=0.545 p90=0.679
Iter 0022140: train nll 0.292, valid error 100.000%, best valid error 100.000%, avg grad norm  44.545, avg grad norm (post clip)   0.053, rho_Whh  1.13, Omega  0.00, alpha  0.000, steps in the past 0.000, valid nll 0.286
  [diag] log10|dL/dh_t| hist bins=60 range=(-5.24,-3.57) mean=-4.61 p50=-4.73 p05=-5.10 p95=-4.09
  [diag] sat-dist hist bins=60 sat<0.05=0.0% mean=0.604 p10=0.534 p90=0.675
Iter 0022160: train nll 0.287, valid error 100.000%, best valid error 100.000%, avg grad norm  40.175, avg grad norm (post clip)   0.053, rho_Whh  1.12, Omega  0.00, alpha  0.000, steps in the past 0.000, valid nll 0.226
  [diag] log10|dL/dh_t| hist bins=60 range=(-5.24,-3.57) mean=-4.43 p50=-4.29 p05=-5.09 p95=-4.07
  [diag] sat-dist hist bins=60 sat<0.05=0.0% mean=0.628 p10=0.540 p90=0.677
Iter 0022180: train nll 0.293, valid error 100.000%, best valid error 100.000%, avg grad norm  50.236, avg grad norm (post clip)   0.053, rho_Whh  1.12, Omega  0.00, alpha  0.000, steps in the past 0.000, valid nll 0.253
  [diag] log10|dL/dh_t| hist bins=60 range=(-5.24,-3.57) mean=-4.47 p50=-4.44 p05=-5.10 p95=-4.07
  [diag] sat-dist hist bins=60 sat<0.05=0.0% mean=0.623 p10=0.537 p90=0.677
Iter 0022200: train nll 0.255, valid error 100.000%, best valid error 100.000%, avg grad norm  40.611, avg grad norm (post clip)   0.053, rho_Whh  1.12, Omega  0.00, alpha  0.000, steps in the past 0.000, valid nll 0.245
  [diag] log10|dL/dh_t| hist bins=60 range=(-5.24,-3.57) mean=-4.47 p50=-4.44 p05=-5.10 p95=-4.07
  [diag] sat-dist hist bins=60 sat<0.05=0.0% mean=0.623 p10=0.537 p90=0.677
Iter 0022220: train nll 0.285, valid error 100.000%, best valid error 100.000%, avg grad norm  40.126, avg grad norm (post clip)   0.053, rho_Whh  1.12, Omega  0.00, alpha  0.000, steps in the past 0.000, valid nll 0.244
  [diag] log10|dL/dh_t| hist bins=60 range=(-5.24,-3.57) mean=-4.47 p50=-4.44 p05=-5.10 p95=-4.07
  [diag] sat-dist hist bins=60 sat<0.05=0.0% mean=0.623 p10=0.537 p90=0.677
Iter 0022240: train nll 0.273, valid error 100.000%, best valid error 100.000%, avg grad norm  53.725, avg grad norm (post clip)   0.053, rho_Whh  1.12, Omega  0.00, alpha  0.000, steps in the past 0.000, valid nll 0.244
  [diag] log10|dL/dh_t| hist bins=60 range=(-5.24,-3.57) mean=-4.47 p50=-4.44 p05=-5.10 p95=-4.07
  [diag] sat-dist hist bins=60 sat<0.05=0.0% mean=0.623 p10=0.537 p90=0.677
Iter 0022260: train nll 0.286, valid error 100.000%, best valid error 100.000%, avg grad norm  46.668, avg grad norm (post clip)   0.053, rho_Whh  1.12, Omega  0.00, alpha  0.000, steps in the past 0.000, valid nll 0.244
  [diag] log10|dL/dh_t| hist bins=60 range=(-5.25,-3.57) mean=-4.70 p50=-4.81 p05=-5.11 p95=-4.13
  [diag] sat-dist hist bins=60 sat<0.05=0.0% mean=0.590 p10=0.532 p90=0.659
Iter 0022280: train nll 0.270, valid error 100.000%, best valid error 100.000%, avg grad norm  38.817, avg grad norm (post clip)   0.053, rho_Whh  1.12, Omega  0.00, alpha  0.000, steps in the past 0.000, valid nll 0.227
  [diag] log10|dL/dh_t| hist bins=60 range=(-5.25,-3.57) mean=-4.70 p50=-4.81 p05=-5.11 p95=-4.13
  [diag] sat-dist hist bins=60 sat<0.05=0.0% mean=0.590 p10=0.532 p90=0.660
Iter 0022300: train nll 0.301, valid error 100.000%, best valid error 100.000%, avg grad norm  44.609, avg grad norm (post clip)   0.053, rho_Whh  1.12, Omega  0.00, alpha  0.000, steps in the past 0.000, valid nll 0.227
  [diag] log10|dL/dh_t| hist bins=60 range=(-5.24,-3.57) mean=-4.36 p50=-4.08 p05=-5.08 p95=-4.04
  [diag] sat-dist hist bins=60 sat<0.05=0.0% mean=0.638 p10=0.543 p90=0.680
Iter 0022320: train nll 0.280, valid error 100.000%, best valid error 100.000%, avg grad norm  49.766, avg grad norm (post clip)   0.053, rho_Whh  1.13, Omega  0.00, alpha  0.000, steps in the past 0.000, valid nll 0.279
  [diag] log10|dL/dh_t| hist bins=60 range=(-5.24,-3.57) mean=-4.50 p50=-4.54 p05=-5.10 p95=-4.07
  [diag] sat-dist hist bins=60 sat<0.05=0.0% mean=0.619 p10=0.536 p90=0.677
Iter 0022340: train nll 0.312, valid error 100.000%, best valid error 100.000%, avg grad norm  41.489, avg grad norm (post clip)   0.053, rho_Whh  1.13, Omega  0.00, alpha  0.000, steps in the past 0.000, valid nll 0.238
  [diag] log10|dL/dh_t| hist bins=60 range=(-5.24,-3.57) mean=-4.50 p50=-4.54 p05=-5.10 p95=-4.07
  [diag] sat-dist hist bins=60 sat<0.05=0.0% mean=0.619 p10=0.536 p90=0.677
Iter 0022360: train nll 0.283, valid error 100.000%, best valid error 100.000%, avg grad norm  43.361, avg grad norm (post clip)   0.053, rho_Whh  1.13, Omega  0.00, alpha  0.000, steps in the past 0.000, valid nll 0.238
  [diag] log10|dL/dh_t| hist bins=60 range=(-5.25,-3.51) mean=-4.78 p50=-4.85 p05=-5.11 p95=-4.22
  [diag] sat-dist hist bins=60 sat<0.05=0.0% mean=0.577 p10=0.530 p90=0.625
Iter 0022380: train nll 0.265, valid error 100.000%, best valid error 100.000%, avg grad norm  54.975, avg grad norm (post clip)   0.053, rho_Whh  1.12, Omega  0.00, alpha  0.000, steps in the past 0.000, valid nll 0.237
  [diag] log10|dL/dh_t| hist bins=60 range=(-5.24,-3.57) mean=-4.50 p50=-4.54 p05=-5.10 p95=-4.07
  [diag] sat-dist hist bins=60 sat<0.05=0.0% mean=0.619 p10=0.536 p90=0.677
Iter 0022400: train nll 0.294, valid error 100.000%, best valid error 100.000%, avg grad norm  53.256, avg grad norm (post clip)   0.053, rho_Whh  1.13, Omega  0.00, alpha  0.000, steps in the past 0.000, valid nll 0.238
  [diag] log10|dL/dh_t| hist bins=60 range=(-5.24,-3.57) mean=-4.48 p50=-4.49 p05=-5.10 p95=-4.07
  [diag] sat-dist hist bins=60 sat<0.05=0.0% mean=0.621 p10=0.536 p90=0.678
Iter 0022420: train nll 0.308, valid error 100.000%, best valid error 100.000%, avg grad norm  43.625, avg grad norm (post clip)   0.053, rho_Whh  1.13, Omega  0.00, alpha  0.000, steps in the past 0.000, valid nll 0.241
  [diag] log10|dL/dh_t| hist bins=60 range=(-5.24,-3.57) mean=-4.37 p50=-4.09 p05=-5.09 p95=-4.05
  [diag] sat-dist hist bins=60 sat<0.05=0.0% mean=0.637 p10=0.543 p90=0.679
Iter 0022440: train nll 0.296, valid error 100.000%, best valid error 100.000%, avg grad norm  48.555, avg grad norm (post clip)   0.053, rho_Whh  1.13, Omega  0.00, alpha  0.000, steps in the past 0.000, valid nll 0.275
  [diag] log10|dL/dh_t| hist bins=60 range=(-5.24,-3.57) mean=-4.48 p50=-4.48 p05=-5.10 p95=-4.07
  [diag] sat-dist hist bins=60 sat<0.05=0.0% mean=0.621 p10=0.537 p90=0.677
Iter 0022460: train nll 0.278, valid error 100.000%, best valid error 100.000%, avg grad norm  47.965, avg grad norm (post clip)   0.053, rho_Whh  1.13, Omega  0.00, alpha  0.000, steps in the past 0.000, valid nll 0.241
  [diag] log10|dL/dh_t| hist bins=60 range=(-5.24,-3.57) mean=-4.30 p50=-4.05 p05=-5.07 p95=-4.03
  [diag] sat-dist hist bins=60 sat<0.05=0.0% mean=0.646 p10=0.549 p90=0.681
Iter 0022480: train nll 0.327, valid error 100.000%, best valid error 100.000%, avg grad norm  44.030, avg grad norm (post clip)   0.053, rho_Whh  1.13, Omega  0.00, alpha  0.000, steps in the past 0.000, valid nll 0.304
  [diag] log10|dL/dh_t| hist bins=60 range=(-5.25,-3.56) mean=-4.74 p50=-4.82 p05=-5.11 p95=-4.22
  [diag] sat-dist hist bins=60 sat<0.05=0.0% mean=0.585 p10=0.531 p90=0.643
Iter 0022500: train nll 0.296, valid error 100.000%, best valid error 100.000%, avg grad norm  42.817, avg grad norm (post clip)   0.053, rho_Whh  1.12, Omega  0.00, alpha  0.000, steps in the past 0.000, valid nll 0.230
  [diag] log10|dL/dh_t| hist bins=60 range=(-5.24,-3.57) mean=-4.48 p50=-4.48 p05=-5.10 p95=-4.08
  [diag] sat-dist hist bins=60 sat<0.05=0.0% mean=0.622 p10=0.537 p90=0.677
Iter 0022520: train nll 0.305, valid error 100.000%, best valid error 100.000%, avg grad norm  44.565, avg grad norm (post clip)   0.053, rho_Whh  1.12, Omega  0.00, alpha  0.000, steps in the past 0.000, valid nll 0.241
  [diag] log10|dL/dh_t| hist bins=60 range=(-5.24,-3.57) mean=-4.48 p50=-4.48 p05=-5.10 p95=-4.08
  [diag] sat-dist hist bins=60 sat<0.05=0.0% mean=0.622 p10=0.537 p90=0.677
Iter 0022540: train nll 0.273, valid error 100.000%, best valid error 100.000%, avg grad norm  47.737, avg grad norm (post clip)   0.053, rho_Whh  1.12, Omega  0.00, alpha  0.000, steps in the past 0.000, valid nll 0.241
  [diag] log10|dL/dh_t| hist bins=60 range=(-5.25,-3.57) mean=-4.71 p50=-4.81 p05=-5.11 p95=-4.16
  [diag] sat-dist hist bins=60 sat<0.05=0.0% mean=0.589 p10=0.532 p90=0.655
Iter 0022560: train nll 0.317, valid error 100.000%, best valid error 100.000%, avg grad norm  42.305, avg grad norm (post clip)   0.053, rho_Whh  1.12, Omega  0.00, alpha  0.000, steps in the past 0.000, valid nll 0.227
  [diag] log10|dL/dh_t| hist bins=60 range=(-5.24,-3.57) mean=-4.47 p50=-4.45 p05=-5.10 p95=-4.07
  [diag] sat-dist hist bins=60 sat<0.05=0.0% mean=0.623 p10=0.537 p90=0.677
Iter 0022580: train nll 0.282, valid error 100.000%, best valid error 100.000%, avg grad norm  48.838, avg grad norm (post clip)   0.053, rho_Whh  1.12, Omega  0.00, alpha  0.000, steps in the past 0.000, valid nll 0.243
  [diag] log10|dL/dh_t| hist bins=60 range=(-5.25,-3.57) mean=-4.71 p50=-4.81 p05=-5.11 p95=-4.16
  [diag] sat-dist hist bins=60 sat<0.05=0.0% mean=0.589 p10=0.532 p90=0.655
Iter 0022600: train nll 0.304, valid error 100.000%, best valid error 100.000%, avg grad norm  48.236, avg grad norm (post clip)   0.053, rho_Whh  1.12, Omega  0.00, alpha  0.000, steps in the past 0.000, valid nll 0.227
  [diag] log10|dL/dh_t| hist bins=60 range=(-5.24,-3.57) mean=-4.36 p50=-4.09 p05=-5.08 p95=-4.05
  [diag] sat-dist hist bins=60 sat<0.05=0.0% mean=0.638 p10=0.544 p90=0.679
Iter 0022620: train nll 0.290, valid error 100.000%, best valid error 100.000%, avg grad norm  45.126, avg grad norm (post clip)   0.053, rho_Whh  1.13, Omega  0.00, alpha  0.000, steps in the past 0.000, valid nll 0.276
  [diag] log10|dL/dh_t| hist bins=60 range=(-5.24,-3.57) mean=-4.47 p50=-4.44 p05=-5.10 p95=-4.07
  [diag] sat-dist hist bins=60 sat<0.05=0.0% mean=0.623 p10=0.537 p90=0.677
Iter 0022640: train nll 0.295, valid error 100.000%, best valid error 100.000%, avg grad norm  37.572, avg grad norm (post clip)   0.053, rho_Whh  1.13, Omega  0.00, alpha  0.000, steps in the past 0.000, valid nll 0.244
  [diag] log10|dL/dh_t| hist bins=60 range=(-5.24,-3.57) mean=-4.47 p50=-4.44 p05=-5.10 p95=-4.07
  [diag] sat-dist hist bins=60 sat<0.05=0.0% mean=0.624 p10=0.538 p90=0.677
Iter 0022660: train nll 0.322, valid error 100.000%, best valid error 100.000%, avg grad norm  40.528, avg grad norm (post clip)   0.053, rho_Whh  1.12, Omega  0.00, alpha  0.000, steps in the past 0.000, valid nll 0.244
  [diag] log10|dL/dh_t| hist bins=60 range=(-5.24,-3.57) mean=-4.47 p50=-4.44 p05=-5.10 p95=-4.07
  [diag] sat-dist hist bins=60 sat<0.05=0.0% mean=0.624 p10=0.538 p90=0.677
Iter 0022680: train nll 0.286, valid error 100.000%, best valid error 100.000%, avg grad norm  39.062, avg grad norm (post clip)   0.053, rho_Whh  1.12, Omega  0.00, alpha  0.000, steps in the past 0.000, valid nll 0.244
  [diag] log10|dL/dh_t| hist bins=60 range=(-5.24,-3.57) mean=-4.47 p50=-4.43 p05=-5.10 p95=-4.08
  [diag] sat-dist hist bins=60 sat<0.05=0.0% mean=0.624 p10=0.538 p90=0.677
Iter 0022700: train nll 0.318, valid error 100.000%, best valid error 100.000%, avg grad norm  44.882, avg grad norm (post clip)   0.053, rho_Whh  1.12, Omega  0.00, alpha  0.000, steps in the past 0.000, valid nll 0.244
  [diag] log10|dL/dh_t| hist bins=60 range=(-5.25,-3.57) mean=-4.68 p50=-4.79 p05=-5.11 p95=-4.11
  [diag] sat-dist hist bins=60 sat<0.05=0.0% mean=0.594 p10=0.532 p90=0.666
Iter 0022720: train nll 0.283, valid error 100.000%, best valid error 100.000%, avg grad norm  46.175, avg grad norm (post clip)   0.053, rho_Whh  1.12, Omega  0.00, alpha  0.000, steps in the past 0.000, valid nll 0.226
  [diag] log10|dL/dh_t| hist bins=60 range=(-5.24,-3.57) mean=-4.46 p50=-4.40 p05=-5.10 p95=-4.08
  [diag] sat-dist hist bins=60 sat<0.05=0.0% mean=0.625 p10=0.538 p90=0.677
Iter 0022740: train nll 0.313, valid error 100.000%, best valid error 100.000%, avg grad norm  48.523, avg grad norm (post clip)   0.053, rho_Whh  1.12, Omega  0.00, alpha  0.000, steps in the past 0.000, valid nll 0.246
  [diag] log10|dL/dh_t| hist bins=60 range=(-5.24,-3.57) mean=-4.46 p50=-4.41 p05=-5.10 p95=-4.08
  [diag] sat-dist hist bins=60 sat<0.05=0.0% mean=0.625 p10=0.538 p90=0.677
Iter 0022760: train nll 0.314, valid error 100.000%, best valid error 100.000%, avg grad norm  38.525, avg grad norm (post clip)   0.053, rho_Whh  1.12, Omega  0.00, alpha  0.000, steps in the past 0.000, valid nll 0.246
  [diag] log10|dL/dh_t| hist bins=60 range=(-5.24,-3.57) mean=-4.46 p50=-4.43 p05=-5.10 p95=-4.07
  [diag] sat-dist hist bins=60 sat<0.05=0.0% mean=0.624 p10=0.537 p90=0.678
Iter 0022780: train nll 0.262, valid error 100.000%, best valid error 100.000%, avg grad norm  45.594, avg grad norm (post clip)   0.053, rho_Whh  1.13, Omega  0.00, alpha  0.000, steps in the past 0.000, valid nll 0.245
  [diag] log10|dL/dh_t| hist bins=60 range=(-5.24,-3.57) mean=-4.46 p50=-4.43 p05=-5.10 p95=-4.07
  [diag] sat-dist hist bins=60 sat<0.05=0.0% mean=0.624 p10=0.537 p90=0.678
Iter 0022800: train nll 0.260, valid error 100.000%, best valid error 100.000%, avg grad norm  47.246, avg grad norm (post clip)   0.053, rho_Whh  1.13, Omega  0.00, alpha  0.000, steps in the past 0.000, valid nll 0.245
  [diag] log10|dL/dh_t| hist bins=60 range=(-5.24,-3.57) mean=-4.39 p50=-4.15 p05=-5.09 p95=-4.05
  [diag] sat-dist hist bins=60 sat<0.05=0.0% mean=0.634 p10=0.540 p90=0.680
Iter 0022820: train nll 0.306, valid error 100.000%, best valid error 100.000%, avg grad norm  34.069, avg grad norm (post clip)   0.053, rho_Whh  1.13, Omega  0.00, alpha  0.000, steps in the past 0.000, valid nll 0.267
  [diag] log10|dL/dh_t| hist bins=60 range=(-5.24,-3.57) mean=-4.39 p50=-4.15 p05=-5.09 p95=-4.05
  [diag] sat-dist hist bins=60 sat<0.05=0.0% mean=0.634 p10=0.540 p90=0.680
Iter 0022840: train nll 0.307, valid error 100.000%, best valid error 100.000%, avg grad norm  41.589, avg grad norm (post clip)   0.053, rho_Whh  1.13, Omega  0.00, alpha  0.000, steps in the past 0.000, valid nll 0.266
  [diag] log10|dL/dh_t| hist bins=60 range=(-5.24,-3.57) mean=-4.39 p50=-4.15 p05=-5.09 p95=-4.05
  [diag] sat-dist hist bins=60 sat<0.05=0.0% mean=0.634 p10=0.541 p90=0.680
Iter 0022860: train nll 0.294, valid error 100.000%, best valid error 100.000%, avg grad norm  51.941, avg grad norm (post clip)   0.053, rho_Whh  1.13, Omega  0.00, alpha  0.000, steps in the past 0.000, valid nll 0.266
  [diag] log10|dL/dh_t| hist bins=60 range=(-5.25,-3.57) mean=-4.52 p50=-4.61 p05=-5.11 p95=-4.08
  [diag] sat-dist hist bins=60 sat<0.05=0.0% mean=0.616 p10=0.535 p90=0.677
Iter 0022880: train nll 0.289, valid error 100.000%, best valid error 100.000%, avg grad norm  46.415, avg grad norm (post clip)   0.053, rho_Whh  1.13, Omega  0.00, alpha  0.000, steps in the past 0.000, valid nll 0.234
  [diag] log10|dL/dh_t| hist bins=60 range=(-5.25,-3.57) mean=-4.52 p50=-4.61 p05=-5.11 p95=-4.08
  [diag] sat-dist hist bins=60 sat<0.05=0.0% mean=0.616 p10=0.535 p90=0.677
Iter 0022900: train nll 0.318, valid error 100.000%, best valid error 100.000%, avg grad norm  41.412, avg grad norm (post clip)   0.053, rho_Whh  1.13, Omega  0.00, alpha  0.000, steps in the past 0.000, valid nll 0.234
  [diag] log10|dL/dh_t| hist bins=60 range=(-5.25,-3.57) mean=-4.52 p50=-4.61 p05=-5.10 p95=-4.08
  [diag] sat-dist hist bins=60 sat<0.05=0.0% mean=0.616 p10=0.535 p90=0.677
Iter 0022920: train nll 0.309, valid error 100.000%, best valid error 100.000%, avg grad norm  48.786, avg grad norm (post clip)   0.053, rho_Whh  1.13, Omega  0.00, alpha  0.000, steps in the past 0.000, valid nll 0.234
  [diag] log10|dL/dh_t| hist bins=60 range=(-5.25,-3.57) mean=-4.52 p50=-4.60 p05=-5.10 p95=-4.08
  [diag] sat-dist hist bins=60 sat<0.05=0.0% mean=0.616 p10=0.535 p90=0.677
Iter 0022940: train nll 0.329, valid error 100.000%, best valid error 100.000%, avg grad norm  37.813, avg grad norm (post clip)   0.053, rho_Whh  1.13, Omega  0.00, alpha  0.000, steps in the past 0.000, valid nll 0.234
  [diag] log10|dL/dh_t| hist bins=60 range=(-5.25,-3.57) mean=-4.52 p50=-4.59 p05=-5.10 p95=-4.08
  [diag] sat-dist hist bins=60 sat<0.05=0.0% mean=0.616 p10=0.535 p90=0.677
Iter 0022960: train nll 0.331, valid error 100.000%, best valid error 100.000%, avg grad norm  44.364, avg grad norm (post clip)   0.053, rho_Whh  1.13, Omega  0.00, alpha  0.000, steps in the past 0.000, valid nll 0.234
  [diag] log10|dL/dh_t| hist bins=60 range=(-5.25,-3.57) mean=-4.52 p50=-4.59 p05=-5.10 p95=-4.08
  [diag] sat-dist hist bins=60 sat<0.05=0.0% mean=0.617 p10=0.536 p90=0.677
Iter 0022980: train nll 0.321, valid error 100.000%, best valid error 100.000%, avg grad norm  45.602, avg grad norm (post clip)   0.053, rho_Whh  1.13, Omega  0.00, alpha  0.000, steps in the past 0.000, valid nll 0.234
  [diag] log10|dL/dh_t| hist bins=60 range=(-5.25,-3.48) mean=-4.81 p50=-4.86 p05=-5.12 p95=-4.22
  [diag] sat-dist hist bins=60 sat<0.05=0.0% mean=0.572 p10=0.530 p90=0.607
Iter 0023000: train nll 0.306, valid error 100.000%, best valid error 100.000%, avg grad norm  46.661, avg grad norm (post clip)   0.053, rho_Whh  1.12, Omega  0.00, alpha  0.000, steps in the past 0.000, valid nll 0.244
  [diag] log10|dL/dh_t| hist bins=60 range=(-5.25,-3.57) mean=-4.67 p50=-4.79 p05=-5.11 p95=-4.10
  [diag] sat-dist hist bins=60 sat<0.05=0.0% mean=0.595 p10=0.532 p90=0.669
Iter 0023020: train nll 0.276, valid error 100.000%, best valid error 100.000%, avg grad norm  47.383, avg grad norm (post clip)   0.053, rho_Whh  1.12, Omega  0.00, alpha  0.000, steps in the past 0.000, valid nll 0.225
  [diag] log10|dL/dh_t| hist bins=60 range=(-5.25,-3.57) mean=-4.45 p50=-4.39 p05=-5.10 p95=-4.07
  [diag] sat-dist hist bins=60 sat<0.05=0.0% mean=0.625 p10=0.538 p90=0.678
Iter 0023040: train nll 0.264, valid error 100.000%, best valid error 100.000%, avg grad norm  55.767, avg grad norm (post clip)   0.053, rho_Whh  1.13, Omega  0.00, alpha  0.000, steps in the past 0.000, valid nll 0.247
  [diag] log10|dL/dh_t| hist bins=60 range=(-5.25,-3.57) mean=-4.45 p50=-4.39 p05=-5.10 p95=-4.07
  [diag] sat-dist hist bins=60 sat<0.05=0.0% mean=0.625 p10=0.538 p90=0.678
Iter 0023060: train nll 0.252, valid error 100.000%, best valid error 100.000%, avg grad norm  56.813, avg grad norm (post clip)   0.053, rho_Whh  1.13, Omega  0.00, alpha  0.000, steps in the past 0.000, valid nll 0.247
  [diag] log10|dL/dh_t| hist bins=60 range=(-5.25,-3.57) mean=-4.45 p50=-4.39 p05=-5.10 p95=-4.07
  [diag] sat-dist hist bins=60 sat<0.05=0.0% mean=0.626 p10=0.538 p90=0.678
Iter 0023080: train nll 0.317, valid error 100.000%, best valid error 100.000%, avg grad norm  44.697, avg grad norm (post clip)   0.053, rho_Whh  1.13, Omega  0.00, alpha  0.000, steps in the past 0.000, valid nll 0.247
  [diag] log10|dL/dh_t| hist bins=60 range=(-5.25,-3.57) mean=-4.45 p50=-4.38 p05=-5.10 p95=-4.07
  [diag] sat-dist hist bins=60 sat<0.05=0.0% mean=0.626 p10=0.538 p90=0.678
Iter 0023100: train nll 0.261, valid error 100.000%, best valid error 100.000%, avg grad norm  50.524, avg grad norm (post clip)   0.053, rho_Whh  1.13, Omega  0.00, alpha  0.000, steps in the past 0.000, valid nll 0.247
  [diag] log10|dL/dh_t| hist bins=60 range=(-5.25,-3.57) mean=-4.67 p50=-4.78 p05=-5.11 p95=-4.10
  [diag] sat-dist hist bins=60 sat<0.05=0.0% mean=0.596 p10=0.533 p90=0.670
Iter 0023120: train nll 0.312, valid error 100.000%, best valid error 100.000%, avg grad norm  40.714, avg grad norm (post clip)   0.053, rho_Whh  1.12, Omega  0.00, alpha  0.000, steps in the past 0.000, valid nll 0.225
  [diag] log10|dL/dh_t| hist bins=60 range=(-5.25,-3.57) mean=-4.45 p50=-4.39 p05=-5.10 p95=-4.07
  [diag] sat-dist hist bins=60 sat<0.05=0.0% mean=0.625 p10=0.538 p90=0.678
Iter 0023140: train nll 0.259, valid error 100.000%, best valid error 100.000%, avg grad norm  51.556, avg grad norm (post clip)   0.053, rho_Whh  1.13, Omega  0.00, alpha  0.000, steps in the past 0.000, valid nll 0.247
  [diag] log10|dL/dh_t| hist bins=60 range=(-5.25,-3.57) mean=-4.45 p50=-4.39 p05=-5.10 p95=-4.07
  [diag] sat-dist hist bins=60 sat<0.05=0.0% mean=0.626 p10=0.538 p90=0.678
Iter 0023160: train nll 0.266, valid error 100.000%, best valid error 100.000%, avg grad norm  52.470, avg grad norm (post clip)   0.053, rho_Whh  1.13, Omega  0.00, alpha  0.000, steps in the past 0.000, valid nll 0.247
  [diag] log10|dL/dh_t| hist bins=60 range=(-5.25,-3.57) mean=-4.45 p50=-4.38 p05=-5.10 p95=-4.07
  [diag] sat-dist hist bins=60 sat<0.05=0.0% mean=0.626 p10=0.538 p90=0.678
Iter 0023180: train nll 0.278, valid error 100.000%, best valid error 100.000%, avg grad norm  42.804, avg grad norm (post clip)   0.053, rho_Whh  1.13, Omega  0.00, alpha  0.000, steps in the past 0.000, valid nll 0.247
  [diag] log10|dL/dh_t| hist bins=60 range=(-5.25,-3.57) mean=-4.68 p50=-4.79 p05=-5.11 p95=-4.11
  [diag] sat-dist hist bins=60 sat<0.05=0.0% mean=0.594 p10=0.532 p90=0.667
Iter 0023200: train nll 0.276, valid error 100.000%, best valid error 100.000%, avg grad norm  41.175, avg grad norm (post clip)   0.053, rho_Whh  1.12, Omega  0.00, alpha  0.000, steps in the past 0.000, valid nll 0.225
  [diag] log10|dL/dh_t| hist bins=60 range=(-5.25,-3.57) mean=-4.46 p50=-4.41 p05=-5.10 p95=-4.07
  [diag] sat-dist hist bins=60 sat<0.05=0.0% mean=0.625 p10=0.538 p90=0.678
Iter 0023220: train nll 0.287, valid error 100.000%, best valid error 100.000%, avg grad norm  46.422, avg grad norm (post clip)   0.053, rho_Whh  1.13, Omega  0.00, alpha  0.000, steps in the past 0.000, valid nll 0.246
  [diag] log10|dL/dh_t| hist bins=60 range=(-5.24,-3.57) mean=-4.35 p50=-4.06 p05=-5.09 p95=-4.04
  [diag] sat-dist hist bins=60 sat<0.05=0.0% mean=0.640 p10=0.544 p90=0.681
Iter 0023240: train nll 0.307, valid error 100.000%, best valid error 100.000%, avg grad norm  41.557, avg grad norm (post clip)   0.053, rho_Whh  1.13, Omega  0.00, alpha  0.000, steps in the past 0.000, valid nll 0.281
  [diag] log10|dL/dh_t| hist bins=60 range=(-5.25,-3.57) mean=-4.45 p50=-4.37 p05=-5.10 p95=-4.07
  [diag] sat-dist hist bins=60 sat<0.05=0.0% mean=0.626 p10=0.538 p90=0.679
Iter 0023260: train nll 0.263, valid error 100.000%, best valid error 100.000%, avg grad norm  49.413, avg grad norm (post clip)   0.053, rho_Whh  1.13, Omega  0.00, alpha  0.000, steps in the past 0.000, valid nll 0.248
  [diag] log10|dL/dh_t| hist bins=60 range=(-5.24,-3.57) mean=-4.35 p50=-4.07 p05=-5.08 p95=-4.04
  [diag] sat-dist hist bins=60 sat<0.05=0.0% mean=0.640 p10=0.544 p90=0.680
Iter 0023280: train nll 0.339, valid error 100.000%, best valid error 100.000%, avg grad norm  38.615, avg grad norm (post clip)   0.053, rho_Whh  1.13, Omega  0.00, alpha  0.000, steps in the past 0.000, valid nll 0.281
  [diag] log10|dL/dh_t| hist bins=60 range=(-5.25,-3.57) mean=-4.45 p50=-4.38 p05=-5.10 p95=-4.07
  [diag] sat-dist hist bins=60 sat<0.05=0.0% mean=0.626 p10=0.538 p90=0.678
Iter 0023300: train nll 0.312, valid error 100.000%, best valid error 100.000%, avg grad norm  38.991, avg grad norm (post clip)   0.053, rho_Whh  1.13, Omega  0.00, alpha  0.000, steps in the past 0.000, valid nll 0.247
  [diag] log10|dL/dh_t| hist bins=60 range=(-5.25,-3.57) mean=-4.66 p50=-4.78 p05=-5.11 p95=-4.10
  [diag] sat-dist hist bins=60 sat<0.05=0.0% mean=0.597 p10=0.532 p90=0.672
Iter 0023320: train nll 0.300, valid error 100.000%, best valid error 100.000%, avg grad norm  38.646, avg grad norm (post clip)   0.053, rho_Whh  1.13, Omega  0.00, alpha  0.000, steps in the past 0.000, valid nll 0.225
  [diag] log10|dL/dh_t| hist bins=60 range=(-5.25,-3.57) mean=-4.66 p50=-4.78 p05=-5.11 p95=-4.09
  [diag] sat-dist hist bins=60 sat<0.05=0.0% mean=0.597 p10=0.532 p90=0.672
Iter 0023340: train nll 0.254, valid error 100.000%, best valid error 100.000%, avg grad norm  51.987, avg grad norm (post clip)   0.053, rho_Whh  1.13, Omega  0.00, alpha  0.000, steps in the past 0.000, valid nll 0.225
  [diag] log10|dL/dh_t| hist bins=60 range=(-5.25,-3.57) mean=-4.48 p50=-4.50 p05=-5.10 p95=-4.07
  [diag] sat-dist hist bins=60 sat<0.05=0.0% mean=0.621 p10=0.536 p90=0.678
Iter 0023360: train nll 0.260, valid error 100.000%, best valid error 100.000%, avg grad norm  38.002, avg grad norm (post clip)   0.053, rho_Whh  1.13, Omega  0.00, alpha  0.000, steps in the past 0.000, valid nll 0.241
  [diag] log10|dL/dh_t| hist bins=60 range=(-5.25,-3.57) mean=-4.49 p50=-4.52 p05=-5.11 p95=-4.07
  [diag] sat-dist hist bins=60 sat<0.05=0.0% mean=0.620 p10=0.536 p90=0.678
Iter 0023380: train nll 0.304, valid error 100.000%, best valid error 100.000%, avg grad norm  38.253, avg grad norm (post clip)   0.053, rho_Whh  1.13, Omega  0.00, alpha  0.000, steps in the past 0.000, valid nll 0.239
  [diag] log10|dL/dh_t| hist bins=60 range=(-5.25,-3.57) mean=-4.49 p50=-4.51 p05=-5.10 p95=-4.07
  [diag] sat-dist hist bins=60 sat<0.05=0.0% mean=0.621 p10=0.536 p90=0.678
Iter 0023400: train nll 0.321, valid error 100.000%, best valid error 100.000%, avg grad norm  46.703, avg grad norm (post clip)   0.053, rho_Whh  1.13, Omega  0.00, alpha  0.000, steps in the past 0.000, valid nll 0.240
  [diag] log10|dL/dh_t| hist bins=60 range=(-5.25,-3.57) mean=-4.49 p50=-4.51 p05=-5.10 p95=-4.07
  [diag] sat-dist hist bins=60 sat<0.05=0.0% mean=0.621 p10=0.536 p90=0.678
Iter 0023420: train nll 0.304, valid error 100.000%, best valid error 100.000%, avg grad norm  45.041, avg grad norm (post clip)   0.053, rho_Whh  1.13, Omega  0.00, alpha  0.000, steps in the past 0.000, valid nll 0.240
  [diag] log10|dL/dh_t| hist bins=60 range=(-5.25,-3.57) mean=-4.48 p50=-4.48 p05=-5.10 p95=-4.07
  [diag] sat-dist hist bins=60 sat<0.05=0.0% mean=0.622 p10=0.536 p90=0.678
Iter 0023440: train nll 0.309, valid error 100.000%, best valid error 100.000%, avg grad norm  42.748, avg grad norm (post clip)   0.053, rho_Whh  1.13, Omega  0.00, alpha  0.000, steps in the past 0.000, valid nll 0.242
  [diag] log10|dL/dh_t| hist bins=60 range=(-5.24,-3.57) mean=-4.29 p50=-4.04 p05=-5.08 p95=-4.02
  [diag] sat-dist hist bins=60 sat<0.05=0.0% mean=0.647 p10=0.548 p90=0.682
Iter 0023460: train nll 0.318, valid error 100.000%, best valid error 100.000%, avg grad norm  43.164, avg grad norm (post clip)   0.053, rho_Whh  1.13, Omega  0.00, alpha  0.000, steps in the past 0.000, valid nll 0.305
  [diag] log10|dL/dh_t| hist bins=60 range=(-5.25,-3.57) mean=-4.68 p50=-4.80 p05=-5.12 p95=-4.09
  [diag] sat-dist hist bins=60 sat<0.05=0.0% mean=0.594 p10=0.531 p90=0.670
Iter 0023480: train nll 0.277, valid error 100.000%, best valid error 100.000%, avg grad norm  44.039, avg grad norm (post clip)   0.053, rho_Whh  1.13, Omega  0.00, alpha  0.000, steps in the past 0.000, valid nll 0.225
  [diag] log10|dL/dh_t| hist bins=60 range=(-5.25,-3.57) mean=-4.45 p50=-4.39 p05=-5.10 p95=-4.06
  [diag] sat-dist hist bins=60 sat<0.05=0.0% mean=0.626 p10=0.537 p90=0.679
Iter 0023500: train nll 0.240, valid error 100.000%, best valid error 100.000%, avg grad norm  57.986, avg grad norm (post clip)   0.053, rho_Whh  1.13, Omega  0.00, alpha  0.000, steps in the past 0.000, valid nll 0.247
  [diag] log10|dL/dh_t| hist bins=60 range=(-5.25,-3.57) mean=-4.45 p50=-4.39 p05=-5.10 p95=-4.06
  [diag] sat-dist hist bins=60 sat<0.05=0.0% mean=0.626 p10=0.537 p90=0.679
Iter 0023520: train nll 0.301, valid error 100.000%, best valid error 100.000%, avg grad norm  47.441, avg grad norm (post clip)   0.053, rho_Whh  1.13, Omega  0.00, alpha  0.000, steps in the past 0.000, valid nll 0.247
  [diag] log10|dL/dh_t| hist bins=60 range=(-5.25,-3.57) mean=-4.45 p50=-4.38 p05=-5.10 p95=-4.06
  [diag] sat-dist hist bins=60 sat<0.05=0.0% mean=0.626 p10=0.537 p90=0.679
Iter 0023540: train nll 0.295, valid error 100.000%, best valid error 100.000%, avg grad norm  41.912, avg grad norm (post clip)   0.053, rho_Whh  1.13, Omega  0.00, alpha  0.000, steps in the past 0.000, valid nll 0.248
  [diag] log10|dL/dh_t| hist bins=60 range=(-5.25,-3.57) mean=-4.66 p50=-4.78 p05=-5.12 p95=-4.08
  [diag] sat-dist hist bins=60 sat<0.05=0.0% mean=0.597 p10=0.532 p90=0.674
Iter 0023560: train nll 0.259, valid error 100.000%, best valid error 100.000%, avg grad norm  52.357, avg grad norm (post clip)   0.053, rho_Whh  1.13, Omega  0.00, alpha  0.000, steps in the past 0.000, valid nll 0.224
  [diag] log10|dL/dh_t| hist bins=60 range=(-5.25,-3.57) mean=-4.45 p50=-4.36 p05=-5.10 p95=-4.06
  [diag] sat-dist hist bins=60 sat<0.05=0.0% mean=0.626 p10=0.537 p90=0.679
Iter 0023580: train nll 0.283, valid error 100.000%, best valid error 100.000%, avg grad norm  49.994, avg grad norm (post clip)   0.053, rho_Whh  1.13, Omega  0.00, alpha  0.000, steps in the past 0.000, valid nll 0.249
  [diag] log10|dL/dh_t| hist bins=60 range=(-5.25,-3.57) mean=-4.66 p50=-4.78 p05=-5.12 p95=-4.09
  [diag] sat-dist hist bins=60 sat<0.05=0.0% mean=0.598 p10=0.532 p90=0.674
Iter 0023600: train nll 0.296, valid error 100.000%, best valid error 100.000%, avg grad norm  44.822, avg grad norm (post clip)   0.053, rho_Whh  1.13, Omega  0.00, alpha  0.000, steps in the past 0.000, valid nll 0.224
  [diag] log10|dL/dh_t| hist bins=60 range=(-5.25,-3.57) mean=-4.45 p50=-4.36 p05=-5.10 p95=-4.06
  [diag] sat-dist hist bins=60 sat<0.05=0.0% mean=0.627 p10=0.538 p90=0.679
Iter 0023620: train nll 0.301, valid error 100.000%, best valid error 100.000%, avg grad norm  46.014, avg grad norm (post clip)   0.053, rho_Whh  1.13, Omega  0.00, alpha  0.000, steps in the past 0.000, valid nll 0.249
  [diag] log10|dL/dh_t| hist bins=60 range=(-5.25,-3.57) mean=-4.45 p50=-4.36 p05=-5.10 p95=-4.07
  [diag] sat-dist hist bins=60 sat<0.05=0.0% mean=0.627 p10=0.538 p90=0.679
Iter 0023640: train nll 0.295, valid error 100.000%, best valid error 100.000%, avg grad norm  50.067, avg grad norm (post clip)   0.053, rho_Whh  1.13, Omega  0.00, alpha  0.000, steps in the past 0.000, valid nll 0.248
  [diag] log10|dL/dh_t| hist bins=60 range=(-5.25,-3.57) mean=-4.45 p50=-4.36 p05=-5.10 p95=-4.07
  [diag] sat-dist hist bins=60 sat<0.05=0.0% mean=0.627 p10=0.538 p90=0.679
Iter 0023660: train nll 0.315, valid error 100.000%, best valid error 100.000%, avg grad norm  45.940, avg grad norm (post clip)   0.053, rho_Whh  1.13, Omega  0.00, alpha  0.000, steps in the past 0.000, valid nll 0.248
  [diag] log10|dL/dh_t| hist bins=60 range=(-5.25,-3.57) mean=-4.43 p50=-4.29 p05=-5.10 p95=-4.06
  [diag] sat-dist hist bins=60 sat<0.05=0.0% mean=0.629 p10=0.538 p90=0.679
Iter 0023680: train nll 0.315, valid error 100.000%, best valid error 100.000%, avg grad norm  37.634, avg grad norm (post clip)   0.053, rho_Whh  1.13, Omega  0.00, alpha  0.000, steps in the past 0.000, valid nll 0.253
  [diag] log10|dL/dh_t| hist bins=60 range=(-5.25,-3.57) mean=-4.43 p50=-4.28 p05=-5.10 p95=-4.06
  [diag] sat-dist hist bins=60 sat<0.05=0.0% mean=0.629 p10=0.538 p90=0.679
Iter 0023700: train nll 0.303, valid error 100.000%, best valid error 100.000%, avg grad norm  38.011, avg grad norm (post clip)   0.053, rho_Whh  1.13, Omega  0.00, alpha  0.000, steps in the past 0.000, valid nll 0.253
  [diag] log10|dL/dh_t| hist bins=60 range=(-5.25,-3.57) mean=-4.38 p50=-4.13 p05=-5.10 p95=-4.04
  [diag] sat-dist hist bins=60 sat<0.05=0.0% mean=0.635 p10=0.540 p90=0.681
Iter 0023720: train nll 0.320, valid error 100.000%, best valid error 100.000%, avg grad norm  34.987, avg grad norm (post clip)   0.053, rho_Whh  1.13, Omega  0.00, alpha  0.000, steps in the past 0.000, valid nll 0.268
  [diag] log10|dL/dh_t| hist bins=60 range=(-5.25,-3.57) mean=-4.51 p50=-4.59 p05=-5.11 p95=-4.07
  [diag] sat-dist hist bins=60 sat<0.05=0.0% mean=0.617 p10=0.535 p90=0.678
Iter 0023740: train nll 0.305, valid error 100.000%, best valid error 100.000%, avg grad norm  49.348, avg grad norm (post clip)   0.053, rho_Whh  1.13, Omega  0.00, alpha  0.000, steps in the past 0.000, valid nll 0.235
  [diag] log10|dL/dh_t| hist bins=60 range=(-5.25,-3.48) mean=-4.81 p50=-4.87 p05=-5.12 p95=-4.22
  [diag] sat-dist hist bins=60 sat<0.05=0.0% mean=0.572 p10=0.529 p90=0.608
Iter 0023760: train nll 0.261, valid error 100.000%, best valid error 100.000%, avg grad norm  58.769, avg grad norm (post clip)   0.053, rho_Whh  1.13, Omega  0.00, alpha  0.000, steps in the past 0.000, valid nll 0.243
  [diag] log10|dL/dh_t| hist bins=60 range=(-5.25,-3.57) mean=-4.38 p50=-4.13 p05=-5.10 p95=-4.05
  [diag] sat-dist hist bins=60 sat<0.05=0.0% mean=0.635 p10=0.541 p90=0.681
Iter 0023780: train nll 0.283, valid error 100.000%, best valid error 100.000%, avg grad norm  48.572, avg grad norm (post clip)   0.053, rho_Whh  1.13, Omega  0.00, alpha  0.000, steps in the past 0.000, valid nll 0.268
  [diag] log10|dL/dh_t| hist bins=60 range=(-5.25,-3.57) mean=-4.38 p50=-4.13 p05=-5.09 p95=-4.05
  [diag] sat-dist hist bins=60 sat<0.05=0.0% mean=0.635 p10=0.541 p90=0.681
Iter 0023800: train nll 0.275, valid error 100.000%, best valid error 100.000%, avg grad norm  54.049, avg grad norm (post clip)   0.053, rho_Whh  1.13, Omega  0.00, alpha  0.000, steps in the past 0.000, valid nll 0.268
  [diag] log10|dL/dh_t| hist bins=60 range=(-5.25,-3.57) mean=-4.51 p50=-4.58 p05=-5.11 p95=-4.07
  [diag] sat-dist hist bins=60 sat<0.05=0.0% mean=0.618 p10=0.535 p90=0.678
Iter 0023820: train nll 0.308, valid error 100.000%, best valid error 100.000%, avg grad norm  44.422, avg grad norm (post clip)   0.053, rho_Whh  1.13, Omega  0.00, alpha  0.000, steps in the past 0.000, valid nll 0.235
  [diag] log10|dL/dh_t| hist bins=60 range=(-5.25,-3.57) mean=-4.39 p50=-4.14 p05=-5.10 p95=-4.05
  [diag] sat-dist hist bins=60 sat<0.05=0.0% mean=0.635 p10=0.540 p90=0.681
Iter 0023840: train nll 0.319, valid error 100.000%, best valid error 100.000%, avg grad norm  32.512, avg grad norm (post clip)   0.053, rho_Whh  1.13, Omega  0.00, alpha  0.000, steps in the past 0.000, valid nll 0.267
  [diag] log10|dL/dh_t| hist bins=60 range=(-5.25,-3.57) mean=-4.39 p50=-4.14 p05=-5.10 p95=-4.05
  [diag] sat-dist hist bins=60 sat<0.05=0.0% mean=0.635 p10=0.541 p90=0.680
Iter 0023860: train nll 0.333, valid error 100.000%, best valid error 100.000%, avg grad norm  38.402, avg grad norm (post clip)   0.053, rho_Whh  1.13, Omega  0.00, alpha  0.000, steps in the past 0.000, valid nll 0.267
  [diag] log10|dL/dh_t| hist bins=60 range=(-5.25,-3.57) mean=-4.52 p50=-4.60 p05=-5.11 p95=-4.08
  [diag] sat-dist hist bins=60 sat<0.05=0.0% mean=0.616 p10=0.535 p90=0.678
Iter 0023880: train nll 0.308, valid error 100.000%, best valid error 100.000%, avg grad norm  40.575, avg grad norm (post clip)   0.053, rho_Whh  1.13, Omega  0.00, alpha  0.000, steps in the past 0.000, valid nll 0.234
  [diag] log10|dL/dh_t| hist bins=60 range=(-5.25,-3.57) mean=-4.42 p50=-4.25 p05=-5.10 p95=-4.05
  [diag] sat-dist hist bins=60 sat<0.05=0.0% mean=0.630 p10=0.538 p90=0.680
Iter 0023900: train nll 0.294, valid error 100.000%, best valid error 100.000%, avg grad norm  38.586, avg grad norm (post clip)   0.053, rho_Whh  1.13, Omega  0.00, alpha  0.000, steps in the past 0.000, valid nll 0.256
  [diag] log10|dL/dh_t| hist bins=60 range=(-5.25,-3.57) mean=-4.42 p50=-4.25 p05=-5.10 p95=-4.05
  [diag] sat-dist hist bins=60 sat<0.05=0.0% mean=0.630 p10=0.538 p90=0.680
Iter 0023920: train nll 0.279, valid error 100.000%, best valid error 100.000%, avg grad norm  58.213, avg grad norm (post clip)   0.053, rho_Whh  1.13, Omega  0.00, alpha  0.000, steps in the past 0.000, valid nll 0.256
  [diag] log10|dL/dh_t| hist bins=60 range=(-5.25,-3.57) mean=-4.42 p50=-4.25 p05=-5.10 p95=-4.05
  [diag] sat-dist hist bins=60 sat<0.05=0.0% mean=0.630 p10=0.538 p90=0.680
Iter 0023940: train nll 0.334, valid error 100.000%, best valid error 100.000%, avg grad norm  43.236, avg grad norm (post clip)   0.053, rho_Whh  1.13, Omega  0.00, alpha  0.000, steps in the past 0.000, valid nll 0.256
  [diag] log10|dL/dh_t| hist bins=60 range=(-5.25,-3.57) mean=-4.59 p50=-4.72 p05=-5.12 p95=-4.08
  [diag] sat-dist hist bins=60 sat<0.05=0.0% mean=0.607 p10=0.533 p90=0.678
Iter 0023960: train nll 0.280, valid error 100.000%, best valid error 100.000%, avg grad norm  47.471, avg grad norm (post clip)   0.053, rho_Whh  1.13, Omega  0.00, alpha  0.000, steps in the past 0.000, valid nll 0.226
  [diag] log10|dL/dh_t| hist bins=60 range=(-5.25,-3.57) mean=-4.42 p50=-4.26 p05=-5.10 p95=-4.05
  [diag] sat-dist hist bins=60 sat<0.05=0.0% mean=0.630 p10=0.538 p90=0.680
Iter 0023980: train nll 0.280, valid error 100.000%, best valid error 100.000%, avg grad norm  48.533, avg grad norm (post clip)   0.053, rho_Whh  1.13, Omega  0.00, alpha  0.000, steps in the past 0.000, valid nll 0.255
  [diag] log10|dL/dh_t| hist bins=60 range=(-5.25,-3.57) mean=-4.58 p50=-4.70 p05=-5.12 p95=-4.07
  [diag] sat-dist hist bins=60 sat<0.05=0.0% mean=0.609 p10=0.533 p90=0.678
Iter 0024000: train nll 0.286, valid error 100.000%, best valid error 100.000%, avg grad norm  48.351, avg grad norm (post clip)   0.053, rho_Whh  1.13, Omega  0.00, alpha  0.000, steps in the past 0.000, valid nll 0.227
  [diag] log10|dL/dh_t| hist bins=60 range=(-5.25,-3.57) mean=-4.58 p50=-4.70 p05=-5.12 p95=-4.08
  [diag] sat-dist hist bins=60 sat<0.05=0.0% mean=0.609 p10=0.533 p90=0.678
Iter 0024020: train nll 0.291, valid error 100.000%, best valid error 100.000%, avg grad norm  55.947, avg grad norm (post clip)   0.053, rho_Whh  1.13, Omega  0.00, alpha  0.000, steps in the past 0.000, valid nll 0.227
  [diag] log10|dL/dh_t| hist bins=60 range=(-5.25,-3.57) mean=-4.41 p50=-4.23 p05=-5.10 p95=-4.05
  [diag] sat-dist hist bins=60 sat<0.05=0.0% mean=0.631 p10=0.539 p90=0.680
Iter 0024040: train nll 0.320, valid error 100.000%, best valid error 100.000%, avg grad norm  48.021, avg grad norm (post clip)   0.053, rho_Whh  1.13, Omega  0.00, alpha  0.000, steps in the past 0.000, valid nll 0.258
  [diag] log10|dL/dh_t| hist bins=60 range=(-5.25,-3.57) mean=-4.58 p50=-4.70 p05=-5.11 p95=-4.08
  [diag] sat-dist hist bins=60 sat<0.05=0.0% mean=0.609 p10=0.533 p90=0.678
Iter 0024060: train nll 0.301, valid error 100.000%, best valid error 100.000%, avg grad norm  45.025, avg grad norm (post clip)   0.053, rho_Whh  1.13, Omega  0.00, alpha  0.000, steps in the past 0.000, valid nll 0.228
  [diag] log10|dL/dh_t| hist bins=60 range=(-5.25,-3.57) mean=-4.42 p50=-4.24 p05=-5.10 p95=-4.05
  [diag] sat-dist hist bins=60 sat<0.05=0.0% mean=0.631 p10=0.539 p90=0.680
Iter 0024080: train nll 0.315, valid error 100.000%, best valid error 100.000%, avg grad norm  39.254, avg grad norm (post clip)   0.053, rho_Whh  1.13, Omega  0.00, alpha  0.000, steps in the past 0.000, valid nll 0.257
  [diag] log10|dL/dh_t| hist bins=60 range=(-5.25,-3.57) mean=-4.41 p50=-4.24 p05=-5.10 p95=-4.06
  [diag] sat-dist hist bins=60 sat<0.05=0.0% mean=0.631 p10=0.539 p90=0.680
Iter 0024100: train nll 0.283, valid error 100.000%, best valid error 100.000%, avg grad norm  45.585, avg grad norm (post clip)   0.053, rho_Whh  1.13, Omega  0.00, alpha  0.000, steps in the past 0.000, valid nll 0.257
  [diag] log10|dL/dh_t| hist bins=60 range=(-5.25,-3.57) mean=-4.58 p50=-4.70 p05=-5.11 p95=-4.08
  [diag] sat-dist hist bins=60 sat<0.05=0.0% mean=0.609 p10=0.533 p90=0.678
Iter 0024120: train nll 0.266, valid error 100.000%, best valid error 100.000%, avg grad norm  54.399, avg grad norm (post clip)   0.053, rho_Whh  1.13, Omega  0.00, alpha  0.000, steps in the past 0.000, valid nll 0.227
  [diag] log10|dL/dh_t| hist bins=60 range=(-5.25,-3.57) mean=-4.46 p50=-4.41 p05=-5.11 p95=-4.06
  [diag] sat-dist hist bins=60 sat<0.05=0.0% mean=0.625 p10=0.537 p90=0.680
Iter 0024140: train nll 0.303, valid error 100.000%, best valid error 100.000%, avg grad norm  48.281, avg grad norm (post clip)   0.053, rho_Whh  1.13, Omega  0.00, alpha  0.000, steps in the past 0.000, valid nll 0.245
  [diag] log10|dL/dh_t| hist bins=60 range=(-5.25,-3.57) mean=-4.46 p50=-4.41 p05=-5.11 p95=-4.06
  [diag] sat-dist hist bins=60 sat<0.05=0.0% mean=0.625 p10=0.537 p90=0.680
Iter 0024160: train nll 0.326, valid error 100.000%, best valid error 100.000%, avg grad norm  39.957, avg grad norm (post clip)   0.053, rho_Whh  1.13, Omega  0.00, alpha  0.000, steps in the past 0.000, valid nll 0.245
  [diag] log10|dL/dh_t| hist bins=60 range=(-5.26,-3.57) mean=-4.69 p50=-4.80 p05=-5.12 p95=-4.10
  [diag] sat-dist hist bins=60 sat<0.05=0.0% mean=0.592 p10=0.531 p90=0.666
Iter 0024180: train nll 0.280, valid error 100.000%, best valid error 100.000%, avg grad norm  53.775, avg grad norm (post clip)   0.053, rho_Whh  1.13, Omega  0.00, alpha  0.000, steps in the past 0.000, valid nll 0.225
  [diag] log10|dL/dh_t| hist bins=60 range=(-5.25,-3.57) mean=-4.35 p50=-4.07 p05=-5.09 p95=-4.04
  [diag] sat-dist hist bins=60 sat<0.05=0.0% mean=0.639 p10=0.543 p90=0.682
Iter 0024200: train nll 0.279, valid error 100.000%, best valid error 100.000%, avg grad norm  47.055, avg grad norm (post clip)   0.053, rho_Whh  1.13, Omega  0.00, alpha  0.000, steps in the past 0.000, valid nll 0.279
  [diag] log10|dL/dh_t| hist bins=60 range=(-5.25,-3.57) mean=-4.46 p50=-4.41 p05=-5.11 p95=-4.07
  [diag] sat-dist hist bins=60 sat<0.05=0.0% mean=0.625 p10=0.537 p90=0.679
Iter 0024220: train nll 0.306, valid error 100.000%, best valid error 100.000%, avg grad norm  40.967, avg grad norm (post clip)   0.053, rho_Whh  1.13, Omega  0.00, alpha  0.000, steps in the past 0.000, valid nll 0.245
  [diag] log10|dL/dh_t| hist bins=60 range=(-5.25,-3.57) mean=-4.46 p50=-4.41 p05=-5.10 p95=-4.07
  [diag] sat-dist hist bins=60 sat<0.05=0.0% mean=0.625 p10=0.537 p90=0.679
Iter 0024240: train nll 0.247, valid error 100.000%, best valid error 100.000%, avg grad norm  55.792, avg grad norm (post clip)   0.053, rho_Whh  1.13, Omega  0.00, alpha  0.000, steps in the past 0.000, valid nll 0.245
  [diag] log10|dL/dh_t| hist bins=60 range=(-5.26,-3.57) mean=-4.69 p50=-4.80 p05=-5.12 p95=-4.11
  [diag] sat-dist hist bins=60 sat<0.05=0.0% mean=0.593 p10=0.532 p90=0.666
Iter 0024260: train nll 0.297, valid error 100.000%, best valid error 100.000%, avg grad norm  45.507, avg grad norm (post clip)   0.053, rho_Whh  1.13, Omega  0.00, alpha  0.000, steps in the past 0.000, valid nll 0.225
  [diag] log10|dL/dh_t| hist bins=60 range=(-5.25,-3.57) mean=-4.46 p50=-4.39 p05=-5.10 p95=-4.07
  [diag] sat-dist hist bins=60 sat<0.05=0.0% mean=0.626 p10=0.537 p90=0.679
Iter 0024280: train nll 0.305, valid error 100.000%, best valid error 100.000%, avg grad norm  37.832, avg grad norm (post clip)   0.053, rho_Whh  1.13, Omega  0.00, alpha  0.000, steps in the past 0.000, valid nll 0.246
  [diag] log10|dL/dh_t| hist bins=60 range=(-5.25,-3.57) mean=-4.46 p50=-4.39 p05=-5.10 p95=-4.07
  [diag] sat-dist hist bins=60 sat<0.05=0.0% mean=0.626 p10=0.537 p90=0.679
Iter 0024300: train nll 0.325, valid error 100.000%, best valid error 100.000%, avg grad norm  45.321, avg grad norm (post clip)   0.053, rho_Whh  1.13, Omega  0.00, alpha  0.000, steps in the past 0.000, valid nll 0.246
  [diag] log10|dL/dh_t| hist bins=60 range=(-5.25,-3.57) mean=-4.46 p50=-4.39 p05=-5.10 p95=-4.07
  [diag] sat-dist hist bins=60 sat<0.05=0.0% mean=0.626 p10=0.537 p90=0.679
Iter 0024320: train nll 0.307, valid error 100.000%, best valid error 100.000%, avg grad norm  41.508, avg grad norm (post clip)   0.053, rho_Whh  1.13, Omega  0.00, alpha  0.000, steps in the past 0.000, valid nll 0.246
  [diag] log10|dL/dh_t| hist bins=60 range=(-5.26,-3.57) mean=-4.70 p50=-4.80 p05=-5.12 p95=-4.12
  [diag] sat-dist hist bins=60 sat<0.05=0.0% mean=0.592 p10=0.532 p90=0.664
Iter 0024340: train nll 0.302, valid error 100.000%, best valid error 100.000%, avg grad norm  44.911, avg grad norm (post clip)   0.053, rho_Whh  1.13, Omega  0.00, alpha  0.000, steps in the past 0.000, valid nll 0.225
  [diag] log10|dL/dh_t| hist bins=60 range=(-5.26,-3.57) mean=-4.70 p50=-4.80 p05=-5.12 p95=-4.12
  [diag] sat-dist hist bins=60 sat<0.05=0.0% mean=0.592 p10=0.532 p90=0.664
Iter 0024360: train nll 0.279, valid error 100.000%, best valid error 100.000%, avg grad norm  48.713, avg grad norm (post clip)   0.053, rho_Whh  1.13, Omega  0.00, alpha  0.000, steps in the past 0.000, valid nll 0.225
  [diag] log10|dL/dh_t| hist bins=60 range=(-5.25,-3.57) mean=-4.46 p50=-4.42 p05=-5.10 p95=-4.07
  [diag] sat-dist hist bins=60 sat<0.05=0.0% mean=0.625 p10=0.537 p90=0.679
Iter 0024380: train nll 0.277, valid error 100.000%, best valid error 100.000%, avg grad norm  49.965, avg grad norm (post clip)   0.053, rho_Whh  1.13, Omega  0.00, alpha  0.000, steps in the past 0.000, valid nll 0.244
  [diag] log10|dL/dh_t| hist bins=60 range=(-5.25,-3.57) mean=-4.36 p50=-4.08 p05=-5.09 p95=-4.05
  [diag] sat-dist hist bins=60 sat<0.05=0.0% mean=0.639 p10=0.543 p90=0.681
Iter 0024400: train nll 0.316, valid error 100.000%, best valid error 100.000%, avg grad norm  40.723, avg grad norm (post clip)   0.053, rho_Whh  1.13, Omega  0.00, alpha  0.000, steps in the past 0.000, valid nll 0.277
  [diag] log10|dL/dh_t| hist bins=60 range=(-5.25,-3.57) mean=-4.69 p50=-4.80 p05=-5.12 p95=-4.12
  [diag] sat-dist hist bins=60 sat<0.05=0.0% mean=0.593 p10=0.532 p90=0.664
Iter 0024420: train nll 0.306, valid error 100.000%, best valid error 100.000%, avg grad norm  45.815, avg grad norm (post clip)   0.053, rho_Whh  1.13, Omega  0.00, alpha  0.000, steps in the past 0.000, valid nll 0.225
  [diag] log10|dL/dh_t| hist bins=60 range=(-5.25,-3.57) mean=-4.68 p50=-4.79 p05=-5.12 p95=-4.11
  [diag] sat-dist hist bins=60 sat<0.05=0.0% mean=0.595 p10=0.532 p90=0.668
Iter 0024440: train nll 0.287, valid error 100.000%, best valid error 100.000%, avg grad norm  47.766, avg grad norm (post clip)   0.053, rho_Whh  1.13, Omega  0.00, alpha  0.000, steps in the past 0.000, valid nll 0.224
  [diag] log10|dL/dh_t| hist bins=60 range=(-5.25,-3.57) mean=-4.46 p50=-4.41 p05=-5.10 p95=-4.07
  [diag] sat-dist hist bins=60 sat<0.05=0.0% mean=0.625 p10=0.538 p90=0.679
Iter 0024460: train nll 0.292, valid error 100.000%, best valid error 100.000%, avg grad norm  49.911, avg grad norm (post clip)   0.053, rho_Whh  1.13, Omega  0.00, alpha  0.000, steps in the past 0.000, valid nll 0.244
  [diag] log10|dL/dh_t| hist bins=60 range=(-5.25,-3.57) mean=-4.46 p50=-4.41 p05=-5.10 p95=-4.07
  [diag] sat-dist hist bins=60 sat<0.05=0.0% mean=0.625 p10=0.538 p90=0.679
Iter 0024480: train nll 0.254, valid error 100.000%, best valid error 100.000%, avg grad norm  45.203, avg grad norm (post clip)   0.053, rho_Whh  1.13, Omega  0.00, alpha  0.000, steps in the past 0.000, valid nll 0.244
  [diag] log10|dL/dh_t| hist bins=60 range=(-5.25,-3.57) mean=-4.58 p50=-4.70 p05=-5.11 p95=-4.09
  [diag] sat-dist hist bins=60 sat<0.05=0.0% mean=0.609 p10=0.534 p90=0.678
Iter 0024500: train nll 0.295, valid error 100.000%, best valid error 100.000%, avg grad norm  43.777, avg grad norm (post clip)   0.053, rho_Whh  1.13, Omega  0.00, alpha  0.000, steps in the past 0.000, valid nll 0.227
  [diag] log10|dL/dh_t| hist bins=60 range=(-5.25,-3.57) mean=-4.58 p50=-4.70 p05=-5.11 p95=-4.09
  [diag] sat-dist hist bins=60 sat<0.05=0.0% mean=0.609 p10=0.534 p90=0.678
Iter 0024520: train nll 0.280, valid error 100.000%, best valid error 100.000%, avg grad norm  46.074, avg grad norm (post clip)   0.053, rho_Whh  1.13, Omega  0.00, alpha  0.000, steps in the past 0.000, valid nll 0.227
  [diag] log10|dL/dh_t| hist bins=60 range=(-5.25,-3.57) mean=-4.57 p50=-4.69 p05=-5.11 p95=-4.09
  [diag] sat-dist hist bins=60 sat<0.05=0.0% mean=0.610 p10=0.534 p90=0.678
Iter 0024540: train nll 0.293, valid error 100.000%, best valid error 100.000%, avg grad norm  45.262, avg grad norm (post clip)   0.053, rho_Whh  1.13, Omega  0.00, alpha  0.000, steps in the past 0.000, valid nll 0.227
  [diag] log10|dL/dh_t| hist bins=60 range=(-5.25,-3.57) mean=-4.57 p50=-4.69 p05=-5.11 p95=-4.09
  [diag] sat-dist hist bins=60 sat<0.05=0.0% mean=0.610 p10=0.534 p90=0.677
Iter 0024560: train nll 0.307, valid error 100.000%, best valid error 100.000%, avg grad norm  48.356, avg grad norm (post clip)   0.053, rho_Whh  1.13, Omega  0.00, alpha  0.000, steps in the past 0.000, valid nll 0.227
  [diag] log10|dL/dh_t| hist bins=60 range=(-5.25,-3.57) mean=-4.57 p50=-4.69 p05=-5.11 p95=-4.09
  [diag] sat-dist hist bins=60 sat<0.05=0.0% mean=0.610 p10=0.534 p90=0.677
Iter 0024580: train nll 0.247, valid error 100.000%, best valid error 100.000%, avg grad norm  48.852, avg grad norm (post clip)   0.053, rho_Whh  1.13, Omega  0.00, alpha  0.000, steps in the past 0.000, valid nll 0.227
  [diag] log10|dL/dh_t| hist bins=60 range=(-5.25,-3.57) mean=-4.41 p50=-4.23 p05=-5.10 p95=-4.07
  [diag] sat-dist hist bins=60 sat<0.05=0.0% mean=0.632 p10=0.540 p90=0.680
Iter 0024600: train nll 0.296, valid error 100.000%, best valid error 100.000%, avg grad norm  50.890, avg grad norm (post clip)   0.053, rho_Whh  1.13, Omega  0.00, alpha  0.000, steps in the past 0.000, valid nll 0.257
  [diag] log10|dL/dh_t| hist bins=60 range=(-5.25,-3.57) mean=-4.33 p50=-4.06 p05=-5.08 p95=-4.04
  [diag] sat-dist hist bins=60 sat<0.05=0.0% mean=0.643 p10=0.546 p90=0.682
Iter 0024620: train nll 0.330, valid error 100.000%, best valid error 100.000%, avg grad norm  38.075, avg grad norm (post clip)   0.053, rho_Whh  1.13, Omega  0.00, alpha  0.000, steps in the past 0.000, valid nll 0.288
  [diag] log10|dL/dh_t| hist bins=60 range=(-5.25,-3.57) mean=-4.58 p50=-4.70 p05=-5.11 p95=-4.09
  [diag] sat-dist hist bins=60 sat<0.05=0.0% mean=0.609 p10=0.534 p90=0.677
Iter 0024640: train nll 0.301, valid error 100.000%, best valid error 100.000%, avg grad norm  36.911, avg grad norm (post clip)   0.053, rho_Whh  1.13, Omega  0.00, alpha  0.000, steps in the past 0.000, valid nll 0.227
  [diag] log10|dL/dh_t| hist bins=60 range=(-5.25,-3.57) mean=-4.33 p50=-4.07 p05=-5.08 p95=-4.04
  [diag] sat-dist hist bins=60 sat<0.05=0.0% mean=0.643 p10=0.546 p90=0.682
Iter 0024660: train nll 0.290, valid error 100.000%, best valid error 100.000%, avg grad norm  45.433, avg grad norm (post clip)   0.053, rho_Whh  1.13, Omega  0.00, alpha  0.000, steps in the past 0.000, valid nll 0.288
  [diag] log10|dL/dh_t| hist bins=60 range=(-5.25,-3.57) mean=-4.42 p50=-4.24 p05=-5.10 p95=-4.07
  [diag] sat-dist hist bins=60 sat<0.05=0.0% mean=0.632 p10=0.540 p90=0.679
Iter 0024680: train nll 0.289, valid error 100.000%, best valid error 100.000%, avg grad norm  46.106, avg grad norm (post clip)   0.053, rho_Whh  1.13, Omega  0.00, alpha  0.000, steps in the past 0.000, valid nll 0.256
  [diag] log10|dL/dh_t| hist bins=60 range=(-5.25,-3.57) mean=-4.41 p50=-4.21 p05=-5.10 p95=-4.06
  [diag] sat-dist hist bins=60 sat<0.05=0.0% mean=0.633 p10=0.540 p90=0.680
Iter 0024700: train nll 0.284, valid error 100.000%, best valid error 100.000%, avg grad norm  41.210, avg grad norm (post clip)   0.053, rho_Whh  1.13, Omega  0.00, alpha  0.000, steps in the past 0.000, valid nll 0.259
  [diag] log10|dL/dh_t| hist bins=60 range=(-5.26,-3.57) mean=-4.56 p50=-4.67 p05=-5.11 p95=-4.09
  [diag] sat-dist hist bins=60 sat<0.05=0.0% mean=0.612 p10=0.534 p90=0.678
Iter 0024720: train nll 0.275, valid error 100.000%, best valid error 100.000%, avg grad norm  41.118, avg grad norm (post clip)   0.053, rho_Whh  1.13, Omega  0.00, alpha  0.000, steps in the past 0.000, valid nll 0.229
  [diag] log10|dL/dh_t| hist bins=60 range=(-5.26,-3.57) mean=-4.56 p50=-4.67 p05=-5.11 p95=-4.09
  [diag] sat-dist hist bins=60 sat<0.05=0.0% mean=0.612 p10=0.534 p90=0.678
Iter 0024740: train nll 0.273, valid error 100.000%, best valid error 100.000%, avg grad norm  45.420, avg grad norm (post clip)   0.053, rho_Whh  1.13, Omega  0.00, alpha  0.000, steps in the past 0.000, valid nll 0.229
  [diag] log10|dL/dh_t| hist bins=60 range=(-5.25,-3.57) mean=-4.41 p50=-4.23 p05=-5.10 p95=-4.06
  [diag] sat-dist hist bins=60 sat<0.05=0.0% mean=0.632 p10=0.540 p90=0.680
Iter 0024760: train nll 0.326, valid error 100.000%, best valid error 100.000%, avg grad norm  41.352, avg grad norm (post clip)   0.053, rho_Whh  1.13, Omega  0.00, alpha  0.000, steps in the past 0.000, valid nll 0.257
  [diag] log10|dL/dh_t| hist bins=60 range=(-5.26,-3.57) mean=-4.55 p50=-4.65 p05=-5.11 p95=-4.08
  [diag] sat-dist hist bins=60 sat<0.05=0.0% mean=0.613 p10=0.534 p90=0.678
Iter 0024780: train nll 0.311, valid error 100.000%, best valid error 100.000%, avg grad norm  38.789, avg grad norm (post clip)   0.053, rho_Whh  1.13, Omega  0.00, alpha  0.000, steps in the past 0.000, valid nll 0.230
  [diag] log10|dL/dh_t| hist bins=60 range=(-5.25,-3.57) mean=-4.40 p50=-4.19 p05=-5.10 p95=-4.06
  [diag] sat-dist hist bins=60 sat<0.05=0.0% mean=0.634 p10=0.540 p90=0.681
Iter 0024800: train nll 0.297, valid error 100.000%, best valid error 100.000%, avg grad norm  45.624, avg grad norm (post clip)   0.053, rho_Whh  1.13, Omega  0.00, alpha  0.000, steps in the past 0.000, valid nll 0.261
  [diag] log10|dL/dh_t| hist bins=60 range=(-5.25,-3.57) mean=-4.42 p50=-4.25 p05=-5.10 p95=-4.06
  [diag] sat-dist hist bins=60 sat<0.05=0.0% mean=0.631 p10=0.539 p90=0.680
Iter 0024820: train nll 0.320, valid error 100.000%, best valid error 100.000%, avg grad norm  39.263, avg grad norm (post clip)   0.053, rho_Whh  1.13, Omega  0.00, alpha  0.000, steps in the past 0.000, valid nll 0.255
  [diag] log10|dL/dh_t| hist bins=60 range=(-5.26,-3.57) mean=-4.47 p50=-4.44 p05=-5.11 p95=-4.07
  [diag] sat-dist hist bins=60 sat<0.05=0.0% mean=0.624 p10=0.536 p90=0.680
Iter 0024840: train nll 0.348, valid error 100.000%, best valid error 100.000%, avg grad norm  39.609, avg grad norm (post clip)   0.053, rho_Whh  1.13, Omega  0.00, alpha  0.000, steps in the past 0.000, valid nll 0.243
  [diag] log10|dL/dh_t| hist bins=60 range=(-5.26,-3.57) mean=-4.47 p50=-4.44 p05=-5.11 p95=-4.07
  [diag] sat-dist hist bins=60 sat<0.05=0.0% mean=0.624 p10=0.537 p90=0.680
Iter 0024860: train nll 0.292, valid error 100.000%, best valid error 100.000%, avg grad norm  47.444, avg grad norm (post clip)   0.053, rho_Whh  1.13, Omega  0.00, alpha  0.000, steps in the past 0.000, valid nll 0.243
  [diag] log10|dL/dh_t| hist bins=60 range=(-5.26,-3.57) mean=-4.44 p50=-4.34 p05=-5.11 p95=-4.06
  [diag] sat-dist hist bins=60 sat<0.05=0.0% mean=0.628 p10=0.537 p90=0.681
Iter 0024880: train nll 0.291, valid error 100.000%, best valid error 100.000%, avg grad norm  43.136, avg grad norm (post clip)   0.053, rho_Whh  1.13, Omega  0.00, alpha  0.000, steps in the past 0.000, valid nll 0.249
  [diag] log10|dL/dh_t| hist bins=60 range=(-5.26,-3.57) mean=-4.68 p50=-4.80 p05=-5.12 p95=-4.09
  [diag] sat-dist hist bins=60 sat<0.05=0.0% mean=0.595 p10=0.531 p90=0.672
Iter 0024900: train nll 0.288, valid error 100.000%, best valid error 100.000%, avg grad norm  40.642, avg grad norm (post clip)   0.053, rho_Whh  1.13, Omega  0.00, alpha  0.000, steps in the past 0.000, valid nll 0.224
  [diag] log10|dL/dh_t| hist bins=60 range=(-5.26,-3.57) mean=-4.67 p50=-4.79 p05=-5.12 p95=-4.09
  [diag] sat-dist hist bins=60 sat<0.05=0.0% mean=0.596 p10=0.531 p90=0.673
Iter 0024920: train nll 0.288, valid error 100.000%, best valid error 100.000%, avg grad norm  48.405, avg grad norm (post clip)   0.053, rho_Whh  1.13, Omega  0.00, alpha  0.000, steps in the past 0.000, valid nll 0.224
  [diag] log10|dL/dh_t| hist bins=60 range=(-5.25,-3.57) mean=-4.35 p50=-4.06 p05=-5.09 p95=-4.04
  [diag] sat-dist hist bins=60 sat<0.05=0.0% mean=0.641 p10=0.543 p90=0.683
Iter 0024940: train nll 0.313, valid error 100.000%, best valid error 100.000%, avg grad norm  43.245, avg grad norm (post clip)   0.053, rho_Whh  1.13, Omega  0.00, alpha  0.000, steps in the past 0.000, valid nll 0.281
  [diag] log10|dL/dh_t| hist bins=60 range=(-5.26,-3.57) mean=-4.45 p50=-4.38 p05=-5.11 p95=-4.06
  [diag] sat-dist hist bins=60 sat<0.05=0.0% mean=0.627 p10=0.537 p90=0.680
Iter 0024960: train nll 0.309, valid error 100.000%, best valid error 100.000%, avg grad norm  46.649, avg grad norm (post clip)   0.053, rho_Whh  1.13, Omega  0.00, alpha  0.000, steps in the past 0.000, valid nll 0.247
  [diag] log10|dL/dh_t| hist bins=60 range=(-5.26,-3.57) mean=-4.43 p50=-4.27 p05=-5.11 p95=-4.05
  [diag] sat-dist hist bins=60 sat<0.05=0.0% mean=0.630 p10=0.538 p90=0.681
Iter 0024980: train nll 0.311, valid error 100.000%, best valid error 100.000%, avg grad norm  35.634, avg grad norm (post clip)   0.053, rho_Whh  1.13, Omega  0.00, alpha  0.000, steps in the past 0.000, valid nll 0.254
  [diag] log10|dL/dh_t| hist bins=60 range=(-5.25,-3.57) mean=-4.37 p50=-4.09 p05=-5.10 p95=-4.04
  [diag] sat-dist hist bins=60 sat<0.05=0.0% mean=0.638 p10=0.541 p90=0.683
Iter 0025000: train nll 0.335, valid error 100.000%, best valid error 100.000%, avg grad norm  41.245, avg grad norm (post clip)   0.053, rho_Whh  1.13, Omega  0.00, alpha  0.000, steps in the past 0.000, valid nll 0.273
  [diag] log10|dL/dh_t| hist bins=60 range=(-5.25,-3.57) mean=-4.37 p50=-4.08 p05=-5.10 p95=-4.04
  [diag] sat-dist hist bins=60 sat<0.05=0.0% mean=0.638 p10=0.541 p90=0.683
Iter 0025020: train nll 0.303, valid error 100.000%, best valid error 100.000%, avg grad norm  42.161, avg grad norm (post clip)   0.053, rho_Whh  1.13, Omega  0.00, alpha  0.000, steps in the past 0.000, valid nll 0.273
  [diag] log10|dL/dh_t| hist bins=60 range=(-5.26,-3.57) mean=-4.49 p50=-4.51 p05=-5.11 p95=-4.06
  [diag] sat-dist hist bins=60 sat<0.05=0.0% mean=0.622 p10=0.535 p90=0.680
Iter 0025040: train nll 0.281, valid error 100.000%, best valid error 100.000%, avg grad norm  47.257, avg grad norm (post clip)   0.053, rho_Whh  1.13, Omega  0.00, alpha  0.000, steps in the past 0.000, valid nll 0.239
  [diag] log10|dL/dh_t| hist bins=60 range=(-5.25,-3.57) mean=-4.37 p50=-4.09 p05=-5.10 p95=-4.04
  [diag] sat-dist hist bins=60 sat<0.05=0.0% mean=0.638 p10=0.541 p90=0.682
Iter 0025060: train nll 0.311, valid error 100.000%, best valid error 100.000%, avg grad norm  49.647, avg grad norm (post clip)   0.053, rho_Whh  1.13, Omega  0.00, alpha  0.000, steps in the past 0.000, valid nll 0.273
  [diag] log10|dL/dh_t| hist bins=60 range=(-5.26,-3.57) mean=-4.49 p50=-4.52 p05=-5.11 p95=-4.07
  [diag] sat-dist hist bins=60 sat<0.05=0.0% mean=0.621 p10=0.535 p90=0.680
Iter 0025080: train nll 0.282, valid error 100.000%, best valid error 100.000%, avg grad norm  38.048, avg grad norm (post clip)   0.053, rho_Whh  1.13, Omega  0.00, alpha  0.000, steps in the past 0.000, valid nll 0.238
  [diag] log10|dL/dh_t| hist bins=60 range=(-5.26,-3.57) mean=-4.49 p50=-4.53 p05=-5.11 p95=-4.07
  [diag] sat-dist hist bins=60 sat<0.05=0.0% mean=0.621 p10=0.535 p90=0.680
Iter 0025100: train nll 0.322, valid error 100.000%, best valid error 100.000%, avg grad norm  38.726, avg grad norm (post clip)   0.053, rho_Whh  1.13, Omega  0.00, alpha  0.000, steps in the past 0.000, valid nll 0.238
  [diag] log10|dL/dh_t| hist bins=60 range=(-5.26,-3.57) mean=-4.50 p50=-4.53 p05=-5.11 p95=-4.07
  [diag] sat-dist hist bins=60 sat<0.05=0.0% mean=0.621 p10=0.535 p90=0.680
Iter 0025120: train nll 0.281, valid error 100.000%, best valid error 100.000%, avg grad norm  53.248, avg grad norm (post clip)   0.053, rho_Whh  1.13, Omega  0.00, alpha  0.000, steps in the past 0.000, valid nll 0.238
  [diag] log10|dL/dh_t| hist bins=60 range=(-5.26,-3.57) mean=-4.49 p50=-4.52 p05=-5.11 p95=-4.07
  [diag] sat-dist hist bins=60 sat<0.05=0.0% mean=0.621 p10=0.535 p90=0.680
Iter 0025140: train nll 0.296, valid error 100.000%, best valid error 100.000%, avg grad norm  45.578, avg grad norm (post clip)   0.053, rho_Whh  1.13, Omega  0.00, alpha  0.000, steps in the past 0.000, valid nll 0.238
  [diag] log10|dL/dh_t| hist bins=60 range=(-5.26,-3.57) mean=-4.49 p50=-4.52 p05=-5.11 p95=-4.07
  [diag] sat-dist hist bins=60 sat<0.05=0.0% mean=0.621 p10=0.535 p90=0.680
Iter 0025160: train nll 0.293, valid error 100.000%, best valid error 100.000%, avg grad norm  48.837, avg grad norm (post clip)   0.053, rho_Whh  1.13, Omega  0.00, alpha  0.000, steps in the past 0.000, valid nll 0.238
  [diag] log10|dL/dh_t| hist bins=60 range=(-5.26,-3.54) mean=-4.76 p50=-4.84 p05=-5.13 p95=-4.22
  [diag] sat-dist hist bins=60 sat<0.05=0.0% mean=0.582 p10=0.530 p90=0.638
Iter 0025180: train nll 0.275, valid error 100.000%, best valid error 100.000%, avg grad norm  46.766, avg grad norm (post clip)   0.053, rho_Whh  1.13, Omega  0.00, alpha  0.000, steps in the past 0.000, valid nll 0.231
  [diag] log10|dL/dh_t| hist bins=60 range=(-5.26,-3.57) mean=-4.49 p50=-4.50 p05=-5.11 p95=-4.07
  [diag] sat-dist hist bins=60 sat<0.05=0.0% mean=0.622 p10=0.535 p90=0.680
Iter 0025200: train nll 0.310, valid error 100.000%, best valid error 100.000%, avg grad norm  39.633, avg grad norm (post clip)   0.053, rho_Whh  1.13, Omega  0.00, alpha  0.000, steps in the past 0.000, valid nll 0.239
  [diag] log10|dL/dh_t| hist bins=60 range=(-5.26,-3.57) mean=-4.47 p50=-4.44 p05=-5.11 p95=-4.06
  [diag] sat-dist hist bins=60 sat<0.05=0.0% mean=0.625 p10=0.536 p90=0.681
Iter 0025220: train nll 0.278, valid error 100.000%, best valid error 100.000%, avg grad norm  47.957, avg grad norm (post clip)   0.053, rho_Whh  1.13, Omega  0.00, alpha  0.000, steps in the past 0.000, valid nll 0.243
  [diag] log10|dL/dh_t| hist bins=60 range=(-5.26,-3.57) mean=-4.47 p50=-4.44 p05=-5.11 p95=-4.06
  [diag] sat-dist hist bins=60 sat<0.05=0.0% mean=0.625 p10=0.536 p90=0.680
Iter 0025240: train nll 0.282, valid error 100.000%, best valid error 100.000%, avg grad norm  54.375, avg grad norm (post clip)   0.053, rho_Whh  1.13, Omega  0.00, alpha  0.000, steps in the past 0.000, valid nll 0.243
  [diag] log10|dL/dh_t| hist bins=60 range=(-5.26,-3.57) mean=-4.69 p50=-4.81 p05=-5.12 p95=-4.10
  [diag] sat-dist hist bins=60 sat<0.05=0.0% mean=0.593 p10=0.531 p90=0.669
Iter 0025260: train nll 0.293, valid error 100.000%, best valid error 100.000%, avg grad norm  50.523, avg grad norm (post clip)   0.053, rho_Whh  1.13, Omega  0.00, alpha  0.000, steps in the past 0.000, valid nll 0.224
  [diag] log10|dL/dh_t| hist bins=60 range=(-5.26,-3.57) mean=-4.46 p50=-4.40 p05=-5.11 p95=-4.06
  [diag] sat-dist hist bins=60 sat<0.05=0.0% mean=0.626 p10=0.536 p90=0.681
Iter 0025280: train nll 0.271, valid error 100.000%, best valid error 100.000%, avg grad norm  55.863, avg grad norm (post clip)   0.053, rho_Whh  1.13, Omega  0.00, alpha  0.000, steps in the past 0.000, valid nll 0.245
  [diag] log10|dL/dh_t| hist bins=60 range=(-5.26,-3.57) mean=-4.46 p50=-4.42 p05=-5.11 p95=-4.06
  [diag] sat-dist hist bins=60 sat<0.05=0.0% mean=0.625 p10=0.536 p90=0.681
Iter 0025300: train nll 0.269, valid error 100.000%, best valid error 100.000%, avg grad norm  43.463, avg grad norm (post clip)   0.053, rho_Whh  1.13, Omega  0.00, alpha  0.000, steps in the past 0.000, valid nll 0.244
  [diag] log10|dL/dh_t| hist bins=60 range=(-5.26,-3.57) mean=-4.46 p50=-4.41 p05=-5.11 p95=-4.06
  [diag] sat-dist hist bins=60 sat<0.05=0.0% mean=0.626 p10=0.536 p90=0.681
Iter 0025320: train nll 0.326, valid error 100.000%, best valid error 100.000%, avg grad norm  37.869, avg grad norm (post clip)   0.053, rho_Whh  1.13, Omega  0.00, alpha  0.000, steps in the past 0.000, valid nll 0.245
  [diag] log10|dL/dh_t| hist bins=60 range=(-5.26,-3.57) mean=-4.46 p50=-4.41 p05=-5.11 p95=-4.06
  [diag] sat-dist hist bins=60 sat<0.05=0.0% mean=0.626 p10=0.536 p90=0.681
Iter 0025340: train nll 0.326, valid error 100.000%, best valid error 100.000%, avg grad norm  38.381, avg grad norm (post clip)   0.053, rho_Whh  1.13, Omega  0.00, alpha  0.000, steps in the past 0.000, valid nll 0.245
  [diag] log10|dL/dh_t| hist bins=60 range=(-5.26,-3.57) mean=-4.35 p50=-4.06 p05=-5.10 p95=-4.03
  [diag] sat-dist hist bins=60 sat<0.05=0.0% mean=0.641 p10=0.542 p90=0.683
Iter 0025360: train nll 0.317, valid error 100.000%, best valid error 100.000%, avg grad norm  37.486, avg grad norm (post clip)   0.053, rho_Whh  1.13, Omega  0.00, alpha  0.000, steps in the past 0.000, valid nll 0.280
  [diag] log10|dL/dh_t| hist bins=60 range=(-5.26,-3.57) mean=-4.46 p50=-4.39 p05=-5.11 p95=-4.06
  [diag] sat-dist hist bins=60 sat<0.05=0.0% mean=0.626 p10=0.536 p90=0.681
Iter 0025380: train nll 0.275, valid error 100.000%, best valid error 100.000%, avg grad norm  54.018, avg grad norm (post clip)   0.053, rho_Whh  1.13, Omega  0.00, alpha  0.000, steps in the past 0.000, valid nll 0.246
  [diag] log10|dL/dh_t| hist bins=60 range=(-5.26,-3.57) mean=-4.65 p50=-4.78 p05=-5.13 p95=-4.08
  [diag] sat-dist hist bins=60 sat<0.05=0.0% mean=0.599 p10=0.531 p90=0.678
Iter 0025400: train nll 0.267, valid error 100.000%, best valid error 100.000%, avg grad norm  49.506, avg grad norm (post clip)   0.053, rho_Whh  1.13, Omega  0.00, alpha  0.000, steps in the past 0.000, valid nll 0.223
  [diag] log10|dL/dh_t| hist bins=60 range=(-5.26,-3.57) mean=-4.44 p50=-4.34 p05=-5.11 p95=-4.05
  [diag] sat-dist hist bins=60 sat<0.05=0.0% mean=0.628 p10=0.537 p90=0.681
Iter 0025420: train nll 0.300, valid error 100.000%, best valid error 100.000%, avg grad norm  41.143, avg grad norm (post clip)   0.053, rho_Whh  1.13, Omega  0.00, alpha  0.000, steps in the past 0.000, valid nll 0.249
  [diag] log10|dL/dh_t| hist bins=60 range=(-5.26,-3.57) mean=-4.65 p50=-4.78 p05=-5.12 p95=-4.08
  [diag] sat-dist hist bins=60 sat<0.05=0.0% mean=0.599 p10=0.531 p90=0.678
Iter 0025440: train nll 0.284, valid error 100.000%, best valid error 100.000%, avg grad norm  52.731, avg grad norm (post clip)   0.053, rho_Whh  1.13, Omega  0.00, alpha  0.000, steps in the past 0.000, valid nll 0.223
  [diag] log10|dL/dh_t| hist bins=60 range=(-5.26,-3.57) mean=-4.34 p50=-4.05 p05=-5.10 p95=-4.03
  [diag] sat-dist hist bins=60 sat<0.05=0.0% mean=0.641 p10=0.543 p90=0.683
Iter 0025460: train nll 0.282, valid error 100.000%, best valid error 100.000%, avg grad norm  45.687, avg grad norm (post clip)   0.053, rho_Whh  1.13, Omega  0.00, alpha  0.000, steps in the past 0.000, valid nll 0.283
  [diag] log10|dL/dh_t| hist bins=60 range=(-5.26,-3.57) mean=-4.61 p50=-4.75 p05=-5.13 p95=-4.07
  [diag] sat-dist hist bins=60 sat<0.05=0.0% mean=0.604 p10=0.531 p90=0.680
Iter 0025480: train nll 0.264, valid error 100.000%, best valid error 100.000%, avg grad norm  37.637, avg grad norm (post clip)   0.053, rho_Whh  1.13, Omega  0.00, alpha  0.000, steps in the past 0.000, valid nll 0.224
  [diag] log10|dL/dh_t| hist bins=60 range=(-5.26,-3.57) mean=-4.61 p50=-4.75 p05=-5.12 p95=-4.07
  [diag] sat-dist hist bins=60 sat<0.05=0.0% mean=0.605 p10=0.531 p90=0.680
Iter 0025500: train nll 0.302, valid error 100.000%, best valid error 100.000%, avg grad norm  47.574, avg grad norm (post clip)   0.053, rho_Whh  1.13, Omega  0.00, alpha  0.000, steps in the past 0.000, valid nll 0.225
  [diag] log10|dL/dh_t| hist bins=60 range=(-5.26,-3.57) mean=-4.43 p50=-4.27 p05=-5.11 p95=-4.05
  [diag] sat-dist hist bins=60 sat<0.05=0.0% mean=0.630 p10=0.537 p90=0.682
Iter 0025520: train nll 0.319, valid error 100.000%, best valid error 100.000%, avg grad norm  50.053, avg grad norm (post clip)   0.053, rho_Whh  1.13, Omega  0.00, alpha  0.000, steps in the past 0.000, valid nll 0.254
  [diag] log10|dL/dh_t| hist bins=60 range=(-5.26,-3.57) mean=-4.61 p50=-4.74 p05=-5.12 p95=-4.08
  [diag] sat-dist hist bins=60 sat<0.05=0.0% mean=0.605 p10=0.532 p90=0.679
Iter 0025540: train nll 0.295, valid error 100.000%, best valid error 100.000%, avg grad norm  46.704, avg grad norm (post clip)   0.053, rho_Whh  1.13, Omega  0.00, alpha  0.000, steps in the past 0.000, valid nll 0.224
  [diag] log10|dL/dh_t| hist bins=60 range=(-5.26,-3.57) mean=-4.43 p50=-4.27 p05=-5.11 p95=-4.05
  [diag] sat-dist hist bins=60 sat<0.05=0.0% mean=0.630 p10=0.538 p90=0.682
Iter 0025560: train nll 0.318, valid error 100.000%, best valid error 100.000%, avg grad norm  43.896, avg grad norm (post clip)   0.053, rho_Whh  1.13, Omega  0.00, alpha  0.000, steps in the past 0.000, valid nll 0.253
  [diag] log10|dL/dh_t| hist bins=60 range=(-5.26,-3.57) mean=-4.61 p50=-4.74 p05=-5.12 p95=-4.08
  [diag] sat-dist hist bins=60 sat<0.05=0.0% mean=0.605 p10=0.532 p90=0.679
Iter 0025580: train nll 0.312, valid error 100.000%, best valid error 100.000%, avg grad norm  43.525, avg grad norm (post clip)   0.053, rho_Whh  1.13, Omega  0.00, alpha  0.000, steps in the past 0.000, valid nll 0.225
  [diag] log10|dL/dh_t| hist bins=60 range=(-5.26,-3.57) mean=-4.43 p50=-4.27 p05=-5.11 p95=-4.06
  [diag] sat-dist hist bins=60 sat<0.05=0.0% mean=0.631 p10=0.538 p90=0.681
Iter 0025600: train nll 0.291, valid error 100.000%, best valid error 100.000%, avg grad norm  59.248, avg grad norm (post clip)   0.053, rho_Whh  1.13, Omega  0.00, alpha  0.000, steps in the past 0.000, valid nll 0.253
  [diag] log10|dL/dh_t| hist bins=60 range=(-5.26,-3.57) mean=-4.60 p50=-4.73 p05=-5.12 p95=-4.08
  [diag] sat-dist hist bins=60 sat<0.05=0.0% mean=0.606 p10=0.532 p90=0.679
Iter 0025620: train nll 0.297, valid error 100.000%, best valid error 100.000%, avg grad norm  42.305, avg grad norm (post clip)   0.053, rho_Whh  1.13, Omega  0.00, alpha  0.000, steps in the past 0.000, valid nll 0.225
  [diag] log10|dL/dh_t| hist bins=60 range=(-5.26,-3.57) mean=-4.44 p50=-4.33 p05=-5.11 p95=-4.05
  [diag] sat-dist hist bins=60 sat<0.05=0.0% mean=0.628 p10=0.537 p90=0.682
Iter 0025640: train nll 0.298, valid error 100.000%, best valid error 100.000%, avg grad norm  39.304, avg grad norm (post clip)   0.053, rho_Whh  1.13, Omega  0.00, alpha  0.000, steps in the past 0.000, valid nll 0.250
  [diag] log10|dL/dh_t| hist bins=60 range=(-5.26,-3.57) mean=-4.62 p50=-4.76 p05=-5.12 p95=-4.08
  [diag] sat-dist hist bins=60 sat<0.05=0.0% mean=0.603 p10=0.532 p90=0.680
Iter 0025660: train nll 0.287, valid error 100.000%, best valid error 100.000%, avg grad norm  49.584, avg grad norm (post clip)   0.053, rho_Whh  1.13, Omega  0.00, alpha  0.000, steps in the past 0.000, valid nll 0.224
  [diag] log10|dL/dh_t| hist bins=60 range=(-5.26,-3.57) mean=-4.64 p50=-4.77 p05=-5.13 p95=-4.08
  [diag] sat-dist hist bins=60 sat<0.05=0.0% mean=0.601 p10=0.531 p90=0.679
Iter 0025680: train nll 0.312, valid error 100.000%, best valid error 100.000%, avg grad norm  42.519, avg grad norm (post clip)   0.053, rho_Whh  1.13, Omega  0.00, alpha  0.000, steps in the past 0.000, valid nll 0.223
  [diag] log10|dL/dh_t| hist bins=60 range=(-5.26,-3.57) mean=-4.44 p50=-4.31 p05=-5.11 p95=-4.05
  [diag] sat-dist hist bins=60 sat<0.05=0.0% mean=0.629 p10=0.537 p90=0.682
Iter 0025700: train nll 0.308, valid error 100.000%, best valid error 100.000%, avg grad norm  53.844, avg grad norm (post clip)   0.053, rho_Whh  1.13, Omega  0.00, alpha  0.000, steps in the past 0.000, valid nll 0.250
  [diag] log10|dL/dh_t| hist bins=60 range=(-5.26,-3.57) mean=-4.63 p50=-4.76 p05=-5.12 p95=-4.08
  [diag] sat-dist hist bins=60 sat<0.05=0.0% mean=0.602 p10=0.531 p90=0.679
Iter 0025720: train nll 0.285, valid error 100.000%, best valid error 100.000%, avg grad norm  47.195, avg grad norm (post clip)   0.053, rho_Whh  1.13, Omega  0.00, alpha  0.000, steps in the past 0.000, valid nll 0.224
  [diag] log10|dL/dh_t| hist bins=60 range=(-5.26,-3.57) mean=-4.44 p50=-4.31 p05=-5.11 p95=-4.06
  [diag] sat-dist hist bins=60 sat<0.05=0.0% mean=0.629 p10=0.537 p90=0.682
Iter 0025740: train nll 0.322, valid error 100.000%, best valid error 100.000%, avg grad norm  42.125, avg grad norm (post clip)   0.053, rho_Whh  1.13, Omega  0.00, alpha  0.000, steps in the past 0.000, valid nll 0.251
  [diag] log10|dL/dh_t| hist bins=60 range=(-5.26,-3.57) mean=-4.67 p50=-4.79 p05=-5.13 p95=-4.08
  [diag] sat-dist hist bins=60 sat<0.05=0.0% mean=0.597 p10=0.531 p90=0.676
Iter 0025760: train nll 0.275, valid error 100.000%, best valid error 100.000%, avg grad norm  50.484, avg grad norm (post clip)   0.053, rho_Whh  1.13, Omega  0.00, alpha  0.000, steps in the past 0.000, valid nll 0.223
  [diag] log10|dL/dh_t| hist bins=60 range=(-5.26,-3.57) mean=-4.66 p50=-4.79 p05=-5.13 p95=-4.09
  [diag] sat-dist hist bins=60 sat<0.05=0.0% mean=0.597 p10=0.531 p90=0.676
Iter 0025780: train nll 0.302, valid error 100.000%, best valid error 100.000%, avg grad norm  49.281, avg grad norm (post clip)   0.053, rho_Whh  1.13, Omega  0.00, alpha  0.000, steps in the past 0.000, valid nll 0.223
  [diag] log10|dL/dh_t| hist bins=60 range=(-5.26,-3.57) mean=-4.35 p50=-4.06 p05=-5.10 p95=-4.04
  [diag] sat-dist hist bins=60 sat<0.05=0.0% mean=0.641 p10=0.543 p90=0.683
Iter 0025800: train nll 0.296, valid error 100.000%, best valid error 100.000%, avg grad norm  48.557, avg grad norm (post clip)   0.053, rho_Whh  1.13, Omega  0.00, alpha  0.000, steps in the past 0.000, valid nll 0.281
  [diag] log10|dL/dh_t| hist bins=60 range=(-5.26,-3.57) mean=-4.67 p50=-4.79 p05=-5.13 p95=-4.09
  [diag] sat-dist hist bins=60 sat<0.05=0.0% mean=0.597 p10=0.531 p90=0.676
Iter 0025820: train nll 0.275, valid error 100.000%, best valid error 100.000%, avg grad norm  49.475, avg grad norm (post clip)   0.053, rho_Whh  1.13, Omega  0.00, alpha  0.000, steps in the past 0.000, valid nll 0.223
  [diag] log10|dL/dh_t| hist bins=60 range=(-5.26,-3.57) mean=-4.45 p50=-4.36 p05=-5.11 p95=-4.06
  [diag] sat-dist hist bins=60 sat<0.05=0.0% mean=0.627 p10=0.537 p90=0.681
Iter 0025840: train nll 0.289, valid error 100.000%, best valid error 100.000%, avg grad norm  54.729, avg grad norm (post clip)   0.053, rho_Whh  1.13, Omega  0.00, alpha  0.000, steps in the past 0.000, valid nll 0.247
  [diag] log10|dL/dh_t| hist bins=60 range=(-5.26,-3.57) mean=-4.45 p50=-4.36 p05=-5.11 p95=-4.06
  [diag] sat-dist hist bins=60 sat<0.05=0.0% mean=0.627 p10=0.537 p90=0.681
Iter 0025860: train nll 0.301, valid error 100.000%, best valid error 100.000%, avg grad norm  39.551, avg grad norm (post clip)   0.053, rho_Whh  1.13, Omega  0.00, alpha  0.000, steps in the past 0.000, valid nll 0.247
  [diag] log10|dL/dh_t| hist bins=60 range=(-5.26,-3.57) mean=-4.66 p50=-4.78 p05=-5.12 p95=-4.09
  [diag] sat-dist hist bins=60 sat<0.05=0.0% mean=0.598 p10=0.532 p90=0.676
Iter 0025880: train nll 0.309, valid error 100.000%, best valid error 100.000%, avg grad norm  41.928, avg grad norm (post clip)   0.053, rho_Whh  1.13, Omega  0.00, alpha  0.000, steps in the past 0.000, valid nll 0.223
  [diag] log10|dL/dh_t| hist bins=60 range=(-5.26,-3.57) mean=-4.45 p50=-4.36 p05=-5.11 p95=-4.07
  [diag] sat-dist hist bins=60 sat<0.05=0.0% mean=0.628 p10=0.537 p90=0.681
Iter 0025900: train nll 0.269, valid error 100.000%, best valid error 100.000%, avg grad norm  47.068, avg grad norm (post clip)   0.053, rho_Whh  1.13, Omega  0.00, alpha  0.000, steps in the past 0.000, valid nll 0.247
  [diag] log10|dL/dh_t| hist bins=60 range=(-5.26,-3.57) mean=-4.45 p50=-4.36 p05=-5.11 p95=-4.07
  [diag] sat-dist hist bins=60 sat<0.05=0.0% mean=0.628 p10=0.538 p90=0.680
Iter 0025920: train nll 0.343, valid error 100.000%, best valid error 100.000%, avg grad norm  42.495, avg grad norm (post clip)   0.053, rho_Whh  1.13, Omega  0.00, alpha  0.000, steps in the past 0.000, valid nll 0.247
  [diag] log10|dL/dh_t| hist bins=60 range=(-5.26,-3.57) mean=-4.45 p50=-4.36 p05=-5.11 p95=-4.07
  [diag] sat-dist hist bins=60 sat<0.05=0.0% mean=0.628 p10=0.538 p90=0.680
Iter 0025940: train nll 0.266, valid error 100.000%, best valid error 100.000%, avg grad norm  52.160, avg grad norm (post clip)   0.053, rho_Whh  1.13, Omega  0.00, alpha  0.000, steps in the past 0.000, valid nll 0.247
  [diag] log10|dL/dh_t| hist bins=60 range=(-5.26,-3.57) mean=-4.45 p50=-4.36 p05=-5.11 p95=-4.07
  [diag] sat-dist hist bins=60 sat<0.05=0.0% mean=0.628 p10=0.538 p90=0.680
Iter 0025960: train nll 0.282, valid error 100.000%, best valid error 100.000%, avg grad norm  46.527, avg grad norm (post clip)   0.053, rho_Whh  1.13, Omega  0.00, alpha  0.000, steps in the past 0.000, valid nll 0.246
  [diag] log10|dL/dh_t| hist bins=60 range=(-5.26,-3.57) mean=-4.66 p50=-4.78 p05=-5.12 p95=-4.10
  [diag] sat-dist hist bins=60 sat<0.05=0.0% mean=0.598 p10=0.532 p90=0.675
Iter 0025980: train nll 0.276, valid error 100.000%, best valid error 100.000%, avg grad norm  55.447, avg grad norm (post clip)   0.053, rho_Whh  1.13, Omega  0.00, alpha  0.000, steps in the past 0.000, valid nll 0.223
  [diag] log10|dL/dh_t| hist bins=60 range=(-5.26,-3.57) mean=-4.45 p50=-4.36 p05=-5.11 p95=-4.08
  [diag] sat-dist hist bins=60 sat<0.05=0.0% mean=0.628 p10=0.538 p90=0.680
Iter 0026000: train nll 0.323, valid error 100.000%, best valid error 100.000%, avg grad norm  48.579, avg grad norm (post clip)   0.053, rho_Whh  1.13, Omega  0.00, alpha  0.000, steps in the past 0.000, valid nll 0.246
  [diag] log10|dL/dh_t| hist bins=60 range=(-5.25,-3.57) mean=-4.29 p50=-4.05 p05=-5.08 p95=-4.03
  [diag] sat-dist hist bins=60 sat<0.05=0.0% mean=0.650 p10=0.550 p90=0.684
Iter 0026020: train nll 0.316, valid error 100.000%, best valid error 100.000%, avg grad norm  43.789, avg grad norm (post clip)   0.053, rho_Whh  1.13, Omega  0.00, alpha  0.000, steps in the past 0.000, valid nll 0.306
  [diag] log10|dL/dh_t| hist bins=60 range=(-5.26,-3.57) mean=-4.45 p50=-4.36 p05=-5.11 p95=-4.08
  [diag] sat-dist hist bins=60 sat<0.05=0.0% mean=0.628 p10=0.538 p90=0.680
Iter 0026040: train nll 0.276, valid error 100.000%, best valid error 100.000%, avg grad norm  45.479, avg grad norm (post clip)   0.053, rho_Whh  1.13, Omega  0.00, alpha  0.000, steps in the past 0.000, valid nll 0.246
  [diag] log10|dL/dh_t| hist bins=60 range=(-5.26,-3.57) mean=-4.65 p50=-4.77 p05=-5.12 p95=-4.11
  [diag] sat-dist hist bins=60 sat<0.05=0.0% mean=0.600 p10=0.533 p90=0.675
Iter 0026060: train nll 0.261, valid error 100.000%, best valid error 100.000%, avg grad norm  50.769, avg grad norm (post clip)   0.053, rho_Whh  1.13, Omega  0.00, alpha  0.000, steps in the past 0.000, valid nll 0.223
  [diag] log10|dL/dh_t| hist bins=60 range=(-5.26,-3.57) mean=-4.45 p50=-4.36 p05=-5.11 p95=-4.08
  [diag] sat-dist hist bins=60 sat<0.05=0.0% mean=0.628 p10=0.538 p90=0.680
Iter 0026080: train nll 0.263, valid error 100.000%, best valid error 100.000%, avg grad norm  47.358, avg grad norm (post clip)   0.053, rho_Whh  1.13, Omega  0.00, alpha  0.000, steps in the past 0.000, valid nll 0.246
  [diag] log10|dL/dh_t| hist bins=60 range=(-5.26,-3.57) mean=-4.66 p50=-4.77 p05=-5.12 p95=-4.11
  [diag] sat-dist hist bins=60 sat<0.05=0.0% mean=0.599 p10=0.533 p90=0.675
Iter 0026100: train nll 0.282, valid error 100.000%, best valid error 100.000%, avg grad norm  43.204, avg grad norm (post clip)   0.053, rho_Whh  1.13, Omega  0.00, alpha  0.000, steps in the past 0.000, valid nll 0.223
  [diag] log10|dL/dh_t| hist bins=60 range=(-5.26,-3.57) mean=-4.45 p50=-4.36 p05=-5.11 p95=-4.08
  [diag] sat-dist hist bins=60 sat<0.05=0.0% mean=0.628 p10=0.538 p90=0.680
Iter 0026120: train nll 0.315, valid error 100.000%, best valid error 100.000%, avg grad norm  42.522, avg grad norm (post clip)   0.053, rho_Whh  1.13, Omega  0.00, alpha  0.000, steps in the past 0.000, valid nll 0.246
  [diag] log10|dL/dh_t| hist bins=60 range=(-5.26,-3.57) mean=-4.51 p50=-4.56 p05=-5.12 p95=-4.08
  [diag] sat-dist hist bins=60 sat<0.05=0.0% mean=0.619 p10=0.535 p90=0.680
Iter 0026140: train nll 0.278, valid error 100.000%, best valid error 100.000%, avg grad norm  42.696, avg grad norm (post clip)   0.053, rho_Whh  1.13, Omega  0.00, alpha  0.000, steps in the past 0.000, valid nll 0.234
  [diag] log10|dL/dh_t| hist bins=60 range=(-5.26,-3.57) mean=-4.39 p50=-4.13 p05=-5.10 p95=-4.06
  [diag] sat-dist hist bins=60 sat<0.05=0.0% mean=0.637 p10=0.541 p90=0.682
Iter 0026160: train nll 0.316, valid error 100.000%, best valid error 100.000%, avg grad norm  42.395, avg grad norm (post clip)   0.053, rho_Whh  1.13, Omega  0.00, alpha  0.000, steps in the past 0.000, valid nll 0.266
  [diag] log10|dL/dh_t| hist bins=60 range=(-5.26,-3.57) mean=-4.38 p50=-4.11 p05=-5.10 p95=-4.06
  [diag] sat-dist hist bins=60 sat<0.05=0.0% mean=0.638 p10=0.542 p90=0.682
Iter 0026180: train nll 0.322, valid error 100.000%, best valid error 100.000%, avg grad norm  40.696, avg grad norm (post clip)   0.053, rho_Whh  1.13, Omega  0.00, alpha  0.000, steps in the past 0.000, valid nll 0.268
  [diag] log10|dL/dh_t| hist bins=60 range=(-5.26,-3.57) mean=-4.50 p50=-4.53 p05=-5.11 p95=-4.08
  [diag] sat-dist hist bins=60 sat<0.05=0.0% mean=0.621 p10=0.536 p90=0.680
Iter 0026200: train nll 0.314, valid error 100.000%, best valid error 100.000%, avg grad norm  36.398, avg grad norm (post clip)   0.053, rho_Whh  1.13, Omega  0.00, alpha  0.000, steps in the past 0.000, valid nll 0.236
  [diag] log10|dL/dh_t| hist bins=60 range=(-5.26,-3.57) mean=-4.31 p50=-4.06 p05=-5.09 p95=-4.03
  [diag] sat-dist hist bins=60 sat<0.05=0.0% mean=0.647 p10=0.548 p90=0.684
Iter 0026220: train nll 0.346, valid error 100.000%, best valid error 100.000%, avg grad norm  38.134, avg grad norm (post clip)   0.053, rho_Whh  1.13, Omega  0.00, alpha  0.000, steps in the past 0.000, valid nll 0.297
  [diag] log10|dL/dh_t| hist bins=60 range=(-5.26,-3.57) mean=-4.51 p50=-4.55 p05=-5.11 p95=-4.08
  [diag] sat-dist hist bins=60 sat<0.05=0.0% mean=0.620 p10=0.536 p90=0.679
Iter 0026240: train nll 0.331, valid error 100.000%, best valid error 100.000%, avg grad norm  39.565, avg grad norm (post clip)   0.053, rho_Whh  1.13, Omega  0.00, alpha  0.000, steps in the past 0.000, valid nll 0.235
  [diag] log10|dL/dh_t| hist bins=60 range=(-5.27,-3.46) mean=-4.85 p50=-4.89 p05=-5.13 p95=-4.22
  [diag] sat-dist hist bins=60 sat<0.05=0.0% mean=0.565 p10=0.529 p90=0.586
Iter 0026260: train nll 0.297, valid error 100.000%, best valid error 100.000%, avg grad norm  37.390, avg grad norm (post clip)   0.053, rho_Whh  1.13, Omega  0.00, alpha  0.000, steps in the past 0.000, valid nll 0.250
  [diag] log10|dL/dh_t| hist bins=60 range=(-5.26,-3.57) mean=-4.55 p50=-4.65 p05=-5.12 p95=-4.09
  [diag] sat-dist hist bins=60 sat<0.05=0.0% mean=0.614 p10=0.534 p90=0.679
Iter 0026280: train nll 0.303, valid error 100.000%, best valid error 100.000%, avg grad norm  48.932, avg grad norm (post clip)   0.053, rho_Whh  1.13, Omega  0.00, alpha  0.000, steps in the past 0.000, valid nll 0.229
  [diag] log10|dL/dh_t| hist bins=60 range=(-5.26,-3.57) mean=-4.41 p50=-4.19 p05=-5.10 p95=-4.06
  [diag] sat-dist hist bins=60 sat<0.05=0.0% mean=0.634 p10=0.540 p90=0.682
Iter 0026300: train nll 0.322, valid error 100.000%, best valid error 100.000%, avg grad norm  49.754, avg grad norm (post clip)   0.053, rho_Whh  1.13, Omega  0.00, alpha  0.000, steps in the past 0.000, valid nll 0.259
  [diag] log10|dL/dh_t| hist bins=60 range=(-5.26,-3.57) mean=-4.32 p50=-4.06 p05=-5.09 p95=-4.04
  [diag] sat-dist hist bins=60 sat<0.05=0.0% mean=0.646 p10=0.546 p90=0.684
Iter 0026320: train nll 0.293, valid error 100.000%, best valid error 100.000%, avg grad norm  45.051, avg grad norm (post clip)   0.053, rho_Whh  1.13, Omega  0.00, alpha  0.000, steps in the past 0.000, valid nll 0.291
  [diag] log10|dL/dh_t| hist bins=60 range=(-5.26,-3.57) mean=-4.40 p50=-4.18 p05=-5.10 p95=-4.06
  [diag] sat-dist hist bins=60 sat<0.05=0.0% mean=0.635 p10=0.540 p90=0.682
Iter 0026340: train nll 0.305, valid error 100.000%, best valid error 100.000%, avg grad norm  37.614, avg grad norm (post clip)   0.053, rho_Whh  1.13, Omega  0.00, alpha  0.000, steps in the past 0.000, valid nll 0.261
  [diag] log10|dL/dh_t| hist bins=60 range=(-5.26,-3.57) mean=-4.40 p50=-4.17 p05=-5.10 p95=-4.06
  [diag] sat-dist hist bins=60 sat<0.05=0.0% mean=0.635 p10=0.540 p90=0.682
Iter 0026360: train nll 0.274, valid error 100.000%, best valid error 100.000%, avg grad norm  48.407, avg grad norm (post clip)   0.053, rho_Whh  1.13, Omega  0.00, alpha  0.000, steps in the past 0.000, valid nll 0.261
  [diag] log10|dL/dh_t| hist bins=60 range=(-5.26,-3.57) mean=-4.54 p50=-4.63 p05=-5.12 p95=-4.09
  [diag] sat-dist hist bins=60 sat<0.05=0.0% mean=0.616 p10=0.535 p90=0.679
Iter 0026380: train nll 0.275, valid error 100.000%, best valid error 100.000%, avg grad norm  47.518, avg grad norm (post clip)   0.053, rho_Whh  1.13, Omega  0.00, alpha  0.000, steps in the past 0.000, valid nll 0.230
  [diag] log10|dL/dh_t| hist bins=60 range=(-5.26,-3.57) mean=-4.53 p50=-4.60 p05=-5.12 p95=-4.09
  [diag] sat-dist hist bins=60 sat<0.05=0.0% mean=0.617 p10=0.535 p90=0.679
Iter 0026400: train nll 0.319, valid error 100.000%, best valid error 100.000%, avg grad norm  40.832, avg grad norm (post clip)   0.053, rho_Whh  1.13, Omega  0.00, alpha  0.000, steps in the past 0.000, valid nll 0.231
  [diag] log10|dL/dh_t| hist bins=60 range=(-5.26,-3.57) mean=-4.53 p50=-4.60 p05=-5.12 p95=-4.08
  [diag] sat-dist hist bins=60 sat<0.05=0.0% mean=0.618 p10=0.535 p90=0.679
Iter 0026420: train nll 0.279, valid error 100.000%, best valid error 100.000%, avg grad norm  44.601, avg grad norm (post clip)   0.053, rho_Whh  1.13, Omega  0.00, alpha  0.000, steps in the past 0.000, valid nll 0.232
  [diag] log10|dL/dh_t| hist bins=60 range=(-5.26,-3.57) mean=-4.41 p50=-4.22 p05=-5.11 p95=-4.06
  [diag] sat-dist hist bins=60 sat<0.05=0.0% mean=0.633 p10=0.539 p90=0.682
Iter 0026440: train nll 0.295, valid error 100.000%, best valid error 100.000%, avg grad norm  40.032, avg grad norm (post clip)   0.053, rho_Whh  1.13, Omega  0.00, alpha  0.000, steps in the past 0.000, valid nll 0.257
  [diag] log10|dL/dh_t| hist bins=60 range=(-5.26,-3.57) mean=-4.57 p50=-4.69 p05=-5.12 p95=-4.09
  [diag] sat-dist hist bins=60 sat<0.05=0.0% mean=0.611 p10=0.534 p90=0.679
Iter 0026460: train nll 0.287, valid error 100.000%, best valid error 100.000%, avg grad norm  43.128, avg grad norm (post clip)   0.053, rho_Whh  1.13, Omega  0.00, alpha  0.000, steps in the past 0.000, valid nll 0.226
  [diag] log10|dL/dh_t| hist bins=60 range=(-5.26,-3.57) mean=-4.57 p50=-4.69 p05=-5.12 p95=-4.09
  [diag] sat-dist hist bins=60 sat<0.05=0.0% mean=0.611 p10=0.534 p90=0.679
Iter 0026480: train nll 0.273, valid error 100.000%, best valid error 100.000%, avg grad norm  51.295, avg grad norm (post clip)   0.053, rho_Whh  1.13, Omega  0.00, alpha  0.000, steps in the past 0.000, valid nll 0.226
  [diag] log10|dL/dh_t| hist bins=60 range=(-5.26,-3.57) mean=-4.57 p50=-4.69 p05=-5.12 p95=-4.09
  [diag] sat-dist hist bins=60 sat<0.05=0.0% mean=0.611 p10=0.534 p90=0.679
Iter 0026500: train nll 0.269, valid error 100.000%, best valid error 100.000%, avg grad norm  47.461, avg grad norm (post clip)   0.053, rho_Whh  1.13, Omega  0.00, alpha  0.000, steps in the past 0.000, valid nll 0.226
  [diag] log10|dL/dh_t| hist bins=60 range=(-5.26,-3.57) mean=-4.57 p50=-4.69 p05=-5.12 p95=-4.09
  [diag] sat-dist hist bins=60 sat<0.05=0.0% mean=0.611 p10=0.534 p90=0.679
Iter 0026520: train nll 0.284, valid error 100.000%, best valid error 100.000%, avg grad norm  41.522, avg grad norm (post clip)   0.053, rho_Whh  1.13, Omega  0.00, alpha  0.000, steps in the past 0.000, valid nll 0.226
  [diag] log10|dL/dh_t| hist bins=60 range=(-5.26,-3.57) mean=-4.58 p50=-4.69 p05=-5.12 p95=-4.09
  [diag] sat-dist hist bins=60 sat<0.05=0.0% mean=0.611 p10=0.534 p90=0.679
Iter 0026540: train nll 0.298, valid error 100.000%, best valid error 100.000%, avg grad norm  44.114, avg grad norm (post clip)   0.053, rho_Whh  1.13, Omega  0.00, alpha  0.000, steps in the past 0.000, valid nll 0.226
  [diag] log10|dL/dh_t| hist bins=60 range=(-5.26,-3.57) mean=-4.52 p50=-4.59 p05=-5.12 p95=-4.08
  [diag] sat-dist hist bins=60 sat<0.05=0.0% mean=0.618 p10=0.535 p90=0.680
Iter 0026560: train nll 0.290, valid error 100.000%, best valid error 100.000%, avg grad norm  45.814, avg grad norm (post clip)   0.053, rho_Whh  1.13, Omega  0.00, alpha  0.000, steps in the past 0.000, valid nll 0.232
  [diag] log10|dL/dh_t| hist bins=60 range=(-5.26,-3.57) mean=-4.31 p50=-4.06 p05=-5.09 p95=-4.03
  [diag] sat-dist hist bins=60 sat<0.05=0.0% mean=0.647 p10=0.547 p90=0.685
Iter 0026580: train nll 0.299, valid error 100.000%, best valid error 100.000%, avg grad norm  45.239, avg grad norm (post clip)   0.053, rho_Whh  1.13, Omega  0.00, alpha  0.000, steps in the past 0.000, valid nll 0.296
  [diag] log10|dL/dh_t| hist bins=60 range=(-5.26,-3.57) mean=-4.52 p50=-4.58 p05=-5.12 p95=-4.08
  [diag] sat-dist hist bins=60 sat<0.05=0.0% mean=0.619 p10=0.535 p90=0.680
Iter 0026600: train nll 0.319, valid error 100.000%, best valid error 100.000%, avg grad norm  37.664, avg grad norm (post clip)   0.053, rho_Whh  1.13, Omega  0.00, alpha  0.000, steps in the past 0.000, valid nll 0.233
  [diag] log10|dL/dh_t| hist bins=60 range=(-5.26,-3.57) mean=-4.39 p50=-4.13 p05=-5.10 p95=-4.06
  [diag] sat-dist hist bins=60 sat<0.05=0.0% mean=0.637 p10=0.541 p90=0.682
Iter 0026620: train nll 0.285, valid error 100.000%, best valid error 100.000%, avg grad norm  46.991, avg grad norm (post clip)   0.053, rho_Whh  1.13, Omega  0.00, alpha  0.000, steps in the past 0.000, valid nll 0.265
  [diag] log10|dL/dh_t| hist bins=60 range=(-5.27,-3.57) mean=-4.54 p50=-4.64 p05=-5.12 p95=-4.09
  [diag] sat-dist hist bins=60 sat<0.05=0.0% mean=0.615 p10=0.534 p90=0.679
Iter 0026640: train nll 0.286, valid error 100.000%, best valid error 100.000%, avg grad norm  43.066, avg grad norm (post clip)   0.053, rho_Whh  1.13, Omega  0.00, alpha  0.000, steps in the past 0.000, valid nll 0.229
  [diag] log10|dL/dh_t| hist bins=60 range=(-5.27,-3.47) mean=-4.84 p50=-4.89 p05=-5.13 p95=-4.22
  [diag] sat-dist hist bins=60 sat<0.05=0.0% mean=0.567 p10=0.529 p90=0.591
Iter 0026660: train nll 0.299, valid error 100.000%, best valid error 100.000%, avg grad norm  43.232, avg grad norm (post clip)   0.053, rho_Whh  1.13, Omega  0.00, alpha  0.000, steps in the past 0.000, valid nll 0.248
  [diag] log10|dL/dh_t| hist bins=60 range=(-5.26,-3.57) mean=-4.43 p50=-4.28 p05=-5.11 p95=-4.07
  [diag] sat-dist hist bins=60 sat<0.05=0.0% mean=0.631 p10=0.538 p90=0.682
Iter 0026680: train nll 0.294, valid error 100.000%, best valid error 100.000%, avg grad norm  54.450, avg grad norm (post clip)   0.053, rho_Whh  1.13, Omega  0.00, alpha  0.000, steps in the past 0.000, valid nll 0.251
  [diag] log10|dL/dh_t| hist bins=60 range=(-5.26,-3.57) mean=-4.43 p50=-4.28 p05=-5.11 p95=-4.07
  [diag] sat-dist hist bins=60 sat<0.05=0.0% mean=0.631 p10=0.538 p90=0.682
Iter 0026700: train nll 0.293, valid error 100.000%, best valid error 100.000%, avg grad norm  47.912, avg grad norm (post clip)   0.053, rho_Whh  1.13, Omega  0.00, alpha  0.000, steps in the past 0.000, valid nll 0.251
  [diag] log10|dL/dh_t| hist bins=60 range=(-5.26,-3.57) mean=-4.34 p50=-4.07 p05=-5.10 p95=-4.04
  [diag] sat-dist hist bins=60 sat<0.05=0.0% mean=0.644 p10=0.545 p90=0.684
Iter 0026720: train nll 0.314, valid error 100.000%, best valid error 100.000%, avg grad norm  47.480, avg grad norm (post clip)   0.053, rho_Whh  1.13, Omega  0.00, alpha  0.000, steps in the past 0.000, valid nll 0.284
  [diag] log10|dL/dh_t| hist bins=60 range=(-5.26,-3.57) mean=-4.43 p50=-4.27 p05=-5.11 p95=-4.07
  [diag] sat-dist hist bins=60 sat<0.05=0.0% mean=0.631 p10=0.539 p90=0.682
Iter 0026740: train nll 0.274, valid error 100.000%, best valid error 100.000%, avg grad norm  51.424, avg grad norm (post clip)   0.053, rho_Whh  1.13, Omega  0.00, alpha  0.000, steps in the past 0.000, valid nll 0.252
  [diag] log10|dL/dh_t| hist bins=60 range=(-5.26,-3.57) mean=-4.43 p50=-4.27 p05=-5.11 p95=-4.07
  [diag] sat-dist hist bins=60 sat<0.05=0.0% mean=0.631 p10=0.539 p90=0.681
Iter 0026760: train nll 0.295, valid error 100.000%, best valid error 100.000%, avg grad norm  52.168, avg grad norm (post clip)   0.053, rho_Whh  1.13, Omega  0.00, alpha  0.000, steps in the past 0.000, valid nll 0.252
  [diag] log10|dL/dh_t| hist bins=60 range=(-5.26,-3.57) mean=-4.43 p50=-4.27 p05=-5.11 p95=-4.07
  [diag] sat-dist hist bins=60 sat<0.05=0.0% mean=0.631 p10=0.539 p90=0.681
Iter 0026780: train nll 0.282, valid error 100.000%, best valid error 100.000%, avg grad norm  49.355, avg grad norm (post clip)   0.053, rho_Whh  1.13, Omega  0.00, alpha  0.000, steps in the past 0.000, valid nll 0.251
  [diag] log10|dL/dh_t| hist bins=60 range=(-5.26,-3.57) mean=-4.34 p50=-4.07 p05=-5.09 p95=-4.05
  [diag] sat-dist hist bins=60 sat<0.05=0.0% mean=0.644 p10=0.545 p90=0.683
Iter 0026800: train nll 0.295, valid error 100.000%, best valid error 100.000%, avg grad norm  45.329, avg grad norm (post clip)   0.053, rho_Whh  1.13, Omega  0.00, alpha  0.000, steps in the past 0.000, valid nll 0.283
  [diag] log10|dL/dh_t| hist bins=60 range=(-5.27,-3.57) mean=-4.62 p50=-4.74 p05=-5.12 p95=-4.10
  [diag] sat-dist hist bins=60 sat<0.05=0.0% mean=0.605 p10=0.533 p90=0.678
Iter 0026820: train nll 0.314, valid error 100.000%, best valid error 100.000%, avg grad norm  37.438, avg grad norm (post clip)   0.053, rho_Whh  1.13, Omega  0.00, alpha  0.000, steps in the past 0.000, valid nll 0.223
  [diag] log10|dL/dh_t| hist bins=60 range=(-5.27,-3.57) mean=-4.62 p50=-4.74 p05=-5.12 p95=-4.10
  [diag] sat-dist hist bins=60 sat<0.05=0.0% mean=0.605 p10=0.533 p90=0.678
Iter 0026840: train nll 0.278, valid error 100.000%, best valid error 100.000%, avg grad norm  51.368, avg grad norm (post clip)   0.053, rho_Whh  1.13, Omega  0.00, alpha  0.000, steps in the past 0.000, valid nll 0.223
  [diag] log10|dL/dh_t| hist bins=60 range=(-5.26,-3.57) mean=-4.44 p50=-4.30 p05=-5.11 p95=-4.08
  [diag] sat-dist hist bins=60 sat<0.05=0.0% mean=0.630 p10=0.539 p90=0.681
Iter 0026860: train nll 0.316, valid error 100.000%, best valid error 100.000%, avg grad norm  41.651, avg grad norm (post clip)   0.053, rho_Whh  1.13, Omega  0.00, alpha  0.000, steps in the past 0.000, valid nll 0.250
  [diag] log10|dL/dh_t| hist bins=60 range=(-5.26,-3.57) mean=-4.43 p50=-4.28 p05=-5.11 p95=-4.07
  [diag] sat-dist hist bins=60 sat<0.05=0.0% mean=0.631 p10=0.539 p90=0.681
Iter 0026880: train nll 0.275, valid error 100.000%, best valid error 100.000%, avg grad norm  36.954, avg grad norm (post clip)   0.053, rho_Whh  1.13, Omega  0.00, alpha  0.000, steps in the past 0.000, valid nll 0.251
  [diag] log10|dL/dh_t| hist bins=60 range=(-5.26,-3.57) mean=-4.43 p50=-4.26 p05=-5.11 p95=-4.07
  [diag] sat-dist hist bins=60 sat<0.05=0.0% mean=0.631 p10=0.539 p90=0.681
Iter 0026900: train nll 0.306, valid error 100.000%, best valid error 100.000%, avg grad norm  44.713, avg grad norm (post clip)   0.053, rho_Whh  1.13, Omega  0.00, alpha  0.000, steps in the past 0.000, valid nll 0.252
  [diag] log10|dL/dh_t| hist bins=60 range=(-5.27,-3.57) mean=-4.62 p50=-4.74 p05=-5.12 p95=-4.10
  [diag] sat-dist hist bins=60 sat<0.05=0.0% mean=0.605 p10=0.533 p90=0.679
Iter 0026920: train nll 0.274, valid error 100.000%, best valid error 100.000%, avg grad norm  45.174, avg grad norm (post clip)   0.053, rho_Whh  1.13, Omega  0.00, alpha  0.000, steps in the past 0.000, valid nll 0.223
  [diag] log10|dL/dh_t| hist bins=60 range=(-5.26,-3.57) mean=-4.44 p50=-4.29 p05=-5.11 p95=-4.07
  [diag] sat-dist hist bins=60 sat<0.05=0.0% mean=0.630 p10=0.538 p90=0.681
Iter 0026940: train nll 0.312, valid error 100.000%, best valid error 100.000%, avg grad norm  45.373, avg grad norm (post clip)   0.053, rho_Whh  1.13, Omega  0.00, alpha  0.000, steps in the past 0.000, valid nll 0.250
  [diag] log10|dL/dh_t| hist bins=60 range=(-5.26,-3.57) mean=-4.44 p50=-4.29 p05=-5.11 p95=-4.07
  [diag] sat-dist hist bins=60 sat<0.05=0.0% mean=0.631 p10=0.539 p90=0.681
Iter 0026960: train nll 0.285, valid error 100.000%, best valid error 100.000%, avg grad norm  46.024, avg grad norm (post clip)   0.053, rho_Whh  1.13, Omega  0.00, alpha  0.000, steps in the past 0.000, valid nll 0.250
  [diag] log10|dL/dh_t| hist bins=60 range=(-5.27,-3.57) mean=-4.62 p50=-4.74 p05=-5.12 p95=-4.10
  [diag] sat-dist hist bins=60 sat<0.05=0.0% mean=0.605 p10=0.533 p90=0.678
Iter 0026980: train nll 0.273, valid error 100.000%, best valid error 100.000%, avg grad norm  49.465, avg grad norm (post clip)   0.053, rho_Whh  1.13, Omega  0.00, alpha  0.000, steps in the past 0.000, valid nll 0.223
  [diag] log10|dL/dh_t| hist bins=60 range=(-5.27,-3.57) mean=-4.61 p50=-4.73 p05=-5.12 p95=-4.10
  [diag] sat-dist hist bins=60 sat<0.05=0.0% mean=0.606 p10=0.533 p90=0.679
Iter 0027000: train nll 0.271, valid error 100.000%, best valid error 100.000%, avg grad norm  54.497, avg grad norm (post clip)   0.053, rho_Whh  1.13, Omega  0.00, alpha  0.000, steps in the past 0.000, valid nll 0.224
  [diag] log10|dL/dh_t| hist bins=60 range=(-5.26,-3.57) mean=-4.44 p50=-4.29 p05=-5.11 p95=-4.07
  [diag] sat-dist hist bins=60 sat<0.05=0.0% mean=0.631 p10=0.539 p90=0.681
Iter 0027020: train nll 0.273, valid error 100.000%, best valid error 100.000%, avg grad norm  52.996, avg grad norm (post clip)   0.053, rho_Whh  1.13, Omega  0.00, alpha  0.000, steps in the past 0.000, valid nll 0.250
  [diag] log10|dL/dh_t| hist bins=60 range=(-5.27,-3.57) mean=-4.61 p50=-4.73 p05=-5.12 p95=-4.10
  [diag] sat-dist hist bins=60 sat<0.05=0.0% mean=0.606 p10=0.533 p90=0.679
Iter 0027040: train nll 0.261, valid error 100.000%, best valid error 100.000%, avg grad norm  51.725, avg grad norm (post clip)   0.053, rho_Whh  1.13, Omega  0.00, alpha  0.000, steps in the past 0.000, valid nll 0.224
  [diag] log10|dL/dh_t| hist bins=60 range=(-5.26,-3.57) mean=-4.43 p50=-4.28 p05=-5.11 p95=-4.07
  [diag] sat-dist hist bins=60 sat<0.05=0.0% mean=0.631 p10=0.539 p90=0.681
Iter 0027060: train nll 0.290, valid error 100.000%, best valid error 100.000%, avg grad norm  52.398, avg grad norm (post clip)   0.053, rho_Whh  1.13, Omega  0.00, alpha  0.000, steps in the past 0.000, valid nll 0.251
  [diag] log10|dL/dh_t| hist bins=60 range=(-5.27,-3.57) mean=-4.61 p50=-4.73 p05=-5.12 p95=-4.10
  [diag] sat-dist hist bins=60 sat<0.05=0.0% mean=0.607 p10=0.533 p90=0.678
Iter 0027080: train nll 0.308, valid error 100.000%, best valid error 100.000%, avg grad norm  48.627, avg grad norm (post clip)   0.053, rho_Whh  1.13, Omega  0.00, alpha  0.000, steps in the past 0.000, valid nll 0.224
  [diag] log10|dL/dh_t| hist bins=60 range=(-5.26,-3.57) mean=-4.44 p50=-4.29 p05=-5.11 p95=-4.08
  [diag] sat-dist hist bins=60 sat<0.05=0.0% mean=0.631 p10=0.539 p90=0.681
Iter 0027100: train nll 0.313, valid error 100.000%, best valid error 100.000%, avg grad norm  43.992, avg grad norm (post clip)   0.053, rho_Whh  1.13, Omega  0.00, alpha  0.000, steps in the past 0.000, valid nll 0.250
  [diag] log10|dL/dh_t| hist bins=60 range=(-5.26,-3.57) mean=-4.43 p50=-4.27 p05=-5.11 p95=-4.07
  [diag] sat-dist hist bins=60 sat<0.05=0.0% mean=0.631 p10=0.539 p90=0.681
Iter 0027120: train nll 0.269, valid error 100.000%, best valid error 100.000%, avg grad norm  46.466, avg grad norm (post clip)   0.053, rho_Whh  1.13, Omega  0.00, alpha  0.000, steps in the past 0.000, valid nll 0.251
  [diag] log10|dL/dh_t| hist bins=60 range=(-5.26,-3.57) mean=-4.43 p50=-4.27 p05=-5.11 p95=-4.07
  [diag] sat-dist hist bins=60 sat<0.05=0.0% mean=0.631 p10=0.539 p90=0.681
Iter 0027140: train nll 0.294, valid error 100.000%, best valid error 100.000%, avg grad norm  42.993, avg grad norm (post clip)   0.053, rho_Whh  1.13, Omega  0.00, alpha  0.000, steps in the past 0.000, valid nll 0.251
  [diag] log10|dL/dh_t| hist bins=60 range=(-5.27,-3.57) mean=-4.60 p50=-4.72 p05=-5.12 p95=-4.10
  [diag] sat-dist hist bins=60 sat<0.05=0.0% mean=0.607 p10=0.534 p90=0.678
Iter 0027160: train nll 0.311, valid error 100.000%, best valid error 100.000%, avg grad norm  41.537, avg grad norm (post clip)   0.053, rho_Whh  1.13, Omega  0.00, alpha  0.000, steps in the past 0.000, valid nll 0.224
  [diag] log10|dL/dh_t| hist bins=60 range=(-5.27,-3.57) mean=-4.54 p50=-4.63 p05=-5.12 p95=-4.09
  [diag] sat-dist hist bins=60 sat<0.05=0.0% mean=0.616 p10=0.535 p90=0.680
Iter 0027180: train nll 0.306, valid error 100.000%, best valid error 100.000%, avg grad norm  40.464, avg grad norm (post clip)   0.053, rho_Whh  1.13, Omega  0.00, alpha  0.000, steps in the past 0.000, valid nll 0.229
  [diag] log10|dL/dh_t| hist bins=60 range=(-5.27,-3.57) mean=-4.54 p50=-4.63 p05=-5.12 p95=-4.09
  [diag] sat-dist hist bins=60 sat<0.05=0.0% mean=0.616 p10=0.535 p90=0.680
Iter 0027200: train nll 0.310, valid error 100.000%, best valid error 100.000%, avg grad norm  44.631, avg grad norm (post clip)   0.053, rho_Whh  1.13, Omega  0.00, alpha  0.000, steps in the past 0.000, valid nll 0.229
  [diag] log10|dL/dh_t| hist bins=60 range=(-5.26,-3.57) mean=-4.40 p50=-4.17 p05=-5.11 p95=-4.07
  [diag] sat-dist hist bins=60 sat<0.05=0.0% mean=0.635 p10=0.541 p90=0.682
Iter 0027220: train nll 0.309, valid error 100.000%, best valid error 100.000%, avg grad norm  44.116, avg grad norm (post clip)   0.053, rho_Whh  1.13, Omega  0.00, alpha  0.000, steps in the past 0.000, valid nll 0.260
  [diag] log10|dL/dh_t| hist bins=60 range=(-5.27,-3.57) mean=-4.54 p50=-4.63 p05=-5.12 p95=-4.09
  [diag] sat-dist hist bins=60 sat<0.05=0.0% mean=0.616 p10=0.535 p90=0.679
Iter 0027240: train nll 0.272, valid error 100.000%, best valid error 100.000%, avg grad norm  49.239, avg grad norm (post clip)   0.053, rho_Whh  1.13, Omega  0.00, alpha  0.000, steps in the past 0.000, valid nll 0.229
  [diag] log10|dL/dh_t| hist bins=60 range=(-5.26,-3.57) mean=-4.40 p50=-4.18 p05=-5.10 p95=-4.07
  [diag] sat-dist hist bins=60 sat<0.05=0.0% mean=0.636 p10=0.541 p90=0.682
Iter 0027260: train nll 0.301, valid error 100.000%, best valid error 100.000%, avg grad norm  49.719, avg grad norm (post clip)   0.053, rho_Whh  1.13, Omega  0.00, alpha  0.000, steps in the past 0.000, valid nll 0.260
  [diag] log10|dL/dh_t| hist bins=60 range=(-5.27,-3.57) mean=-4.56 p50=-4.66 p05=-5.12 p95=-4.10
  [diag] sat-dist hist bins=60 sat<0.05=0.0% mean=0.614 p10=0.535 p90=0.679
Iter 0027280: train nll 0.295, valid error 100.000%, best valid error 100.000%, avg grad norm  35.133, avg grad norm (post clip)   0.053, rho_Whh  1.13, Omega  0.00, alpha  0.000, steps in the past 0.000, valid nll 0.227
  [diag] log10|dL/dh_t| hist bins=60 range=(-5.27,-3.57) mean=-4.55 p50=-4.65 p05=-5.12 p95=-4.10
  [diag] sat-dist hist bins=60 sat<0.05=0.0% mean=0.614 p10=0.535 p90=0.679
Iter 0027300: train nll 0.288, valid error 100.000%, best valid error 100.000%, avg grad norm  47.878, avg grad norm (post clip)   0.053, rho_Whh  1.13, Omega  0.00, alpha  0.000, steps in the past 0.000, valid nll 0.228
  [diag] log10|dL/dh_t| hist bins=60 range=(-5.27,-3.57) mean=-4.55 p50=-4.64 p05=-5.12 p95=-4.10
  [diag] sat-dist hist bins=60 sat<0.05=0.0% mean=0.615 p10=0.535 p90=0.679
Iter 0027320: train nll 0.325, valid error 100.000%, best valid error 100.000%, avg grad norm  42.798, avg grad norm (post clip)   0.053, rho_Whh  1.13, Omega  0.00, alpha  0.000, steps in the past 0.000, valid nll 0.228
  [diag] log10|dL/dh_t| hist bins=60 range=(-5.26,-3.57) mean=-4.41 p50=-4.19 p05=-5.10 p95=-4.07
  [diag] sat-dist hist bins=60 sat<0.05=0.0% mean=0.635 p10=0.541 p90=0.682
Iter 0027340: train nll 0.309, valid error 100.000%, best valid error 100.000%, avg grad norm  42.349, avg grad norm (post clip)   0.053, rho_Whh  1.13, Omega  0.00, alpha  0.000, steps in the past 0.000, valid nll 0.258
  [diag] log10|dL/dh_t| hist bins=60 range=(-5.27,-3.57) mean=-4.54 p50=-4.63 p05=-5.12 p95=-4.10
  [diag] sat-dist hist bins=60 sat<0.05=0.0% mean=0.616 p10=0.535 p90=0.679
Iter 0027360: train nll 0.284, valid error 100.000%, best valid error 100.000%, avg grad norm  46.669, avg grad norm (post clip)   0.053, rho_Whh  1.13, Omega  0.00, alpha  0.000, steps in the past 0.000, valid nll 0.229
  [diag] log10|dL/dh_t| hist bins=60 range=(-5.27,-3.57) mean=-4.57 p50=-4.68 p05=-5.12 p95=-4.10
  [diag] sat-dist hist bins=60 sat<0.05=0.0% mean=0.612 p10=0.534 p90=0.679
Iter 0027380: train nll 0.283, valid error 100.000%, best valid error 100.000%, avg grad norm  46.210, avg grad norm (post clip)   0.053, rho_Whh  1.13, Omega  0.00, alpha  0.000, steps in the past 0.000, valid nll 0.226
  [diag] log10|dL/dh_t| hist bins=60 range=(-5.27,-3.57) mean=-4.45 p50=-4.35 p05=-5.11 p95=-4.07
  [diag] sat-dist hist bins=60 sat<0.05=0.0% mean=0.629 p10=0.538 p90=0.681
Iter 0027400: train nll 0.269, valid error 100.000%, best valid error 100.000%, avg grad norm  51.650, avg grad norm (post clip)   0.053, rho_Whh  1.13, Omega  0.00, alpha  0.000, steps in the past 0.000, valid nll 0.246
  [diag] log10|dL/dh_t| hist bins=60 range=(-5.27,-3.57) mean=-4.44 p50=-4.32 p05=-5.11 p95=-4.07
  [diag] sat-dist hist bins=60 sat<0.05=0.0% mean=0.630 p10=0.538 p90=0.682
Iter 0027420: train nll 0.297, valid error 100.000%, best valid error 100.000%, avg grad norm  42.109, avg grad norm (post clip)   0.053, rho_Whh  1.13, Omega  0.00, alpha  0.000, steps in the past 0.000, valid nll 0.248
  [diag] log10|dL/dh_t| hist bins=60 range=(-5.27,-3.57) mean=-4.44 p50=-4.32 p05=-5.11 p95=-4.07
  [diag] sat-dist hist bins=60 sat<0.05=0.0% mean=0.630 p10=0.538 p90=0.682
Iter 0027440: train nll 0.326, valid error 100.000%, best valid error 100.000%, avg grad norm  39.215, avg grad norm (post clip)   0.053, rho_Whh  1.13, Omega  0.00, alpha  0.000, steps in the past 0.000, valid nll 0.248
  [diag] log10|dL/dh_t| hist bins=60 range=(-5.27,-3.57) mean=-4.44 p50=-4.32 p05=-5.11 p95=-4.07
  [diag] sat-dist hist bins=60 sat<0.05=0.0% mean=0.630 p10=0.538 p90=0.681
Iter 0027460: train nll 0.309, valid error 100.000%, best valid error 100.000%, avg grad norm  48.875, avg grad norm (post clip)   0.053, rho_Whh  1.13, Omega  0.00, alpha  0.000, steps in the past 0.000, valid nll 0.248
  [diag] log10|dL/dh_t| hist bins=60 range=(-5.27,-3.57) mean=-4.69 p50=-4.80 p05=-5.13 p95=-4.12
  [diag] sat-dist hist bins=60 sat<0.05=0.0% mean=0.594 p10=0.532 p90=0.669
Iter 0027480: train nll 0.294, valid error 100.000%, best valid error 100.000%, avg grad norm  44.686, avg grad norm (post clip)   0.053, rho_Whh  1.13, Omega  0.00, alpha  0.000, steps in the past 0.000, valid nll 0.223
  [diag] log10|dL/dh_t| hist bins=60 range=(-5.27,-3.57) mean=-4.69 p50=-4.80 p05=-5.13 p95=-4.12
  [diag] sat-dist hist bins=60 sat<0.05=0.0% mean=0.594 p10=0.532 p90=0.669
Iter 0027500: train nll 0.290, valid error 100.000%, best valid error 100.000%, avg grad norm  47.367, avg grad norm (post clip)   0.053, rho_Whh  1.13, Omega  0.00, alpha  0.000, steps in the past 0.000, valid nll 0.223
  [diag] log10|dL/dh_t| hist bins=60 range=(-5.27,-3.57) mean=-4.69 p50=-4.80 p05=-5.13 p95=-4.12
  [diag] sat-dist hist bins=60 sat<0.05=0.0% mean=0.594 p10=0.532 p90=0.668
Iter 0027520: train nll 0.282, valid error 100.000%, best valid error 100.000%, avg grad norm  48.052, avg grad norm (post clip)   0.053, rho_Whh  1.13, Omega  0.00, alpha  0.000, steps in the past 0.000, valid nll 0.223
  [diag] log10|dL/dh_t| hist bins=60 range=(-5.27,-3.57) mean=-4.47 p50=-4.41 p05=-5.11 p95=-4.08
  [diag] sat-dist hist bins=60 sat<0.05=0.0% mean=0.627 p10=0.537 p90=0.681
Iter 0027540: train nll 0.286, valid error 100.000%, best valid error 100.000%, avg grad norm  46.586, avg grad norm (post clip)   0.053, rho_Whh  1.13, Omega  0.00, alpha  0.000, steps in the past 0.000, valid nll 0.242
  [diag] log10|dL/dh_t| hist bins=60 range=(-5.27,-3.57) mean=-4.70 p50=-4.80 p05=-5.13 p95=-4.12
  [diag] sat-dist hist bins=60 sat<0.05=0.0% mean=0.594 p10=0.532 p90=0.668
Iter 0027560: train nll 0.269, valid error 100.000%, best valid error 100.000%, avg grad norm  51.895, avg grad norm (post clip)   0.053, rho_Whh  1.13, Omega  0.00, alpha  0.000, steps in the past 0.000, valid nll 0.223
  [diag] log10|dL/dh_t| hist bins=60 range=(-5.27,-3.57) mean=-4.44 p50=-4.29 p05=-5.11 p95=-4.07
  [diag] sat-dist hist bins=60 sat<0.05=0.0% mean=0.631 p10=0.538 p90=0.682
Iter 0027580: train nll 0.256, valid error 100.000%, best valid error 100.000%, avg grad norm  50.660, avg grad norm (post clip)   0.053, rho_Whh  1.13, Omega  0.00, alpha  0.000, steps in the past 0.000, valid nll 0.249
  [diag] log10|dL/dh_t| hist bins=60 range=(-5.26,-3.57) mean=-4.34 p50=-4.07 p05=-5.10 p95=-4.04
  [diag] sat-dist hist bins=60 sat<0.05=0.0% mean=0.644 p10=0.544 p90=0.684
Iter 0027600: train nll 0.313, valid error 100.000%, best valid error 100.000%, avg grad norm  42.696, avg grad norm (post clip)   0.053, rho_Whh  1.13, Omega  0.00, alpha  0.000, steps in the past 0.000, valid nll 0.282
  [diag] log10|dL/dh_t| hist bins=60 range=(-5.27,-3.57) mean=-4.60 p50=-4.72 p05=-5.13 p95=-4.09
  [diag] sat-dist hist bins=60 sat<0.05=0.0% mean=0.607 p10=0.533 p90=0.680
Iter 0027620: train nll 0.293, valid error 100.000%, best valid error 100.000%, avg grad norm  38.003, avg grad norm (post clip)   0.053, rho_Whh  1.13, Omega  0.00, alpha  0.000, steps in the past 0.000, valid nll 0.224
  [diag] log10|dL/dh_t| hist bins=60 range=(-5.27,-3.57) mean=-4.60 p50=-4.72 p05=-5.13 p95=-4.10
  [diag] sat-dist hist bins=60 sat<0.05=0.0% mean=0.608 p10=0.533 p90=0.679
Iter 0027640: train nll 0.286, valid error 100.000%, best valid error 100.000%, avg grad norm  54.386, avg grad norm (post clip)   0.053, rho_Whh  1.13, Omega  0.00, alpha  0.000, steps in the past 0.000, valid nll 0.224
  [diag] log10|dL/dh_t| hist bins=60 range=(-5.27,-3.57) mean=-4.48 p50=-4.48 p05=-5.12 p95=-4.08
  [diag] sat-dist hist bins=60 sat<0.05=0.0% mean=0.624 p10=0.536 p90=0.681
Iter 0027660: train nll 0.294, valid error 100.000%, best valid error 100.000%, avg grad norm  50.275, avg grad norm (post clip)   0.053, rho_Whh  1.13, Omega  0.00, alpha  0.000, steps in the past 0.000, valid nll 0.239
  [diag] log10|dL/dh_t| hist bins=60 range=(-5.27,-3.57) mean=-4.48 p50=-4.48 p05=-5.12 p95=-4.08
  [diag] sat-dist hist bins=60 sat<0.05=0.0% mean=0.624 p10=0.536 p90=0.681
Iter 0027680: train nll 0.268, valid error 100.000%, best valid error 100.000%, avg grad norm  52.264, avg grad norm (post clip)   0.053, rho_Whh  1.13, Omega  0.00, alpha  0.000, steps in the past 0.000, valid nll 0.239
  [diag] log10|dL/dh_t| hist bins=60 range=(-5.27,-3.57) mean=-4.37 p50=-4.09 p05=-5.10 p95=-4.05
  [diag] sat-dist hist bins=60 sat<0.05=0.0% mean=0.640 p10=0.542 p90=0.684
Iter 0027700: train nll 0.302, valid error 100.000%, best valid error 100.000%, avg grad norm  44.056, avg grad norm (post clip)   0.053, rho_Whh  1.13, Omega  0.00, alpha  0.000, steps in the past 0.000, valid nll 0.271
  [diag] log10|dL/dh_t| hist bins=60 range=(-5.27,-3.57) mean=-4.37 p50=-4.09 p05=-5.10 p95=-4.05
  [diag] sat-dist hist bins=60 sat<0.05=0.0% mean=0.640 p10=0.542 p90=0.684
Iter 0027720: train nll 0.260, valid error 100.000%, best valid error 100.000%, avg grad norm  42.753, avg grad norm (post clip)   0.053, rho_Whh  1.13, Omega  0.00, alpha  0.000, steps in the past 0.000, valid nll 0.271
  [diag] log10|dL/dh_t| hist bins=60 range=(-5.27,-3.57) mean=-4.47 p50=-4.41 p05=-5.12 p95=-4.07
  [diag] sat-dist hist bins=60 sat<0.05=0.0% mean=0.627 p10=0.537 p90=0.682
Iter 0027740: train nll 0.316, valid error 100.000%, best valid error 100.000%, avg grad norm  40.697, avg grad norm (post clip)   0.053, rho_Whh  1.13, Omega  0.00, alpha  0.000, steps in the past 0.000, valid nll 0.242
  [diag] log10|dL/dh_t| hist bins=60 range=(-5.27,-3.57) mean=-4.47 p50=-4.41 p05=-5.12 p95=-4.07
  [diag] sat-dist hist bins=60 sat<0.05=0.0% mean=0.627 p10=0.537 p90=0.682
Iter 0027760: train nll 0.284, valid error 100.000%, best valid error 100.000%, avg grad norm  43.295, avg grad norm (post clip)   0.053, rho_Whh  1.13, Omega  0.00, alpha  0.000, steps in the past 0.000, valid nll 0.242
  [diag] log10|dL/dh_t| hist bins=60 range=(-5.27,-3.57) mean=-4.70 p50=-4.80 p05=-5.13 p95=-4.12
  [diag] sat-dist hist bins=60 sat<0.05=0.0% mean=0.594 p10=0.531 p90=0.669
Iter 0027780: train nll 0.302, valid error 100.000%, best valid error 100.000%, avg grad norm  48.335, avg grad norm (post clip)   0.053, rho_Whh  1.13, Omega  0.00, alpha  0.000, steps in the past 0.000, valid nll 0.223
  [diag] log10|dL/dh_t| hist bins=60 range=(-5.27,-3.57) mean=-4.46 p50=-4.39 p05=-5.12 p95=-4.07
  [diag] sat-dist hist bins=60 sat<0.05=0.0% mean=0.627 p10=0.537 p90=0.682
Iter 0027800: train nll 0.306, valid error 100.000%, best valid error 100.000%, avg grad norm  39.862, avg grad norm (post clip)   0.053, rho_Whh  1.13, Omega  0.00, alpha  0.000, steps in the past 0.000, valid nll 0.244
  [diag] log10|dL/dh_t| hist bins=60 range=(-5.27,-3.57) mean=-4.69 p50=-4.80 p05=-5.13 p95=-4.10
  [diag] sat-dist hist bins=60 sat<0.05=0.0% mean=0.595 p10=0.531 p90=0.672
Iter 0027820: train nll 0.270, valid error 100.000%, best valid error 100.000%, avg grad norm  40.686, avg grad norm (post clip)   0.053, rho_Whh  1.13, Omega  0.00, alpha  0.000, steps in the past 0.000, valid nll 0.222
  [diag] log10|dL/dh_t| hist bins=60 range=(-5.27,-3.57) mean=-4.46 p50=-4.40 p05=-5.12 p95=-4.07
  [diag] sat-dist hist bins=60 sat<0.05=0.0% mean=0.627 p10=0.537 p90=0.682
Iter 0027840: train nll 0.289, valid error 100.000%, best valid error 100.000%, avg grad norm  40.794, avg grad norm (post clip)   0.053, rho_Whh  1.13, Omega  0.00, alpha  0.000, steps in the past 0.000, valid nll 0.243
  [diag] log10|dL/dh_t| hist bins=60 range=(-5.27,-3.57) mean=-4.36 p50=-4.07 p05=-5.10 p95=-4.05
  [diag] sat-dist hist bins=60 sat<0.05=0.0% mean=0.642 p10=0.543 p90=0.685
Iter 0027860: train nll 0.272, valid error 100.000%, best valid error 100.000%, avg grad norm  52.663, avg grad norm (post clip)   0.053, rho_Whh  1.13, Omega  0.00, alpha  0.000, steps in the past 0.000, valid nll 0.277
  [diag] log10|dL/dh_t| hist bins=60 range=(-5.27,-3.57) mean=-4.36 p50=-4.07 p05=-5.10 p95=-4.05
  [diag] sat-dist hist bins=60 sat<0.05=0.0% mean=0.642 p10=0.543 p90=0.684
Iter 0027880: train nll 0.284, valid error 100.000%, best valid error 100.000%, avg grad norm  47.552, avg grad norm (post clip)   0.053, rho_Whh  1.13, Omega  0.00, alpha  0.000, steps in the past 0.000, valid nll 0.277
  [diag] log10|dL/dh_t| hist bins=60 range=(-5.27,-3.57) mean=-4.46 p50=-4.39 p05=-5.12 p95=-4.07
  [diag] sat-dist hist bins=60 sat<0.05=0.0% mean=0.627 p10=0.537 p90=0.682
Iter 0027900: train nll 0.304, valid error 100.000%, best valid error 100.000%, avg grad norm  43.825, avg grad norm (post clip)   0.053, rho_Whh  1.13, Omega  0.00, alpha  0.000, steps in the past 0.000, valid nll 0.243
  [diag] log10|dL/dh_t| hist bins=60 range=(-5.27,-3.57) mean=-4.36 p50=-4.07 p05=-5.10 p95=-4.05
  [diag] sat-dist hist bins=60 sat<0.05=0.0% mean=0.642 p10=0.543 p90=0.684
Iter 0027920: train nll 0.310, valid error 100.000%, best valid error 100.000%, avg grad norm  39.356, avg grad norm (post clip)   0.053, rho_Whh  1.13, Omega  0.00, alpha  0.000, steps in the past 0.000, valid nll 0.276
  [diag] log10|dL/dh_t| hist bins=60 range=(-5.27,-3.57) mean=-4.44 p50=-4.28 p05=-5.12 p95=-4.06
  [diag] sat-dist hist bins=60 sat<0.05=0.0% mean=0.631 p10=0.538 p90=0.683
Iter 0027940: train nll 0.268, valid error 100.000%, best valid error 100.000%, avg grad norm  44.788, avg grad norm (post clip)   0.053, rho_Whh  1.13, Omega  0.00, alpha  0.000, steps in the past 0.000, valid nll 0.250
  [diag] log10|dL/dh_t| hist bins=60 range=(-5.27,-3.57) mean=-4.44 p50=-4.28 p05=-5.11 p95=-4.07
  [diag] sat-dist hist bins=60 sat<0.05=0.0% mean=0.631 p10=0.538 p90=0.683
Iter 0027960: train nll 0.284, valid error 100.000%, best valid error 100.000%, avg grad norm  49.041, avg grad norm (post clip)   0.053, rho_Whh  1.13, Omega  0.00, alpha  0.000, steps in the past 0.000, valid nll 0.250
  [diag] log10|dL/dh_t| hist bins=60 range=(-5.27,-3.57) mean=-4.44 p50=-4.29 p05=-5.11 p95=-4.07
  [diag] sat-dist hist bins=60 sat<0.05=0.0% mean=0.631 p10=0.538 p90=0.682
Iter 0027980: train nll 0.314, valid error 100.000%, best valid error 100.000%, avg grad norm  47.422, avg grad norm (post clip)   0.053, rho_Whh  1.13, Omega  0.00, alpha  0.000, steps in the past 0.000, valid nll 0.250
  [diag] log10|dL/dh_t| hist bins=60 range=(-5.27,-3.57) mean=-4.45 p50=-4.36 p05=-5.12 p95=-4.07
  [diag] sat-dist hist bins=60 sat<0.05=0.0% mean=0.629 p10=0.537 p90=0.682
Iter 0028000: train nll 0.282, valid error 100.000%, best valid error 100.000%, avg grad norm  47.611, avg grad norm (post clip)   0.053, rho_Whh  1.13, Omega  0.00, alpha  0.000, steps in the past 0.000, valid nll 0.245
  [diag] log10|dL/dh_t| hist bins=60 range=(-5.27,-3.57) mean=-4.66 p50=-4.78 p05=-5.13 p95=-4.10
  [diag] sat-dist hist bins=60 sat<0.05=0.0% mean=0.599 p10=0.532 p90=0.678
Iter 0028020: train nll 0.280, valid error 100.000%, best valid error 100.000%, avg grad norm  39.153, avg grad norm (post clip)   0.053, rho_Whh  1.13, Omega  0.00, alpha  0.000, steps in the past 0.000, valid nll 0.222
  [diag] log10|dL/dh_t| hist bins=60 range=(-5.27,-3.57) mean=-4.45 p50=-4.36 p05=-5.12 p95=-4.07
  [diag] sat-dist hist bins=60 sat<0.05=0.0% mean=0.629 p10=0.537 p90=0.682
Iter 0028040: train nll 0.266, valid error 100.000%, best valid error 100.000%, avg grad norm  50.393, avg grad norm (post clip)   0.053, rho_Whh  1.13, Omega  0.00, alpha  0.000, steps in the past 0.000, valid nll 0.246
  [diag] log10|dL/dh_t| hist bins=60 range=(-5.27,-3.57) mean=-4.66 p50=-4.78 p05=-5.13 p95=-4.09
  [diag] sat-dist hist bins=60 sat<0.05=0.0% mean=0.599 p10=0.531 p90=0.678
Iter 0028060: train nll 0.265, valid error 100.000%, best valid error 100.000%, avg grad norm  46.944, avg grad norm (post clip)   0.053, rho_Whh  1.13, Omega  0.00, alpha  0.000, steps in the past 0.000, valid nll 0.222
  [diag] log10|dL/dh_t| hist bins=60 range=(-5.27,-3.57) mean=-4.45 p50=-4.34 p05=-5.12 p95=-4.07
  [diag] sat-dist hist bins=60 sat<0.05=0.0% mean=0.629 p10=0.537 p90=0.683
Iter 0028080: train nll 0.329, valid error 100.000%, best valid error 100.000%, avg grad norm  43.563, avg grad norm (post clip)   0.053, rho_Whh  1.13, Omega  0.00, alpha  0.000, steps in the past 0.000, valid nll 0.246
  [diag] log10|dL/dh_t| hist bins=60 range=(-5.27,-3.57) mean=-4.35 p50=-4.07 p05=-5.10 p95=-4.04
  [diag] sat-dist hist bins=60 sat<0.05=0.0% mean=0.643 p10=0.543 p90=0.685
Iter 0028100: train nll 0.284, valid error 100.000%, best valid error 100.000%, avg grad norm  50.038, avg grad norm (post clip)   0.053, rho_Whh  1.13, Omega  0.00, alpha  0.000, steps in the past 0.000, valid nll 0.280
  [diag] log10|dL/dh_t| hist bins=60 range=(-5.27,-3.57) mean=-4.65 p50=-4.77 p05=-5.13 p95=-4.10
  [diag] sat-dist hist bins=60 sat<0.05=0.0% mean=0.601 p10=0.532 p90=0.679
Iter 0028120: train nll 0.279, valid error 100.000%, best valid error 100.000%, avg grad norm  47.205, avg grad norm (post clip)   0.053, rho_Whh  1.13, Omega  0.00, alpha  0.000, steps in the past 0.000, valid nll 0.222
  [diag] log10|dL/dh_t| hist bins=60 range=(-5.27,-3.57) mean=-4.45 p50=-4.34 p05=-5.12 p95=-4.07
  [diag] sat-dist hist bins=60 sat<0.05=0.0% mean=0.629 p10=0.538 p90=0.682
Iter 0028140: train nll 0.276, valid error 100.000%, best valid error 100.000%, avg grad norm  55.424, avg grad norm (post clip)   0.053, rho_Whh  1.13, Omega  0.00, alpha  0.000, steps in the past 0.000, valid nll 0.246
  [diag] log10|dL/dh_t| hist bins=60 range=(-5.27,-3.57) mean=-4.45 p50=-4.34 p05=-5.12 p95=-4.07
  [diag] sat-dist hist bins=60 sat<0.05=0.0% mean=0.630 p10=0.538 p90=0.682
Iter 0028160: train nll 0.296, valid error 100.000%, best valid error 100.000%, avg grad norm  38.828, avg grad norm (post clip)   0.053, rho_Whh  1.13, Omega  0.00, alpha  0.000, steps in the past 0.000, valid nll 0.246
  [diag] log10|dL/dh_t| hist bins=60 range=(-5.27,-3.57) mean=-4.59 p50=-4.72 p05=-5.13 p95=-4.09
  [diag] sat-dist hist bins=60 sat<0.05=0.0% mean=0.609 p10=0.533 p90=0.681
Iter 0028180: train nll 0.292, valid error 100.000%, best valid error 100.000%, avg grad norm  44.474, avg grad norm (post clip)   0.053, rho_Whh  1.13, Omega  0.00, alpha  0.000, steps in the past 0.000, valid nll 0.224
  [diag] log10|dL/dh_t| hist bins=60 range=(-5.27,-3.57) mean=-4.42 p50=-4.22 p05=-5.12 p95=-4.06
  [diag] sat-dist hist bins=60 sat<0.05=0.0% mean=0.634 p10=0.539 p90=0.684
Iter 0028200: train nll 0.335, valid error 100.000%, best valid error 100.000%, avg grad norm  43.617, avg grad norm (post clip)   0.053, rho_Whh  1.13, Omega  0.00, alpha  0.000, steps in the past 0.000, valid nll 0.256
  [diag] log10|dL/dh_t| hist bins=60 range=(-5.27,-3.57) mean=-4.58 p50=-4.70 p05=-5.13 p95=-4.08
  [diag] sat-dist hist bins=60 sat<0.05=0.0% mean=0.611 p10=0.533 p90=0.681
Iter 0028220: train nll 0.274, valid error 100.000%, best valid error 100.000%, avg grad norm  47.588, avg grad norm (post clip)   0.053, rho_Whh  1.13, Omega  0.00, alpha  0.000, steps in the past 0.000, valid nll 0.225
  [diag] log10|dL/dh_t| hist bins=60 range=(-5.27,-3.57) mean=-4.43 p50=-4.25 p05=-5.12 p95=-4.06
  [diag] sat-dist hist bins=60 sat<0.05=0.0% mean=0.633 p10=0.538 p90=0.684
Iter 0028240: train nll 0.272, valid error 100.000%, best valid error 100.000%, avg grad norm  51.964, avg grad norm (post clip)   0.053, rho_Whh  1.13, Omega  0.00, alpha  0.000, steps in the past 0.000, valid nll 0.253
  [diag] log10|dL/dh_t| hist bins=60 range=(-5.27,-3.57) mean=-4.60 p50=-4.73 p05=-5.13 p95=-4.09
  [diag] sat-dist hist bins=60 sat<0.05=0.0% mean=0.608 p10=0.532 p90=0.681
Iter 0028260: train nll 0.315, valid error 100.000%, best valid error 100.000%, avg grad norm  42.671, avg grad norm (post clip)   0.053, rho_Whh  1.13, Omega  0.00, alpha  0.000, steps in the past 0.000, valid nll 0.223
  [diag] log10|dL/dh_t| hist bins=60 range=(-5.27,-3.57) mean=-4.43 p50=-4.25 p05=-5.12 p95=-4.06
  [diag] sat-dist hist bins=60 sat<0.05=0.0% mean=0.632 p10=0.538 p90=0.683
Iter 0028280: train nll 0.263, valid error 100.000%, best valid error 100.000%, avg grad norm  57.837, avg grad norm (post clip)   0.053, rho_Whh  1.13, Omega  0.00, alpha  0.000, steps in the past 0.000, valid nll 0.252
  [diag] log10|dL/dh_t| hist bins=60 range=(-5.27,-3.57) mean=-4.60 p50=-4.72 p05=-5.13 p95=-4.09
  [diag] sat-dist hist bins=60 sat<0.05=0.0% mean=0.608 p10=0.533 p90=0.681
Iter 0028300: train nll 0.310, valid error 100.000%, best valid error 100.000%, avg grad norm  39.197, avg grad norm (post clip)   0.053, rho_Whh  1.13, Omega  0.00, alpha  0.000, steps in the past 0.000, valid nll 0.224
  [diag] log10|dL/dh_t| hist bins=60 range=(-5.27,-3.57) mean=-4.60 p50=-4.72 p05=-5.13 p95=-4.09
  [diag] sat-dist hist bins=60 sat<0.05=0.0% mean=0.608 p10=0.533 p90=0.681
Iter 0028320: train nll 0.273, valid error 100.000%, best valid error 100.000%, avg grad norm  53.171, avg grad norm (post clip)   0.053, rho_Whh  1.13, Omega  0.00, alpha  0.000, steps in the past 0.000, valid nll 0.224
  [diag] log10|dL/dh_t| hist bins=60 range=(-5.27,-3.57) mean=-4.60 p50=-4.72 p05=-5.13 p95=-4.09
  [diag] sat-dist hist bins=60 sat<0.05=0.0% mean=0.608 p10=0.533 p90=0.680
Iter 0028340: train nll 0.290, valid error 100.000%, best valid error 100.000%, avg grad norm  56.367, avg grad norm (post clip)   0.053, rho_Whh  1.13, Omega  0.00, alpha  0.000, steps in the past 0.000, valid nll 0.224
  [diag] log10|dL/dh_t| hist bins=60 range=(-5.27,-3.57) mean=-4.33 p50=-4.06 p05=-5.10 p95=-4.04
  [diag] sat-dist hist bins=60 sat<0.05=0.0% mean=0.645 p10=0.545 p90=0.686
Iter 0028360: train nll 0.283, valid error 100.000%, best valid error 100.000%, avg grad norm  43.727, avg grad norm (post clip)   0.053, rho_Whh  1.13, Omega  0.00, alpha  0.000, steps in the past 0.000, valid nll 0.286
  [diag] log10|dL/dh_t| hist bins=60 range=(-5.27,-3.57) mean=-4.59 p50=-4.71 p05=-5.13 p95=-4.09
  [diag] sat-dist hist bins=60 sat<0.05=0.0% mean=0.610 p10=0.533 p90=0.681
Iter 0028380: train nll 0.291, valid error 100.000%, best valid error 100.000%, avg grad norm  44.068, avg grad norm (post clip)   0.053, rho_Whh  1.13, Omega  0.00, alpha  0.000, steps in the past 0.000, valid nll 0.224
  [diag] log10|dL/dh_t| hist bins=60 range=(-5.27,-3.57) mean=-4.42 p50=-4.24 p05=-5.12 p95=-4.06
  [diag] sat-dist hist bins=60 sat<0.05=0.0% mean=0.633 p10=0.539 p90=0.683
Iter 0028400: train nll 0.278, valid error 100.000%, best valid error 100.000%, avg grad norm  52.389, avg grad norm (post clip)   0.053, rho_Whh  1.13, Omega  0.00, alpha  0.000, steps in the past 0.000, valid nll 0.253
  [diag] log10|dL/dh_t| hist bins=60 range=(-5.27,-3.57) mean=-4.59 p50=-4.71 p05=-5.13 p95=-4.09
  [diag] sat-dist hist bins=60 sat<0.05=0.0% mean=0.609 p10=0.533 p90=0.681
Iter 0028420: train nll 0.292, valid error 100.000%, best valid error 100.000%, avg grad norm  49.157, avg grad norm (post clip)   0.053, rho_Whh  1.13, Omega  0.00, alpha  0.000, steps in the past 0.000, valid nll 0.224
  [diag] log10|dL/dh_t| hist bins=60 range=(-5.27,-3.57) mean=-4.60 p50=-4.73 p05=-5.13 p95=-4.09
  [diag] sat-dist hist bins=60 sat<0.05=0.0% mean=0.608 p10=0.533 p90=0.681
Iter 0028440: train nll 0.272, valid error 100.000%, best valid error 100.000%, avg grad norm  42.324, avg grad norm (post clip)   0.053, rho_Whh  1.13, Omega  0.00, alpha  0.000, steps in the past 0.000, valid nll 0.223
  [diag] log10|dL/dh_t| hist bins=60 range=(-5.27,-3.57) mean=-4.60 p50=-4.73 p05=-5.13 p95=-4.09
  [diag] sat-dist hist bins=60 sat<0.05=0.0% mean=0.608 p10=0.533 p90=0.681
Iter 0028460: train nll 0.309, valid error 100.000%, best valid error 100.000%, avg grad norm  47.149, avg grad norm (post clip)   0.053, rho_Whh  1.13, Omega  0.00, alpha  0.000, steps in the past 0.000, valid nll 0.223
  [diag] log10|dL/dh_t| hist bins=60 range=(-5.27,-3.57) mean=-4.59 p50=-4.72 p05=-5.13 p95=-4.09
  [diag] sat-dist hist bins=60 sat<0.05=0.0% mean=0.609 p10=0.533 p90=0.681
Iter 0028480: train nll 0.276, valid error 100.000%, best valid error 100.000%, avg grad norm  48.897, avg grad norm (post clip)   0.053, rho_Whh  1.13, Omega  0.00, alpha  0.000, steps in the past 0.000, valid nll 0.224
  [diag] log10|dL/dh_t| hist bins=60 range=(-5.27,-3.57) mean=-4.59 p50=-4.72 p05=-5.13 p95=-4.09
  [diag] sat-dist hist bins=60 sat<0.05=0.0% mean=0.609 p10=0.533 p90=0.681
Iter 0028500: train nll 0.263, valid error 100.000%, best valid error 100.000%, avg grad norm  51.384, avg grad norm (post clip)   0.053, rho_Whh  1.13, Omega  0.00, alpha  0.000, steps in the past 0.000, valid nll 0.224
  [diag] log10|dL/dh_t| hist bins=60 range=(-5.28,-3.57) mean=-4.59 p50=-4.71 p05=-5.13 p95=-4.09
  [diag] sat-dist hist bins=60 sat<0.05=0.0% mean=0.610 p10=0.533 p90=0.681
Iter 0028520: train nll 0.262, valid error 100.000%, best valid error 100.000%, avg grad norm  47.104, avg grad norm (post clip)   0.053, rho_Whh  1.13, Omega  0.00, alpha  0.000, steps in the past 0.000, valid nll 0.224
  [diag] log10|dL/dh_t| hist bins=60 range=(-5.28,-3.57) mean=-4.62 p50=-4.74 p05=-5.13 p95=-4.09
  [diag] sat-dist hist bins=60 sat<0.05=0.0% mean=0.606 p10=0.532 p90=0.681
Iter 0028540: train nll 0.308, valid error 100.000%, best valid error 100.000%, avg grad norm  41.498, avg grad norm (post clip)   0.053, rho_Whh  1.13, Omega  0.00, alpha  0.000, steps in the past 0.000, valid nll 0.223
  [diag] log10|dL/dh_t| hist bins=60 range=(-5.28,-3.57) mean=-4.61 p50=-4.74 p05=-5.13 p95=-4.09
  [diag] sat-dist hist bins=60 sat<0.05=0.0% mean=0.606 p10=0.532 p90=0.681
Iter 0028560: train nll 0.273, valid error 100.000%, best valid error 100.000%, avg grad norm  53.099, avg grad norm (post clip)   0.053, rho_Whh  1.13, Omega  0.00, alpha  0.000, steps in the past 0.000, valid nll 0.223
  [diag] log10|dL/dh_t| hist bins=60 range=(-5.28,-3.57) mean=-4.61 p50=-4.74 p05=-5.13 p95=-4.09
  [diag] sat-dist hist bins=60 sat<0.05=0.0% mean=0.606 p10=0.532 p90=0.681
Iter 0028580: train nll 0.253, valid error 100.000%, best valid error 100.000%, avg grad norm  58.173, avg grad norm (post clip)   0.053, rho_Whh  1.13, Omega  0.00, alpha  0.000, steps in the past 0.000, valid nll 0.223
  [diag] log10|dL/dh_t| hist bins=60 range=(-5.27,-3.57) mean=-4.43 p50=-4.28 p05=-5.12 p95=-4.07
  [diag] sat-dist hist bins=60 sat<0.05=0.0% mean=0.632 p10=0.538 p90=0.683
Iter 0028600: train nll 0.333, valid error 100.000%, best valid error 100.000%, avg grad norm  42.102, avg grad norm (post clip)   0.053, rho_Whh  1.13, Omega  0.00, alpha  0.000, steps in the past 0.000, valid nll 0.250
  [diag] log10|dL/dh_t| hist bins=60 range=(-5.28,-3.57) mean=-4.61 p50=-4.74 p05=-5.13 p95=-4.10
  [diag] sat-dist hist bins=60 sat<0.05=0.0% mean=0.606 p10=0.533 p90=0.680
Iter 0028620: train nll 0.301, valid error 100.000%, best valid error 100.000%, avg grad norm  49.655, avg grad norm (post clip)   0.053, rho_Whh  1.13, Omega  0.00, alpha  0.000, steps in the past 0.000, valid nll 0.223
  [diag] log10|dL/dh_t| hist bins=60 range=(-5.27,-3.57) mean=-4.34 p50=-4.07 p05=-5.10 p95=-4.05
  [diag] sat-dist hist bins=60 sat<0.05=0.0% mean=0.645 p10=0.544 p90=0.685
Iter 0028640: train nll 0.319, valid error 100.000%, best valid error 100.000%, avg grad norm  43.222, avg grad norm (post clip)   0.053, rho_Whh  1.13, Omega  0.00, alpha  0.000, steps in the past 0.000, valid nll 0.282
  [diag] log10|dL/dh_t| hist bins=60 range=(-5.27,-3.57) mean=-4.44 p50=-4.28 p05=-5.12 p95=-4.07
  [diag] sat-dist hist bins=60 sat<0.05=0.0% mean=0.632 p10=0.538 p90=0.683
Iter 0028660: train nll 0.290, valid error 100.000%, best valid error 100.000%, avg grad norm  44.417, avg grad norm (post clip)   0.053, rho_Whh  1.13, Omega  0.00, alpha  0.000, steps in the past 0.000, valid nll 0.249
  [diag] log10|dL/dh_t| hist bins=60 range=(-5.28,-3.57) mean=-4.61 p50=-4.74 p05=-5.13 p95=-4.10
  [diag] sat-dist hist bins=60 sat<0.05=0.0% mean=0.606 p10=0.533 p90=0.680
Iter 0028680: train nll 0.300, valid error 100.000%, best valid error 100.000%, avg grad norm  45.979, avg grad norm (post clip)   0.053, rho_Whh  1.13, Omega  0.00, alpha  0.000, steps in the past 0.000, valid nll 0.223
  [diag] log10|dL/dh_t| hist bins=60 range=(-5.28,-3.57) mean=-4.64 p50=-4.76 p05=-5.13 p95=-4.10
  [diag] sat-dist hist bins=60 sat<0.05=0.0% mean=0.603 p10=0.532 p90=0.680
Iter 0028700: train nll 0.318, valid error 100.000%, best valid error 100.000%, avg grad norm  39.092, avg grad norm (post clip)   0.053, rho_Whh  1.13, Omega  0.00, alpha  0.000, steps in the past 0.000, valid nll 0.222
  [diag] log10|dL/dh_t| hist bins=60 range=(-5.28,-3.57) mean=-4.64 p50=-4.76 p05=-5.13 p95=-4.10
  [diag] sat-dist hist bins=60 sat<0.05=0.0% mean=0.603 p10=0.532 p90=0.680
Iter 0028720: train nll 0.265, valid error 100.000%, best valid error 100.000%, avg grad norm  49.964, avg grad norm (post clip)   0.053, rho_Whh  1.13, Omega  0.00, alpha  0.000, steps in the past 0.000, valid nll 0.222
  [diag] log10|dL/dh_t| hist bins=60 range=(-5.28,-3.57) mean=-4.63 p50=-4.76 p05=-5.13 p95=-4.10
  [diag] sat-dist hist bins=60 sat<0.05=0.0% mean=0.603 p10=0.532 p90=0.680
Iter 0028740: train nll 0.257, valid error 100.000%, best valid error 100.000%, avg grad norm  56.359, avg grad norm (post clip)   0.053, rho_Whh  1.13, Omega  0.00, alpha  0.000, steps in the past 0.000, valid nll 0.222
  [diag] log10|dL/dh_t| hist bins=60 range=(-5.27,-3.57) mean=-4.44 p50=-4.31 p05=-5.12 p95=-4.07
  [diag] sat-dist hist bins=60 sat<0.05=0.0% mean=0.631 p10=0.538 p90=0.683
Iter 0028760: train nll 0.285, valid error 100.000%, best valid error 100.000%, avg grad norm  45.659, avg grad norm (post clip)   0.053, rho_Whh  1.13, Omega  0.00, alpha  0.000, steps in the past 0.000, valid nll 0.247
  [diag] log10|dL/dh_t| hist bins=60 range=(-5.28,-3.57) mean=-4.63 p50=-4.75 p05=-5.13 p95=-4.10
  [diag] sat-dist hist bins=60 sat<0.05=0.0% mean=0.604 p10=0.532 p90=0.680
Iter 0028780: train nll 0.291, valid error 100.000%, best valid error 100.000%, avg grad norm  47.326, avg grad norm (post clip)   0.053, rho_Whh  1.13, Omega  0.00, alpha  0.000, steps in the past 0.000, valid nll 0.222
  [diag] log10|dL/dh_t| hist bins=60 range=(-5.28,-3.57) mean=-4.63 p50=-4.76 p05=-5.13 p95=-4.10
  [diag] sat-dist hist bins=60 sat<0.05=0.0% mean=0.604 p10=0.532 p90=0.680
Iter 0028800: train nll 0.280, valid error 100.000%, best valid error 100.000%, avg grad norm  50.270, avg grad norm (post clip)   0.053, rho_Whh  1.13, Omega  0.00, alpha  0.000, steps in the past 0.000, valid nll 0.222
  [diag] log10|dL/dh_t| hist bins=60 range=(-5.27,-3.57) mean=-4.44 p50=-4.31 p05=-5.12 p95=-4.07
  [diag] sat-dist hist bins=60 sat<0.05=0.0% mean=0.631 p10=0.538 p90=0.683
Iter 0028820: train nll 0.288, valid error 100.000%, best valid error 100.000%, avg grad norm  45.843, avg grad norm (post clip)   0.053, rho_Whh  1.13, Omega  0.00, alpha  0.000, steps in the past 0.000, valid nll 0.247
  [diag] log10|dL/dh_t| hist bins=60 range=(-5.28,-3.57) mean=-4.63 p50=-4.75 p05=-5.13 p95=-4.10
  [diag] sat-dist hist bins=60 sat<0.05=0.0% mean=0.604 p10=0.532 p90=0.680
Iter 0028840: train nll 0.248, valid error 100.000%, best valid error 100.000%, avg grad norm  51.468, avg grad norm (post clip)   0.053, rho_Whh  1.13, Omega  0.00, alpha  0.000, steps in the past 0.000, valid nll 0.222
  [diag] log10|dL/dh_t| hist bins=60 range=(-5.27,-3.57) mean=-4.35 p50=-4.07 p05=-5.10 p95=-4.05
  [diag] sat-dist hist bins=60 sat<0.05=0.0% mean=0.643 p10=0.543 p90=0.685
Iter 0028860: train nll 0.315, valid error 100.000%, best valid error 100.000%, avg grad norm  36.769, avg grad norm (post clip)   0.053, rho_Whh  1.13, Omega  0.00, alpha  0.000, steps in the past 0.000, valid nll 0.278
  [diag] log10|dL/dh_t| hist bins=60 range=(-5.27,-3.57) mean=-4.45 p50=-4.34 p05=-5.12 p95=-4.08
  [diag] sat-dist hist bins=60 sat<0.05=0.0% mean=0.630 p10=0.538 p90=0.683
Iter 0028880: train nll 0.298, valid error 100.000%, best valid error 100.000%, avg grad norm  46.005, avg grad norm (post clip)   0.053, rho_Whh  1.13, Omega  0.00, alpha  0.000, steps in the past 0.000, valid nll 0.245
  [diag] log10|dL/dh_t| hist bins=60 range=(-5.27,-3.57) mean=-4.45 p50=-4.35 p05=-5.12 p95=-4.08
  [diag] sat-dist hist bins=60 sat<0.05=0.0% mean=0.630 p10=0.538 p90=0.682
Iter 0028900: train nll 0.286, valid error 100.000%, best valid error 100.000%, avg grad norm  51.712, avg grad norm (post clip)   0.053, rho_Whh  1.13, Omega  0.00, alpha  0.000, steps in the past 0.000, valid nll 0.245
  [diag] log10|dL/dh_t| hist bins=60 range=(-5.27,-3.57) mean=-4.31 p50=-4.06 p05=-5.10 p95=-4.03
  [diag] sat-dist hist bins=60 sat<0.05=0.0% mean=0.649 p10=0.547 p90=0.687
Iter 0028920: train nll 0.315, valid error 100.000%, best valid error 100.000%, avg grad norm  39.904, avg grad norm (post clip)   0.053, rho_Whh  1.13, Omega  0.00, alpha  0.000, steps in the past 0.000, valid nll 0.296
  [diag] log10|dL/dh_t| hist bins=60 range=(-5.28,-3.57) mean=-4.51 p50=-4.56 p05=-5.13 p95=-4.08
  [diag] sat-dist hist bins=60 sat<0.05=0.0% mean=0.621 p10=0.535 p90=0.682
Iter 0028940: train nll 0.280, valid error 100.000%, best valid error 100.000%, avg grad norm  37.377, avg grad norm (post clip)   0.053, rho_Whh  1.13, Omega  0.00, alpha  0.000, steps in the past 0.000, valid nll 0.233
  [diag] log10|dL/dh_t| hist bins=60 range=(-5.28,-3.57) mean=-4.51 p50=-4.56 p05=-5.12 p95=-4.09
  [diag] sat-dist hist bins=60 sat<0.05=0.0% mean=0.621 p10=0.535 p90=0.682
Iter 0028960: train nll 0.288, valid error 100.000%, best valid error 100.000%, avg grad norm  48.897, avg grad norm (post clip)   0.053, rho_Whh  1.13, Omega  0.00, alpha  0.000, steps in the past 0.000, valid nll 0.233
  [diag] log10|dL/dh_t| hist bins=60 range=(-5.27,-3.57) mean=-4.51 p50=-4.54 p05=-5.12 p95=-4.09
  [diag] sat-dist hist bins=60 sat<0.05=0.0% mean=0.622 p10=0.536 p90=0.682
Iter 0028980: train nll 0.313, valid error 100.000%, best valid error 100.000%, avg grad norm  44.816, avg grad norm (post clip)   0.053, rho_Whh  1.13, Omega  0.00, alpha  0.000, steps in the past 0.000, valid nll 0.234
  [diag] log10|dL/dh_t| hist bins=60 range=(-5.27,-3.57) mean=-4.51 p50=-4.54 p05=-5.12 p95=-4.09
  [diag] sat-dist hist bins=60 sat<0.05=0.0% mean=0.622 p10=0.536 p90=0.681
Iter 0029000: train nll 0.314, valid error 100.000%, best valid error 100.000%, avg grad norm  40.796, avg grad norm (post clip)   0.053, rho_Whh  1.13, Omega  0.00, alpha  0.000, steps in the past 0.000, valid nll 0.234
  [diag] log10|dL/dh_t| hist bins=60 range=(-5.27,-3.57) mean=-4.50 p50=-4.53 p05=-5.12 p95=-4.09
  [diag] sat-dist hist bins=60 sat<0.05=0.0% mean=0.622 p10=0.536 p90=0.681
Iter 0029020: train nll 0.298, valid error 100.000%, best valid error 100.000%, avg grad norm  44.898, avg grad norm (post clip)   0.053, rho_Whh  1.13, Omega  0.00, alpha  0.000, steps in the past 0.000, valid nll 0.234
  [diag] log10|dL/dh_t| hist bins=60 range=(-5.27,-3.57) mean=-4.50 p50=-4.53 p05=-5.12 p95=-4.09
  [diag] sat-dist hist bins=60 sat<0.05=0.0% mean=0.622 p10=0.536 p90=0.681
Iter 0029040: train nll 0.284, valid error 100.000%, best valid error 100.000%, avg grad norm  46.254, avg grad norm (post clip)   0.053, rho_Whh  1.13, Omega  0.00, alpha  0.000, steps in the past 0.000, valid nll 0.234
  [diag] log10|dL/dh_t| hist bins=60 range=(-5.28,-3.54) mean=-4.77 p50=-4.84 p05=-5.14 p95=-4.22
  [diag] sat-dist hist bins=60 sat<0.05=0.0% mean=0.584 p10=0.531 p90=0.639
Iter 0029060: train nll 0.258, valid error 100.000%, best valid error 100.000%, avg grad norm  51.966, avg grad norm (post clip)   0.053, rho_Whh  1.13, Omega  0.00, alpha  0.000, steps in the past 0.000, valid nll 0.229
  [diag] log10|dL/dh_t| hist bins=60 range=(-5.28,-3.54) mean=-4.77 p50=-4.84 p05=-5.14 p95=-4.22
  [diag] sat-dist hist bins=60 sat<0.05=0.0% mean=0.584 p10=0.531 p90=0.639
Iter 0029080: train nll 0.280, valid error 100.000%, best valid error 100.000%, avg grad norm  47.266, avg grad norm (post clip)   0.053, rho_Whh  1.13, Omega  0.00, alpha  0.000, steps in the past 0.000, valid nll 0.229
  [diag] log10|dL/dh_t| hist bins=60 range=(-5.28,-3.54) mean=-4.77 p50=-4.84 p05=-5.14 p95=-4.22
  [diag] sat-dist hist bins=60 sat<0.05=0.0% mean=0.584 p10=0.531 p90=0.639
Iter 0029100: train nll 0.262, valid error 100.000%, best valid error 100.000%, avg grad norm  54.941, avg grad norm (post clip)   0.053, rho_Whh  1.13, Omega  0.00, alpha  0.000, steps in the past 0.000, valid nll 0.229
  [diag] log10|dL/dh_t| hist bins=60 range=(-5.27,-3.57) mean=-4.49 p50=-4.50 p05=-5.12 p95=-4.09
  [diag] sat-dist hist bins=60 sat<0.05=0.0% mean=0.624 p10=0.536 p90=0.682
Iter 0029120: train nll 0.267, valid error 100.000%, best valid error 100.000%, avg grad norm  53.474, avg grad norm (post clip)   0.053, rho_Whh  1.13, Omega  0.00, alpha  0.000, steps in the past 0.000, valid nll 0.236
  [diag] log10|dL/dh_t| hist bins=60 range=(-5.27,-3.57) mean=-4.48 p50=-4.46 p05=-5.12 p95=-4.08
  [diag] sat-dist hist bins=60 sat<0.05=0.0% mean=0.625 p10=0.537 p90=0.682
Iter 0029140: train nll 0.278, valid error 100.000%, best valid error 100.000%, avg grad norm  46.538, avg grad norm (post clip)   0.053, rho_Whh  1.13, Omega  0.00, alpha  0.000, steps in the past 0.000, valid nll 0.238
  [diag] log10|dL/dh_t| hist bins=60 range=(-5.27,-3.57) mean=-4.37 p50=-4.09 p05=-5.11 p95=-4.06
  [diag] sat-dist hist bins=60 sat<0.05=0.0% mean=0.641 p10=0.542 p90=0.685
Iter 0029160: train nll 0.300, valid error 100.000%, best valid error 100.000%, avg grad norm  42.819, avg grad norm (post clip)   0.053, rho_Whh  1.13, Omega  0.00, alpha  0.000, steps in the past 0.000, valid nll 0.270
  [diag] log10|dL/dh_t| hist bins=60 range=(-5.28,-3.58) mean=-4.73 p50=-4.82 p05=-5.14 p95=-4.17
  [diag] sat-dist hist bins=60 sat<0.05=0.0% mean=0.590 p10=0.531 p90=0.658
Iter 0029180: train nll 0.284, valid error 100.000%, best valid error 100.000%, avg grad norm  41.338, avg grad norm (post clip)   0.053, rho_Whh  1.13, Omega  0.00, alpha  0.000, steps in the past 0.000, valid nll 0.224
  [diag] log10|dL/dh_t| hist bins=60 range=(-5.28,-3.57) mean=-4.48 p50=-4.46 p05=-5.12 p95=-4.08
  [diag] sat-dist hist bins=60 sat<0.05=0.0% mean=0.626 p10=0.536 p90=0.682
Iter 0029200: train nll 0.262, valid error 100.000%, best valid error 100.000%, avg grad norm  52.277, avg grad norm (post clip)   0.053, rho_Whh  1.13, Omega  0.00, alpha  0.000, steps in the past 0.000, valid nll 0.239
  [diag] log10|dL/dh_t| hist bins=60 range=(-5.28,-3.57) mean=-4.48 p50=-4.45 p05=-5.12 p95=-4.08
  [diag] sat-dist hist bins=60 sat<0.05=0.0% mean=0.626 p10=0.537 p90=0.682
Iter 0029220: train nll 0.271, valid error 100.000%, best valid error 100.000%, avg grad norm  49.860, avg grad norm (post clip)   0.053, rho_Whh  1.13, Omega  0.00, alpha  0.000, steps in the past 0.000, valid nll 0.239
  [diag] log10|dL/dh_t| hist bins=60 range=(-5.28,-3.57) mean=-4.48 p50=-4.45 p05=-5.12 p95=-4.08
  [diag] sat-dist hist bins=60 sat<0.05=0.0% mean=0.626 p10=0.537 p90=0.682
Iter 0029240: train nll 0.277, valid error 100.000%, best valid error 100.000%, avg grad norm  47.544, avg grad norm (post clip)   0.053, rho_Whh  1.13, Omega  0.00, alpha  0.000, steps in the past 0.000, valid nll 0.239
  [diag] log10|dL/dh_t| hist bins=60 range=(-5.28,-3.57) mean=-4.48 p50=-4.45 p05=-5.12 p95=-4.08
  [diag] sat-dist hist bins=60 sat<0.05=0.0% mean=0.626 p10=0.537 p90=0.682
Iter 0029260: train nll 0.298, valid error 100.000%, best valid error 100.000%, avg grad norm  45.856, avg grad norm (post clip)   0.053, rho_Whh  1.13, Omega  0.00, alpha  0.000, steps in the past 0.000, valid nll 0.239
  [diag] log10|dL/dh_t| hist bins=60 range=(-5.28,-3.57) mean=-4.48 p50=-4.44 p05=-5.12 p95=-4.08
  [diag] sat-dist hist bins=60 sat<0.05=0.0% mean=0.626 p10=0.537 p90=0.682
Iter 0029280: train nll 0.320, valid error 100.000%, best valid error 100.000%, avg grad norm  40.880, avg grad norm (post clip)   0.053, rho_Whh  1.13, Omega  0.00, alpha  0.000, steps in the past 0.000, valid nll 0.239
  [diag] log10|dL/dh_t| hist bins=60 range=(-5.28,-3.57) mean=-4.48 p50=-4.44 p05=-5.12 p95=-4.08
  [diag] sat-dist hist bins=60 sat<0.05=0.0% mean=0.626 p10=0.537 p90=0.682
Iter 0029300: train nll 0.268, valid error 100.000%, best valid error 100.000%, avg grad norm  46.941, avg grad norm (post clip)   0.053, rho_Whh  1.13, Omega  0.00, alpha  0.000, steps in the past 0.000, valid nll 0.239
  [diag] log10|dL/dh_t| hist bins=60 range=(-5.27,-3.57) mean=-4.37 p50=-4.09 p05=-5.11 p95=-4.06
  [diag] sat-dist hist bins=60 sat<0.05=0.0% mean=0.642 p10=0.543 p90=0.685
Iter 0029320: train nll 0.311, valid error 100.000%, best valid error 100.000%, avg grad norm  40.121, avg grad norm (post clip)   0.053, rho_Whh  1.13, Omega  0.00, alpha  0.000, steps in the past 0.000, valid nll 0.271
  [diag] log10|dL/dh_t| hist bins=60 range=(-5.28,-3.57) mean=-4.46 p50=-4.37 p05=-5.12 p95=-4.08
  [diag] sat-dist hist bins=60 sat<0.05=0.0% mean=0.629 p10=0.537 p90=0.683
Iter 0029340: train nll 0.270, valid error 100.000%, best valid error 100.000%, avg grad norm  41.952, avg grad norm (post clip)   0.053, rho_Whh  1.13, Omega  0.00, alpha  0.000, steps in the past 0.000, valid nll 0.244
  [diag] log10|dL/dh_t| hist bins=60 range=(-5.28,-3.57) mean=-4.44 p50=-4.27 p05=-5.12 p95=-4.07
  [diag] sat-dist hist bins=60 sat<0.05=0.0% mean=0.632 p10=0.538 p90=0.684
Iter 0029360: train nll 0.265, valid error 100.000%, best valid error 100.000%, avg grad norm  54.904, avg grad norm (post clip)   0.053, rho_Whh  1.13, Omega  0.00, alpha  0.000, steps in the past 0.000, valid nll 0.250
  [diag] log10|dL/dh_t| hist bins=60 range=(-5.28,-3.57) mean=-4.61 p50=-4.73 p05=-5.13 p95=-4.09
  [diag] sat-dist hist bins=60 sat<0.05=0.0% mean=0.608 p10=0.533 p90=0.681
Iter 0029380: train nll 0.291, valid error 100.000%, best valid error 100.000%, avg grad norm  43.994, avg grad norm (post clip)   0.053, rho_Whh  1.13, Omega  0.00, alpha  0.000, steps in the past 0.000, valid nll 0.223
  [diag] log10|dL/dh_t| hist bins=60 range=(-5.28,-3.57) mean=-4.61 p50=-4.73 p05=-5.13 p95=-4.10
  [diag] sat-dist hist bins=60 sat<0.05=0.0% mean=0.608 p10=0.533 p90=0.681
Iter 0029400: train nll 0.284, valid error 100.000%, best valid error 100.000%, avg grad norm  53.604, avg grad norm (post clip)   0.053, rho_Whh  1.13, Omega  0.00, alpha  0.000, steps in the past 0.000, valid nll 0.223
  [diag] log10|dL/dh_t| hist bins=60 range=(-5.28,-3.57) mean=-4.61 p50=-4.73 p05=-5.13 p95=-4.10
  [diag] sat-dist hist bins=60 sat<0.05=0.0% mean=0.608 p10=0.533 p90=0.681
Iter 0029420: train nll 0.287, valid error 100.000%, best valid error 100.000%, avg grad norm  53.852, avg grad norm (post clip)   0.053, rho_Whh  1.13, Omega  0.00, alpha  0.000, steps in the past 0.000, valid nll 0.223
  [diag] log10|dL/dh_t| hist bins=60 range=(-5.28,-3.57) mean=-4.61 p50=-4.73 p05=-5.13 p95=-4.10
  [diag] sat-dist hist bins=60 sat<0.05=0.0% mean=0.608 p10=0.533 p90=0.681
Iter 0029440: train nll 0.271, valid error 100.000%, best valid error 100.000%, avg grad norm  40.123, avg grad norm (post clip)   0.053, rho_Whh  1.13, Omega  0.00, alpha  0.000, steps in the past 0.000, valid nll 0.223
  [diag] log10|dL/dh_t| hist bins=60 range=(-5.27,-3.57) mean=-4.34 p50=-4.07 p05=-5.10 p95=-4.04
  [diag] sat-dist hist bins=60 sat<0.05=0.0% mean=0.645 p10=0.545 p90=0.686
Iter 0029460: train nll 0.323, valid error 100.000%, best valid error 100.000%, avg grad norm  37.805, avg grad norm (post clip)   0.053, rho_Whh  1.13, Omega  0.00, alpha  0.000, steps in the past 0.000, valid nll 0.283
  [diag] log10|dL/dh_t| hist bins=60 range=(-5.28,-3.57) mean=-4.43 p50=-4.26 p05=-5.12 p95=-4.07
  [diag] sat-dist hist bins=60 sat<0.05=0.0% mean=0.633 p10=0.539 p90=0.683
Iter 0029480: train nll 0.289, valid error 100.000%, best valid error 100.000%, avg grad norm  35.108, avg grad norm (post clip)   0.053, rho_Whh  1.13, Omega  0.00, alpha  0.000, steps in the past 0.000, valid nll 0.250
  [diag] log10|dL/dh_t| hist bins=60 range=(-5.28,-3.57) mean=-4.60 p50=-4.72 p05=-5.13 p95=-4.10
  [diag] sat-dist hist bins=60 sat<0.05=0.0% mean=0.609 p10=0.533 p90=0.680
Iter 0029500: train nll 0.301, valid error 100.000%, best valid error 100.000%, avg grad norm  49.416, avg grad norm (post clip)   0.053, rho_Whh  1.13, Omega  0.00, alpha  0.000, steps in the past 0.000, valid nll 0.223
  [diag] log10|dL/dh_t| hist bins=60 range=(-5.28,-3.57) mean=-4.60 p50=-4.72 p05=-5.13 p95=-4.10
  [diag] sat-dist hist bins=60 sat<0.05=0.0% mean=0.609 p10=0.533 p90=0.680
Iter 0029520: train nll 0.291, valid error 100.000%, best valid error 100.000%, avg grad norm  42.630, avg grad norm (post clip)   0.053, rho_Whh  1.13, Omega  0.00, alpha  0.000, steps in the past 0.000, valid nll 0.223
  [diag] log10|dL/dh_t| hist bins=60 range=(-5.28,-3.57) mean=-4.43 p50=-4.24 p05=-5.12 p95=-4.07
  [diag] sat-dist hist bins=60 sat<0.05=0.0% mean=0.634 p10=0.539 p90=0.683
Iter 0029540: train nll 0.287, valid error 100.000%, best valid error 100.000%, avg grad norm  49.918, avg grad norm (post clip)   0.053, rho_Whh  1.13, Omega  0.00, alpha  0.000, steps in the past 0.000, valid nll 0.252
  [diag] log10|dL/dh_t| hist bins=60 range=(-5.27,-3.57) mean=-4.34 p50=-4.07 p05=-5.10 p95=-4.05
  [diag] sat-dist hist bins=60 sat<0.05=0.0% mean=0.646 p10=0.545 p90=0.686
Iter 0029560: train nll 0.314, valid error 100.000%, best valid error 100.000%, avg grad norm  39.091, avg grad norm (post clip)   0.053, rho_Whh  1.13, Omega  0.00, alpha  0.000, steps in the past 0.000, valid nll 0.283
  [diag] log10|dL/dh_t| hist bins=60 range=(-5.28,-3.57) mean=-4.43 p50=-4.25 p05=-5.12 p95=-4.07
  [diag] sat-dist hist bins=60 sat<0.05=0.0% mean=0.634 p10=0.539 p90=0.683
Iter 0029580: train nll 0.303, valid error 100.000%, best valid error 100.000%, avg grad norm  39.302, avg grad norm (post clip)   0.053, rho_Whh  1.13, Omega  0.00, alpha  0.000, steps in the past 0.000, valid nll 0.251
  [diag] log10|dL/dh_t| hist bins=60 range=(-5.28,-3.57) mean=-4.59 p50=-4.71 p05=-5.13 p95=-4.10
  [diag] sat-dist hist bins=60 sat<0.05=0.0% mean=0.610 p10=0.534 p90=0.680
Iter 0029600: train nll 0.293, valid error 100.000%, best valid error 100.000%, avg grad norm  45.009, avg grad norm (post clip)   0.053, rho_Whh  1.13, Omega  0.00, alpha  0.000, steps in the past 0.000, valid nll 0.223
  [diag] log10|dL/dh_t| hist bins=60 range=(-5.28,-3.57) mean=-4.43 p50=-4.25 p05=-5.12 p95=-4.07
  [diag] sat-dist hist bins=60 sat<0.05=0.0% mean=0.633 p10=0.539 p90=0.683
Iter 0029620: train nll 0.263, valid error 100.000%, best valid error 100.000%, avg grad norm  51.491, avg grad norm (post clip)   0.053, rho_Whh  1.13, Omega  0.00, alpha  0.000, steps in the past 0.000, valid nll 0.251
  [diag] log10|dL/dh_t| hist bins=60 range=(-5.28,-3.57) mean=-4.43 p50=-4.25 p05=-5.12 p95=-4.08
  [diag] sat-dist hist bins=60 sat<0.05=0.0% mean=0.633 p10=0.539 p90=0.683
Iter 0029640: train nll 0.288, valid error 100.000%, best valid error 100.000%, avg grad norm  52.902, avg grad norm (post clip)   0.053, rho_Whh  1.13, Omega  0.00, alpha  0.000, steps in the past 0.000, valid nll 0.251
  [diag] log10|dL/dh_t| hist bins=60 range=(-5.28,-3.57) mean=-4.43 p50=-4.25 p05=-5.12 p95=-4.08
  [diag] sat-dist hist bins=60 sat<0.05=0.0% mean=0.633 p10=0.539 p90=0.683
Iter 0029660: train nll 0.300, valid error 100.000%, best valid error 100.000%, avg grad norm  45.219, avg grad norm (post clip)   0.053, rho_Whh  1.13, Omega  0.00, alpha  0.000, steps in the past 0.000, valid nll 0.251
  [diag] log10|dL/dh_t| hist bins=60 range=(-5.28,-3.57) mean=-4.59 p50=-4.71 p05=-5.13 p95=-4.11
  [diag] sat-dist hist bins=60 sat<0.05=0.0% mean=0.610 p10=0.534 p90=0.680
Iter 0029680: train nll 0.242, valid error 100.000%, best valid error 100.000%, avg grad norm  47.103, avg grad norm (post clip)   0.053, rho_Whh  1.13, Omega  0.00, alpha  0.000, steps in the past 0.000, valid nll 0.223
  [diag] log10|dL/dh_t| hist bins=60 range=(-5.28,-3.57) mean=-4.55 p50=-4.63 p05=-5.13 p95=-4.09
  [diag] sat-dist hist bins=60 sat<0.05=0.0% mean=0.617 p10=0.534 p90=0.681
Iter 0029700: train nll 0.247, valid error 100.000%, best valid error 100.000%, avg grad norm  49.027, avg grad norm (post clip)   0.053, rho_Whh  1.13, Omega  0.00, alpha  0.000, steps in the past 0.000, valid nll 0.228
  [diag] log10|dL/dh_t| hist bins=60 range=(-5.28,-3.57) mean=-4.55 p50=-4.63 p05=-5.13 p95=-4.09
  [diag] sat-dist hist bins=60 sat<0.05=0.0% mean=0.617 p10=0.535 p90=0.681
Iter 0029720: train nll 0.291, valid error 100.000%, best valid error 100.000%, avg grad norm  43.124, avg grad norm (post clip)   0.053, rho_Whh  1.13, Omega  0.00, alpha  0.000, steps in the past 0.000, valid nll 0.228
  [diag] log10|dL/dh_t| hist bins=60 range=(-5.28,-3.57) mean=-4.57 p50=-4.67 p05=-5.13 p95=-4.09
  [diag] sat-dist hist bins=60 sat<0.05=0.0% mean=0.614 p10=0.534 p90=0.681
Iter 0029740: train nll 0.285, valid error 100.000%, best valid error 100.000%, avg grad norm  44.204, avg grad norm (post clip)   0.053, rho_Whh  1.13, Omega  0.00, alpha  0.000, steps in the past 0.000, valid nll 0.225
  [diag] log10|dL/dh_t| hist bins=60 range=(-5.28,-3.57) mean=-4.56 p50=-4.67 p05=-5.13 p95=-4.09
  [diag] sat-dist hist bins=60 sat<0.05=0.0% mean=0.614 p10=0.534 p90=0.681
Iter 0029760: train nll 0.307, valid error 100.000%, best valid error 100.000%, avg grad norm  41.740, avg grad norm (post clip)   0.053, rho_Whh  1.13, Omega  0.00, alpha  0.000, steps in the past 0.000, valid nll 0.226
  [diag] log10|dL/dh_t| hist bins=60 range=(-5.28,-3.57) mean=-4.56 p50=-4.67 p05=-5.13 p95=-4.10
  [diag] sat-dist hist bins=60 sat<0.05=0.0% mean=0.614 p10=0.534 p90=0.681
Iter 0029780: train nll 0.310, valid error 100.000%, best valid error 100.000%, avg grad norm  43.978, avg grad norm (post clip)   0.053, rho_Whh  1.13, Omega  0.00, alpha  0.000, steps in the past 0.000, valid nll 0.226
  [diag] log10|dL/dh_t| hist bins=60 range=(-5.28,-3.57) mean=-4.53 p50=-4.60 p05=-5.13 p95=-4.08
  [diag] sat-dist hist bins=60 sat<0.05=0.0% mean=0.619 p10=0.534 p90=0.682
Iter 0029800: train nll 0.284, valid error 100.000%, best valid error 100.000%, avg grad norm  43.640, avg grad norm (post clip)   0.053, rho_Whh  1.13, Omega  0.00, alpha  0.000, steps in the past 0.000, valid nll 0.230
  [diag] log10|dL/dh_t| hist bins=60 range=(-5.28,-3.57) mean=-4.53 p50=-4.60 p05=-5.13 p95=-4.09
  [diag] sat-dist hist bins=60 sat<0.05=0.0% mean=0.619 p10=0.535 p90=0.682
Iter 0029820: train nll 0.243, valid error 100.000%, best valid error 100.000%, avg grad norm  58.556, avg grad norm (post clip)   0.053, rho_Whh  1.13, Omega  0.00, alpha  0.000, steps in the past 0.000, valid nll 0.230
  [diag] log10|dL/dh_t| hist bins=60 range=(-5.28,-3.57) mean=-4.54 p50=-4.62 p05=-5.13 p95=-4.08
  [diag] sat-dist hist bins=60 sat<0.05=0.0% mean=0.618 p10=0.534 p90=0.682
Iter 0029840: train nll 0.271, valid error 100.000%, best valid error 100.000%, avg grad norm  41.188, avg grad norm (post clip)   0.053, rho_Whh  1.13, Omega  0.00, alpha  0.000, steps in the past 0.000, valid nll 0.228
  [diag] log10|dL/dh_t| hist bins=60 range=(-5.28,-3.57) mean=-4.54 p50=-4.62 p05=-5.13 p95=-4.09
  [diag] sat-dist hist bins=60 sat<0.05=0.0% mean=0.618 p10=0.534 p90=0.682
Iter 0029860: train nll 0.283, valid error 100.000%, best valid error 100.000%, avg grad norm  50.366, avg grad norm (post clip)   0.053, rho_Whh  1.13, Omega  0.00, alpha  0.000, steps in the past 0.000, valid nll 0.228
  [diag] log10|dL/dh_t| hist bins=60 range=(-5.28,-3.57) mean=-4.55 p50=-4.65 p05=-5.13 p95=-4.09
  [diag] sat-dist hist bins=60 sat<0.05=0.0% mean=0.616 p10=0.534 p90=0.682
Iter 0029880: train nll 0.256, valid error 100.000%, best valid error 100.000%, avg grad norm  52.405, avg grad norm (post clip)   0.053, rho_Whh  1.13, Omega  0.00, alpha  0.000, steps in the past 0.000, valid nll 0.227
  [diag] log10|dL/dh_t| hist bins=60 range=(-5.28,-3.57) mean=-4.55 p50=-4.65 p05=-5.13 p95=-4.09
  [diag] sat-dist hist bins=60 sat<0.05=0.0% mean=0.616 p10=0.534 p90=0.682
Iter 0029900: train nll 0.317, valid error 100.000%, best valid error 100.000%, avg grad norm  45.469, avg grad norm (post clip)   0.053, rho_Whh  1.13, Omega  0.00, alpha  0.000, steps in the past 0.000, valid nll 0.227
  [diag] log10|dL/dh_t| hist bins=60 range=(-5.28,-3.57) mean=-4.55 p50=-4.65 p05=-5.13 p95=-4.09
  [diag] sat-dist hist bins=60 sat<0.05=0.0% mean=0.616 p10=0.534 p90=0.682
Iter 0029920: train nll 0.265, valid error 100.000%, best valid error 100.000%, avg grad norm  48.462, avg grad norm (post clip)   0.053, rho_Whh  1.13, Omega  0.00, alpha  0.000, steps in the past 0.000, valid nll 0.227
  [diag] log10|dL/dh_t| hist bins=60 range=(-5.28,-3.57) mean=-4.55 p50=-4.65 p05=-5.13 p95=-4.09
  [diag] sat-dist hist bins=60 sat<0.05=0.0% mean=0.616 p10=0.534 p90=0.682
Iter 0029940: train nll 0.294, valid error 100.000%, best valid error 100.000%, avg grad norm  50.087, avg grad norm (post clip)   0.053, rho_Whh  1.13, Omega  0.00, alpha  0.000, steps in the past 0.000, valid nll 0.227
  [diag] log10|dL/dh_t| hist bins=60 range=(-5.28,-3.57) mean=-4.41 p50=-4.17 p05=-5.12 p95=-4.06
  [diag] sat-dist hist bins=60 sat<0.05=0.0% mean=0.637 p10=0.540 p90=0.685
Iter 0029960: train nll 0.282, valid error 100.000%, best valid error 100.000%, avg grad norm  47.974, avg grad norm (post clip)   0.053, rho_Whh  1.13, Omega  0.00, alpha  0.000, steps in the past 0.000, valid nll 0.258
  [diag] log10|dL/dh_t| hist bins=60 range=(-5.28,-3.57) mean=-4.55 p50=-4.64 p05=-5.13 p95=-4.09
  [diag] sat-dist hist bins=60 sat<0.05=0.0% mean=0.616 p10=0.534 p90=0.682
Iter 0029980: train nll 0.288, valid error 100.000%, best valid error 100.000%, avg grad norm  44.293, avg grad norm (post clip)   0.053, rho_Whh  1.13, Omega  0.00, alpha  0.000, steps in the past 0.000, valid nll 0.227
  [diag] log10|dL/dh_t| hist bins=60 range=(-5.28,-3.57) mean=-4.55 p50=-4.64 p05=-5.13 p95=-4.09
  [diag] sat-dist hist bins=60 sat<0.05=0.0% mean=0.617 p10=0.534 p90=0.682
Iter 0030000: train nll 0.267, valid error 100.000%, best valid error 100.000%, avg grad norm  56.398, avg grad norm (post clip)   0.053, rho_Whh  1.13, Omega  0.00, alpha  0.000, steps in the past 0.000, valid nll 0.227
  [diag] log10|dL/dh_t| hist bins=60 range=(-5.28,-3.57) mean=-4.34 p50=-4.07 p05=-5.11 p95=-4.04
  [diag] sat-dist hist bins=60 sat<0.05=0.0% mean=0.646 p10=0.545 p90=0.687
Iter 0030020: train nll 0.294, valid error 100.000%, best valid error 100.000%, avg grad norm  44.677, avg grad norm (post clip)   0.053, rho_Whh  1.13, Omega  0.00, alpha  0.000, steps in the past 0.000, valid nll 0.285
  [diag] log10|dL/dh_t| hist bins=60 range=(-5.28,-3.57) mean=-4.43 p50=-4.24 p05=-5.12 p95=-4.07
  [diag] sat-dist hist bins=60 sat<0.05=0.0% mean=0.634 p10=0.539 p90=0.684
Iter 0030040: train nll 0.291, valid error 100.000%, best valid error 100.000%, avg grad norm  45.668, avg grad norm (post clip)   0.053, rho_Whh  1.13, Omega  0.00, alpha  0.000, steps in the past 0.000, valid nll 0.252
  [diag] log10|dL/dh_t| hist bins=60 range=(-5.28,-3.57) mean=-4.43 p50=-4.24 p05=-5.12 p95=-4.07
  [diag] sat-dist hist bins=60 sat<0.05=0.0% mean=0.634 p10=0.539 p90=0.684
Iter 0030060: train nll 0.308, valid error 100.000%, best valid error 100.000%, avg grad norm  44.809, avg grad norm (post clip)   0.053, rho_Whh  1.13, Omega  0.00, alpha  0.000, steps in the past 0.000, valid nll 0.252
  [diag] log10|dL/dh_t| hist bins=60 range=(-5.28,-3.57) mean=-4.43 p50=-4.24 p05=-5.12 p95=-4.07
  [diag] sat-dist hist bins=60 sat<0.05=0.0% mean=0.634 p10=0.539 p90=0.684
Iter 0030080: train nll 0.273, valid error 100.000%, best valid error 100.000%, avg grad norm  55.587, avg grad norm (post clip)   0.053, rho_Whh  1.13, Omega  0.00, alpha  0.000, steps in the past 0.000, valid nll 0.252
  [diag] log10|dL/dh_t| hist bins=60 range=(-5.28,-3.57) mean=-4.59 p50=-4.71 p05=-5.13 p95=-4.10
  [diag] sat-dist hist bins=60 sat<0.05=0.0% mean=0.611 p10=0.533 p90=0.681
Iter 0030100: train nll 0.277, valid error 100.000%, best valid error 100.000%, avg grad norm  43.656, avg grad norm (post clip)   0.053, rho_Whh  1.13, Omega  0.00, alpha  0.000, steps in the past 0.000, valid nll 0.223
  [diag] log10|dL/dh_t| hist bins=60 range=(-5.28,-3.57) mean=-4.43 p50=-4.24 p05=-5.12 p95=-4.07
  [diag] sat-dist hist bins=60 sat<0.05=0.0% mean=0.634 p10=0.539 p90=0.684
Iter 0030120: train nll 0.315, valid error 100.000%, best valid error 100.000%, avg grad norm  38.496, avg grad norm (post clip)   0.053, rho_Whh  1.13, Omega  0.00, alpha  0.000, steps in the past 0.000, valid nll 0.252
  [diag] log10|dL/dh_t| hist bins=60 range=(-5.28,-3.57) mean=-4.43 p50=-4.24 p05=-5.12 p95=-4.08
  [diag] sat-dist hist bins=60 sat<0.05=0.0% mean=0.634 p10=0.539 p90=0.684
Iter 0030140: train nll 0.297, valid error 100.000%, best valid error 100.000%, avg grad norm  48.156, avg grad norm (post clip)   0.053, rho_Whh  1.13, Omega  0.00, alpha  0.000, steps in the past 0.000, valid nll 0.251
  [diag] log10|dL/dh_t| hist bins=60 range=(-5.28,-3.57) mean=-4.43 p50=-4.24 p05=-5.12 p95=-4.08
  [diag] sat-dist hist bins=60 sat<0.05=0.0% mean=0.634 p10=0.540 p90=0.683
Iter 0030160: train nll 0.325, valid error 100.000%, best valid error 100.000%, avg grad norm  41.611, avg grad norm (post clip)   0.053, rho_Whh  1.13, Omega  0.00, alpha  0.000, steps in the past 0.000, valid nll 0.251
  [diag] log10|dL/dh_t| hist bins=60 range=(-5.28,-3.57) mean=-4.59 p50=-4.70 p05=-5.13 p95=-4.11
  [diag] sat-dist hist bins=60 sat<0.05=0.0% mean=0.612 p10=0.534 p90=0.680
Iter 0030180: train nll 0.268, valid error 100.000%, best valid error 100.000%, avg grad norm  45.443, avg grad norm (post clip)   0.053, rho_Whh  1.13, Omega  0.00, alpha  0.000, steps in the past 0.000, valid nll 0.224
  [diag] log10|dL/dh_t| hist bins=60 range=(-5.27,-3.57) mean=-4.35 p50=-4.08 p05=-5.10 p95=-4.06
  [diag] sat-dist hist bins=60 sat<0.05=0.0% mean=0.645 p10=0.545 p90=0.686
Iter 0030200: train nll 0.281, valid error 100.000%, best valid error 100.000%, avg grad norm  47.950, avg grad norm (post clip)   0.053, rho_Whh  1.13, Omega  0.00, alpha  0.000, steps in the past 0.000, valid nll 0.280
  [diag] log10|dL/dh_t| hist bins=60 range=(-5.28,-3.57) mean=-4.44 p50=-4.28 p05=-5.12 p95=-4.08
  [diag] sat-dist hist bins=60 sat<0.05=0.0% mean=0.633 p10=0.539 p90=0.683
Iter 0030220: train nll 0.281, valid error 100.000%, best valid error 100.000%, avg grad norm  46.007, avg grad norm (post clip)   0.053, rho_Whh  1.13, Omega  0.00, alpha  0.000, steps in the past 0.000, valid nll 0.248
  [diag] log10|dL/dh_t| hist bins=60 range=(-5.28,-3.57) mean=-4.35 p50=-4.08 p05=-5.10 p95=-4.06
  [diag] sat-dist hist bins=60 sat<0.05=0.0% mean=0.645 p10=0.545 p90=0.686
Iter 0030240: train nll 0.303, valid error 100.000%, best valid error 100.000%, avg grad norm  39.499, avg grad norm (post clip)   0.053, rho_Whh  1.13, Omega  0.00, alpha  0.000, steps in the past 0.000, valid nll 0.280
  [diag] log10|dL/dh_t| hist bins=60 range=(-5.28,-3.57) mean=-4.44 p50=-4.28 p05=-5.12 p95=-4.08
  [diag] sat-dist hist bins=60 sat<0.05=0.0% mean=0.633 p10=0.539 p90=0.683
Iter 0030260: train nll 0.307, valid error 100.000%, best valid error 100.000%, avg grad norm  32.941, avg grad norm (post clip)   0.053, rho_Whh  1.13, Omega  0.00, alpha  0.000, steps in the past 0.000, valid nll 0.248
  [diag] log10|dL/dh_t| hist bins=60 range=(-5.28,-3.57) mean=-4.61 p50=-4.73 p05=-5.13 p95=-4.11
  [diag] sat-dist hist bins=60 sat<0.05=0.0% mean=0.608 p10=0.533 p90=0.680
Iter 0030280: train nll 0.281, valid error 100.000%, best valid error 100.000%, avg grad norm  34.681, avg grad norm (post clip)   0.053, rho_Whh  1.13, Omega  0.00, alpha  0.000, steps in the past 0.000, valid nll 0.222
  [diag] log10|dL/dh_t| hist bins=60 range=(-5.28,-3.57) mean=-4.44 p50=-4.28 p05=-5.12 p95=-4.08
  [diag] sat-dist hist bins=60 sat<0.05=0.0% mean=0.633 p10=0.539 p90=0.683
Iter 0030300: train nll 0.274, valid error 100.000%, best valid error 100.000%, avg grad norm  47.626, avg grad norm (post clip)   0.053, rho_Whh  1.13, Omega  0.00, alpha  0.000, steps in the past 0.000, valid nll 0.248
  [diag] log10|dL/dh_t| hist bins=60 range=(-5.28,-3.57) mean=-4.61 p50=-4.73 p05=-5.13 p95=-4.11
  [diag] sat-dist hist bins=60 sat<0.05=0.0% mean=0.608 p10=0.533 p90=0.680
Iter 0030320: train nll 0.275, valid error 100.000%, best valid error 100.000%, avg grad norm  41.278, avg grad norm (post clip)   0.053, rho_Whh  1.13, Omega  0.00, alpha  0.000, steps in the past 0.000, valid nll 0.222
  [diag] log10|dL/dh_t| hist bins=60 range=(-5.28,-3.57) mean=-4.34 p50=-4.08 p05=-5.10 p95=-4.05
  [diag] sat-dist hist bins=60 sat<0.05=0.0% mean=0.646 p10=0.545 p90=0.686
Iter 0030340: train nll 0.316, valid error 100.000%, best valid error 100.000%, avg grad norm  35.646, avg grad norm (post clip)   0.053, rho_Whh  1.13, Omega  0.00, alpha  0.000, steps in the past 0.000, valid nll 0.281
  [diag] log10|dL/dh_t| hist bins=60 range=(-5.28,-3.57) mean=-4.60 p50=-4.71 p05=-5.13 p95=-4.11
  [diag] sat-dist hist bins=60 sat<0.05=0.0% mean=0.610 p10=0.534 p90=0.680
Iter 0030360: train nll 0.310, valid error 100.000%, best valid error 100.000%, avg grad norm  39.458, avg grad norm (post clip)   0.053, rho_Whh  1.13, Omega  0.00, alpha  0.000, steps in the past 0.000, valid nll 0.223
  [diag] log10|dL/dh_t| hist bins=60 range=(-5.28,-3.57) mean=-4.43 p50=-4.24 p05=-5.12 p95=-4.08
  [diag] sat-dist hist bins=60 sat<0.05=0.0% mean=0.634 p10=0.540 p90=0.683
Iter 0030380: train nll 0.304, valid error 100.000%, best valid error 100.000%, avg grad norm  31.836, avg grad norm (post clip)   0.053, rho_Whh  1.13, Omega  0.00, alpha  0.000, steps in the past 0.000, valid nll 0.251
  [diag] log10|dL/dh_t| hist bins=60 range=(-5.28,-3.57) mean=-4.59 p50=-4.70 p05=-5.13 p95=-4.11
  [diag] sat-dist hist bins=60 sat<0.05=0.0% mean=0.611 p10=0.534 p90=0.680
Iter 0030400: train nll 0.284, valid error 100.000%, best valid error 100.000%, avg grad norm  50.646, avg grad norm (post clip)   0.053, rho_Whh  1.13, Omega  0.00, alpha  0.000, steps in the past 0.000, valid nll 0.223
  [diag] log10|dL/dh_t| hist bins=60 range=(-5.28,-3.57) mean=-4.43 p50=-4.25 p05=-5.12 p95=-4.08
  [diag] sat-dist hist bins=60 sat<0.05=0.0% mean=0.634 p10=0.540 p90=0.683
Iter 0030420: train nll 0.292, valid error 100.000%, best valid error 100.000%, avg grad norm  47.656, avg grad norm (post clip)   0.053, rho_Whh  1.13, Omega  0.00, alpha  0.000, steps in the past 0.000, valid nll 0.251
  [diag] log10|dL/dh_t| hist bins=60 range=(-5.28,-3.57) mean=-4.59 p50=-4.70 p05=-5.13 p95=-4.11
  [diag] sat-dist hist bins=60 sat<0.05=0.0% mean=0.611 p10=0.534 p90=0.680
Iter 0030440: train nll 0.295, valid error 100.000%, best valid error 100.000%, avg grad norm  40.937, avg grad norm (post clip)   0.053, rho_Whh  1.13, Omega  0.00, alpha  0.000, steps in the past 0.000, valid nll 0.223
  [diag] log10|dL/dh_t| hist bins=60 range=(-5.28,-3.57) mean=-4.43 p50=-4.25 p05=-5.12 p95=-4.08
  [diag] sat-dist hist bins=60 sat<0.05=0.0% mean=0.634 p10=0.540 p90=0.683
Iter 0030460: train nll 0.269, valid error 100.000%, best valid error 100.000%, avg grad norm  40.845, avg grad norm (post clip)   0.053, rho_Whh  1.13, Omega  0.00, alpha  0.000, steps in the past 0.000, valid nll 0.251
  [diag] log10|dL/dh_t| hist bins=60 range=(-5.28,-3.57) mean=-4.59 p50=-4.69 p05=-5.13 p95=-4.11
  [diag] sat-dist hist bins=60 sat<0.05=0.0% mean=0.612 p10=0.534 p90=0.680
Iter 0030480: train nll 0.305, valid error 100.000%, best valid error 100.000%, avg grad norm  38.249, avg grad norm (post clip)   0.053, rho_Whh  1.13, Omega  0.00, alpha  0.000, steps in the past 0.000, valid nll 0.223
  [diag] log10|dL/dh_t| hist bins=60 range=(-5.28,-3.57) mean=-4.58 p50=-4.69 p05=-5.13 p95=-4.11
  [diag] sat-dist hist bins=60 sat<0.05=0.0% mean=0.612 p10=0.534 p90=0.680
Iter 0030500: train nll 0.280, valid error 100.000%, best valid error 100.000%, avg grad norm  44.879, avg grad norm (post clip)   0.053, rho_Whh  1.13, Omega  0.00, alpha  0.000, steps in the past 0.000, valid nll 0.223
  [diag] log10|dL/dh_t| hist bins=60 range=(-5.28,-3.57) mean=-4.34 p50=-4.09 p05=-5.10 p95=-4.06
  [diag] sat-dist hist bins=60 sat<0.05=0.0% mean=0.646 p10=0.546 p90=0.686
Iter 0030520: train nll 0.305, valid error 100.000%, best valid error 100.000%, avg grad norm  44.270, avg grad norm (post clip)   0.053, rho_Whh  1.13, Omega  0.00, alpha  0.000, steps in the past 0.000, valid nll 0.281
  [diag] log10|dL/dh_t| hist bins=60 range=(-5.28,-3.57) mean=-4.44 p50=-4.26 p05=-5.12 p95=-4.09
  [diag] sat-dist hist bins=60 sat<0.05=0.0% mean=0.633 p10=0.540 p90=0.683
Iter 0030540: train nll 0.314, valid error 100.000%, best valid error 100.000%, avg grad norm  33.657, avg grad norm (post clip)   0.053, rho_Whh  1.13, Omega  0.00, alpha  0.000, steps in the past 0.000, valid nll 0.249
  [diag] log10|dL/dh_t| hist bins=60 range=(-5.28,-3.57) mean=-4.44 p50=-4.27 p05=-5.12 p95=-4.09
  [diag] sat-dist hist bins=60 sat<0.05=0.0% mean=0.633 p10=0.540 p90=0.683
Iter 0030560: train nll 0.307, valid error 100.000%, best valid error 100.000%, avg grad norm  42.731, avg grad norm (post clip)   0.053, rho_Whh  1.13, Omega  0.00, alpha  0.000, steps in the past 0.000, valid nll 0.248
  [diag] log10|dL/dh_t| hist bins=60 range=(-5.28,-3.57) mean=-4.44 p50=-4.27 p05=-5.12 p95=-4.09
  [diag] sat-dist hist bins=60 sat<0.05=0.0% mean=0.633 p10=0.539 p90=0.683
Iter 0030580: train nll 0.259, valid error 100.000%, best valid error 100.000%, avg grad norm  49.034, avg grad norm (post clip)   0.053, rho_Whh  1.13, Omega  0.00, alpha  0.000, steps in the past 0.000, valid nll 0.248
  [diag] log10|dL/dh_t| hist bins=60 range=(-5.28,-3.57) mean=-4.61 p50=-4.72 p05=-5.13 p95=-4.12
  [diag] sat-dist hist bins=60 sat<0.05=0.0% mean=0.609 p10=0.534 p90=0.680
Iter 0030600: train nll 0.291, valid error 100.000%, best valid error 100.000%, avg grad norm  44.563, avg grad norm (post clip)   0.053, rho_Whh  1.13, Omega  0.00, alpha  0.000, steps in the past 0.000, valid nll 0.222
  [diag] log10|dL/dh_t| hist bins=60 range=(-5.28,-3.57) mean=-4.61 p50=-4.72 p05=-5.13 p95=-4.12
  [diag] sat-dist hist bins=60 sat<0.05=0.0% mean=0.609 p10=0.534 p90=0.680
Iter 0030620: train nll 0.262, valid error 100.000%, best valid error 100.000%, avg grad norm  44.957, avg grad norm (post clip)   0.053, rho_Whh  1.13, Omega  0.00, alpha  0.000, steps in the past 0.000, valid nll 0.222
  [diag] log10|dL/dh_t| hist bins=60 range=(-5.28,-3.57) mean=-4.44 p50=-4.27 p05=-5.12 p95=-4.09
  [diag] sat-dist hist bins=60 sat<0.05=0.0% mean=0.633 p10=0.540 p90=0.683
Iter 0030640: train nll 0.296, valid error 100.000%, best valid error 100.000%, avg grad norm  49.785, avg grad norm (post clip)   0.053, rho_Whh  1.13, Omega  0.00, alpha  0.000, steps in the past 0.000, valid nll 0.248
  [diag] log10|dL/dh_t| hist bins=60 range=(-5.28,-3.57) mean=-4.36 p50=-4.09 p05=-5.11 p95=-4.07
  [diag] sat-dist hist bins=60 sat<0.05=0.0% mean=0.644 p10=0.545 p90=0.685
Iter 0030660: train nll 0.328, valid error 100.000%, best valid error 100.000%, avg grad norm  40.883, avg grad norm (post clip)   0.053, rho_Whh  1.13, Omega  0.00, alpha  0.000, steps in the past 0.000, valid nll 0.275
  [diag] log10|dL/dh_t| hist bins=60 range=(-5.28,-3.57) mean=-4.36 p50=-4.09 p05=-5.10 p95=-4.07
  [diag] sat-dist hist bins=60 sat<0.05=0.0% mean=0.644 p10=0.545 p90=0.685
Iter 0030680: train nll 0.309, valid error 100.000%, best valid error 100.000%, avg grad norm  36.863, avg grad norm (post clip)   0.053, rho_Whh  1.13, Omega  0.00, alpha  0.000, steps in the past 0.000, valid nll 0.275
  [diag] log10|dL/dh_t| hist bins=60 range=(-5.28,-3.57) mean=-4.36 p50=-4.09 p05=-5.10 p95=-4.07
  [diag] sat-dist hist bins=60 sat<0.05=0.0% mean=0.644 p10=0.545 p90=0.685
Iter 0030700: train nll 0.328, valid error 100.000%, best valid error 100.000%, avg grad norm  34.807, avg grad norm (post clip)   0.053, rho_Whh  1.13, Omega  0.00, alpha  0.000, steps in the past 0.000, valid nll 0.275
  [diag] log10|dL/dh_t| hist bins=60 range=(-5.28,-3.57) mean=-4.46 p50=-4.36 p05=-5.12 p95=-4.10
  [diag] sat-dist hist bins=60 sat<0.05=0.0% mean=0.630 p10=0.539 p90=0.682
Iter 0030720: train nll 0.289, valid error 100.000%, best valid error 100.000%, avg grad norm  38.058, avg grad norm (post clip)   0.053, rho_Whh  1.13, Omega  0.00, alpha  0.000, steps in the past 0.000, valid nll 0.242
  [diag] log10|dL/dh_t| hist bins=60 range=(-5.28,-3.57) mean=-4.46 p50=-4.36 p05=-5.12 p95=-4.10
  [diag] sat-dist hist bins=60 sat<0.05=0.0% mean=0.630 p10=0.539 p90=0.682
Iter 0030740: train nll 0.294, valid error 100.000%, best valid error 100.000%, avg grad norm  42.433, avg grad norm (post clip)   0.053, rho_Whh  1.13, Omega  0.00, alpha  0.000, steps in the past 0.000, valid nll 0.242
  [diag] log10|dL/dh_t| hist bins=60 range=(-5.28,-3.57) mean=-4.46 p50=-4.36 p05=-5.12 p95=-4.10
  [diag] sat-dist hist bins=60 sat<0.05=0.0% mean=0.630 p10=0.539 p90=0.682
Iter 0030760: train nll 0.308, valid error 100.000%, best valid error 100.000%, avg grad norm  41.360, avg grad norm (post clip)   0.053, rho_Whh  1.13, Omega  0.00, alpha  0.000, steps in the past 0.000, valid nll 0.242
  [diag] log10|dL/dh_t| hist bins=60 range=(-5.28,-3.57) mean=-4.45 p50=-4.33 p05=-5.12 p95=-4.08
  [diag] sat-dist hist bins=60 sat<0.05=0.0% mean=0.631 p10=0.538 p90=0.684
Iter 0030780: train nll 0.269, valid error 100.000%, best valid error 100.000%, avg grad norm  32.683, avg grad norm (post clip)   0.053, rho_Whh  1.13, Omega  0.00, alpha  0.000, steps in the past 0.000, valid nll 0.244
  [diag] log10|dL/dh_t| hist bins=60 range=(-5.28,-3.57) mean=-4.45 p50=-4.33 p05=-5.12 p95=-4.08
  [diag] sat-dist hist bins=60 sat<0.05=0.0% mean=0.631 p10=0.538 p90=0.683
Iter 0030800: train nll 0.280, valid error 100.000%, best valid error 100.000%, avg grad norm  45.479, avg grad norm (post clip)   0.053, rho_Whh  1.13, Omega  0.00, alpha  0.000, steps in the past 0.000, valid nll 0.244
  [diag] log10|dL/dh_t| hist bins=60 range=(-5.29,-3.57) mean=-4.64 p50=-4.76 p05=-5.14 p95=-4.11
  [diag] sat-dist hist bins=60 sat<0.05=0.0% mean=0.604 p10=0.533 p90=0.680
Iter 0030820: train nll 0.294, valid error 100.000%, best valid error 100.000%, avg grad norm  44.749, avg grad norm (post clip)   0.053, rho_Whh  1.13, Omega  0.00, alpha  0.000, steps in the past 0.000, valid nll 0.221
  [diag] log10|dL/dh_t| hist bins=60 range=(-5.29,-3.57) mean=-4.64 p50=-4.76 p05=-5.14 p95=-4.11
  [diag] sat-dist hist bins=60 sat<0.05=0.0% mean=0.604 p10=0.533 p90=0.680
Iter 0030840: train nll 0.270, valid error 100.000%, best valid error 100.000%, avg grad norm  40.495, avg grad norm (post clip)   0.053, rho_Whh  1.13, Omega  0.00, alpha  0.000, steps in the past 0.000, valid nll 0.221
  [diag] log10|dL/dh_t| hist bins=60 range=(-5.28,-3.57) mean=-4.45 p50=-4.32 p05=-5.12 p95=-4.09
  [diag] sat-dist hist bins=60 sat<0.05=0.0% mean=0.631 p10=0.538 p90=0.683
Iter 0030860: train nll 0.281, valid error 100.000%, best valid error 100.000%, avg grad norm  44.296, avg grad norm (post clip)   0.053, rho_Whh  1.13, Omega  0.00, alpha  0.000, steps in the past 0.000, valid nll 0.245
  [diag] log10|dL/dh_t| hist bins=60 range=(-5.28,-3.57) mean=-4.45 p50=-4.33 p05=-5.12 p95=-4.09
  [diag] sat-dist hist bins=60 sat<0.05=0.0% mean=0.631 p10=0.538 p90=0.683
Iter 0030880: train nll 0.285, valid error 100.000%, best valid error 100.000%, avg grad norm  44.558, avg grad norm (post clip)   0.053, rho_Whh  1.13, Omega  0.00, alpha  0.000, steps in the past 0.000, valid nll 0.244
  [diag] log10|dL/dh_t| hist bins=60 range=(-5.28,-3.57) mean=-4.45 p50=-4.32 p05=-5.12 p95=-4.09
  [diag] sat-dist hist bins=60 sat<0.05=0.0% mean=0.631 p10=0.539 p90=0.683
Iter 0030900: train nll 0.308, valid error 100.000%, best valid error 100.000%, avg grad norm  42.369, avg grad norm (post clip)   0.053, rho_Whh  1.13, Omega  0.00, alpha  0.000, steps in the past 0.000, valid nll 0.244
  [diag] log10|dL/dh_t| hist bins=60 range=(-5.28,-3.57) mean=-4.45 p50=-4.32 p05=-5.12 p95=-4.09
  [diag] sat-dist hist bins=60 sat<0.05=0.0% mean=0.631 p10=0.539 p90=0.683
Iter 0030920: train nll 0.333, valid error 100.000%, best valid error 100.000%, avg grad norm  40.034, avg grad norm (post clip)   0.053, rho_Whh  1.13, Omega  0.00, alpha  0.000, steps in the past 0.000, valid nll 0.244
  [diag] log10|dL/dh_t| hist bins=60 range=(-5.28,-3.57) mean=-4.52 p50=-4.55 p05=-5.13 p95=-4.10
  [diag] sat-dist hist bins=60 sat<0.05=0.0% mean=0.622 p10=0.536 p90=0.682
Iter 0030940: train nll 0.266, valid error 100.000%, best valid error 100.000%, avg grad norm  40.516, avg grad norm (post clip)   0.053, rho_Whh  1.13, Omega  0.00, alpha  0.000, steps in the past 0.000, valid nll 0.231
  [diag] log10|dL/dh_t| hist bins=60 range=(-5.28,-3.57) mean=-4.51 p50=-4.54 p05=-5.13 p95=-4.10
  [diag] sat-dist hist bins=60 sat<0.05=0.0% mean=0.623 p10=0.536 p90=0.682
Iter 0030960: train nll 0.286, valid error 100.000%, best valid error 100.000%, avg grad norm  40.992, avg grad norm (post clip)   0.053, rho_Whh  1.13, Omega  0.00, alpha  0.000, steps in the past 0.000, valid nll 0.232
  [diag] log10|dL/dh_t| hist bins=60 range=(-5.28,-3.57) mean=-4.39 p50=-4.13 p05=-5.11 p95=-4.08
  [diag] sat-dist hist bins=60 sat<0.05=0.0% mean=0.640 p10=0.542 p90=0.684
Iter 0030980: train nll 0.311, valid error 100.000%, best valid error 100.000%, avg grad norm  46.009, avg grad norm (post clip)   0.053, rho_Whh  1.13, Omega  0.00, alpha  0.000, steps in the past 0.000, valid nll 0.263
  [diag] log10|dL/dh_t| hist bins=60 range=(-5.28,-3.57) mean=-4.39 p50=-4.12 p05=-5.11 p95=-4.08
  [diag] sat-dist hist bins=60 sat<0.05=0.0% mean=0.640 p10=0.542 p90=0.685
Iter 0031000: train nll 0.285, valid error 100.000%, best valid error 100.000%, avg grad norm  43.825, avg grad norm (post clip)   0.053, rho_Whh  1.13, Omega  0.00, alpha  0.000, steps in the past 0.000, valid nll 0.263
  [diag] log10|dL/dh_t| hist bins=60 range=(-5.28,-3.57) mean=-4.51 p50=-4.53 p05=-5.13 p95=-4.10
  [diag] sat-dist hist bins=60 sat<0.05=0.0% mean=0.623 p10=0.537 p90=0.682
Iter 0031020: train nll 0.302, valid error 100.000%, best valid error 100.000%, avg grad norm  39.591, avg grad norm (post clip)   0.053, rho_Whh  1.13, Omega  0.00, alpha  0.000, steps in the past 0.000, valid nll 0.232
  [diag] log10|dL/dh_t| hist bins=60 range=(-5.28,-3.57) mean=-4.51 p50=-4.52 p05=-5.13 p95=-4.11
  [diag] sat-dist hist bins=60 sat<0.05=0.0% mean=0.624 p10=0.537 p90=0.681
Iter 0031040: train nll 0.299, valid error 100.000%, best valid error 100.000%, avg grad norm  43.448, avg grad norm (post clip)   0.053, rho_Whh  1.13, Omega  0.00, alpha  0.000, steps in the past 0.000, valid nll 0.232
  [diag] log10|dL/dh_t| hist bins=60 range=(-5.28,-3.57) mean=-4.51 p50=-4.52 p05=-5.13 p95=-4.11
  [diag] sat-dist hist bins=60 sat<0.05=0.0% mean=0.624 p10=0.537 p90=0.681
Iter 0031060: train nll 0.315, valid error 100.000%, best valid error 100.000%, avg grad norm  38.876, avg grad norm (post clip)   0.053, rho_Whh  1.13, Omega  0.00, alpha  0.000, steps in the past 0.000, valid nll 0.232
  [diag] log10|dL/dh_t| hist bins=60 range=(-5.28,-3.57) mean=-4.40 p50=-4.14 p05=-5.11 p95=-4.08
  [diag] sat-dist hist bins=60 sat<0.05=0.0% mean=0.639 p10=0.542 p90=0.684
Iter 0031080: train nll 0.319, valid error 100.000%, best valid error 100.000%, avg grad norm  39.261, avg grad norm (post clip)   0.053, rho_Whh  1.13, Omega  0.00, alpha  0.000, steps in the past 0.000, valid nll 0.261
  [diag] log10|dL/dh_t| hist bins=60 range=(-5.28,-3.57) mean=-4.50 p50=-4.50 p05=-5.13 p95=-4.10
  [diag] sat-dist hist bins=60 sat<0.05=0.0% mean=0.625 p10=0.537 p90=0.682
Iter 0031100: train nll 0.271, valid error 100.000%, best valid error 100.000%, avg grad norm  43.733, avg grad norm (post clip)   0.053, rho_Whh  1.13, Omega  0.00, alpha  0.000, steps in the past 0.000, valid nll 0.234
  [diag] log10|dL/dh_t| hist bins=60 range=(-5.28,-3.57) mean=-4.38 p50=-4.10 p05=-5.11 p95=-4.07
  [diag] sat-dist hist bins=60 sat<0.05=0.0% mean=0.642 p10=0.543 p90=0.685
Iter 0031120: train nll 0.297, valid error 100.000%, best valid error 100.000%, avg grad norm  39.023, avg grad norm (post clip)   0.053, rho_Whh  1.13, Omega  0.00, alpha  0.000, steps in the past 0.000, valid nll 0.268
  [diag] log10|dL/dh_t| hist bins=60 range=(-5.29,-3.57) mean=-4.73 p50=-4.82 p05=-5.14 p95=-4.19
  [diag] sat-dist hist bins=60 sat<0.05=0.0% mean=0.591 p10=0.532 p90=0.659
Iter 0031140: train nll 0.284, valid error 100.000%, best valid error 100.000%, avg grad norm  44.006, avg grad norm (post clip)   0.053, rho_Whh  1.13, Omega  0.00, alpha  0.000, steps in the past 0.000, valid nll 0.223
  [diag] log10|dL/dh_t| hist bins=60 range=(-5.28,-3.57) mean=-4.31 p50=-4.07 p05=-5.10 p95=-4.05
  [diag] sat-dist hist bins=60 sat<0.05=0.0% mean=0.651 p10=0.549 p90=0.687
Iter 0031160: train nll 0.312, valid error 100.000%, best valid error 100.000%, avg grad norm  46.011, avg grad norm (post clip)   0.053, rho_Whh  1.13, Omega  0.00, alpha  0.000, steps in the past 0.000, valid nll 0.295
  [diag] log10|dL/dh_t| hist bins=60 range=(-5.28,-3.57) mean=-4.48 p50=-4.43 p05=-5.12 p95=-4.10
  [diag] sat-dist hist bins=60 sat<0.05=0.0% mean=0.628 p10=0.538 p90=0.682
Iter 0031180: train nll 0.308, valid error 100.000%, best valid error 100.000%, avg grad norm  34.853, avg grad norm (post clip)   0.053, rho_Whh  1.13, Omega  0.00, alpha  0.000, steps in the past 0.000, valid nll 0.238
  [diag] log10|dL/dh_t| hist bins=60 range=(-5.28,-3.57) mean=-4.51 p50=-4.51 p05=-5.13 p95=-4.10
  [diag] sat-dist hist bins=60 sat<0.05=0.0% mean=0.624 p10=0.537 p90=0.682
Iter 0031200: train nll 0.310, valid error 100.000%, best valid error 100.000%, avg grad norm  38.960, avg grad norm (post clip)   0.053, rho_Whh  1.13, Omega  0.00, alpha  0.000, steps in the past 0.000, valid nll 0.233
  [diag] log10|dL/dh_t| hist bins=60 range=(-5.28,-3.57) mean=-4.32 p50=-4.08 p05=-5.10 p95=-4.05
  [diag] sat-dist hist bins=60 sat<0.05=0.0% mean=0.650 p10=0.549 p90=0.687
Iter 0031220: train nll 0.306, valid error 100.000%, best valid error 100.000%, avg grad norm  36.762, avg grad norm (post clip)   0.053, rho_Whh  1.13, Omega  0.00, alpha  0.000, steps in the past 0.000, valid nll 0.291
  [diag] log10|dL/dh_t| hist bins=60 range=(-5.29,-3.50) mean=-4.79 p50=-4.86 p05=-5.14 p95=-4.22
  [diag] sat-dist hist bins=60 sat<0.05=0.0% mean=0.579 p10=0.531 p90=0.627
Iter 0031240: train nll 0.293, valid error 100.000%, best valid error 100.000%, avg grad norm  37.328, avg grad norm (post clip)   0.053, rho_Whh  1.13, Omega  0.00, alpha  0.000, steps in the past 0.000, valid nll 0.233
  [diag] log10|dL/dh_t| hist bins=60 range=(-5.29,-3.57) mean=-4.52 p50=-4.54 p05=-5.13 p95=-4.10
  [diag] sat-dist hist bins=60 sat<0.05=0.0% mean=0.623 p10=0.536 p90=0.682
Iter 0031260: train nll 0.300, valid error 100.000%, best valid error 100.000%, avg grad norm  49.724, avg grad norm (post clip)   0.053, rho_Whh  1.13, Omega  0.00, alpha  0.000, steps in the past 0.000, valid nll 0.231
  [diag] log10|dL/dh_t| hist bins=60 range=(-5.28,-3.57) mean=-4.39 p50=-4.13 p05=-5.12 p95=-4.07
  [diag] sat-dist hist bins=60 sat<0.05=0.0% mean=0.640 p10=0.542 p90=0.685
Iter 0031280: train nll 0.278, valid error 100.000%, best valid error 100.000%, avg grad norm  39.786, avg grad norm (post clip)   0.053, rho_Whh  1.13, Omega  0.00, alpha  0.000, steps in the past 0.000, valid nll 0.262
  [diag] log10|dL/dh_t| hist bins=60 range=(-5.29,-3.57) mean=-4.52 p50=-4.54 p05=-5.13 p95=-4.10
  [diag] sat-dist hist bins=60 sat<0.05=0.0% mean=0.623 p10=0.536 p90=0.682
Iter 0031300: train nll 0.251, valid error 100.000%, best valid error 100.000%, avg grad norm  51.467, avg grad norm (post clip)   0.053, rho_Whh  1.13, Omega  0.00, alpha  0.000, steps in the past 0.000, valid nll 0.231
  [diag] log10|dL/dh_t| hist bins=60 range=(-5.28,-3.57) mean=-4.39 p50=-4.11 p05=-5.12 p95=-4.07
  [diag] sat-dist hist bins=60 sat<0.05=0.0% mean=0.641 p10=0.542 p90=0.685
Iter 0031320: train nll 0.305, valid error 100.000%, best valid error 100.000%, avg grad norm  37.640, avg grad norm (post clip)   0.053, rho_Whh  1.13, Omega  0.00, alpha  0.000, steps in the past 0.000, valid nll 0.264
  [diag] log10|dL/dh_t| hist bins=60 range=(-5.28,-3.57) mean=-4.39 p50=-4.11 p05=-5.12 p95=-4.07
  [diag] sat-dist hist bins=60 sat<0.05=0.0% mean=0.641 p10=0.542 p90=0.685
Iter 0031340: train nll 0.282, valid error 100.000%, best valid error 100.000%, avg grad norm  44.482, avg grad norm (post clip)   0.053, rho_Whh  1.13, Omega  0.00, alpha  0.000, steps in the past 0.000, valid nll 0.264
  [diag] log10|dL/dh_t| hist bins=60 range=(-5.29,-3.57) mean=-4.51 p50=-4.52 p05=-5.13 p95=-4.10
  [diag] sat-dist hist bins=60 sat<0.05=0.0% mean=0.624 p10=0.536 p90=0.682
Iter 0031360: train nll 0.310, valid error 100.000%, best valid error 100.000%, avg grad norm  43.851, avg grad norm (post clip)   0.053, rho_Whh  1.13, Omega  0.00, alpha  0.000, steps in the past 0.000, valid nll 0.233
  [diag] log10|dL/dh_t| hist bins=60 range=(-5.28,-3.57) mean=-4.39 p50=-4.12 p05=-5.11 p95=-4.07
  [diag] sat-dist hist bins=60 sat<0.05=0.0% mean=0.641 p10=0.542 p90=0.685
Iter 0031380: train nll 0.316, valid error 100.000%, best valid error 100.000%, avg grad norm  46.679, avg grad norm (post clip)   0.053, rho_Whh  1.13, Omega  0.00, alpha  0.000, steps in the past 0.000, valid nll 0.264
  [diag] log10|dL/dh_t| hist bins=60 range=(-5.29,-3.57) mean=-4.50 p50=-4.51 p05=-5.13 p95=-4.10
  [diag] sat-dist hist bins=60 sat<0.05=0.0% mean=0.624 p10=0.536 p90=0.682
Iter 0031400: train nll 0.295, valid error 100.000%, best valid error 100.000%, avg grad norm  30.400, avg grad norm (post clip)   0.053, rho_Whh  1.13, Omega  0.00, alpha  0.000, steps in the past 0.000, valid nll 0.233
  [diag] log10|dL/dh_t| hist bins=60 range=(-5.28,-3.57) mean=-4.39 p50=-4.11 p05=-5.11 p95=-4.07
  [diag] sat-dist hist bins=60 sat<0.05=0.0% mean=0.641 p10=0.542 p90=0.685
Iter 0031420: train nll 0.327, valid error 100.000%, best valid error 100.000%, avg grad norm  41.328, avg grad norm (post clip)   0.053, rho_Whh  1.13, Omega  0.00, alpha  0.000, steps in the past 0.000, valid nll 0.264
  [diag] log10|dL/dh_t| hist bins=60 range=(-5.29,-3.57) mean=-4.50 p50=-4.51 p05=-5.13 p95=-4.10
  [diag] sat-dist hist bins=60 sat<0.05=0.0% mean=0.624 p10=0.537 p90=0.682
Iter 0031440: train nll 0.283, valid error 100.000%, best valid error 100.000%, avg grad norm  43.885, avg grad norm (post clip)   0.053, rho_Whh  1.13, Omega  0.00, alpha  0.000, steps in the past 0.000, valid nll 0.233
  [diag] log10|dL/dh_t| hist bins=60 range=(-5.29,-3.57) mean=-4.51 p50=-4.54 p05=-5.13 p95=-4.10
  [diag] sat-dist hist bins=60 sat<0.05=0.0% mean=0.623 p10=0.536 p90=0.682
Iter 0031460: train nll 0.257, valid error 100.000%, best valid error 100.000%, avg grad norm  43.253, avg grad norm (post clip)   0.053, rho_Whh  1.13, Omega  0.00, alpha  0.000, steps in the past 0.000, valid nll 0.231
  [diag] log10|dL/dh_t| hist bins=60 range=(-5.29,-3.57) mean=-4.51 p50=-4.54 p05=-5.13 p95=-4.10
  [diag] sat-dist hist bins=60 sat<0.05=0.0% mean=0.623 p10=0.536 p90=0.682
Iter 0031480: train nll 0.264, valid error 100.000%, best valid error 100.000%, avg grad norm  50.044, avg grad norm (post clip)   0.053, rho_Whh  1.13, Omega  0.00, alpha  0.000, steps in the past 0.000, valid nll 0.232
  [diag] log10|dL/dh_t| hist bins=60 range=(-5.29,-3.51) mean=-4.79 p50=-4.85 p05=-5.14 p95=-4.23
  [diag] sat-dist hist bins=60 sat<0.05=0.0% mean=0.581 p10=0.531 p90=0.631
Iter 0031500: train nll 0.281, valid error 100.000%, best valid error 100.000%, avg grad norm  47.407, avg grad norm (post clip)   0.053, rho_Whh  1.13, Omega  0.00, alpha  0.000, steps in the past 0.000, valid nll 0.231
  [diag] log10|dL/dh_t| hist bins=60 range=(-5.29,-3.57) mean=-4.52 p50=-4.54 p05=-5.13 p95=-4.10
  [diag] sat-dist hist bins=60 sat<0.05=0.0% mean=0.623 p10=0.536 p90=0.682
Iter 0031520: train nll 0.257, valid error 100.000%, best valid error 100.000%, avg grad norm  48.275, avg grad norm (post clip)   0.053, rho_Whh  1.13, Omega  0.00, alpha  0.000, steps in the past 0.000, valid nll 0.231
  [diag] log10|dL/dh_t| hist bins=60 range=(-5.29,-3.57) mean=-4.52 p50=-4.54 p05=-5.13 p95=-4.10
  [diag] sat-dist hist bins=60 sat<0.05=0.0% mean=0.623 p10=0.536 p90=0.682
Iter 0031540: train nll 0.267, valid error 100.000%, best valid error 100.000%, avg grad norm  42.729, avg grad norm (post clip)   0.053, rho_Whh  1.13, Omega  0.00, alpha  0.000, steps in the past 0.000, valid nll 0.231
  [diag] log10|dL/dh_t| hist bins=60 range=(-5.29,-3.57) mean=-4.52 p50=-4.54 p05=-5.13 p95=-4.10
  [diag] sat-dist hist bins=60 sat<0.05=0.0% mean=0.623 p10=0.536 p90=0.682
Iter 0031560: train nll 0.274, valid error 100.000%, best valid error 100.000%, avg grad norm  49.360, avg grad norm (post clip)   0.053, rho_Whh  1.13, Omega  0.00, alpha  0.000, steps in the past 0.000, valid nll 0.231
  [diag] log10|dL/dh_t| hist bins=60 range=(-5.29,-3.57) mean=-4.52 p50=-4.54 p05=-5.13 p95=-4.11
  [diag] sat-dist hist bins=60 sat<0.05=0.0% mean=0.623 p10=0.536 p90=0.682
Iter 0031580: train nll 0.284, valid error 100.000%, best valid error 100.000%, avg grad norm  47.596, avg grad norm (post clip)   0.053, rho_Whh  1.13, Omega  0.00, alpha  0.000, steps in the past 0.000, valid nll 0.231
  [diag] log10|dL/dh_t| hist bins=60 range=(-5.29,-3.57) mean=-4.51 p50=-4.54 p05=-5.13 p95=-4.11
  [diag] sat-dist hist bins=60 sat<0.05=0.0% mean=0.623 p10=0.537 p90=0.682
Iter 0031600: train nll 0.286, valid error 100.000%, best valid error 100.000%, avg grad norm  38.702, avg grad norm (post clip)   0.053, rho_Whh  1.13, Omega  0.00, alpha  0.000, steps in the past 0.000, valid nll 0.231
  [diag] log10|dL/dh_t| hist bins=60 range=(-5.29,-3.57) mean=-4.51 p50=-4.53 p05=-5.13 p95=-4.11
  [diag] sat-dist hist bins=60 sat<0.05=0.0% mean=0.623 p10=0.537 p90=0.682
Iter 0031620: train nll 0.291, valid error 100.000%, best valid error 100.000%, avg grad norm  44.029, avg grad norm (post clip)   0.053, rho_Whh  1.13, Omega  0.00, alpha  0.000, steps in the past 0.000, valid nll 0.231
  [diag] log10|dL/dh_t| hist bins=60 range=(-5.29,-3.57) mean=-4.51 p50=-4.53 p05=-5.13 p95=-4.11
  [diag] sat-dist hist bins=60 sat<0.05=0.0% mean=0.624 p10=0.537 p90=0.681
Iter 0031640: train nll 0.287, valid error 100.000%, best valid error 100.000%, avg grad norm  46.047, avg grad norm (post clip)   0.053, rho_Whh  1.13, Omega  0.00, alpha  0.000, steps in the past 0.000, valid nll 0.232
  [diag] log10|dL/dh_t| hist bins=60 range=(-5.28,-3.57) mean=-4.39 p50=-4.13 p05=-5.11 p95=-4.08
  [diag] sat-dist hist bins=60 sat<0.05=0.0% mean=0.640 p10=0.543 p90=0.684
Iter 0031660: train nll 0.321, valid error 100.000%, best valid error 100.000%, avg grad norm  42.589, avg grad norm (post clip)   0.053, rho_Whh  1.13, Omega  0.00, alpha  0.000, steps in the past 0.000, valid nll 0.262
  [diag] log10|dL/dh_t| hist bins=60 range=(-5.29,-3.53) mean=-4.76 p50=-4.83 p05=-5.14 p95=-4.23
  [diag] sat-dist hist bins=60 sat<0.05=0.0% mean=0.585 p10=0.532 p90=0.640
Iter 0031680: train nll 0.276, valid error 100.000%, best valid error 100.000%, avg grad norm  46.813, avg grad norm (post clip)   0.053, rho_Whh  1.13, Omega  0.00, alpha  0.000, steps in the past 0.000, valid nll 0.227
  [diag] log10|dL/dh_t| hist bins=60 range=(-5.29,-3.55) mean=-4.75 p50=-4.83 p05=-5.14 p95=-4.23
  [diag] sat-dist hist bins=60 sat<0.05=0.0% mean=0.588 p10=0.532 p90=0.649
Iter 0031700: train nll 0.266, valid error 100.000%, best valid error 100.000%, avg grad norm  43.958, avg grad norm (post clip)   0.053, rho_Whh  1.13, Omega  0.00, alpha  0.000, steps in the past 0.000, valid nll 0.225
  [diag] log10|dL/dh_t| hist bins=60 range=(-5.29,-3.56) mean=-4.74 p50=-4.82 p05=-5.14 p95=-4.23
  [diag] sat-dist hist bins=60 sat<0.05=0.0% mean=0.589 p10=0.532 p90=0.651
Iter 0031720: train nll 0.257, valid error 100.000%, best valid error 100.000%, avg grad norm  49.176, avg grad norm (post clip)   0.053, rho_Whh  1.13, Omega  0.00, alpha  0.000, steps in the past 0.000, valid nll 0.224
  [diag] log10|dL/dh_t| hist bins=60 range=(-5.29,-3.57) mean=-4.72 p50=-4.81 p05=-5.14 p95=-4.16
  [diag] sat-dist hist bins=60 sat<0.05=0.0% mean=0.593 p10=0.532 p90=0.664
Iter 0031740: train nll 0.248, valid error 100.000%, best valid error 100.000%, avg grad norm  45.567, avg grad norm (post clip)   0.053, rho_Whh  1.13, Omega  0.00, alpha  0.000, steps in the past 0.000, valid nll 0.221
  [diag] log10|dL/dh_t| hist bins=60 range=(-5.29,-3.57) mean=-4.48 p50=-4.43 p05=-5.13 p95=-4.10
  [diag] sat-dist hist bins=60 sat<0.05=0.0% mean=0.628 p10=0.538 p90=0.683
Iter 0031760: train nll 0.308, valid error 100.000%, best valid error 100.000%, avg grad norm  42.037, avg grad norm (post clip)   0.053, rho_Whh  1.13, Omega  0.00, alpha  0.000, steps in the past 0.000, valid nll 0.237
  [diag] log10|dL/dh_t| hist bins=60 range=(-5.28,-3.57) mean=-4.38 p50=-4.10 p05=-5.11 p95=-4.07
  [diag] sat-dist hist bins=60 sat<0.05=0.0% mean=0.643 p10=0.544 p90=0.686
Iter 0031780: train nll 0.307, valid error 100.000%, best valid error 100.000%, avg grad norm  40.104, avg grad norm (post clip)   0.053, rho_Whh  1.13, Omega  0.00, alpha  0.000, steps in the past 0.000, valid nll 0.268
  [diag] log10|dL/dh_t| hist bins=60 range=(-5.29,-3.57) mean=-4.48 p50=-4.43 p05=-5.13 p95=-4.10
  [diag] sat-dist hist bins=60 sat<0.05=0.0% mean=0.628 p10=0.538 p90=0.682
Iter 0031800: train nll 0.318, valid error 100.000%, best valid error 100.000%, avg grad norm  36.602, avg grad norm (post clip)   0.053, rho_Whh  1.13, Omega  0.00, alpha  0.000, steps in the past 0.000, valid nll 0.237
  [diag] log10|dL/dh_t| hist bins=60 range=(-5.29,-3.57) mean=-4.48 p50=-4.43 p05=-5.13 p95=-4.10
  [diag] sat-dist hist bins=60 sat<0.05=0.0% mean=0.628 p10=0.538 p90=0.682
Iter 0031820: train nll 0.281, valid error 100.000%, best valid error 100.000%, avg grad norm  47.455, avg grad norm (post clip)   0.053, rho_Whh  1.13, Omega  0.00, alpha  0.000, steps in the past 0.000, valid nll 0.237
  [diag] log10|dL/dh_t| hist bins=60 range=(-5.28,-3.57) mean=-4.38 p50=-4.10 p05=-5.11 p95=-4.08
  [diag] sat-dist hist bins=60 sat<0.05=0.0% mean=0.643 p10=0.544 p90=0.685
Iter 0031840: train nll 0.314, valid error 100.000%, best valid error 100.000%, avg grad norm  38.909, avg grad norm (post clip)   0.053, rho_Whh  1.13, Omega  0.00, alpha  0.000, steps in the past 0.000, valid nll 0.268
  [diag] log10|dL/dh_t| hist bins=60 range=(-5.28,-3.57) mean=-4.37 p50=-4.10 p05=-5.11 p95=-4.07
  [diag] sat-dist hist bins=60 sat<0.05=0.0% mean=0.644 p10=0.544 p90=0.685
Iter 0031860: train nll 0.317, valid error 100.000%, best valid error 100.000%, avg grad norm  36.412, avg grad norm (post clip)   0.053, rho_Whh  1.13, Omega  0.00, alpha  0.000, steps in the past 0.000, valid nll 0.270
  [diag] log10|dL/dh_t| hist bins=60 range=(-5.29,-3.57) mean=-4.47 p50=-4.39 p05=-5.12 p95=-4.10
  [diag] sat-dist hist bins=60 sat<0.05=0.0% mean=0.629 p10=0.538 p90=0.682
Iter 0031880: train nll 0.280, valid error 100.000%, best valid error 100.000%, avg grad norm  40.757, avg grad norm (post clip)   0.053, rho_Whh  1.13, Omega  0.00, alpha  0.000, steps in the past 0.000, valid nll 0.239
  [diag] log10|dL/dh_t| hist bins=60 range=(-5.29,-3.57) mean=-4.47 p50=-4.39 p05=-5.12 p95=-4.10
  [diag] sat-dist hist bins=60 sat<0.05=0.0% mean=0.629 p10=0.539 p90=0.682
Iter 0031900: train nll 0.273, valid error 100.000%, best valid error 100.000%, avg grad norm  48.436, avg grad norm (post clip)   0.053, rho_Whh  1.13, Omega  0.00, alpha  0.000, steps in the past 0.000, valid nll 0.239
  [diag] log10|dL/dh_t| hist bins=60 range=(-5.29,-3.57) mean=-4.47 p50=-4.39 p05=-5.12 p95=-4.11
  [diag] sat-dist hist bins=60 sat<0.05=0.0% mean=0.629 p10=0.539 p90=0.682
Iter 0031920: train nll 0.319, valid error 100.000%, best valid error 100.000%, avg grad norm  41.163, avg grad norm (post clip)   0.053, rho_Whh  1.13, Omega  0.00, alpha  0.000, steps in the past 0.000, valid nll 0.239
  [diag] log10|dL/dh_t| hist bins=60 range=(-5.28,-3.57) mean=-4.37 p50=-4.11 p05=-5.11 p95=-4.08
  [diag] sat-dist hist bins=60 sat<0.05=0.0% mean=0.644 p10=0.545 p90=0.685
Iter 0031940: train nll 0.319, valid error 100.000%, best valid error 100.000%, avg grad norm  44.099, avg grad norm (post clip)   0.053, rho_Whh  1.13, Omega  0.00, alpha  0.000, steps in the past 0.000, valid nll 0.269
  [diag] log10|dL/dh_t| hist bins=60 range=(-5.29,-3.57) mean=-4.47 p50=-4.39 p05=-5.12 p95=-4.11
  [diag] sat-dist hist bins=60 sat<0.05=0.0% mean=0.629 p10=0.539 p90=0.682
Iter 0031960: train nll 0.289, valid error 100.000%, best valid error 100.000%, avg grad norm  37.588, avg grad norm (post clip)   0.053, rho_Whh  1.13, Omega  0.00, alpha  0.000, steps in the past 0.000, valid nll 0.239
  [diag] log10|dL/dh_t| hist bins=60 range=(-5.29,-3.57) mean=-4.47 p50=-4.38 p05=-5.12 p95=-4.11
  [diag] sat-dist hist bins=60 sat<0.05=0.0% mean=0.630 p10=0.539 p90=0.682
Iter 0031980: train nll 0.326, valid error 100.000%, best valid error 100.000%, avg grad norm  41.414, avg grad norm (post clip)   0.053, rho_Whh  1.13, Omega  0.00, alpha  0.000, steps in the past 0.000, valid nll 0.240
  [diag] log10|dL/dh_t| hist bins=60 range=(-5.29,-3.57) mean=-4.67 p50=-4.77 p05=-5.14 p95=-4.14
  [diag] sat-dist hist bins=60 sat<0.05=0.0% mean=0.601 p10=0.534 p90=0.675
Iter 0032000: train nll 0.291, valid error 100.000%, best valid error 100.000%, avg grad norm  40.048, avg grad norm (post clip)   0.053, rho_Whh  1.13, Omega  0.00, alpha  0.000, steps in the past 0.000, valid nll 0.220
  [diag] log10|dL/dh_t| hist bins=60 range=(-5.29,-3.57) mean=-4.47 p50=-4.39 p05=-5.12 p95=-4.11
  [diag] sat-dist hist bins=60 sat<0.05=0.0% mean=0.630 p10=0.539 p90=0.682
Iter 0032020: train nll 0.297, valid error 100.000%, best valid error 100.000%, avg grad norm  37.788, avg grad norm (post clip)   0.053, rho_Whh  1.13, Omega  0.00, alpha  0.000, steps in the past 0.000, valid nll 0.239
  [diag] log10|dL/dh_t| hist bins=60 range=(-5.28,-3.57) mean=-4.38 p50=-4.11 p05=-5.11 p95=-4.08
  [diag] sat-dist hist bins=60 sat<0.05=0.0% mean=0.643 p10=0.545 p90=0.685
Iter 0032040: train nll 0.309, valid error 100.000%, best valid error 100.000%, avg grad norm  33.570, avg grad norm (post clip)   0.053, rho_Whh  1.13, Omega  0.00, alpha  0.000, steps in the past 0.000, valid nll 0.268
  [diag] log10|dL/dh_t| hist bins=60 range=(-5.29,-3.57) mean=-4.48 p50=-4.40 p05=-5.12 p95=-4.11
  [diag] sat-dist hist bins=60 sat<0.05=0.0% mean=0.629 p10=0.539 p90=0.682
Iter 0032060: train nll 0.290, valid error 100.000%, best valid error 100.000%, avg grad norm  37.479, avg grad norm (post clip)   0.053, rho_Whh  1.13, Omega  0.00, alpha  0.000, steps in the past 0.000, valid nll 0.238
  [diag] log10|dL/dh_t| hist bins=60 range=(-5.29,-3.57) mean=-4.48 p50=-4.40 p05=-5.12 p95=-4.11
  [diag] sat-dist hist bins=60 sat<0.05=0.0% mean=0.629 p10=0.539 p90=0.682
Iter 0032080: train nll 0.300, valid error 100.000%, best valid error 100.000%, avg grad norm  35.674, avg grad norm (post clip)   0.053, rho_Whh  1.13, Omega  0.00, alpha  0.000, steps in the past 0.000, valid nll 0.238
  [diag] log10|dL/dh_t| hist bins=60 range=(-5.29,-3.57) mean=-4.48 p50=-4.40 p05=-5.12 p95=-4.11
  [diag] sat-dist hist bins=60 sat<0.05=0.0% mean=0.629 p10=0.539 p90=0.682
Iter 0032100: train nll 0.302, valid error 100.000%, best valid error 100.000%, avg grad norm  44.123, avg grad norm (post clip)   0.053, rho_Whh  1.13, Omega  0.00, alpha  0.000, steps in the past 0.000, valid nll 0.238
  [diag] log10|dL/dh_t| hist bins=60 range=(-5.29,-3.57) mean=-4.48 p50=-4.40 p05=-5.12 p95=-4.11
  [diag] sat-dist hist bins=60 sat<0.05=0.0% mean=0.629 p10=0.539 p90=0.682
Iter 0032120: train nll 0.309, valid error 100.000%, best valid error 100.000%, avg grad norm  37.661, avg grad norm (post clip)   0.053, rho_Whh  1.13, Omega  0.00, alpha  0.000, steps in the past 0.000, valid nll 0.238
  [diag] log10|dL/dh_t| hist bins=60 range=(-5.29,-3.57) mean=-4.48 p50=-4.40 p05=-5.12 p95=-4.11
  [diag] sat-dist hist bins=60 sat<0.05=0.0% mean=0.629 p10=0.539 p90=0.682
Iter 0032140: train nll 0.279, valid error 100.000%, best valid error 100.000%, avg grad norm  39.949, avg grad norm (post clip)   0.053, rho_Whh  1.13, Omega  0.00, alpha  0.000, steps in the past 0.000, valid nll 0.238
  [diag] log10|dL/dh_t| hist bins=60 range=(-5.29,-3.57) mean=-4.48 p50=-4.40 p05=-5.12 p95=-4.11
  [diag] sat-dist hist bins=60 sat<0.05=0.0% mean=0.629 p10=0.539 p90=0.682
Iter 0032160: train nll 0.256, valid error 100.000%, best valid error 100.000%, avg grad norm  49.369, avg grad norm (post clip)   0.053, rho_Whh  1.13, Omega  0.00, alpha  0.000, steps in the past 0.000, valid nll 0.238
  [diag] log10|dL/dh_t| hist bins=60 range=(-5.29,-3.57) mean=-4.48 p50=-4.39 p05=-5.12 p95=-4.12
  [diag] sat-dist hist bins=60 sat<0.05=0.0% mean=0.629 p10=0.539 p90=0.681
Iter 0032180: train nll 0.321, valid error 100.000%, best valid error 100.000%, avg grad norm  38.467, avg grad norm (post clip)   0.053, rho_Whh  1.13, Omega  0.00, alpha  0.000, steps in the past 0.000, valid nll 0.238
  [diag] log10|dL/dh_t| hist bins=60 range=(-5.29,-3.57) mean=-4.68 p50=-4.78 p05=-5.14 p95=-4.16
  [diag] sat-dist hist bins=60 sat<0.05=0.0% mean=0.599 p10=0.534 p90=0.672
Iter 0032200: train nll 0.290, valid error 100.000%, best valid error 100.000%, avg grad norm  41.243, avg grad norm (post clip)   0.053, rho_Whh  1.13, Omega  0.00, alpha  0.000, steps in the past 0.000, valid nll 0.220
  [diag] log10|dL/dh_t| hist bins=60 range=(-5.29,-3.57) mean=-4.47 p50=-4.36 p05=-5.12 p95=-4.11
  [diag] sat-dist hist bins=60 sat<0.05=0.0% mean=0.631 p10=0.540 p90=0.682
Iter 0032220: train nll 0.347, valid error 100.000%, best valid error 100.000%, avg grad norm  40.732, avg grad norm (post clip)   0.053, rho_Whh  1.13, Omega  0.00, alpha  0.000, steps in the past 0.000, valid nll 0.240
  [diag] log10|dL/dh_t| hist bins=60 range=(-5.29,-3.57) mean=-4.47 p50=-4.36 p05=-5.12 p95=-4.11
  [diag] sat-dist hist bins=60 sat<0.05=0.0% mean=0.631 p10=0.540 p90=0.682
Iter 0032240: train nll 0.284, valid error 100.000%, best valid error 100.000%, avg grad norm  42.264, avg grad norm (post clip)   0.053, rho_Whh  1.13, Omega  0.00, alpha  0.000, steps in the past 0.000, valid nll 0.240
  [diag] log10|dL/dh_t| hist bins=60 range=(-5.29,-3.57) mean=-4.47 p50=-4.35 p05=-5.12 p95=-4.11
  [diag] sat-dist hist bins=60 sat<0.05=0.0% mean=0.631 p10=0.540 p90=0.682
Iter 0032260: train nll 0.276, valid error 100.000%, best valid error 100.000%, avg grad norm  46.322, avg grad norm (post clip)   0.053, rho_Whh  1.13, Omega  0.00, alpha  0.000, steps in the past 0.000, valid nll 0.240
  [diag] log10|dL/dh_t| hist bins=60 range=(-5.29,-3.57) mean=-4.47 p50=-4.36 p05=-5.12 p95=-4.12
  [diag] sat-dist hist bins=60 sat<0.05=0.0% mean=0.631 p10=0.540 p90=0.681
Iter 0032280: train nll 0.286, valid error 100.000%, best valid error 100.000%, avg grad norm  44.006, avg grad norm (post clip)   0.053, rho_Whh  1.13, Omega  0.00, alpha  0.000, steps in the past 0.000, valid nll 0.240
  [diag] log10|dL/dh_t| hist bins=60 range=(-5.29,-3.57) mean=-4.46 p50=-4.34 p05=-5.12 p95=-4.11
  [diag] sat-dist hist bins=60 sat<0.05=0.0% mean=0.631 p10=0.540 p90=0.682
Iter 0032300: train nll 0.300, valid error 100.000%, best valid error 100.000%, avg grad norm  33.728, avg grad norm (post clip)   0.053, rho_Whh  1.13, Omega  0.00, alpha  0.000, steps in the past 0.000, valid nll 0.241
  [diag] log10|dL/dh_t| hist bins=60 range=(-5.29,-3.57) mean=-4.45 p50=-4.28 p05=-5.12 p95=-4.11
  [diag] sat-dist hist bins=60 sat<0.05=0.0% mean=0.634 p10=0.541 p90=0.682
Iter 0032320: train nll 0.304, valid error 100.000%, best valid error 100.000%, avg grad norm  37.270, avg grad norm (post clip)   0.053, rho_Whh  1.13, Omega  0.00, alpha  0.000, steps in the past 0.000, valid nll 0.246
  [diag] log10|dL/dh_t| hist bins=60 range=(-5.29,-3.57) mean=-4.61 p50=-4.71 p05=-5.13 p95=-4.14
  [diag] sat-dist hist bins=60 sat<0.05=0.0% mean=0.610 p10=0.535 p90=0.679
Iter 0032340: train nll 0.295, valid error 100.000%, best valid error 100.000%, avg grad norm  45.890, avg grad norm (post clip)   0.053, rho_Whh  1.13, Omega  0.00, alpha  0.000, steps in the past 0.000, valid nll 0.221
  [diag] log10|dL/dh_t| hist bins=60 range=(-5.29,-3.57) mean=-4.43 p50=-4.23 p05=-5.12 p95=-4.10
  [diag] sat-dist hist bins=60 sat<0.05=0.0% mean=0.636 p10=0.542 p90=0.683
Iter 0032360: train nll 0.287, valid error 100.000%, best valid error 100.000%, avg grad norm  41.922, avg grad norm (post clip)   0.053, rho_Whh  1.13, Omega  0.00, alpha  0.000, steps in the past 0.000, valid nll 0.250
  [diag] log10|dL/dh_t| hist bins=60 range=(-5.29,-3.57) mean=-4.49 p50=-4.46 p05=-5.13 p95=-4.11
  [diag] sat-dist hist bins=60 sat<0.05=0.0% mean=0.627 p10=0.538 p90=0.683
Iter 0032380: train nll 0.349, valid error 100.000%, best valid error 100.000%, avg grad norm  32.617, avg grad norm (post clip)   0.053, rho_Whh  1.13, Omega  0.00, alpha  0.000, steps in the past 0.000, valid nll 0.235
  [diag] log10|dL/dh_t| hist bins=60 range=(-5.29,-3.57) mean=-4.38 p50=-4.11 p05=-5.11 p95=-4.08
  [diag] sat-dist hist bins=60 sat<0.05=0.0% mean=0.643 p10=0.544 p90=0.686
Iter 0032400: train nll 0.311, valid error 100.000%, best valid error 100.000%, avg grad norm  41.319, avg grad norm (post clip)   0.053, rho_Whh  1.13, Omega  0.00, alpha  0.000, steps in the past 0.000, valid nll 0.266
  [diag] log10|dL/dh_t| hist bins=60 range=(-5.29,-3.57) mean=-4.37 p50=-4.10 p05=-5.11 p95=-4.08
  [diag] sat-dist hist bins=60 sat<0.05=0.0% mean=0.644 p10=0.544 p90=0.686
Iter 0032420: train nll 0.310, valid error 100.000%, best valid error 100.000%, avg grad norm  41.261, avg grad norm (post clip)   0.053, rho_Whh  1.13, Omega  0.00, alpha  0.000, steps in the past 0.000, valid nll 0.269
  [diag] log10|dL/dh_t| hist bins=60 range=(-5.29,-3.57) mean=-4.37 p50=-4.10 p05=-5.11 p95=-4.08
  [diag] sat-dist hist bins=60 sat<0.05=0.0% mean=0.644 p10=0.545 p90=0.686
Iter 0032440: train nll 0.290, valid error 100.000%, best valid error 100.000%, avg grad norm  41.684, avg grad norm (post clip)   0.053, rho_Whh  1.13, Omega  0.00, alpha  0.000, steps in the past 0.000, valid nll 0.269
  [diag] log10|dL/dh_t| hist bins=60 range=(-5.29,-3.57) mean=-4.69 p50=-4.79 p05=-5.14 p95=-4.15
  [diag] sat-dist hist bins=60 sat<0.05=0.0% mean=0.598 p10=0.533 p90=0.672
Iter 0032460: train nll 0.280, valid error 100.000%, best valid error 100.000%, avg grad norm  45.857, avg grad norm (post clip)   0.053, rho_Whh  1.13, Omega  0.00, alpha  0.000, steps in the past 0.000, valid nll 0.220
  [diag] log10|dL/dh_t| hist bins=60 range=(-5.29,-3.57) mean=-4.48 p50=-4.40 p05=-5.13 p95=-4.11
  [diag] sat-dist hist bins=60 sat<0.05=0.0% mean=0.629 p10=0.539 p90=0.682
Iter 0032480: train nll 0.296, valid error 100.000%, best valid error 100.000%, avg grad norm  43.265, avg grad norm (post clip)   0.053, rho_Whh  1.13, Omega  0.00, alpha  0.000, steps in the past 0.000, valid nll 0.238
  [diag] log10|dL/dh_t| hist bins=60 range=(-5.29,-3.57) mean=-4.48 p50=-4.39 p05=-5.12 p95=-4.11
  [diag] sat-dist hist bins=60 sat<0.05=0.0% mean=0.630 p10=0.539 p90=0.682
Iter 0032500: train nll 0.302, valid error 100.000%, best valid error 100.000%, avg grad norm  35.615, avg grad norm (post clip)   0.053, rho_Whh  1.13, Omega  0.00, alpha  0.000, steps in the past 0.000, valid nll 0.238
  [diag] log10|dL/dh_t| hist bins=60 range=(-5.29,-3.57) mean=-4.48 p50=-4.39 p05=-5.12 p95=-4.11
  [diag] sat-dist hist bins=60 sat<0.05=0.0% mean=0.630 p10=0.539 p90=0.682
Iter 0032520: train nll 0.261, valid error 100.000%, best valid error 100.000%, avg grad norm  48.641, avg grad norm (post clip)   0.053, rho_Whh  1.13, Omega  0.00, alpha  0.000, steps in the past 0.000, valid nll 0.238
  [diag] log10|dL/dh_t| hist bins=60 range=(-5.29,-3.57) mean=-4.38 p50=-4.11 p05=-5.11 p95=-4.08
  [diag] sat-dist hist bins=60 sat<0.05=0.0% mean=0.644 p10=0.545 p90=0.685
Iter 0032540: train nll 0.269, valid error 100.000%, best valid error 100.000%, avg grad norm  47.913, avg grad norm (post clip)   0.053, rho_Whh  1.13, Omega  0.00, alpha  0.000, steps in the past 0.000, valid nll 0.268
  [diag] log10|dL/dh_t| hist bins=60 range=(-5.29,-3.57) mean=-4.48 p50=-4.39 p05=-5.12 p95=-4.12
  [diag] sat-dist hist bins=60 sat<0.05=0.0% mean=0.630 p10=0.539 p90=0.682
Iter 0032560: train nll 0.294, valid error 100.000%, best valid error 100.000%, avg grad norm  38.258, avg grad norm (post clip)   0.053, rho_Whh  1.13, Omega  0.00, alpha  0.000, steps in the past 0.000, valid nll 0.238
  [diag] log10|dL/dh_t| hist bins=60 range=(-5.29,-3.57) mean=-4.68 p50=-4.78 p05=-5.14 p95=-4.16
  [diag] sat-dist hist bins=60 sat<0.05=0.0% mean=0.600 p10=0.534 p90=0.672
Iter 0032580: train nll 0.293, valid error 100.000%, best valid error 100.000%, avg grad norm  43.069, avg grad norm (post clip)   0.053, rho_Whh  1.13, Omega  0.00, alpha  0.000, steps in the past 0.000, valid nll 0.220
  [diag] log10|dL/dh_t| hist bins=60 range=(-5.29,-3.57) mean=-4.48 p50=-4.42 p05=-5.13 p95=-4.12
  [diag] sat-dist hist bins=60 sat<0.05=0.0% mean=0.629 p10=0.539 p90=0.682
Iter 0032600: train nll 0.251, valid error 100.000%, best valid error 100.000%, avg grad norm  47.957, avg grad norm (post clip)   0.053, rho_Whh  1.13, Omega  0.00, alpha  0.000, steps in the past 0.000, valid nll 0.236
  [diag] log10|dL/dh_t| hist bins=60 range=(-5.28,-3.57) mean=-4.34 p50=-4.09 p05=-5.11 p95=-4.07
  [diag] sat-dist hist bins=60 sat<0.05=0.0% mean=0.649 p10=0.548 p90=0.687
Iter 0032620: train nll 0.304, valid error 100.000%, best valid error 100.000%, avg grad norm  36.038, avg grad norm (post clip)   0.053, rho_Whh  1.13, Omega  0.00, alpha  0.000, steps in the past 0.000, valid nll 0.282
  [diag] log10|dL/dh_t| hist bins=60 range=(-5.29,-3.57) mean=-4.56 p50=-4.64 p05=-5.13 p95=-4.13
  [diag] sat-dist hist bins=60 sat<0.05=0.0% mean=0.617 p10=0.536 p90=0.681
Iter 0032640: train nll 0.251, valid error 100.000%, best valid error 100.000%, avg grad norm  43.165, avg grad norm (post clip)   0.053, rho_Whh  1.13, Omega  0.00, alpha  0.000, steps in the past 0.000, valid nll 0.224
  [diag] log10|dL/dh_t| hist bins=60 range=(-5.29,-3.57) mean=-4.56 p50=-4.64 p05=-5.13 p95=-4.13
  [diag] sat-dist hist bins=60 sat<0.05=0.0% mean=0.617 p10=0.536 p90=0.681
Iter 0032660: train nll 0.266, valid error 100.000%, best valid error 100.000%, avg grad norm  45.937, avg grad norm (post clip)   0.053, rho_Whh  1.13, Omega  0.00, alpha  0.000, steps in the past 0.000, valid nll 0.224
  [diag] log10|dL/dh_t| hist bins=60 range=(-5.29,-3.57) mean=-4.56 p50=-4.63 p05=-5.13 p95=-4.13
  [diag] sat-dist hist bins=60 sat<0.05=0.0% mean=0.618 p10=0.536 p90=0.681
Iter 0032680: train nll 0.281, valid error 100.000%, best valid error 100.000%, avg grad norm  43.942, avg grad norm (post clip)   0.053, rho_Whh  1.13, Omega  0.00, alpha  0.000, steps in the past 0.000, valid nll 0.225
  [diag] log10|dL/dh_t| hist bins=60 range=(-5.29,-3.57) mean=-4.56 p50=-4.63 p05=-5.13 p95=-4.13
  [diag] sat-dist hist bins=60 sat<0.05=0.0% mean=0.618 p10=0.536 p90=0.681
Iter 0032700: train nll 0.302, valid error 100.000%, best valid error 100.000%, avg grad norm  44.083, avg grad norm (post clip)   0.053, rho_Whh  1.13, Omega  0.00, alpha  0.000, steps in the past 0.000, valid nll 0.225
  [diag] log10|dL/dh_t| hist bins=60 range=(-5.29,-3.57) mean=-4.56 p50=-4.63 p05=-5.13 p95=-4.13
  [diag] sat-dist hist bins=60 sat<0.05=0.0% mean=0.618 p10=0.536 p90=0.680
Iter 0032720: train nll 0.274, valid error 100.000%, best valid error 100.000%, avg grad norm  41.324, avg grad norm (post clip)   0.053, rho_Whh  1.13, Omega  0.00, alpha  0.000, steps in the past 0.000, valid nll 0.225
  [diag] log10|dL/dh_t| hist bins=60 range=(-5.29,-3.57) mean=-4.42 p50=-4.20 p05=-5.12 p95=-4.10
  [diag] sat-dist hist bins=60 sat<0.05=0.0% mean=0.638 p10=0.542 p90=0.684
Iter 0032740: train nll 0.282, valid error 100.000%, best valid error 100.000%, avg grad norm  43.183, avg grad norm (post clip)   0.053, rho_Whh  1.13, Omega  0.00, alpha  0.000, steps in the past 0.000, valid nll 0.253
  [diag] log10|dL/dh_t| hist bins=60 range=(-5.29,-3.57) mean=-4.56 p50=-4.63 p05=-5.13 p95=-4.13
  [diag] sat-dist hist bins=60 sat<0.05=0.0% mean=0.618 p10=0.536 p90=0.680
Iter 0032760: train nll 0.293, valid error 100.000%, best valid error 100.000%, avg grad norm  43.542, avg grad norm (post clip)   0.053, rho_Whh  1.13, Omega  0.00, alpha  0.000, steps in the past 0.000, valid nll 0.225
  [diag] log10|dL/dh_t| hist bins=60 range=(-5.29,-3.57) mean=-4.56 p50=-4.63 p05=-5.13 p95=-4.13
  [diag] sat-dist hist bins=60 sat<0.05=0.0% mean=0.618 p10=0.536 p90=0.680
Iter 0032780: train nll 0.275, valid error 100.000%, best valid error 100.000%, avg grad norm  47.027, avg grad norm (post clip)   0.053, rho_Whh  1.13, Omega  0.00, alpha  0.000, steps in the past 0.000, valid nll 0.225
  [diag] log10|dL/dh_t| hist bins=60 range=(-5.29,-3.57) mean=-4.56 p50=-4.63 p05=-5.13 p95=-4.13
  [diag] sat-dist hist bins=60 sat<0.05=0.0% mean=0.618 p10=0.536 p90=0.680
Iter 0032800: train nll 0.286, valid error 100.000%, best valid error 100.000%, avg grad norm  46.805, avg grad norm (post clip)   0.053, rho_Whh  1.13, Omega  0.00, alpha  0.000, steps in the past 0.000, valid nll 0.225
  [diag] log10|dL/dh_t| hist bins=60 range=(-5.29,-3.57) mean=-4.43 p50=-4.24 p05=-5.12 p95=-4.10
  [diag] sat-dist hist bins=60 sat<0.05=0.0% mean=0.636 p10=0.541 p90=0.684
Iter 0032820: train nll 0.287, valid error 100.000%, best valid error 100.000%, avg grad norm  38.335, avg grad norm (post clip)   0.053, rho_Whh  1.13, Omega  0.00, alpha  0.000, steps in the past 0.000, valid nll 0.249
  [diag] log10|dL/dh_t| hist bins=60 range=(-5.29,-3.57) mean=-4.35 p50=-4.10 p05=-5.11 p95=-4.07
  [diag] sat-dist hist bins=60 sat<0.05=0.0% mean=0.648 p10=0.548 p90=0.686
Iter 0032840: train nll 0.312, valid error 100.000%, best valid error 100.000%, avg grad norm  43.320, avg grad norm (post clip)   0.053, rho_Whh  1.13, Omega  0.00, alpha  0.000, steps in the past 0.000, valid nll 0.278
  [diag] log10|dL/dh_t| hist bins=60 range=(-5.29,-3.47) mean=-4.84 p50=-4.88 p05=-5.15 p95=-4.23
  [diag] sat-dist hist bins=60 sat<0.05=0.0% mean=0.570 p10=0.530 p90=0.596
Iter 0032860: train nll 0.248, valid error 100.000%, best valid error 100.000%, avg grad norm  39.960, avg grad norm (post clip)   0.053, rho_Whh  1.13, Omega  0.00, alpha  0.000, steps in the past 0.000, valid nll 0.244
  [diag] log10|dL/dh_t| hist bins=60 range=(-5.29,-3.57) mean=-4.55 p50=-4.62 p05=-5.13 p95=-4.12
  [diag] sat-dist hist bins=60 sat<0.05=0.0% mean=0.618 p10=0.536 p90=0.681
Iter 0032880: train nll 0.310, valid error 100.000%, best valid error 100.000%, avg grad norm  40.635, avg grad norm (post clip)   0.053, rho_Whh  1.13, Omega  0.00, alpha  0.000, steps in the past 0.000, valid nll 0.225
  [diag] log10|dL/dh_t| hist bins=60 range=(-5.29,-3.57) mean=-4.42 p50=-4.19 p05=-5.12 p95=-4.09
  [diag] sat-dist hist bins=60 sat<0.05=0.0% mean=0.638 p10=0.542 p90=0.684
Iter 0032900: train nll 0.257, valid error 100.000%, best valid error 100.000%, avg grad norm  40.301, avg grad norm (post clip)   0.053, rho_Whh  1.13, Omega  0.00, alpha  0.000, steps in the past 0.000, valid nll 0.253
  [diag] log10|dL/dh_t| hist bins=60 range=(-5.29,-3.57) mean=-4.55 p50=-4.62 p05=-5.13 p95=-4.13
  [diag] sat-dist hist bins=60 sat<0.05=0.0% mean=0.619 p10=0.536 p90=0.681
Iter 0032920: train nll 0.292, valid error 100.000%, best valid error 100.000%, avg grad norm  40.126, avg grad norm (post clip)   0.053, rho_Whh  1.13, Omega  0.00, alpha  0.000, steps in the past 0.000, valid nll 0.225
  [diag] log10|dL/dh_t| hist bins=60 range=(-5.29,-3.57) mean=-4.42 p50=-4.20 p05=-5.12 p95=-4.10
  [diag] sat-dist hist bins=60 sat<0.05=0.0% mean=0.638 p10=0.542 p90=0.684
Iter 0032940: train nll 0.285, valid error 100.000%, best valid error 100.000%, avg grad norm  39.549, avg grad norm (post clip)   0.053, rho_Whh  1.13, Omega  0.00, alpha  0.000, steps in the past 0.000, valid nll 0.252
  [diag] log10|dL/dh_t| hist bins=60 range=(-5.29,-3.57) mean=-4.43 p50=-4.23 p05=-5.12 p95=-4.10
  [diag] sat-dist hist bins=60 sat<0.05=0.0% mean=0.637 p10=0.541 p90=0.684
Iter 0032960: train nll 0.277, valid error 100.000%, best valid error 100.000%, avg grad norm  39.183, avg grad norm (post clip)   0.053, rho_Whh  1.13, Omega  0.00, alpha  0.000, steps in the past 0.000, valid nll 0.250
  [diag] log10|dL/dh_t| hist bins=60 range=(-5.29,-3.57) mean=-4.58 p50=-4.67 p05=-5.14 p95=-4.13
  [diag] sat-dist hist bins=60 sat<0.05=0.0% mean=0.615 p10=0.535 p90=0.681
Iter 0032980: train nll 0.284, valid error 100.000%, best valid error 100.000%, avg grad norm  38.132, avg grad norm (post clip)   0.053, rho_Whh  1.13, Omega  0.00, alpha  0.000, steps in the past 0.000, valid nll 0.223
  [diag] log10|dL/dh_t| hist bins=60 range=(-5.29,-3.57) mean=-4.43 p50=-4.23 p05=-5.12 p95=-4.10
  [diag] sat-dist hist bins=60 sat<0.05=0.0% mean=0.637 p10=0.541 p90=0.684
Iter 0033000: train nll 0.341, valid error 100.000%, best valid error 100.000%, avg grad norm  45.713, avg grad norm (post clip)   0.053, rho_Whh  1.13, Omega  0.00, alpha  0.000, steps in the past 0.000, valid nll 0.250
  [diag] log10|dL/dh_t| hist bins=60 range=(-5.29,-3.57) mean=-4.66 p50=-4.77 p05=-5.14 p95=-4.14
  [diag] sat-dist hist bins=60 sat<0.05=0.0% mean=0.603 p10=0.533 p90=0.678
Iter 0033020: train nll 0.284, valid error 100.000%, best valid error 100.000%, avg grad norm  37.141, avg grad norm (post clip)   0.053, rho_Whh  1.13, Omega  0.00, alpha  0.000, steps in the past 0.000, valid nll 0.219
  [diag] log10|dL/dh_t| hist bins=60 range=(-5.29,-3.57) mean=-4.37 p50=-4.10 p05=-5.11 p95=-4.07
  [diag] sat-dist hist bins=60 sat<0.05=0.0% mean=0.645 p10=0.545 p90=0.687
Iter 0033040: train nll 0.289, valid error 100.000%, best valid error 100.000%, avg grad norm  37.746, avg grad norm (post clip)   0.053, rho_Whh  1.13, Omega  0.00, alpha  0.000, steps in the past 0.000, valid nll 0.271
  [diag] log10|dL/dh_t| hist bins=60 range=(-5.29,-3.57) mean=-4.57 p50=-4.66 p05=-5.14 p95=-4.12
  [diag] sat-dist hist bins=60 sat<0.05=0.0% mean=0.616 p10=0.535 p90=0.682
Iter 0033060: train nll 0.301, valid error 100.000%, best valid error 100.000%, avg grad norm  37.325, avg grad norm (post clip)   0.053, rho_Whh  1.13, Omega  0.00, alpha  0.000, steps in the past 0.000, valid nll 0.223
  [diag] log10|dL/dh_t| hist bins=60 range=(-5.29,-3.57) mean=-4.42 p50=-4.21 p05=-5.12 p95=-4.09
  [diag] sat-dist hist bins=60 sat<0.05=0.0% mean=0.637 p10=0.541 p90=0.685
Iter 0033080: train nll 0.292, valid error 100.000%, best valid error 100.000%, avg grad norm  44.403, avg grad norm (post clip)   0.053, rho_Whh  1.13, Omega  0.00, alpha  0.000, steps in the past 0.000, valid nll 0.251
  [diag] log10|dL/dh_t| hist bins=60 range=(-5.29,-3.57) mean=-4.42 p50=-4.20 p05=-5.12 p95=-4.09
  [diag] sat-dist hist bins=60 sat<0.05=0.0% mean=0.638 p10=0.541 p90=0.685
Iter 0033100: train nll 0.279, valid error 100.000%, best valid error 100.000%, avg grad norm  43.415, avg grad norm (post clip)   0.053, rho_Whh  1.13, Omega  0.00, alpha  0.000, steps in the past 0.000, valid nll 0.252
  [diag] log10|dL/dh_t| hist bins=60 range=(-5.29,-3.57) mean=-4.56 p50=-4.65 p05=-5.14 p95=-4.12
  [diag] sat-dist hist bins=60 sat<0.05=0.0% mean=0.617 p10=0.535 p90=0.682
Iter 0033120: train nll 0.319, valid error 100.000%, best valid error 100.000%, avg grad norm  39.132, avg grad norm (post clip)   0.053, rho_Whh  1.13, Omega  0.00, alpha  0.000, steps in the past 0.000, valid nll 0.224
  [diag] log10|dL/dh_t| hist bins=60 range=(-5.29,-3.57) mean=-4.56 p50=-4.65 p05=-5.14 p95=-4.12
  [diag] sat-dist hist bins=60 sat<0.05=0.0% mean=0.617 p10=0.535 p90=0.682
Iter 0033140: train nll 0.302, valid error 100.000%, best valid error 100.000%, avg grad norm  43.360, avg grad norm (post clip)   0.053, rho_Whh  1.13, Omega  0.00, alpha  0.000, steps in the past 0.000, valid nll 0.224
  [diag] log10|dL/dh_t| hist bins=60 range=(-5.29,-3.57) mean=-4.56 p50=-4.65 p05=-5.14 p95=-4.12
  [diag] sat-dist hist bins=60 sat<0.05=0.0% mean=0.617 p10=0.535 p90=0.681
Iter 0033160: train nll 0.308, valid error 100.000%, best valid error 100.000%, avg grad norm  43.098, avg grad norm (post clip)   0.053, rho_Whh  1.13, Omega  0.00, alpha  0.000, steps in the past 0.000, valid nll 0.224
  [diag] log10|dL/dh_t| hist bins=60 range=(-5.30,-3.46) mean=-4.85 p50=-4.89 p05=-5.15 p95=-4.23
  [diag] sat-dist hist bins=60 sat<0.05=0.0% mean=0.569 p10=0.530 p90=0.593
Iter 0033180: train nll 0.272, valid error 100.000%, best valid error 100.000%, avg grad norm  44.644, avg grad norm (post clip)   0.053, rho_Whh  1.13, Omega  0.00, alpha  0.000, steps in the past 0.000, valid nll 0.245
  [diag] log10|dL/dh_t| hist bins=60 range=(-5.29,-3.57) mean=-4.56 p50=-4.64 p05=-5.14 p95=-4.13
  [diag] sat-dist hist bins=60 sat<0.05=0.0% mean=0.617 p10=0.536 p90=0.681
Iter 0033200: train nll 0.284, valid error 100.000%, best valid error 100.000%, avg grad norm  49.722, avg grad norm (post clip)   0.053, rho_Whh  1.13, Omega  0.00, alpha  0.000, steps in the past 0.000, valid nll 0.224
  [diag] log10|dL/dh_t| hist bins=60 range=(-5.29,-3.57) mean=-4.56 p50=-4.64 p05=-5.14 p95=-4.13
  [diag] sat-dist hist bins=60 sat<0.05=0.0% mean=0.617 p10=0.536 p90=0.681
Iter 0033220: train nll 0.271, valid error 100.000%, best valid error 100.000%, avg grad norm  42.471, avg grad norm (post clip)   0.053, rho_Whh  1.13, Omega  0.00, alpha  0.000, steps in the past 0.000, valid nll 0.224
  [diag] log10|dL/dh_t| hist bins=60 range=(-5.29,-3.57) mean=-4.42 p50=-4.21 p05=-5.12 p95=-4.09
  [diag] sat-dist hist bins=60 sat<0.05=0.0% mean=0.637 p10=0.541 p90=0.685
Iter 0033240: train nll 0.272, valid error 100.000%, best valid error 100.000%, avg grad norm  43.969, avg grad norm (post clip)   0.053, rho_Whh  1.13, Omega  0.00, alpha  0.000, steps in the past 0.000, valid nll 0.251
  [diag] log10|dL/dh_t| hist bins=60 range=(-5.29,-3.57) mean=-4.42 p50=-4.20 p05=-5.12 p95=-4.09
  [diag] sat-dist hist bins=60 sat<0.05=0.0% mean=0.638 p10=0.541 p90=0.685
Iter 0033260: train nll 0.295, valid error 100.000%, best valid error 100.000%, avg grad norm  41.292, avg grad norm (post clip)   0.053, rho_Whh  1.13, Omega  0.00, alpha  0.000, steps in the past 0.000, valid nll 0.252
  [diag] log10|dL/dh_t| hist bins=60 range=(-5.29,-3.57) mean=-4.34 p50=-4.09 p05=-5.11 p95=-4.07
  [diag] sat-dist hist bins=60 sat<0.05=0.0% mean=0.649 p10=0.547 p90=0.688
Iter 0033280: train nll 0.296, valid error 100.000%, best valid error 100.000%, avg grad norm  38.936, avg grad norm (post clip)   0.053, rho_Whh  1.13, Omega  0.00, alpha  0.000, steps in the past 0.000, valid nll 0.281
  [diag] log10|dL/dh_t| hist bins=60 range=(-5.29,-3.57) mean=-4.34 p50=-4.09 p05=-5.11 p95=-4.07
  [diag] sat-dist hist bins=60 sat<0.05=0.0% mean=0.649 p10=0.548 p90=0.688
Iter 0033300: train nll 0.309, valid error 100.000%, best valid error 100.000%, avg grad norm  43.884, avg grad norm (post clip)   0.053, rho_Whh  1.13, Omega  0.00, alpha  0.000, steps in the past 0.000, valid nll 0.281
  [diag] log10|dL/dh_t| hist bins=60 range=(-5.29,-3.57) mean=-4.44 p50=-4.26 p05=-5.13 p95=-4.10
  [diag] sat-dist hist bins=60 sat<0.05=0.0% mean=0.635 p10=0.540 p90=0.684
Iter 0033320: train nll 0.294, valid error 100.000%, best valid error 100.000%, avg grad norm  32.527, avg grad norm (post clip)   0.053, rho_Whh  1.13, Omega  0.00, alpha  0.000, steps in the past 0.000, valid nll 0.246
  [diag] log10|dL/dh_t| hist bins=60 range=(-5.29,-3.57) mean=-4.35 p50=-4.10 p05=-5.11 p95=-4.07
  [diag] sat-dist hist bins=60 sat<0.05=0.0% mean=0.647 p10=0.546 p90=0.687
Iter 0033340: train nll 0.305, valid error 100.000%, best valid error 100.000%, avg grad norm  39.261, avg grad norm (post clip)   0.053, rho_Whh  1.13, Omega  0.00, alpha  0.000, steps in the past 0.000, valid nll 0.276
  [diag] log10|dL/dh_t| hist bins=60 range=(-5.30,-3.57) mean=-4.60 p50=-4.72 p05=-5.14 p95=-4.12
  [diag] sat-dist hist bins=60 sat<0.05=0.0% mean=0.611 p10=0.534 p90=0.681
Iter 0033360: train nll 0.301, valid error 100.000%, best valid error 100.000%, avg grad norm  32.820, avg grad norm (post clip)   0.053, rho_Whh  1.13, Omega  0.00, alpha  0.000, steps in the past 0.000, valid nll 0.220
  [diag] log10|dL/dh_t| hist bins=60 range=(-5.29,-3.57) mean=-4.44 p50=-4.26 p05=-5.13 p95=-4.09
  [diag] sat-dist hist bins=60 sat<0.05=0.0% mean=0.635 p10=0.540 p90=0.685
Iter 0033380: train nll 0.281, valid error 100.000%, best valid error 100.000%, avg grad norm  44.051, avg grad norm (post clip)   0.053, rho_Whh  1.13, Omega  0.00, alpha  0.000, steps in the past 0.000, valid nll 0.246
  [diag] log10|dL/dh_t| hist bins=60 range=(-5.29,-3.57) mean=-4.44 p50=-4.26 p05=-5.13 p95=-4.09
  [diag] sat-dist hist bins=60 sat<0.05=0.0% mean=0.635 p10=0.540 p90=0.685
Iter 0033400: train nll 0.279, valid error 100.000%, best valid error 100.000%, avg grad norm  48.748, avg grad norm (post clip)   0.053, rho_Whh  1.13, Omega  0.00, alpha  0.000, steps in the past 0.000, valid nll 0.246
  [diag] log10|dL/dh_t| hist bins=60 range=(-5.29,-3.57) mean=-4.44 p50=-4.26 p05=-5.13 p95=-4.10
  [diag] sat-dist hist bins=60 sat<0.05=0.0% mean=0.635 p10=0.540 p90=0.685
Iter 0033420: train nll 0.300, valid error 100.000%, best valid error 100.000%, avg grad norm  48.844, avg grad norm (post clip)   0.053, rho_Whh  1.13, Omega  0.00, alpha  0.000, steps in the past 0.000, valid nll 0.246
  [diag] log10|dL/dh_t| hist bins=60 range=(-5.30,-3.57) mean=-4.61 p50=-4.71 p05=-5.14 p95=-4.13
  [diag] sat-dist hist bins=60 sat<0.05=0.0% mean=0.611 p10=0.534 p90=0.681
Iter 0033440: train nll 0.277, valid error 100.000%, best valid error 100.000%, avg grad norm  47.165, avg grad norm (post clip)   0.053, rho_Whh  1.13, Omega  0.00, alpha  0.000, steps in the past 0.000, valid nll 0.220
  [diag] log10|dL/dh_t| hist bins=60 range=(-5.30,-3.57) mean=-4.61 p50=-4.72 p05=-5.14 p95=-4.13
  [diag] sat-dist hist bins=60 sat<0.05=0.0% mean=0.611 p10=0.534 p90=0.681
Iter 0033460: train nll 0.262, valid error 100.000%, best valid error 100.000%, avg grad norm  45.770, avg grad norm (post clip)   0.053, rho_Whh  1.13, Omega  0.00, alpha  0.000, steps in the past 0.000, valid nll 0.220
  [diag] log10|dL/dh_t| hist bins=60 range=(-5.29,-3.57) mean=-4.43 p50=-4.21 p05=-5.12 p95=-4.09
  [diag] sat-dist hist bins=60 sat<0.05=0.0% mean=0.637 p10=0.541 p90=0.685
Iter 0033480: train nll 0.300, valid error 100.000%, best valid error 100.000%, avg grad norm  42.194, avg grad norm (post clip)   0.053, rho_Whh  1.13, Omega  0.00, alpha  0.000, steps in the past 0.000, valid nll 0.251
  [diag] log10|dL/dh_t| hist bins=60 range=(-5.30,-3.57) mean=-4.57 p50=-4.67 p05=-5.14 p95=-4.12
  [diag] sat-dist hist bins=60 sat<0.05=0.0% mean=0.616 p10=0.535 p90=0.682
Iter 0033500: train nll 0.275, valid error 100.000%, best valid error 100.000%, avg grad norm  40.705, avg grad norm (post clip)   0.053, rho_Whh  1.13, Omega  0.00, alpha  0.000, steps in the past 0.000, valid nll 0.222
  [diag] log10|dL/dh_t| hist bins=60 range=(-5.30,-3.57) mean=-4.57 p50=-4.67 p05=-5.14 p95=-4.12
  [diag] sat-dist hist bins=60 sat<0.05=0.0% mean=0.616 p10=0.535 p90=0.682
Iter 0033520: train nll 0.292, valid error 100.000%, best valid error 100.000%, avg grad norm  44.016, avg grad norm (post clip)   0.053, rho_Whh  1.13, Omega  0.00, alpha  0.000, steps in the past 0.000, valid nll 0.223
  [diag] log10|dL/dh_t| hist bins=60 range=(-5.30,-3.57) mean=-4.57 p50=-4.66 p05=-5.14 p95=-4.13
  [diag] sat-dist hist bins=60 sat<0.05=0.0% mean=0.616 p10=0.535 p90=0.682
Iter 0033540: train nll 0.280, valid error 100.000%, best valid error 100.000%, avg grad norm  48.493, avg grad norm (post clip)   0.053, rho_Whh  1.13, Omega  0.00, alpha  0.000, steps in the past 0.000, valid nll 0.223
  [diag] log10|dL/dh_t| hist bins=60 range=(-5.29,-3.57) mean=-4.43 p50=-4.22 p05=-5.12 p95=-4.10
  [diag] sat-dist hist bins=60 sat<0.05=0.0% mean=0.637 p10=0.541 p90=0.685
Iter 0033560: train nll 0.336, valid error 100.000%, best valid error 100.000%, avg grad norm  46.404, avg grad norm (post clip)   0.053, rho_Whh  1.13, Omega  0.00, alpha  0.000, steps in the past 0.000, valid nll 0.250
  [diag] log10|dL/dh_t| hist bins=60 range=(-5.29,-3.57) mean=-4.43 p50=-4.22 p05=-5.12 p95=-4.10
  [diag] sat-dist hist bins=60 sat<0.05=0.0% mean=0.637 p10=0.541 p90=0.685
Iter 0033580: train nll 0.279, valid error 100.000%, best valid error 100.000%, avg grad norm  39.824, avg grad norm (post clip)   0.053, rho_Whh  1.13, Omega  0.00, alpha  0.000, steps in the past 0.000, valid nll 0.250
  [diag] log10|dL/dh_t| hist bins=60 range=(-5.30,-3.57) mean=-4.56 p50=-4.63 p05=-5.14 p95=-4.12
  [diag] sat-dist hist bins=60 sat<0.05=0.0% mean=0.618 p10=0.536 p90=0.682
Iter 0033600: train nll 0.293, valid error 100.000%, best valid error 100.000%, avg grad norm  38.326, avg grad norm (post clip)   0.053, rho_Whh  1.13, Omega  0.00, alpha  0.000, steps in the past 0.000, valid nll 0.224
  [diag] log10|dL/dh_t| hist bins=60 range=(-5.29,-3.57) mean=-4.42 p50=-4.19 p05=-5.12 p95=-4.09
  [diag] sat-dist hist bins=60 sat<0.05=0.0% mean=0.638 p10=0.541 p90=0.685
Iter 0033620: train nll 0.311, valid error 100.000%, best valid error 100.000%, avg grad norm  35.017, avg grad norm (post clip)   0.053, rho_Whh  1.13, Omega  0.00, alpha  0.000, steps in the past 0.000, valid nll 0.252
  [diag] log10|dL/dh_t| hist bins=60 range=(-5.30,-3.57) mean=-4.56 p50=-4.64 p05=-5.14 p95=-4.12
  [diag] sat-dist hist bins=60 sat<0.05=0.0% mean=0.618 p10=0.535 p90=0.682
Iter 0033640: train nll 0.307, valid error 100.000%, best valid error 100.000%, avg grad norm  43.082, avg grad norm (post clip)   0.053, rho_Whh  1.13, Omega  0.00, alpha  0.000, steps in the past 0.000, valid nll 0.224
  [diag] log10|dL/dh_t| hist bins=60 range=(-5.30,-3.57) mean=-4.46 p50=-4.32 p05=-5.13 p95=-4.09
  [diag] sat-dist hist bins=60 sat<0.05=0.0% mean=0.633 p10=0.539 p90=0.685
Iter 0033660: train nll 0.287, valid error 100.000%, best valid error 100.000%, avg grad norm  39.643, avg grad norm (post clip)   0.053, rho_Whh  1.13, Omega  0.00, alpha  0.000, steps in the past 0.000, valid nll 0.242
  [diag] log10|dL/dh_t| hist bins=60 range=(-5.30,-3.57) mean=-4.43 p50=-4.22 p05=-5.13 p95=-4.08
  [diag] sat-dist hist bins=60 sat<0.05=0.0% mean=0.637 p10=0.540 p90=0.686
Iter 0033680: train nll 0.317, valid error 100.000%, best valid error 100.000%, avg grad norm  38.408, avg grad norm (post clip)   0.053, rho_Whh  1.13, Omega  0.00, alpha  0.000, steps in the past 0.000, valid nll 0.250
  [diag] log10|dL/dh_t| hist bins=60 range=(-5.30,-3.57) mean=-4.43 p50=-4.24 p05=-5.13 p95=-4.08
  [diag] sat-dist hist bins=60 sat<0.05=0.0% mean=0.636 p10=0.539 p90=0.686
Iter 0033700: train nll 0.286, valid error 100.000%, best valid error 100.000%, avg grad norm  43.195, avg grad norm (post clip)   0.053, rho_Whh  1.13, Omega  0.00, alpha  0.000, steps in the past 0.000, valid nll 0.248
  [diag] log10|dL/dh_t| hist bins=60 range=(-5.30,-3.57) mean=-4.60 p50=-4.71 p05=-5.14 p95=-4.11
  [diag] sat-dist hist bins=60 sat<0.05=0.0% mean=0.612 p10=0.533 p90=0.683
Iter 0033720: train nll 0.250, valid error 100.000%, best valid error 100.000%, avg grad norm  54.963, avg grad norm (post clip)   0.053, rho_Whh  1.13, Omega  0.00, alpha  0.000, steps in the past 0.000, valid nll 0.221
  [diag] log10|dL/dh_t| hist bins=60 range=(-5.29,-3.57) mean=-4.35 p50=-4.09 p05=-5.12 p95=-4.06
  [diag] sat-dist hist bins=60 sat<0.05=0.0% mean=0.649 p10=0.546 p90=0.689
Iter 0033740: train nll 0.310, valid error 100.000%, best valid error 100.000%, avg grad norm  42.928, avg grad norm (post clip)   0.053, rho_Whh  1.13, Omega  0.00, alpha  0.000, steps in the past 0.000, valid nll 0.279
  [diag] log10|dL/dh_t| hist bins=60 range=(-5.30,-3.57) mean=-4.43 p50=-4.24 p05=-5.13 p95=-4.09
  [diag] sat-dist hist bins=60 sat<0.05=0.0% mean=0.636 p10=0.540 p90=0.686
Iter 0033760: train nll 0.290, valid error 100.000%, best valid error 100.000%, avg grad norm  45.131, avg grad norm (post clip)   0.053, rho_Whh  1.13, Omega  0.00, alpha  0.000, steps in the past 0.000, valid nll 0.248
  [diag] log10|dL/dh_t| hist bins=60 range=(-5.30,-3.57) mean=-4.44 p50=-4.27 p05=-5.13 p95=-4.09
  [diag] sat-dist hist bins=60 sat<0.05=0.0% mean=0.635 p10=0.539 p90=0.686
Iter 0033780: train nll 0.325, valid error 100.000%, best valid error 100.000%, avg grad norm  36.647, avg grad norm (post clip)   0.053, rho_Whh  1.13, Omega  0.00, alpha  0.000, steps in the past 0.000, valid nll 0.245
  [diag] log10|dL/dh_t| hist bins=60 range=(-5.30,-3.57) mean=-4.57 p50=-4.67 p05=-5.14 p95=-4.11
  [diag] sat-dist hist bins=60 sat<0.05=0.0% mean=0.616 p10=0.534 p90=0.684
Iter 0033800: train nll 0.296, valid error 100.000%, best valid error 100.000%, avg grad norm  34.126, avg grad norm (post clip)   0.053, rho_Whh  1.13, Omega  0.00, alpha  0.000, steps in the past 0.000, valid nll 0.223
  [diag] log10|dL/dh_t| hist bins=60 range=(-5.30,-3.57) mean=-4.57 p50=-4.67 p05=-5.14 p95=-4.10
  [diag] sat-dist hist bins=60 sat<0.05=0.0% mean=0.616 p10=0.534 p90=0.684
Iter 0033820: train nll 0.276, valid error 100.000%, best valid error 100.000%, avg grad norm  39.941, avg grad norm (post clip)   0.053, rho_Whh  1.13, Omega  0.00, alpha  0.000, steps in the past 0.000, valid nll 0.223
  [diag] log10|dL/dh_t| hist bins=60 range=(-5.30,-3.57) mean=-4.57 p50=-4.67 p05=-5.14 p95=-4.11
  [diag] sat-dist hist bins=60 sat<0.05=0.0% mean=0.616 p10=0.534 p90=0.684
Iter 0033840: train nll 0.283, valid error 100.000%, best valid error 100.000%, avg grad norm  48.608, avg grad norm (post clip)   0.053, rho_Whh  1.13, Omega  0.00, alpha  0.000, steps in the past 0.000, valid nll 0.223
  [diag] log10|dL/dh_t| hist bins=60 range=(-5.30,-3.57) mean=-4.53 p50=-4.59 p05=-5.14 p95=-4.10
  [diag] sat-dist hist bins=60 sat<0.05=0.0% mean=0.622 p10=0.534 p90=0.685
Iter 0033860: train nll 0.259, valid error 100.000%, best valid error 100.000%, avg grad norm  49.136, avg grad norm (post clip)   0.053, rho_Whh  1.13, Omega  0.00, alpha  0.000, steps in the past 0.000, valid nll 0.227
  [diag] log10|dL/dh_t| hist bins=60 range=(-5.30,-3.57) mean=-4.53 p50=-4.59 p05=-5.14 p95=-4.10
  [diag] sat-dist hist bins=60 sat<0.05=0.0% mean=0.622 p10=0.535 p90=0.685
Iter 0033880: train nll 0.290, valid error 100.000%, best valid error 100.000%, avg grad norm  53.022, avg grad norm (post clip)   0.053, rho_Whh  1.13, Omega  0.00, alpha  0.000, steps in the past 0.000, valid nll 0.227
  [diag] log10|dL/dh_t| hist bins=60 range=(-5.30,-3.57) mean=-4.40 p50=-4.13 p05=-5.13 p95=-4.07
  [diag] sat-dist hist bins=60 sat<0.05=0.0% mean=0.641 p10=0.541 p90=0.688
Iter 0033900: train nll 0.286, valid error 100.000%, best valid error 100.000%, avg grad norm  38.281, avg grad norm (post clip)   0.053, rho_Whh  1.13, Omega  0.00, alpha  0.000, steps in the past 0.000, valid nll 0.259
  [diag] log10|dL/dh_t| hist bins=60 range=(-5.30,-3.48) mean=-4.83 p50=-4.88 p05=-5.16 p95=-4.23
  [diag] sat-dist hist bins=60 sat<0.05=0.0% mean=0.574 p10=0.529 p90=0.613
Iter 0033920: train nll 0.254, valid error 100.000%, best valid error 100.000%, avg grad norm  49.142, avg grad norm (post clip)   0.053, rho_Whh  1.13, Omega  0.00, alpha  0.000, steps in the past 0.000, valid nll 0.236
  [diag] log10|dL/dh_t| hist bins=60 range=(-5.29,-3.57) mean=-4.33 p50=-4.07 p05=-5.12 p95=-4.04
  [diag] sat-dist hist bins=60 sat<0.05=0.0% mean=0.651 p10=0.546 p90=0.691
Iter 0033940: train nll 0.275, valid error 100.000%, best valid error 100.000%, avg grad norm  43.148, avg grad norm (post clip)   0.053, rho_Whh  1.13, Omega  0.00, alpha  0.000, steps in the past 0.000, valid nll 0.288
  [diag] log10|dL/dh_t| hist bins=60 range=(-5.30,-3.57) mean=-4.41 p50=-4.14 p05=-5.13 p95=-4.07
  [diag] sat-dist hist bins=60 sat<0.05=0.0% mean=0.640 p10=0.540 p90=0.688
Iter 0033960: train nll 0.283, valid error 100.000%, best valid error 100.000%, avg grad norm  41.838, avg grad norm (post clip)   0.053, rho_Whh  1.13, Omega  0.00, alpha  0.000, steps in the past 0.000, valid nll 0.257
  [diag] log10|dL/dh_t| hist bins=60 range=(-5.30,-3.57) mean=-4.52 p50=-4.56 p05=-5.14 p95=-4.09
  [diag] sat-dist hist bins=60 sat<0.05=0.0% mean=0.623 p10=0.535 p90=0.686
Iter 0033980: train nll 0.282, valid error 100.000%, best valid error 100.000%, avg grad norm  46.657, avg grad norm (post clip)   0.053, rho_Whh  1.13, Omega  0.00, alpha  0.000, steps in the past 0.000, valid nll 0.229
  [diag] log10|dL/dh_t| hist bins=60 range=(-5.30,-3.57) mean=-4.52 p50=-4.56 p05=-5.14 p95=-4.09
  [diag] sat-dist hist bins=60 sat<0.05=0.0% mean=0.623 p10=0.535 p90=0.686
Iter 0034000: train nll 0.265, valid error 100.000%, best valid error 100.000%, avg grad norm  51.224, avg grad norm (post clip)   0.053, rho_Whh  1.13, Omega  0.00, alpha  0.000, steps in the past 0.000, valid nll 0.229
  [diag] log10|dL/dh_t| hist bins=60 range=(-5.30,-3.57) mean=-4.39 p50=-4.11 p05=-5.13 p95=-4.07
  [diag] sat-dist hist bins=60 sat<0.05=0.0% mean=0.642 p10=0.541 p90=0.688
Iter 0034020: train nll 0.330, valid error 100.000%, best valid error 100.000%, avg grad norm  41.586, avg grad norm (post clip)   0.053, rho_Whh  1.13, Omega  0.00, alpha  0.000, steps in the past 0.000, valid nll 0.261
  [diag] log10|dL/dh_t| hist bins=60 range=(-5.30,-3.57) mean=-4.40 p50=-4.12 p05=-5.13 p95=-4.07
  [diag] sat-dist hist bins=60 sat<0.05=0.0% mean=0.642 p10=0.541 p90=0.688
Iter 0034040: train nll 0.296, valid error 100.000%, best valid error 100.000%, avg grad norm  46.908, avg grad norm (post clip)   0.053, rho_Whh  1.13, Omega  0.00, alpha  0.000, steps in the past 0.000, valid nll 0.261
  [diag] log10|dL/dh_t| hist bins=60 range=(-5.30,-3.57) mean=-4.52 p50=-4.55 p05=-5.14 p95=-4.10
  [diag] sat-dist hist bins=60 sat<0.05=0.0% mean=0.624 p10=0.535 p90=0.685
Iter 0034060: train nll 0.286, valid error 100.000%, best valid error 100.000%, avg grad norm  46.515, avg grad norm (post clip)   0.053, rho_Whh  1.13, Omega  0.00, alpha  0.000, steps in the past 0.000, valid nll 0.229
  [diag] log10|dL/dh_t| hist bins=60 range=(-5.30,-3.57) mean=-4.52 p50=-4.56 p05=-5.14 p95=-4.09
  [diag] sat-dist hist bins=60 sat<0.05=0.0% mean=0.623 p10=0.535 p90=0.685
Iter 0034080: train nll 0.308, valid error 100.000%, best valid error 100.000%, avg grad norm  40.271, avg grad norm (post clip)   0.053, rho_Whh  1.13, Omega  0.00, alpha  0.000, steps in the past 0.000, valid nll 0.229
  [diag] log10|dL/dh_t| hist bins=60 range=(-5.30,-3.57) mean=-4.52 p50=-4.56 p05=-5.14 p95=-4.10
  [diag] sat-dist hist bins=60 sat<0.05=0.0% mean=0.623 p10=0.535 p90=0.685
Iter 0034100: train nll 0.257, valid error 100.000%, best valid error 100.000%, avg grad norm  46.816, avg grad norm (post clip)   0.053, rho_Whh  1.13, Omega  0.00, alpha  0.000, steps in the past 0.000, valid nll 0.229
  [diag] log10|dL/dh_t| hist bins=60 range=(-5.30,-3.57) mean=-4.40 p50=-4.12 p05=-5.13 p95=-4.07
  [diag] sat-dist hist bins=60 sat<0.05=0.0% mean=0.642 p10=0.541 p90=0.688
Iter 0034120: train nll 0.291, valid error 100.000%, best valid error 100.000%, avg grad norm  46.085, avg grad norm (post clip)   0.053, rho_Whh  1.13, Omega  0.00, alpha  0.000, steps in the past 0.000, valid nll 0.261
  [diag] log10|dL/dh_t| hist bins=60 range=(-5.30,-3.57) mean=-4.53 p50=-4.57 p05=-5.14 p95=-4.10
  [diag] sat-dist hist bins=60 sat<0.05=0.0% mean=0.623 p10=0.535 p90=0.685
Iter 0034140: train nll 0.307, valid error 100.000%, best valid error 100.000%, avg grad norm  35.244, avg grad norm (post clip)   0.053, rho_Whh  1.13, Omega  0.00, alpha  0.000, steps in the past 0.000, valid nll 0.228
  [diag] log10|dL/dh_t| hist bins=60 range=(-5.30,-3.57) mean=-4.53 p50=-4.58 p05=-5.14 p95=-4.10
  [diag] sat-dist hist bins=60 sat<0.05=0.0% mean=0.622 p10=0.535 p90=0.685
Iter 0034160: train nll 0.283, valid error 100.000%, best valid error 100.000%, avg grad norm  39.222, avg grad norm (post clip)   0.053, rho_Whh  1.13, Omega  0.00, alpha  0.000, steps in the past 0.000, valid nll 0.228
  [diag] log10|dL/dh_t| hist bins=60 range=(-5.30,-3.57) mean=-4.51 p50=-4.53 p05=-5.14 p95=-4.09
  [diag] sat-dist hist bins=60 sat<0.05=0.0% mean=0.625 p10=0.535 p90=0.685
Iter 0034180: train nll 0.268, valid error 100.000%, best valid error 100.000%, avg grad norm  40.262, avg grad norm (post clip)   0.053, rho_Whh  1.13, Omega  0.00, alpha  0.000, steps in the past 0.000, valid nll 0.231
  [diag] log10|dL/dh_t| hist bins=60 range=(-5.30,-3.57) mean=-4.51 p50=-4.52 p05=-5.14 p95=-4.09
  [diag] sat-dist hist bins=60 sat<0.05=0.0% mean=0.625 p10=0.535 p90=0.685
Iter 0034200: train nll 0.293, valid error 100.000%, best valid error 100.000%, avg grad norm  40.535, avg grad norm (post clip)   0.053, rho_Whh  1.13, Omega  0.00, alpha  0.000, steps in the past 0.000, valid nll 0.231
  [diag] log10|dL/dh_t| hist bins=60 range=(-5.30,-3.52) mean=-4.79 p50=-4.86 p05=-5.16 p95=-4.23
  [diag] sat-dist hist bins=60 sat<0.05=0.0% mean=0.582 p10=0.530 p90=0.636
Iter 0034220: train nll 0.267, valid error 100.000%, best valid error 100.000%, avg grad norm  52.677, avg grad norm (post clip)   0.053, rho_Whh  1.13, Omega  0.00, alpha  0.000, steps in the past 0.000, valid nll 0.228
  [diag] log10|dL/dh_t| hist bins=60 range=(-5.30,-3.57) mean=-4.39 p50=-4.11 p05=-5.13 p95=-4.07
  [diag] sat-dist hist bins=60 sat<0.05=0.0% mean=0.643 p10=0.542 p90=0.688
Iter 0034240: train nll 0.319, valid error 100.000%, best valid error 100.000%, avg grad norm  42.242, avg grad norm (post clip)   0.053, rho_Whh  1.13, Omega  0.00, alpha  0.000, steps in the past 0.000, valid nll 0.263
  [diag] log10|dL/dh_t| hist bins=60 range=(-5.30,-3.57) mean=-4.51 p50=-4.51 p05=-5.14 p95=-4.10
  [diag] sat-dist hist bins=60 sat<0.05=0.0% mean=0.626 p10=0.536 p90=0.685
Iter 0034260: train nll 0.246, valid error 100.000%, best valid error 100.000%, avg grad norm  52.730, avg grad norm (post clip)   0.053, rho_Whh  1.13, Omega  0.00, alpha  0.000, steps in the past 0.000, valid nll 0.231
  [diag] log10|dL/dh_t| hist bins=60 range=(-5.30,-3.57) mean=-4.51 p50=-4.51 p05=-5.14 p95=-4.10
  [diag] sat-dist hist bins=60 sat<0.05=0.0% mean=0.626 p10=0.536 p90=0.685
Iter 0034280: train nll 0.286, valid error 100.000%, best valid error 100.000%, avg grad norm  48.320, avg grad norm (post clip)   0.053, rho_Whh  1.13, Omega  0.00, alpha  0.000, steps in the past 0.000, valid nll 0.231
  [diag] log10|dL/dh_t| hist bins=60 range=(-5.30,-3.57) mean=-4.51 p50=-4.51 p05=-5.14 p95=-4.10
  [diag] sat-dist hist bins=60 sat<0.05=0.0% mean=0.626 p10=0.536 p90=0.685
Iter 0034300: train nll 0.287, valid error 100.000%, best valid error 100.000%, avg grad norm  42.955, avg grad norm (post clip)   0.053, rho_Whh  1.13, Omega  0.00, alpha  0.000, steps in the past 0.000, valid nll 0.231
  [diag] log10|dL/dh_t| hist bins=60 range=(-5.30,-3.57) mean=-4.51 p50=-4.52 p05=-5.14 p95=-4.10
  [diag] sat-dist hist bins=60 sat<0.05=0.0% mean=0.625 p10=0.536 p90=0.685
Iter 0034320: train nll 0.280, valid error 100.000%, best valid error 100.000%, avg grad norm  45.266, avg grad norm (post clip)   0.053, rho_Whh  1.13, Omega  0.00, alpha  0.000, steps in the past 0.000, valid nll 0.231
  [diag] log10|dL/dh_t| hist bins=60 range=(-5.30,-3.57) mean=-4.39 p50=-4.11 p05=-5.13 p95=-4.07
  [diag] sat-dist hist bins=60 sat<0.05=0.0% mean=0.643 p10=0.542 p90=0.688
Iter 0034340: train nll 0.337, valid error 100.000%, best valid error 100.000%, avg grad norm  44.770, avg grad norm (post clip)   0.053, rho_Whh  1.13, Omega  0.00, alpha  0.000, steps in the past 0.000, valid nll 0.262
  [diag] log10|dL/dh_t| hist bins=60 range=(-5.30,-3.57) mean=-4.51 p50=-4.53 p05=-5.14 p95=-4.10
  [diag] sat-dist hist bins=60 sat<0.05=0.0% mean=0.625 p10=0.536 p90=0.685
Iter 0034360: train nll 0.287, valid error 100.000%, best valid error 100.000%, avg grad norm  41.079, avg grad norm (post clip)   0.053, rho_Whh  1.13, Omega  0.00, alpha  0.000, steps in the past 0.000, valid nll 0.230
  [diag] log10|dL/dh_t| hist bins=60 range=(-5.30,-3.57) mean=-4.51 p50=-4.52 p05=-5.14 p95=-4.10
  [diag] sat-dist hist bins=60 sat<0.05=0.0% mean=0.625 p10=0.536 p90=0.685
Iter 0034380: train nll 0.259, valid error 100.000%, best valid error 100.000%, avg grad norm  50.351, avg grad norm (post clip)   0.053, rho_Whh  1.13, Omega  0.00, alpha  0.000, steps in the past 0.000, valid nll 0.230
  [diag] log10|dL/dh_t| hist bins=60 range=(-5.30,-3.57) mean=-4.39 p50=-4.11 p05=-5.13 p95=-4.07
  [diag] sat-dist hist bins=60 sat<0.05=0.0% mean=0.642 p10=0.542 p90=0.688
Iter 0034400: train nll 0.290, valid error 100.000%, best valid error 100.000%, avg grad norm  44.076, avg grad norm (post clip)   0.053, rho_Whh  1.13, Omega  0.00, alpha  0.000, steps in the past 0.000, valid nll 0.261
  [diag] log10|dL/dh_t| hist bins=60 range=(-5.30,-3.57) mean=-4.51 p50=-4.52 p05=-5.14 p95=-4.10
  [diag] sat-dist hist bins=60 sat<0.05=0.0% mean=0.625 p10=0.536 p90=0.685
Iter 0034420: train nll 0.294, valid error 100.000%, best valid error 100.000%, avg grad norm  40.385, avg grad norm (post clip)   0.053, rho_Whh  1.13, Omega  0.00, alpha  0.000, steps in the past 0.000, valid nll 0.230
  [diag] log10|dL/dh_t| hist bins=60 range=(-5.30,-3.57) mean=-4.39 p50=-4.11 p05=-5.13 p95=-4.07
  [diag] sat-dist hist bins=60 sat<0.05=0.0% mean=0.643 p10=0.542 p90=0.688
Iter 0034440: train nll 0.316, valid error 100.000%, best valid error 100.000%, avg grad norm  41.523, avg grad norm (post clip)   0.053, rho_Whh  1.13, Omega  0.00, alpha  0.000, steps in the past 0.000, valid nll 0.262
  [diag] log10|dL/dh_t| hist bins=60 range=(-5.30,-3.57) mean=-4.39 p50=-4.11 p05=-5.13 p95=-4.07
  [diag] sat-dist hist bins=60 sat<0.05=0.0% mean=0.643 p10=0.542 p90=0.688
Iter 0034460: train nll 0.283, valid error 100.000%, best valid error 100.000%, avg grad norm  35.850, avg grad norm (post clip)   0.053, rho_Whh  1.13, Omega  0.00, alpha  0.000, steps in the past 0.000, valid nll 0.262
  [diag] log10|dL/dh_t| hist bins=60 range=(-5.30,-3.50) mean=-4.80 p50=-4.86 p05=-5.16 p95=-4.23
  [diag] sat-dist hist bins=60 sat<0.05=0.0% mean=0.579 p10=0.530 p90=0.628
Iter 0034480: train nll 0.273, valid error 100.000%, best valid error 100.000%, avg grad norm  44.218, avg grad norm (post clip)   0.053, rho_Whh  1.13, Omega  0.00, alpha  0.000, steps in the past 0.000, valid nll 0.231
  [diag] log10|dL/dh_t| hist bins=60 range=(-5.30,-3.57) mean=-4.52 p50=-4.55 p05=-5.14 p95=-4.10
  [diag] sat-dist hist bins=60 sat<0.05=0.0% mean=0.624 p10=0.536 p90=0.685
Iter 0034500: train nll 0.246, valid error 100.000%, best valid error 100.000%, avg grad norm  53.888, avg grad norm (post clip)   0.053, rho_Whh  1.13, Omega  0.00, alpha  0.000, steps in the past 0.000, valid nll 0.229
  [diag] log10|dL/dh_t| hist bins=60 range=(-5.30,-3.57) mean=-4.32 p50=-4.08 p05=-5.11 p95=-4.05
  [diag] sat-dist hist bins=60 sat<0.05=0.0% mean=0.652 p10=0.548 p90=0.690
Iter 0034520: train nll 0.310, valid error 100.000%, best valid error 100.000%, avg grad norm  46.657, avg grad norm (post clip)   0.053, rho_Whh  1.13, Omega  0.00, alpha  0.000, steps in the past 0.000, valid nll 0.288
  [diag] log10|dL/dh_t| hist bins=60 range=(-5.30,-3.57) mean=-4.40 p50=-4.13 p05=-5.13 p95=-4.08
  [diag] sat-dist hist bins=60 sat<0.05=0.0% mean=0.642 p10=0.542 p90=0.687
Iter 0034540: train nll 0.330, valid error 100.000%, best valid error 100.000%, avg grad norm  43.222, avg grad norm (post clip)   0.053, rho_Whh  1.13, Omega  0.00, alpha  0.000, steps in the past 0.000, valid nll 0.260
  [diag] log10|dL/dh_t| hist bins=60 range=(-5.30,-3.57) mean=-4.52 p50=-4.54 p05=-5.14 p95=-4.11
  [diag] sat-dist hist bins=60 sat<0.05=0.0% mean=0.624 p10=0.536 p90=0.684
Iter 0034560: train nll 0.299, valid error 100.000%, best valid error 100.000%, avg grad norm  40.824, avg grad norm (post clip)   0.053, rho_Whh  1.13, Omega  0.00, alpha  0.000, steps in the past 0.000, valid nll 0.229
  [diag] log10|dL/dh_t| hist bins=60 range=(-5.30,-3.57) mean=-4.52 p50=-4.54 p05=-5.14 p95=-4.11
  [diag] sat-dist hist bins=60 sat<0.05=0.0% mean=0.624 p10=0.536 p90=0.684
Iter 0034580: train nll 0.301, valid error 100.000%, best valid error 100.000%, avg grad norm  44.463, avg grad norm (post clip)   0.053, rho_Whh  1.13, Omega  0.00, alpha  0.000, steps in the past 0.000, valid nll 0.229
  [diag] log10|dL/dh_t| hist bins=60 range=(-5.30,-3.57) mean=-4.50 p50=-4.48 p05=-5.14 p95=-4.11
  [diag] sat-dist hist bins=60 sat<0.05=0.0% mean=0.627 p10=0.537 p90=0.685
Iter 0034600: train nll 0.275, valid error 100.000%, best valid error 100.000%, avg grad norm  40.001, avg grad norm (post clip)   0.053, rho_Whh  1.13, Omega  0.00, alpha  0.000, steps in the past 0.000, valid nll 0.232
  [diag] log10|dL/dh_t| hist bins=60 range=(-5.30,-3.57) mean=-4.50 p50=-4.48 p05=-5.14 p95=-4.11
  [diag] sat-dist hist bins=60 sat<0.05=0.0% mean=0.627 p10=0.537 p90=0.684
Iter 0034620: train nll 0.278, valid error 100.000%, best valid error 100.000%, avg grad norm  48.109, avg grad norm (post clip)   0.053, rho_Whh  1.13, Omega  0.00, alpha  0.000, steps in the past 0.000, valid nll 0.232
  [diag] log10|dL/dh_t| hist bins=60 range=(-5.30,-3.57) mean=-4.39 p50=-4.11 p05=-5.12 p95=-4.08
  [diag] sat-dist hist bins=60 sat<0.05=0.0% mean=0.644 p10=0.543 p90=0.688
Iter 0034640: train nll 0.325, valid error 100.000%, best valid error 100.000%, avg grad norm  38.553, avg grad norm (post clip)   0.053, rho_Whh  1.13, Omega  0.00, alpha  0.000, steps in the past 0.000, valid nll 0.263
  [diag] log10|dL/dh_t| hist bins=60 range=(-5.30,-3.57) mean=-4.49 p50=-4.45 p05=-5.14 p95=-4.11
  [diag] sat-dist hist bins=60 sat<0.05=0.0% mean=0.628 p10=0.537 p90=0.685
Iter 0034660: train nll 0.293, valid error 100.000%, best valid error 100.000%, avg grad norm  39.406, avg grad norm (post clip)   0.053, rho_Whh  1.13, Omega  0.00, alpha  0.000, steps in the past 0.000, valid nll 0.234
  [diag] log10|dL/dh_t| hist bins=60 range=(-5.30,-3.57) mean=-4.38 p50=-4.10 p05=-5.12 p95=-4.08
  [diag] sat-dist hist bins=60 sat<0.05=0.0% mean=0.644 p10=0.543 p90=0.688
Iter 0034680: train nll 0.290, valid error 100.000%, best valid error 100.000%, avg grad norm  41.088, avg grad norm (post clip)   0.053, rho_Whh  1.13, Omega  0.00, alpha  0.000, steps in the past 0.000, valid nll 0.265
  [diag] log10|dL/dh_t| hist bins=60 range=(-5.30,-3.57) mean=-4.72 p50=-4.82 p05=-5.15 p95=-4.16
  [diag] sat-dist hist bins=60 sat<0.05=0.0% mean=0.594 p10=0.532 p90=0.667
Iter 0034700: train nll 0.272, valid error 100.000%, best valid error 100.000%, avg grad norm  36.458, avg grad norm (post clip)   0.053, rho_Whh  1.13, Omega  0.00, alpha  0.000, steps in the past 0.000, valid nll 0.219
  [diag] log10|dL/dh_t| hist bins=60 range=(-5.30,-3.57) mean=-4.38 p50=-4.10 p05=-5.12 p95=-4.07
  [diag] sat-dist hist bins=60 sat<0.05=0.0% mean=0.645 p10=0.543 p90=0.688
Iter 0034720: train nll 0.318, valid error 100.000%, best valid error 100.000%, avg grad norm  37.663, avg grad norm (post clip)   0.053, rho_Whh  1.13, Omega  0.00, alpha  0.000, steps in the past 0.000, valid nll 0.266
  [diag] log10|dL/dh_t| hist bins=60 range=(-5.30,-3.57) mean=-4.49 p50=-4.43 p05=-5.14 p95=-4.11
  [diag] sat-dist hist bins=60 sat<0.05=0.0% mean=0.629 p10=0.537 p90=0.685
Iter 0034740: train nll 0.290, valid error 100.000%, best valid error 100.000%, avg grad norm  40.912, avg grad norm (post clip)   0.053, rho_Whh  1.13, Omega  0.00, alpha  0.000, steps in the past 0.000, valid nll 0.235
  [diag] log10|dL/dh_t| hist bins=60 range=(-5.30,-3.57) mean=-4.70 p50=-4.80 p05=-5.15 p95=-4.14
  [diag] sat-dist hist bins=60 sat<0.05=0.0% mean=0.597 p10=0.532 p90=0.674
Iter 0034760: train nll 0.280, valid error 100.000%, best valid error 100.000%, avg grad norm  38.630, avg grad norm (post clip)   0.053, rho_Whh  1.13, Omega  0.00, alpha  0.000, steps in the past 0.000, valid nll 0.218
  [diag] log10|dL/dh_t| hist bins=60 range=(-5.30,-3.57) mean=-4.48 p50=-4.40 p05=-5.14 p95=-4.11
  [diag] sat-dist hist bins=60 sat<0.05=0.0% mean=0.630 p10=0.538 p90=0.685
Iter 0034780: train nll 0.314, valid error 100.000%, best valid error 100.000%, avg grad norm  46.139, avg grad norm (post clip)   0.053, rho_Whh  1.13, Omega  0.00, alpha  0.000, steps in the past 0.000, valid nll 0.236
  [diag] log10|dL/dh_t| hist bins=60 range=(-5.30,-3.57) mean=-4.48 p50=-4.41 p05=-5.14 p95=-4.11
  [diag] sat-dist hist bins=60 sat<0.05=0.0% mean=0.630 p10=0.538 p90=0.685
Iter 0034800: train nll 0.266, valid error 100.000%, best valid error 100.000%, avg grad norm  43.342, avg grad norm (post clip)   0.053, rho_Whh  1.13, Omega  0.00, alpha  0.000, steps in the past 0.000, valid nll 0.236
  [diag] log10|dL/dh_t| hist bins=60 range=(-5.30,-3.57) mean=-4.48 p50=-4.41 p05=-5.14 p95=-4.10
  [diag] sat-dist hist bins=60 sat<0.05=0.0% mean=0.630 p10=0.538 p90=0.685
Iter 0034820: train nll 0.279, valid error 100.000%, best valid error 100.000%, avg grad norm  38.988, avg grad norm (post clip)   0.053, rho_Whh  1.13, Omega  0.00, alpha  0.000, steps in the past 0.000, valid nll 0.236
  [diag] log10|dL/dh_t| hist bins=60 range=(-5.30,-3.57) mean=-4.70 p50=-4.80 p05=-5.15 p95=-4.15
  [diag] sat-dist hist bins=60 sat<0.05=0.0% mean=0.597 p10=0.532 p90=0.673
Iter 0034840: train nll 0.283, valid error 100.000%, best valid error 100.000%, avg grad norm  42.314, avg grad norm (post clip)   0.053, rho_Whh  1.13, Omega  0.00, alpha  0.000, steps in the past 0.000, valid nll 0.218
  [diag] log10|dL/dh_t| hist bins=60 range=(-5.30,-3.57) mean=-4.48 p50=-4.41 p05=-5.14 p95=-4.11
  [diag] sat-dist hist bins=60 sat<0.05=0.0% mean=0.630 p10=0.538 p90=0.685
Iter 0034860: train nll 0.282, valid error 100.000%, best valid error 100.000%, avg grad norm  52.053, avg grad norm (post clip)   0.053, rho_Whh  1.13, Omega  0.00, alpha  0.000, steps in the past 0.000, valid nll 0.236
  [diag] log10|dL/dh_t| hist bins=60 range=(-5.30,-3.57) mean=-4.49 p50=-4.42 p05=-5.14 p95=-4.11
  [diag] sat-dist hist bins=60 sat<0.05=0.0% mean=0.629 p10=0.537 p90=0.685
Iter 0034880: train nll 0.285, valid error 100.000%, best valid error 100.000%, avg grad norm  38.448, avg grad norm (post clip)   0.053, rho_Whh  1.13, Omega  0.00, alpha  0.000, steps in the past 0.000, valid nll 0.235
  [diag] log10|dL/dh_t| hist bins=60 range=(-5.30,-3.57) mean=-4.52 p50=-4.54 p05=-5.14 p95=-4.11
  [diag] sat-dist hist bins=60 sat<0.05=0.0% mean=0.624 p10=0.536 p90=0.684
Iter 0034900: train nll 0.276, valid error 100.000%, best valid error 100.000%, avg grad norm  43.891, avg grad norm (post clip)   0.053, rho_Whh  1.13, Omega  0.00, alpha  0.000, steps in the past 0.000, valid nll 0.229
  [diag] log10|dL/dh_t| hist bins=60 range=(-5.31,-3.57) mean=-4.67 p50=-4.78 p05=-5.15 p95=-4.12
  [diag] sat-dist hist bins=60 sat<0.05=0.0% mean=0.602 p10=0.532 p90=0.682
Iter 0034920: train nll 0.266, valid error 100.000%, best valid error 100.000%, avg grad norm  41.495, avg grad norm (post clip)   0.053, rho_Whh  1.13, Omega  0.00, alpha  0.000, steps in the past 0.000, valid nll 0.217
  [diag] log10|dL/dh_t| hist bins=60 range=(-5.30,-3.57) mean=-4.45 p50=-4.28 p05=-5.14 p95=-4.08
  [diag] sat-dist hist bins=60 sat<0.05=0.0% mean=0.635 p10=0.538 p90=0.687
Iter 0034940: train nll 0.271, valid error 100.000%, best valid error 100.000%, avg grad norm  50.115, avg grad norm (post clip)   0.053, rho_Whh  1.13, Omega  0.00, alpha  0.000, steps in the past 0.000, valid nll 0.244
  [diag] log10|dL/dh_t| hist bins=60 range=(-5.31,-3.57) mean=-4.57 p50=-4.66 p05=-5.15 p95=-4.10
  [diag] sat-dist hist bins=60 sat<0.05=0.0% mean=0.617 p10=0.533 p90=0.685
Iter 0034960: train nll 0.283, valid error 100.000%, best valid error 100.000%, avg grad norm  42.958, avg grad norm (post clip)   0.053, rho_Whh  1.13, Omega  0.00, alpha  0.000, steps in the past 0.000, valid nll 0.223
  [diag] log10|dL/dh_t| hist bins=60 range=(-5.31,-3.57) mean=-4.57 p50=-4.66 p05=-5.15 p95=-4.11
  [diag] sat-dist hist bins=60 sat<0.05=0.0% mean=0.617 p10=0.534 p90=0.685
Iter 0034980: train nll 0.318, valid error 100.000%, best valid error 100.000%, avg grad norm  48.470, avg grad norm (post clip)   0.053, rho_Whh  1.13, Omega  0.00, alpha  0.000, steps in the past 0.000, valid nll 0.222
  [diag] log10|dL/dh_t| hist bins=60 range=(-5.31,-3.57) mean=-4.55 p50=-4.63 p05=-5.15 p95=-4.10
  [diag] sat-dist hist bins=60 sat<0.05=0.0% mean=0.619 p10=0.534 p90=0.685
Iter 0035000: train nll 0.271, valid error 100.000%, best valid error 100.000%, avg grad norm  49.484, avg grad norm (post clip)   0.053, rho_Whh  1.13, Omega  0.00, alpha  0.000, steps in the past 0.000, valid nll 0.224
  [diag] log10|dL/dh_t| hist bins=60 range=(-5.30,-3.57) mean=-4.41 p50=-4.16 p05=-5.13 p95=-4.07
  [diag] sat-dist hist bins=60 sat<0.05=0.0% mean=0.640 p10=0.540 p90=0.688
Iter 0035020: train nll 0.286, valid error 100.000%, best valid error 100.000%, avg grad norm  45.375, avg grad norm (post clip)   0.053, rho_Whh  1.13, Omega  0.00, alpha  0.000, steps in the past 0.000, valid nll 0.255
  [diag] log10|dL/dh_t| hist bins=60 range=(-5.30,-3.57) mean=-4.41 p50=-4.16 p05=-5.13 p95=-4.08
  [diag] sat-dist hist bins=60 sat<0.05=0.0% mean=0.640 p10=0.540 p90=0.688
Iter 0035040: train nll 0.299, valid error 100.000%, best valid error 100.000%, avg grad norm  45.274, avg grad norm (post clip)   0.053, rho_Whh  1.13, Omega  0.00, alpha  0.000, steps in the past 0.000, valid nll 0.255
  [diag] log10|dL/dh_t| hist bins=60 range=(-5.31,-3.57) mean=-4.55 p50=-4.63 p05=-5.15 p95=-4.11
  [diag] sat-dist hist bins=60 sat<0.05=0.0% mean=0.620 p10=0.534 p90=0.685
Iter 0035060: train nll 0.290, valid error 100.000%, best valid error 100.000%, avg grad norm  48.490, avg grad norm (post clip)   0.053, rho_Whh  1.13, Omega  0.00, alpha  0.000, steps in the past 0.000, valid nll 0.224
  [diag] log10|dL/dh_t| hist bins=60 range=(-5.31,-3.57) mean=-4.55 p50=-4.62 p05=-5.15 p95=-4.11
  [diag] sat-dist hist bins=60 sat<0.05=0.0% mean=0.620 p10=0.534 p90=0.685
Iter 0035080: train nll 0.248, valid error 100.000%, best valid error 100.000%, avg grad norm  53.302, avg grad norm (post clip)   0.053, rho_Whh  1.13, Omega  0.00, alpha  0.000, steps in the past 0.000, valid nll 0.224
  [diag] log10|dL/dh_t| hist bins=60 range=(-5.31,-3.57) mean=-4.55 p50=-4.62 p05=-5.15 p95=-4.11
  [diag] sat-dist hist bins=60 sat<0.05=0.0% mean=0.620 p10=0.535 p90=0.685
Iter 0035100: train nll 0.305, valid error 100.000%, best valid error 100.000%, avg grad norm  46.286, avg grad norm (post clip)   0.053, rho_Whh  1.13, Omega  0.00, alpha  0.000, steps in the past 0.000, valid nll 0.224
  [diag] log10|dL/dh_t| hist bins=60 range=(-5.31,-3.57) mean=-4.54 p50=-4.59 p05=-5.15 p95=-4.10
  [diag] sat-dist hist bins=60 sat<0.05=0.0% mean=0.622 p10=0.535 p90=0.685
Iter 0035120: train nll 0.304, valid error 100.000%, best valid error 100.000%, avg grad norm  40.465, avg grad norm (post clip)   0.053, rho_Whh  1.13, Omega  0.00, alpha  0.000, steps in the past 0.000, valid nll 0.226
  [diag] log10|dL/dh_t| hist bins=60 range=(-5.30,-3.57) mean=-4.40 p50=-4.13 p05=-5.13 p95=-4.07
  [diag] sat-dist hist bins=60 sat<0.05=0.0% mean=0.641 p10=0.541 p90=0.689
Iter 0035140: train nll 0.294, valid error 100.000%, best valid error 100.000%, avg grad norm  40.862, avg grad norm (post clip)   0.053, rho_Whh  1.13, Omega  0.00, alpha  0.000, steps in the past 0.000, valid nll 0.258
  [diag] log10|dL/dh_t| hist bins=60 range=(-5.31,-3.57) mean=-4.53 p50=-4.57 p05=-5.15 p95=-4.11
  [diag] sat-dist hist bins=60 sat<0.05=0.0% mean=0.623 p10=0.535 p90=0.685
Iter 0035160: train nll 0.285, valid error 100.000%, best valid error 100.000%, avg grad norm  47.543, avg grad norm (post clip)   0.053, rho_Whh  1.13, Omega  0.00, alpha  0.000, steps in the past 0.000, valid nll 0.227
  [diag] log10|dL/dh_t| hist bins=60 range=(-5.31,-3.57) mean=-4.53 p50=-4.58 p05=-5.15 p95=-4.11
  [diag] sat-dist hist bins=60 sat<0.05=0.0% mean=0.623 p10=0.535 p90=0.685
Iter 0035180: train nll 0.279, valid error 100.000%, best valid error 100.000%, avg grad norm  47.054, avg grad norm (post clip)   0.053, rho_Whh  1.13, Omega  0.00, alpha  0.000, steps in the past 0.000, valid nll 0.227
  [diag] log10|dL/dh_t| hist bins=60 range=(-5.31,-3.57) mean=-4.53 p50=-4.58 p05=-5.15 p95=-4.11
  [diag] sat-dist hist bins=60 sat<0.05=0.0% mean=0.623 p10=0.535 p90=0.685
Iter 0035200: train nll 0.269, valid error 100.000%, best valid error 100.000%, avg grad norm  52.209, avg grad norm (post clip)   0.053, rho_Whh  1.13, Omega  0.00, alpha  0.000, steps in the past 0.000, valid nll 0.227
  [diag] log10|dL/dh_t| hist bins=60 range=(-5.31,-3.57) mean=-4.53 p50=-4.58 p05=-5.14 p95=-4.11
  [diag] sat-dist hist bins=60 sat<0.05=0.0% mean=0.623 p10=0.535 p90=0.685
Iter 0035220: train nll 0.283, valid error 100.000%, best valid error 100.000%, avg grad norm  51.364, avg grad norm (post clip)   0.053, rho_Whh  1.13, Omega  0.00, alpha  0.000, steps in the past 0.000, valid nll 0.227
  [diag] log10|dL/dh_t| hist bins=60 range=(-5.31,-3.57) mean=-4.53 p50=-4.58 p05=-5.14 p95=-4.11
  [diag] sat-dist hist bins=60 sat<0.05=0.0% mean=0.623 p10=0.535 p90=0.685
Iter 0035240: train nll 0.256, valid error 100.000%, best valid error 100.000%, avg grad norm  49.721, avg grad norm (post clip)   0.053, rho_Whh  1.13, Omega  0.00, alpha  0.000, steps in the past 0.000, valid nll 0.227
  [diag] log10|dL/dh_t| hist bins=60 range=(-5.31,-3.49) mean=-4.82 p50=-4.87 p05=-5.16 p95=-4.23
  [diag] sat-dist hist bins=60 sat<0.05=0.0% mean=0.576 p10=0.530 p90=0.618
Iter 0035260: train nll 0.245, valid error 100.000%, best valid error 100.000%, avg grad norm  49.628, avg grad norm (post clip)   0.053, rho_Whh  1.13, Omega  0.00, alpha  0.000, steps in the past 0.000, valid nll 0.234
  [diag] log10|dL/dh_t| hist bins=60 range=(-5.31,-3.57) mean=-4.53 p50=-4.57 p05=-5.14 p95=-4.11
  [diag] sat-dist hist bins=60 sat<0.05=0.0% mean=0.623 p10=0.535 p90=0.685
Iter 0035280: train nll 0.277, valid error 100.000%, best valid error 100.000%, avg grad norm  48.730, avg grad norm (post clip)   0.053, rho_Whh  1.13, Omega  0.00, alpha  0.000, steps in the past 0.000, valid nll 0.227
  [diag] log10|dL/dh_t| hist bins=60 range=(-5.30,-3.57) mean=-4.40 p50=-4.14 p05=-5.13 p95=-4.08
  [diag] sat-dist hist bins=60 sat<0.05=0.0% mean=0.641 p10=0.542 p90=0.688
Iter 0035300: train nll 0.321, valid error 100.000%, best valid error 100.000%, avg grad norm  45.144, avg grad norm (post clip)   0.053, rho_Whh  1.13, Omega  0.00, alpha  0.000, steps in the past 0.000, valid nll 0.257
  [diag] log10|dL/dh_t| hist bins=60 range=(-5.31,-3.57) mean=-4.53 p50=-4.57 p05=-5.14 p95=-4.11
  [diag] sat-dist hist bins=60 sat<0.05=0.0% mean=0.623 p10=0.536 p90=0.684
Iter 0035320: train nll 0.278, valid error 100.000%, best valid error 100.000%, avg grad norm  44.904, avg grad norm (post clip)   0.053, rho_Whh  1.13, Omega  0.00, alpha  0.000, steps in the past 0.000, valid nll 0.227
  [diag] log10|dL/dh_t| hist bins=60 range=(-5.31,-3.57) mean=-4.52 p50=-4.53 p05=-5.14 p95=-4.11
  [diag] sat-dist hist bins=60 sat<0.05=0.0% mean=0.625 p10=0.536 p90=0.685
Iter 0035340: train nll 0.290, valid error 100.000%, best valid error 100.000%, avg grad norm  42.885, avg grad norm (post clip)   0.053, rho_Whh  1.13, Omega  0.00, alpha  0.000, steps in the past 0.000, valid nll 0.229
  [diag] log10|dL/dh_t| hist bins=60 range=(-5.31,-3.57) mean=-4.52 p50=-4.53 p05=-5.14 p95=-4.11
  [diag] sat-dist hist bins=60 sat<0.05=0.0% mean=0.625 p10=0.536 p90=0.685
Iter 0035360: train nll 0.286, valid error 100.000%, best valid error 100.000%, avg grad norm  36.244, avg grad norm (post clip)   0.053, rho_Whh  1.13, Omega  0.00, alpha  0.000, steps in the past 0.000, valid nll 0.229
  [diag] log10|dL/dh_t| hist bins=60 range=(-5.31,-3.57) mean=-4.53 p50=-4.58 p05=-5.15 p95=-4.11
  [diag] sat-dist hist bins=60 sat<0.05=0.0% mean=0.622 p10=0.535 p90=0.685
Iter 0035380: train nll 0.263, valid error 100.000%, best valid error 100.000%, avg grad norm  45.224, avg grad norm (post clip)   0.053, rho_Whh  1.13, Omega  0.00, alpha  0.000, steps in the past 0.000, valid nll 0.226
  [diag] log10|dL/dh_t| hist bins=60 range=(-5.30,-3.57) mean=-4.39 p50=-4.10 p05=-5.13 p95=-4.07
  [diag] sat-dist hist bins=60 sat<0.05=0.0% mean=0.643 p10=0.542 p90=0.689
Iter 0035400: train nll 0.294, valid error 100.000%, best valid error 100.000%, avg grad norm  39.588, avg grad norm (post clip)   0.053, rho_Whh  1.13, Omega  0.00, alpha  0.000, steps in the past 0.000, valid nll 0.262
  [diag] log10|dL/dh_t| hist bins=60 range=(-5.30,-3.57) mean=-4.39 p50=-4.10 p05=-5.13 p95=-4.07
  [diag] sat-dist hist bins=60 sat<0.05=0.0% mean=0.643 p10=0.542 p90=0.689
Iter 0035420: train nll 0.288, valid error 100.000%, best valid error 100.000%, avg grad norm  40.391, avg grad norm (post clip)   0.053, rho_Whh  1.13, Omega  0.00, alpha  0.000, steps in the past 0.000, valid nll 0.262
  [diag] log10|dL/dh_t| hist bins=60 range=(-5.31,-3.53) mean=-4.78 p50=-4.85 p05=-5.16 p95=-4.23
  [diag] sat-dist hist bins=60 sat<0.05=0.0% mean=0.584 p10=0.530 p90=0.641
Iter 0035440: train nll 0.279, valid error 100.000%, best valid error 100.000%, avg grad norm  47.559, avg grad norm (post clip)   0.053, rho_Whh  1.13, Omega  0.00, alpha  0.000, steps in the past 0.000, valid nll 0.225
  [diag] log10|dL/dh_t| hist bins=60 range=(-5.30,-3.57) mean=-4.39 p50=-4.10 p05=-5.13 p95=-4.07
  [diag] sat-dist hist bins=60 sat<0.05=0.0% mean=0.643 p10=0.542 p90=0.689
Iter 0035460: train nll 0.261, valid error 100.000%, best valid error 100.000%, avg grad norm  45.095, avg grad norm (post clip)   0.053, rho_Whh  1.13, Omega  0.00, alpha  0.000, steps in the past 0.000, valid nll 0.262
  [diag] log10|dL/dh_t| hist bins=60 range=(-5.31,-3.57) mean=-4.51 p50=-4.50 p05=-5.14 p95=-4.10
  [diag] sat-dist hist bins=60 sat<0.05=0.0% mean=0.627 p10=0.536 p90=0.686
Iter 0035480: train nll 0.293, valid error 100.000%, best valid error 100.000%, avg grad norm  44.734, avg grad norm (post clip)   0.053, rho_Whh  1.13, Omega  0.00, alpha  0.000, steps in the past 0.000, valid nll 0.231
  [diag] log10|dL/dh_t| hist bins=60 range=(-5.31,-3.54) mean=-4.78 p50=-4.85 p05=-5.16 p95=-4.23
  [diag] sat-dist hist bins=60 sat<0.05=0.0% mean=0.585 p10=0.530 p90=0.644
Iter 0035500: train nll 0.263, valid error 100.000%, best valid error 100.000%, avg grad norm  45.356, avg grad norm (post clip)   0.053, rho_Whh  1.13, Omega  0.00, alpha  0.000, steps in the past 0.000, valid nll 0.224
  [diag] log10|dL/dh_t| hist bins=60 range=(-5.31,-3.57) mean=-4.51 p50=-4.50 p05=-5.14 p95=-4.10
  [diag] sat-dist hist bins=60 sat<0.05=0.0% mean=0.627 p10=0.536 p90=0.686
Iter 0035520: train nll 0.285, valid error 100.000%, best valid error 100.000%, avg grad norm  46.493, avg grad norm (post clip)   0.053, rho_Whh  1.13, Omega  0.00, alpha  0.000, steps in the past 0.000, valid nll 0.231
  [diag] log10|dL/dh_t| hist bins=60 range=(-5.30,-3.57) mean=-4.39 p50=-4.11 p05=-5.13 p95=-4.07
  [diag] sat-dist hist bins=60 sat<0.05=0.0% mean=0.643 p10=0.541 p90=0.689
Iter 0035540: train nll 0.265, valid error 100.000%, best valid error 100.000%, avg grad norm  41.048, avg grad norm (post clip)   0.053, rho_Whh  1.13, Omega  0.00, alpha  0.000, steps in the past 0.000, valid nll 0.261
  [diag] log10|dL/dh_t| hist bins=60 range=(-5.31,-3.57) mean=-4.51 p50=-4.52 p05=-5.15 p95=-4.10
  [diag] sat-dist hist bins=60 sat<0.05=0.0% mean=0.626 p10=0.536 p90=0.686
Iter 0035560: train nll 0.297, valid error 100.000%, best valid error 100.000%, avg grad norm  44.702, avg grad norm (post clip)   0.053, rho_Whh  1.13, Omega  0.00, alpha  0.000, steps in the past 0.000, valid nll 0.230
  [diag] log10|dL/dh_t| hist bins=60 range=(-5.31,-3.57) mean=-4.51 p50=-4.52 p05=-5.15 p95=-4.10
  [diag] sat-dist hist bins=60 sat<0.05=0.0% mean=0.626 p10=0.536 p90=0.686
Iter 0035580: train nll 0.263, valid error 100.000%, best valid error 100.000%, avg grad norm  55.323, avg grad norm (post clip)   0.053, rho_Whh  1.13, Omega  0.00, alpha  0.000, steps in the past 0.000, valid nll 0.230
  [diag] log10|dL/dh_t| hist bins=60 range=(-5.31,-3.52) mean=-4.79 p50=-4.85 p05=-5.16 p95=-4.23
  [diag] sat-dist hist bins=60 sat<0.05=0.0% mean=0.584 p10=0.530 p90=0.639
Iter 0035600: train nll 0.279, valid error 100.000%, best valid error 100.000%, avg grad norm  51.808, avg grad norm (post clip)   0.053, rho_Whh  1.13, Omega  0.00, alpha  0.000, steps in the past 0.000, valid nll 0.226
  [diag] log10|dL/dh_t| hist bins=60 range=(-5.31,-3.57) mean=-4.51 p50=-4.52 p05=-5.14 p95=-4.10
  [diag] sat-dist hist bins=60 sat<0.05=0.0% mean=0.626 p10=0.536 p90=0.685
Iter 0035620: train nll 0.258, valid error 100.000%, best valid error 100.000%, avg grad norm  56.679, avg grad norm (post clip)   0.053, rho_Whh  1.13, Omega  0.00, alpha  0.000, steps in the past 0.000, valid nll 0.230
  [diag] log10|dL/dh_t| hist bins=60 range=(-5.31,-3.57) mean=-4.51 p50=-4.51 p05=-5.14 p95=-4.11
  [diag] sat-dist hist bins=60 sat<0.05=0.0% mean=0.626 p10=0.536 p90=0.685
Iter 0035640: train nll 0.312, valid error 100.000%, best valid error 100.000%, avg grad norm  45.470, avg grad norm (post clip)   0.053, rho_Whh  1.13, Omega  0.00, alpha  0.000, steps in the past 0.000, valid nll 0.230
  [diag] log10|dL/dh_t| hist bins=60 range=(-5.31,-3.57) mean=-4.51 p50=-4.51 p05=-5.14 p95=-4.11
  [diag] sat-dist hist bins=60 sat<0.05=0.0% mean=0.626 p10=0.536 p90=0.685
Iter 0035660: train nll 0.288, valid error 100.000%, best valid error 100.000%, avg grad norm  46.259, avg grad norm (post clip)   0.053, rho_Whh  1.13, Omega  0.00, alpha  0.000, steps in the past 0.000, valid nll 0.230
  [diag] log10|dL/dh_t| hist bins=60 range=(-5.31,-3.57) mean=-4.51 p50=-4.51 p05=-5.14 p95=-4.11
  [diag] sat-dist hist bins=60 sat<0.05=0.0% mean=0.626 p10=0.536 p90=0.685
Iter 0035680: train nll 0.297, valid error 100.000%, best valid error 100.000%, avg grad norm  51.799, avg grad norm (post clip)   0.053, rho_Whh  1.13, Omega  0.00, alpha  0.000, steps in the past 0.000, valid nll 0.230
  [diag] log10|dL/dh_t| hist bins=60 range=(-5.30,-3.57) mean=-4.40 p50=-4.13 p05=-5.13 p95=-4.08
  [diag] sat-dist hist bins=60 sat<0.05=0.0% mean=0.642 p10=0.542 p90=0.688
Iter 0035700: train nll 0.290, valid error 100.000%, best valid error 100.000%, avg grad norm  46.213, avg grad norm (post clip)   0.053, rho_Whh  1.13, Omega  0.00, alpha  0.000, steps in the past 0.000, valid nll 0.257
  [diag] log10|dL/dh_t| hist bins=60 range=(-5.31,-3.57) mean=-4.53 p50=-4.56 p05=-5.14 p95=-4.12
  [diag] sat-dist hist bins=60 sat<0.05=0.0% mean=0.624 p10=0.536 p90=0.684
Iter 0035720: train nll 0.291, valid error 100.000%, best valid error 100.000%, avg grad norm  45.950, avg grad norm (post clip)   0.053, rho_Whh  1.13, Omega  0.00, alpha  0.000, steps in the past 0.000, valid nll 0.227
  [diag] log10|dL/dh_t| hist bins=60 range=(-5.31,-3.49) mean=-4.81 p50=-4.87 p05=-5.16 p95=-4.23
  [diag] sat-dist hist bins=60 sat<0.05=0.0% mean=0.579 p10=0.530 p90=0.624
Iter 0035740: train nll 0.288, valid error 100.000%, best valid error 100.000%, avg grad norm  44.633, avg grad norm (post clip)   0.053, rho_Whh  1.13, Omega  0.00, alpha  0.000, steps in the past 0.000, valid nll 0.232
  [diag] log10|dL/dh_t| hist bins=60 range=(-5.30,-3.57) mean=-4.40 p50=-4.13 p05=-5.13 p95=-4.08
  [diag] sat-dist hist bins=60 sat<0.05=0.0% mean=0.642 p10=0.542 p90=0.688
Iter 0035760: train nll 0.317, valid error 100.000%, best valid error 100.000%, avg grad norm  39.740, avg grad norm (post clip)   0.053, rho_Whh  1.13, Omega  0.00, alpha  0.000, steps in the past 0.000, valid nll 0.258
  [diag] log10|dL/dh_t| hist bins=60 range=(-5.30,-3.57) mean=-4.40 p50=-4.13 p05=-5.13 p95=-4.08
  [diag] sat-dist hist bins=60 sat<0.05=0.0% mean=0.642 p10=0.542 p90=0.688
Iter 0035780: train nll 0.284, valid error 100.000%, best valid error 100.000%, avg grad norm  43.428, avg grad norm (post clip)   0.053, rho_Whh  1.13, Omega  0.00, alpha  0.000, steps in the past 0.000, valid nll 0.258
  [diag] log10|dL/dh_t| hist bins=60 range=(-5.31,-3.57) mean=-4.52 p50=-4.54 p05=-5.14 p95=-4.12
  [diag] sat-dist hist bins=60 sat<0.05=0.0% mean=0.625 p10=0.536 p90=0.685
Iter 0035800: train nll 0.280, valid error 100.000%, best valid error 100.000%, avg grad norm  47.900, avg grad norm (post clip)   0.053, rho_Whh  1.13, Omega  0.00, alpha  0.000, steps in the past 0.000, valid nll 0.228
  [diag] log10|dL/dh_t| hist bins=60 range=(-5.30,-3.57) mean=-4.40 p50=-4.13 p05=-5.13 p95=-4.09
  [diag] sat-dist hist bins=60 sat<0.05=0.0% mean=0.642 p10=0.542 p90=0.688
Iter 0035820: train nll 0.287, valid error 100.000%, best valid error 100.000%, avg grad norm  46.341, avg grad norm (post clip)   0.053, rho_Whh  1.13, Omega  0.00, alpha  0.000, steps in the past 0.000, valid nll 0.258
  [diag] log10|dL/dh_t| hist bins=60 range=(-5.31,-3.57) mean=-4.52 p50=-4.54 p05=-5.14 p95=-4.12
  [diag] sat-dist hist bins=60 sat<0.05=0.0% mean=0.625 p10=0.536 p90=0.684
Iter 0035840: train nll 0.254, valid error 100.000%, best valid error 100.000%, avg grad norm  48.709, avg grad norm (post clip)   0.053, rho_Whh  1.13, Omega  0.00, alpha  0.000, steps in the past 0.000, valid nll 0.228
  [diag] log10|dL/dh_t| hist bins=60 range=(-5.31,-3.57) mean=-4.52 p50=-4.54 p05=-5.14 p95=-4.12
  [diag] sat-dist hist bins=60 sat<0.05=0.0% mean=0.625 p10=0.536 p90=0.684
Iter 0035860: train nll 0.257, valid error 100.000%, best valid error 100.000%, avg grad norm  47.176, avg grad norm (post clip)   0.053, rho_Whh  1.13, Omega  0.00, alpha  0.000, steps in the past 0.000, valid nll 0.228
  [diag] log10|dL/dh_t| hist bins=60 range=(-5.30,-3.57) mean=-4.40 p50=-4.13 p05=-5.13 p95=-4.09
  [diag] sat-dist hist bins=60 sat<0.05=0.0% mean=0.643 p10=0.542 p90=0.688
Iter 0035880: train nll 0.294, valid error 100.000%, best valid error 100.000%, avg grad norm  43.109, avg grad norm (post clip)   0.053, rho_Whh  1.13, Omega  0.00, alpha  0.000, steps in the past 0.000, valid nll 0.258
  [diag] log10|dL/dh_t| hist bins=60 range=(-5.31,-3.57) mean=-4.52 p50=-4.53 p05=-5.14 p95=-4.12
  [diag] sat-dist hist bins=60 sat<0.05=0.0% mean=0.625 p10=0.536 p90=0.684
Iter 0035900: train nll 0.233, valid error 100.000%, best valid error 100.000%, avg grad norm  50.321, avg grad norm (post clip)   0.053, rho_Whh  1.13, Omega  0.00, alpha  0.000, steps in the past 0.000, valid nll 0.228
  [diag] log10|dL/dh_t| hist bins=60 range=(-5.31,-3.57) mean=-4.52 p50=-4.53 p05=-5.14 p95=-4.12
  [diag] sat-dist hist bins=60 sat<0.05=0.0% mean=0.625 p10=0.536 p90=0.684
Iter 0035920: train nll 0.264, valid error 100.000%, best valid error 100.000%, avg grad norm  43.556, avg grad norm (post clip)   0.053, rho_Whh  1.13, Omega  0.00, alpha  0.000, steps in the past 0.000, valid nll 0.228
  [diag] log10|dL/dh_t| hist bins=60 range=(-5.31,-3.49) mean=-4.81 p50=-4.87 p05=-5.16 p95=-4.23
  [diag] sat-dist hist bins=60 sat<0.05=0.0% mean=0.579 p10=0.530 p90=0.625
Iter 0035940: train nll 0.250, valid error 100.000%, best valid error 100.000%, avg grad norm  47.073, avg grad norm (post clip)   0.053, rho_Whh  1.13, Omega  0.00, alpha  0.000, steps in the past 0.000, valid nll 0.231
  [diag] log10|dL/dh_t| hist bins=60 range=(-5.30,-3.57) mean=-4.40 p50=-4.13 p05=-5.13 p95=-4.08
  [diag] sat-dist hist bins=60 sat<0.05=0.0% mean=0.642 p10=0.542 p90=0.688
Iter 0035960: train nll 0.249, valid error 100.000%, best valid error 100.000%, avg grad norm  57.213, avg grad norm (post clip)   0.053, rho_Whh  1.13, Omega  0.00, alpha  0.000, steps in the past 0.000, valid nll 0.257
  [diag] log10|dL/dh_t| hist bins=60 range=(-5.31,-3.57) mean=-4.52 p50=-4.55 p05=-5.14 p95=-4.11
  [diag] sat-dist hist bins=60 sat<0.05=0.0% mean=0.625 p10=0.536 p90=0.685
Iter 0035980: train nll 0.300, valid error 100.000%, best valid error 100.000%, avg grad norm  38.062, avg grad norm (post clip)   0.053, rho_Whh  1.13, Omega  0.00, alpha  0.000, steps in the past 0.000, valid nll 0.228
  [diag] log10|dL/dh_t| hist bins=60 range=(-5.31,-3.57) mean=-4.52 p50=-4.54 p05=-5.14 p95=-4.11
  [diag] sat-dist hist bins=60 sat<0.05=0.0% mean=0.625 p10=0.536 p90=0.685
Iter 0036000: train nll 0.307, valid error 100.000%, best valid error 100.000%, avg grad norm  38.587, avg grad norm (post clip)   0.053, rho_Whh  1.13, Omega  0.00, alpha  0.000, steps in the past 0.000, valid nll 0.228
  [diag] log10|dL/dh_t| hist bins=60 range=(-5.30,-3.57) mean=-4.40 p50=-4.13 p05=-5.13 p95=-4.08
  [diag] sat-dist hist bins=60 sat<0.05=0.0% mean=0.643 p10=0.542 p90=0.688
Iter 0036020: train nll 0.294, valid error 100.000%, best valid error 100.000%, avg grad norm  44.458, avg grad norm (post clip)   0.053, rho_Whh  1.13, Omega  0.00, alpha  0.000, steps in the past 0.000, valid nll 0.258
  [diag] log10|dL/dh_t| hist bins=60 range=(-5.31,-3.57) mean=-4.52 p50=-4.54 p05=-5.14 p95=-4.12
  [diag] sat-dist hist bins=60 sat<0.05=0.0% mean=0.625 p10=0.536 p90=0.685
Iter 0036040: train nll 0.293, valid error 100.000%, best valid error 100.000%, avg grad norm  41.662, avg grad norm (post clip)   0.053, rho_Whh  1.13, Omega  0.00, alpha  0.000, steps in the past 0.000, valid nll 0.228
  [diag] log10|dL/dh_t| hist bins=60 range=(-5.30,-3.57) mean=-4.40 p50=-4.13 p05=-5.13 p95=-4.09
  [diag] sat-dist hist bins=60 sat<0.05=0.0% mean=0.643 p10=0.542 p90=0.688
Iter 0036060: train nll 0.319, valid error 100.000%, best valid error 100.000%, avg grad norm  32.646, avg grad norm (post clip)   0.053, rho_Whh  1.13, Omega  0.00, alpha  0.000, steps in the past 0.000, valid nll 0.258
  [diag] log10|dL/dh_t| hist bins=60 range=(-5.30,-3.57) mean=-4.40 p50=-4.12 p05=-5.13 p95=-4.09
  [diag] sat-dist hist bins=60 sat<0.05=0.0% mean=0.643 p10=0.542 p90=0.688
Iter 0036080: train nll 0.322, valid error 100.000%, best valid error 100.000%, avg grad norm  38.710, avg grad norm (post clip)   0.053, rho_Whh  1.13, Omega  0.00, alpha  0.000, steps in the past 0.000, valid nll 0.259
  [diag] log10|dL/dh_t| hist bins=60 range=(-5.31,-3.57) mean=-4.52 p50=-4.53 p05=-5.14 p95=-4.12
  [diag] sat-dist hist bins=60 sat<0.05=0.0% mean=0.625 p10=0.536 p90=0.685
Iter 0036100: train nll 0.254, valid error 100.000%, best valid error 100.000%, avg grad norm  43.871, avg grad norm (post clip)   0.053, rho_Whh  1.13, Omega  0.00, alpha  0.000, steps in the past 0.000, valid nll 0.228
  [diag] log10|dL/dh_t| hist bins=60 range=(-5.31,-3.57) mean=-4.52 p50=-4.53 p05=-5.14 p95=-4.12
  [diag] sat-dist hist bins=60 sat<0.05=0.0% mean=0.625 p10=0.536 p90=0.684
Iter 0036120: train nll 0.305, valid error 100.000%, best valid error 100.000%, avg grad norm  41.085, avg grad norm (post clip)   0.053, rho_Whh  1.13, Omega  0.00, alpha  0.000, steps in the past 0.000, valid nll 0.228
  [diag] log10|dL/dh_t| hist bins=60 range=(-5.31,-3.57) mean=-4.40 p50=-4.12 p05=-5.13 p95=-4.08
  [diag] sat-dist hist bins=60 sat<0.05=0.0% mean=0.643 p10=0.542 p90=0.688
Iter 0036140: train nll 0.326, valid error 100.000%, best valid error 100.000%, avg grad norm  34.249, avg grad norm (post clip)   0.053, rho_Whh  1.13, Omega  0.00, alpha  0.000, steps in the past 0.000, valid nll 0.260
  [diag] log10|dL/dh_t| hist bins=60 range=(-5.31,-3.57) mean=-4.51 p50=-4.51 p05=-5.14 p95=-4.12
  [diag] sat-dist hist bins=60 sat<0.05=0.0% mean=0.626 p10=0.536 p90=0.685
Iter 0036160: train nll 0.261, valid error 100.000%, best valid error 100.000%, avg grad norm  51.286, avg grad norm (post clip)   0.053, rho_Whh  1.13, Omega  0.00, alpha  0.000, steps in the past 0.000, valid nll 0.229
  [diag] log10|dL/dh_t| hist bins=60 range=(-5.31,-3.57) mean=-4.51 p50=-4.51 p05=-5.14 p95=-4.12
  [diag] sat-dist hist bins=60 sat<0.05=0.0% mean=0.626 p10=0.537 p90=0.685
Iter 0036180: train nll 0.305, valid error 100.000%, best valid error 100.000%, avg grad norm  47.190, avg grad norm (post clip)   0.053, rho_Whh  1.13, Omega  0.00, alpha  0.000, steps in the past 0.000, valid nll 0.229
  [diag] log10|dL/dh_t| hist bins=60 range=(-5.30,-3.57) mean=-4.40 p50=-4.12 p05=-5.13 p95=-4.09
  [diag] sat-dist hist bins=60 sat<0.05=0.0% mean=0.643 p10=0.543 p90=0.688
Iter 0036200: train nll 0.294, valid error 100.000%, best valid error 100.000%, avg grad norm  42.275, avg grad norm (post clip)   0.053, rho_Whh  1.13, Omega  0.00, alpha  0.000, steps in the past 0.000, valid nll 0.259
  [diag] log10|dL/dh_t| hist bins=60 range=(-5.30,-3.57) mean=-4.40 p50=-4.12 p05=-5.13 p95=-4.09
  [diag] sat-dist hist bins=60 sat<0.05=0.0% mean=0.643 p10=0.543 p90=0.688
Iter 0036220: train nll 0.263, valid error 100.000%, best valid error 100.000%, avg grad norm  49.337, avg grad norm (post clip)   0.053, rho_Whh  1.13, Omega  0.00, alpha  0.000, steps in the past 0.000, valid nll 0.259
  [diag] log10|dL/dh_t| hist bins=60 range=(-5.31,-3.57) mean=-4.51 p50=-4.50 p05=-5.14 p95=-4.12
  [diag] sat-dist hist bins=60 sat<0.05=0.0% mean=0.627 p10=0.537 p90=0.684
Iter 0036240: train nll 0.295, valid error 100.000%, best valid error 100.000%, avg grad norm  42.788, avg grad norm (post clip)   0.053, rho_Whh  1.13, Omega  0.00, alpha  0.000, steps in the past 0.000, valid nll 0.229
  [diag] log10|dL/dh_t| hist bins=60 range=(-5.31,-3.57) mean=-4.51 p50=-4.50 p05=-5.14 p95=-4.12
  [diag] sat-dist hist bins=60 sat<0.05=0.0% mean=0.627 p10=0.537 p90=0.684
Iter 0036260: train nll 0.276, valid error 100.000%, best valid error 100.000%, avg grad norm  43.543, avg grad norm (post clip)   0.053, rho_Whh  1.13, Omega  0.00, alpha  0.000, steps in the past 0.000, valid nll 0.229
  [diag] log10|dL/dh_t| hist bins=60 range=(-5.31,-3.57) mean=-4.58 p50=-4.67 p05=-5.15 p95=-4.13
  [diag] sat-dist hist bins=60 sat<0.05=0.0% mean=0.616 p10=0.534 p90=0.683
Iter 0036280: train nll 0.272, valid error 100.000%, best valid error 100.000%, avg grad norm  39.807, avg grad norm (post clip)   0.053, rho_Whh  1.13, Omega  0.00, alpha  0.000, steps in the past 0.000, valid nll 0.220
  [diag] log10|dL/dh_t| hist bins=60 range=(-5.31,-3.57) mean=-4.43 p50=-4.22 p05=-5.13 p95=-4.10
  [diag] sat-dist hist bins=60 sat<0.05=0.0% mean=0.638 p10=0.541 p90=0.687
Iter 0036300: train nll 0.299, valid error 100.000%, best valid error 100.000%, avg grad norm  47.347, avg grad norm (post clip)   0.053, rho_Whh  1.13, Omega  0.00, alpha  0.000, steps in the past 0.000, valid nll 0.248
  [diag] log10|dL/dh_t| hist bins=60 range=(-5.31,-3.57) mean=-4.58 p50=-4.67 p05=-5.15 p95=-4.13
  [diag] sat-dist hist bins=60 sat<0.05=0.0% mean=0.617 p10=0.535 p90=0.683
Iter 0036320: train nll 0.297, valid error 100.000%, best valid error 100.000%, avg grad norm  38.028, avg grad norm (post clip)   0.053, rho_Whh  1.13, Omega  0.00, alpha  0.000, steps in the past 0.000, valid nll 0.220
  [diag] log10|dL/dh_t| hist bins=60 range=(-5.31,-3.57) mean=-4.43 p50=-4.22 p05=-5.13 p95=-4.10
  [diag] sat-dist hist bins=60 sat<0.05=0.0% mean=0.638 p10=0.541 p90=0.687
Iter 0036340: train nll 0.288, valid error 100.000%, best valid error 100.000%, avg grad norm  47.109, avg grad norm (post clip)   0.053, rho_Whh  1.13, Omega  0.00, alpha  0.000, steps in the past 0.000, valid nll 0.248
  [diag] log10|dL/dh_t| hist bins=60 range=(-5.31,-3.57) mean=-4.58 p50=-4.67 p05=-5.15 p95=-4.13
  [diag] sat-dist hist bins=60 sat<0.05=0.0% mean=0.617 p10=0.535 p90=0.683
Iter 0036360: train nll 0.268, valid error 100.000%, best valid error 100.000%, avg grad norm  36.502, avg grad norm (post clip)   0.053, rho_Whh  1.13, Omega  0.00, alpha  0.000, steps in the past 0.000, valid nll 0.221
  [diag] log10|dL/dh_t| hist bins=60 range=(-5.31,-3.57) mean=-4.58 p50=-4.67 p05=-5.15 p95=-4.14
  [diag] sat-dist hist bins=60 sat<0.05=0.0% mean=0.617 p10=0.535 p90=0.683
Iter 0036380: train nll 0.311, valid error 100.000%, best valid error 100.000%, avg grad norm  44.233, avg grad norm (post clip)   0.053, rho_Whh  1.13, Omega  0.00, alpha  0.000, steps in the past 0.000, valid nll 0.221
  [diag] log10|dL/dh_t| hist bins=60 range=(-5.31,-3.57) mean=-4.44 p50=-4.24 p05=-5.13 p95=-4.10
  [diag] sat-dist hist bins=60 sat<0.05=0.0% mean=0.638 p10=0.540 p90=0.687
Iter 0036400: train nll 0.266, valid error 100.000%, best valid error 100.000%, avg grad norm  41.888, avg grad norm (post clip)   0.053, rho_Whh  1.13, Omega  0.00, alpha  0.000, steps in the past 0.000, valid nll 0.246
  [diag] log10|dL/dh_t| hist bins=60 range=(-5.31,-3.57) mean=-4.44 p50=-4.24 p05=-5.13 p95=-4.10
  [diag] sat-dist hist bins=60 sat<0.05=0.0% mean=0.638 p10=0.540 p90=0.686
Iter 0036420: train nll 0.295, valid error 100.000%, best valid error 100.000%, avg grad norm  33.847, avg grad norm (post clip)   0.053, rho_Whh  1.13, Omega  0.00, alpha  0.000, steps in the past 0.000, valid nll 0.246
  [diag] log10|dL/dh_t| hist bins=60 range=(-5.30,-3.57) mean=-4.35 p50=-4.10 p05=-5.12 p95=-4.07
  [diag] sat-dist hist bins=60 sat<0.05=0.0% mean=0.650 p10=0.547 p90=0.690
Iter 0036440: train nll 0.291, valid error 100.000%, best valid error 100.000%, avg grad norm  44.121, avg grad norm (post clip)   0.053, rho_Whh  1.13, Omega  0.00, alpha  0.000, steps in the past 0.000, valid nll 0.276
  [diag] log10|dL/dh_t| hist bins=60 range=(-5.31,-3.57) mean=-4.44 p50=-4.23 p05=-5.13 p95=-4.11
  [diag] sat-dist hist bins=60 sat<0.05=0.0% mean=0.638 p10=0.541 p90=0.686
Iter 0036460: train nll 0.289, valid error 100.000%, best valid error 100.000%, avg grad norm  39.673, avg grad norm (post clip)   0.053, rho_Whh  1.13, Omega  0.00, alpha  0.000, steps in the past 0.000, valid nll 0.246
  [diag] log10|dL/dh_t| hist bins=60 range=(-5.31,-3.57) mean=-4.44 p50=-4.24 p05=-5.13 p95=-4.11
  [diag] sat-dist hist bins=60 sat<0.05=0.0% mean=0.638 p10=0.541 p90=0.686
Iter 0036480: train nll 0.296, valid error 100.000%, best valid error 100.000%, avg grad norm  48.710, avg grad norm (post clip)   0.053, rho_Whh  1.13, Omega  0.00, alpha  0.000, steps in the past 0.000, valid nll 0.246
  [diag] log10|dL/dh_t| hist bins=60 range=(-5.31,-3.57) mean=-4.59 p50=-4.67 p05=-5.15 p95=-4.14
  [diag] sat-dist hist bins=60 sat<0.05=0.0% mean=0.616 p10=0.535 p90=0.682
Iter 0036500: train nll 0.272, valid error 100.000%, best valid error 100.000%, avg grad norm  40.789, avg grad norm (post clip)   0.053, rho_Whh  1.13, Omega  0.00, alpha  0.000, steps in the past 0.000, valid nll 0.220
  [diag] log10|dL/dh_t| hist bins=60 range=(-5.31,-3.57) mean=-4.59 p50=-4.67 p05=-5.15 p95=-4.15
  [diag] sat-dist hist bins=60 sat<0.05=0.0% mean=0.616 p10=0.535 p90=0.682
Iter 0036520: train nll 0.269, valid error 100.000%, best valid error 100.000%, avg grad norm  39.719, avg grad norm (post clip)   0.053, rho_Whh  1.13, Omega  0.00, alpha  0.000, steps in the past 0.000, valid nll 0.220
  [diag] log10|dL/dh_t| hist bins=60 range=(-5.31,-3.57) mean=-4.59 p50=-4.67 p05=-5.15 p95=-4.15
  [diag] sat-dist hist bins=60 sat<0.05=0.0% mean=0.616 p10=0.536 p90=0.682
Iter 0036540: train nll 0.270, valid error 100.000%, best valid error 100.000%, avg grad norm  47.715, avg grad norm (post clip)   0.053, rho_Whh  1.13, Omega  0.00, alpha  0.000, steps in the past 0.000, valid nll 0.220
  [diag] log10|dL/dh_t| hist bins=60 range=(-5.31,-3.57) mean=-4.55 p50=-4.60 p05=-5.14 p95=-4.14
  [diag] sat-dist hist bins=60 sat<0.05=0.0% mean=0.622 p10=0.536 p90=0.683
Iter 0036560: train nll 0.292, valid error 100.000%, best valid error 100.000%, avg grad norm  38.356, avg grad norm (post clip)   0.053, rho_Whh  1.13, Omega  0.00, alpha  0.000, steps in the past 0.000, valid nll 0.224
  [diag] log10|dL/dh_t| hist bins=60 range=(-5.31,-3.47) mean=-4.83 p50=-4.87 p05=-5.16 p95=-4.23
  [diag] sat-dist hist bins=60 sat<0.05=0.0% mean=0.575 p10=0.531 p90=0.609
Iter 0036580: train nll 0.286, valid error 100.000%, best valid error 100.000%, avg grad norm  48.503, avg grad norm (post clip)   0.053, rho_Whh  1.13, Omega  0.00, alpha  0.000, steps in the past 0.000, valid nll 0.236
  [diag] log10|dL/dh_t| hist bins=60 range=(-5.31,-3.57) mean=-4.52 p50=-4.51 p05=-5.14 p95=-4.13
  [diag] sat-dist hist bins=60 sat<0.05=0.0% mean=0.626 p10=0.537 p90=0.684
Iter 0036600: train nll 0.290, valid error 100.000%, best valid error 100.000%, avg grad norm  45.011, avg grad norm (post clip)   0.053, rho_Whh  1.13, Omega  0.00, alpha  0.000, steps in the past 0.000, valid nll 0.228
  [diag] log10|dL/dh_t| hist bins=60 range=(-5.31,-3.57) mean=-4.52 p50=-4.51 p05=-5.14 p95=-4.13
  [diag] sat-dist hist bins=60 sat<0.05=0.0% mean=0.626 p10=0.537 p90=0.684
Iter 0036620: train nll 0.316, valid error 100.000%, best valid error 100.000%, avg grad norm  39.132, avg grad norm (post clip)   0.053, rho_Whh  1.13, Omega  0.00, alpha  0.000, steps in the past 0.000, valid nll 0.228
  [diag] log10|dL/dh_t| hist bins=60 range=(-5.31,-3.57) mean=-4.52 p50=-4.51 p05=-5.14 p95=-4.13
  [diag] sat-dist hist bins=60 sat<0.05=0.0% mean=0.627 p10=0.537 p90=0.684
Iter 0036640: train nll 0.265, valid error 100.000%, best valid error 100.000%, avg grad norm  47.695, avg grad norm (post clip)   0.053, rho_Whh  1.13, Omega  0.00, alpha  0.000, steps in the past 0.000, valid nll 0.229
  [diag] log10|dL/dh_t| hist bins=60 range=(-5.31,-3.57) mean=-4.52 p50=-4.51 p05=-5.14 p95=-4.13
  [diag] sat-dist hist bins=60 sat<0.05=0.0% mean=0.627 p10=0.537 p90=0.684
Iter 0036660: train nll 0.275, valid error 100.000%, best valid error 100.000%, avg grad norm  44.548, avg grad norm (post clip)   0.053, rho_Whh  1.13, Omega  0.00, alpha  0.000, steps in the past 0.000, valid nll 0.229
  [diag] log10|dL/dh_t| hist bins=60 range=(-5.31,-3.57) mean=-4.52 p50=-4.51 p05=-5.14 p95=-4.13
  [diag] sat-dist hist bins=60 sat<0.05=0.0% mean=0.627 p10=0.538 p90=0.684
Iter 0036680: train nll 0.262, valid error 100.000%, best valid error 100.000%, avg grad norm  46.479, avg grad norm (post clip)   0.053, rho_Whh  1.13, Omega  0.00, alpha  0.000, steps in the past 0.000, valid nll 0.229
  [diag] log10|dL/dh_t| hist bins=60 range=(-5.31,-3.57) mean=-4.52 p50=-4.50 p05=-5.14 p95=-4.13
  [diag] sat-dist hist bins=60 sat<0.05=0.0% mean=0.627 p10=0.538 p90=0.684
Iter 0036700: train nll 0.296, valid error 100.000%, best valid error 100.000%, avg grad norm  44.004, avg grad norm (post clip)   0.053, rho_Whh  1.13, Omega  0.00, alpha  0.000, steps in the past 0.000, valid nll 0.229
  [diag] log10|dL/dh_t| hist bins=60 range=(-5.31,-3.57) mean=-4.52 p50=-4.50 p05=-5.14 p95=-4.13
  [diag] sat-dist hist bins=60 sat<0.05=0.0% mean=0.627 p10=0.538 p90=0.683
Iter 0036720: train nll 0.281, valid error 100.000%, best valid error 100.000%, avg grad norm  47.918, avg grad norm (post clip)   0.053, rho_Whh  1.13, Omega  0.00, alpha  0.000, steps in the past 0.000, valid nll 0.229
  [diag] log10|dL/dh_t| hist bins=60 range=(-5.31,-3.57) mean=-4.51 p50=-4.50 p05=-5.14 p95=-4.13
  [diag] sat-dist hist bins=60 sat<0.05=0.0% mean=0.627 p10=0.538 p90=0.683
Iter 0036740: train nll 0.289, valid error 100.000%, best valid error 100.000%, avg grad norm  43.057, avg grad norm (post clip)   0.053, rho_Whh  1.13, Omega  0.00, alpha  0.000, steps in the past 0.000, valid nll 0.229
  [diag] log10|dL/dh_t| hist bins=60 range=(-5.31,-3.57) mean=-4.51 p50=-4.50 p05=-5.14 p95=-4.13
  [diag] sat-dist hist bins=60 sat<0.05=0.0% mean=0.627 p10=0.538 p90=0.683
Iter 0036760: train nll 0.267, valid error 100.000%, best valid error 100.000%, avg grad norm  44.919, avg grad norm (post clip)   0.053, rho_Whh  1.13, Omega  0.00, alpha  0.000, steps in the past 0.000, valid nll 0.229
  [diag] log10|dL/dh_t| hist bins=60 range=(-5.31,-3.57) mean=-4.40 p50=-4.14 p05=-5.13 p95=-4.10
  [diag] sat-dist hist bins=60 sat<0.05=0.0% mean=0.644 p10=0.544 p90=0.687
Iter 0036780: train nll 0.327, valid error 100.000%, best valid error 100.000%, avg grad norm  39.355, avg grad norm (post clip)   0.053, rho_Whh  1.13, Omega  0.00, alpha  0.000, steps in the past 0.000, valid nll 0.258
  [diag] log10|dL/dh_t| hist bins=60 range=(-5.31,-3.57) mean=-4.51 p50=-4.49 p05=-5.14 p95=-4.14
  [diag] sat-dist hist bins=60 sat<0.05=0.0% mean=0.627 p10=0.538 p90=0.683
Iter 0036800: train nll 0.297, valid error 100.000%, best valid error 100.000%, avg grad norm  38.676, avg grad norm (post clip)   0.053, rho_Whh  1.13, Omega  0.00, alpha  0.000, steps in the past 0.000, valid nll 0.229
  [diag] log10|dL/dh_t| hist bins=60 range=(-5.31,-3.52) mean=-4.77 p50=-4.83 p05=-5.15 p95=-4.23
  [diag] sat-dist hist bins=60 sat<0.05=0.0% mean=0.587 p10=0.532 p90=0.642
Iter 0036820: train nll 0.289, valid error 100.000%, best valid error 100.000%, avg grad norm  41.811, avg grad norm (post clip)   0.053, rho_Whh  1.13, Omega  0.00, alpha  0.000, steps in the past 0.000, valid nll 0.225
  [diag] log10|dL/dh_t| hist bins=60 range=(-5.31,-3.57) mean=-4.40 p50=-4.14 p05=-5.12 p95=-4.11
  [diag] sat-dist hist bins=60 sat<0.05=0.0% mean=0.643 p10=0.544 p90=0.687
Iter 0036840: train nll 0.280, valid error 100.000%, best valid error 100.000%, avg grad norm  41.322, avg grad norm (post clip)   0.053, rho_Whh  1.13, Omega  0.00, alpha  0.000, steps in the past 0.000, valid nll 0.257
  [diag] log10|dL/dh_t| hist bins=60 range=(-5.31,-3.57) mean=-4.52 p50=-4.50 p05=-5.14 p95=-4.14
  [diag] sat-dist hist bins=60 sat<0.05=0.0% mean=0.627 p10=0.538 p90=0.683
Iter 0036860: train nll 0.289, valid error 100.000%, best valid error 100.000%, avg grad norm  34.309, avg grad norm (post clip)   0.053, rho_Whh  1.13, Omega  0.00, alpha  0.000, steps in the past 0.000, valid nll 0.229
  [diag] log10|dL/dh_t| hist bins=60 range=(-5.31,-3.57) mean=-4.51 p50=-4.50 p05=-5.14 p95=-4.14
  [diag] sat-dist hist bins=60 sat<0.05=0.0% mean=0.627 p10=0.538 p90=0.683
Iter 0036880: train nll 0.279, valid error 100.000%, best valid error 100.000%, avg grad norm  43.555, avg grad norm (post clip)   0.053, rho_Whh  1.13, Omega  0.00, alpha  0.000, steps in the past 0.000, valid nll 0.229
  [diag] log10|dL/dh_t| hist bins=60 range=(-5.31,-3.57) mean=-4.41 p50=-4.15 p05=-5.13 p95=-4.11
  [diag] sat-dist hist bins=60 sat<0.05=0.0% mean=0.643 p10=0.544 p90=0.687
Iter 0036900: train nll 0.298, valid error 100.000%, best valid error 100.000%, avg grad norm  43.252, avg grad norm (post clip)   0.053, rho_Whh  1.13, Omega  0.00, alpha  0.000, steps in the past 0.000, valid nll 0.255
  [diag] log10|dL/dh_t| hist bins=60 range=(-5.31,-3.57) mean=-4.52 p50=-4.53 p05=-5.14 p95=-4.14
  [diag] sat-dist hist bins=60 sat<0.05=0.0% mean=0.626 p10=0.538 p90=0.683
Iter 0036920: train nll 0.276, valid error 100.000%, best valid error 100.000%, avg grad norm  32.122, avg grad norm (post clip)   0.053, rho_Whh  1.13, Omega  0.00, alpha  0.000, steps in the past 0.000, valid nll 0.227
  [diag] log10|dL/dh_t| hist bins=60 range=(-5.31,-3.57) mean=-4.53 p50=-4.53 p05=-5.14 p95=-4.14
  [diag] sat-dist hist bins=60 sat<0.05=0.0% mean=0.626 p10=0.538 p90=0.683
Iter 0036940: train nll 0.307, valid error 100.000%, best valid error 100.000%, avg grad norm  35.089, avg grad norm (post clip)   0.053, rho_Whh  1.13, Omega  0.00, alpha  0.000, steps in the past 0.000, valid nll 0.227
  [diag] log10|dL/dh_t| hist bins=60 range=(-5.31,-3.57) mean=-4.41 p50=-4.15 p05=-5.13 p95=-4.11
  [diag] sat-dist hist bins=60 sat<0.05=0.0% mean=0.643 p10=0.544 p90=0.686
Iter 0036960: train nll 0.315, valid error 100.000%, best valid error 100.000%, avg grad norm  40.597, avg grad norm (post clip)   0.053, rho_Whh  1.13, Omega  0.00, alpha  0.000, steps in the past 0.000, valid nll 0.255
  [diag] log10|dL/dh_t| hist bins=60 range=(-5.31,-3.57) mean=-4.41 p50=-4.15 p05=-5.13 p95=-4.11
  [diag] sat-dist hist bins=60 sat<0.05=0.0% mean=0.643 p10=0.544 p90=0.686
Iter 0036980: train nll 0.299, valid error 100.000%, best valid error 100.000%, avg grad norm  38.056, avg grad norm (post clip)   0.053, rho_Whh  1.13, Omega  0.00, alpha  0.000, steps in the past 0.000, valid nll 0.256
  [diag] log10|dL/dh_t| hist bins=60 range=(-5.31,-3.54) mean=-4.75 p50=-4.83 p05=-5.15 p95=-4.23
  [diag] sat-dist hist bins=60 sat<0.05=0.0% mean=0.590 p10=0.533 p90=0.650
Iter 0037000: train nll 0.257, valid error 100.000%, best valid error 100.000%, avg grad norm  39.541, avg grad norm (post clip)   0.053, rho_Whh  1.13, Omega  0.00, alpha  0.000, steps in the past 0.000, valid nll 0.222
  [diag] log10|dL/dh_t| hist bins=60 range=(-5.31,-3.54) mean=-4.75 p50=-4.82 p05=-5.15 p95=-4.23
  [diag] sat-dist hist bins=60 sat<0.05=0.0% mean=0.591 p10=0.533 p90=0.651
Iter 0037020: train nll 0.283, valid error 100.000%, best valid error 100.000%, avg grad norm  45.065, avg grad norm (post clip)   0.053, rho_Whh  1.13, Omega  0.00, alpha  0.000, steps in the past 0.000, valid nll 0.222
  [diag] log10|dL/dh_t| hist bins=60 range=(-5.31,-3.57) mean=-4.51 p50=-4.49 p05=-5.14 p95=-4.13
  [diag] sat-dist hist bins=60 sat<0.05=0.0% mean=0.627 p10=0.538 p90=0.684
Iter 0037040: train nll 0.258, valid error 100.000%, best valid error 100.000%, avg grad norm  37.154, avg grad norm (post clip)   0.053, rho_Whh  1.13, Omega  0.00, alpha  0.000, steps in the past 0.000, valid nll 0.229
  [diag] log10|dL/dh_t| hist bins=60 range=(-5.31,-3.57) mean=-4.60 p50=-4.70 p05=-5.15 p95=-4.15
  [diag] sat-dist hist bins=60 sat<0.05=0.0% mean=0.614 p10=0.535 p90=0.682
Iter 0037060: train nll 0.254, valid error 100.000%, best valid error 100.000%, avg grad norm  48.559, avg grad norm (post clip)   0.053, rho_Whh  1.13, Omega  0.00, alpha  0.000, steps in the past 0.000, valid nll 0.218
  [diag] log10|dL/dh_t| hist bins=60 range=(-5.31,-3.57) mean=-4.60 p50=-4.70 p05=-5.15 p95=-4.15
  [diag] sat-dist hist bins=60 sat<0.05=0.0% mean=0.614 p10=0.535 p90=0.682
Iter 0037080: train nll 0.278, valid error 100.000%, best valid error 100.000%, avg grad norm  45.486, avg grad norm (post clip)   0.053, rho_Whh  1.13, Omega  0.00, alpha  0.000, steps in the past 0.000, valid nll 0.218
  [diag] log10|dL/dh_t| hist bins=60 range=(-5.31,-3.57) mean=-4.36 p50=-4.11 p05=-5.12 p95=-4.08
  [diag] sat-dist hist bins=60 sat<0.05=0.0% mean=0.650 p10=0.547 p90=0.689
Iter 0037100: train nll 0.269, valid error 100.000%, best valid error 100.000%, avg grad norm  47.329, avg grad norm (post clip)   0.053, rho_Whh  1.13, Omega  0.00, alpha  0.000, steps in the past 0.000, valid nll 0.272
  [diag] log10|dL/dh_t| hist bins=60 range=(-5.31,-3.57) mean=-4.60 p50=-4.70 p05=-5.15 p95=-4.15
  [diag] sat-dist hist bins=60 sat<0.05=0.0% mean=0.614 p10=0.535 p90=0.682
Iter 0037120: train nll 0.294, valid error 100.000%, best valid error 100.000%, avg grad norm  39.230, avg grad norm (post clip)   0.053, rho_Whh  1.13, Omega  0.00, alpha  0.000, steps in the past 0.000, valid nll 0.219
  [diag] log10|dL/dh_t| hist bins=60 range=(-5.31,-3.57) mean=-4.45 p50=-4.25 p05=-5.13 p95=-4.11
  [diag] sat-dist hist bins=60 sat<0.05=0.0% mean=0.637 p10=0.541 p90=0.686
Iter 0037140: train nll 0.289, valid error 100.000%, best valid error 100.000%, avg grad norm  40.938, avg grad norm (post clip)   0.053, rho_Whh  1.13, Omega  0.00, alpha  0.000, steps in the past 0.000, valid nll 0.244
  [diag] log10|dL/dh_t| hist bins=60 range=(-5.31,-3.57) mean=-4.43 p50=-4.22 p05=-5.13 p95=-4.11
  [diag] sat-dist hist bins=60 sat<0.05=0.0% mean=0.639 p10=0.541 p90=0.686
Iter 0037160: train nll 0.319, valid error 100.000%, best valid error 100.000%, avg grad norm  33.243, avg grad norm (post clip)   0.053, rho_Whh  1.13, Omega  0.00, alpha  0.000, steps in the past 0.000, valid nll 0.247
  [diag] log10|dL/dh_t| hist bins=60 range=(-5.31,-3.57) mean=-4.58 p50=-4.66 p05=-5.15 p95=-4.14
  [diag] sat-dist hist bins=60 sat<0.05=0.0% mean=0.617 p10=0.536 p90=0.683
Iter 0037180: train nll 0.300, valid error 100.000%, best valid error 100.000%, avg grad norm  40.389, avg grad norm (post clip)   0.053, rho_Whh  1.13, Omega  0.00, alpha  0.000, steps in the past 0.000, valid nll 0.220
  [diag] log10|dL/dh_t| hist bins=60 range=(-5.31,-3.57) mean=-4.58 p50=-4.66 p05=-5.15 p95=-4.15
  [diag] sat-dist hist bins=60 sat<0.05=0.0% mean=0.618 p10=0.536 p90=0.682
Iter 0037200: train nll 0.279, valid error 100.000%, best valid error 100.000%, avg grad norm  46.344, avg grad norm (post clip)   0.053, rho_Whh  1.13, Omega  0.00, alpha  0.000, steps in the past 0.000, valid nll 0.220
  [diag] log10|dL/dh_t| hist bins=60 range=(-5.31,-3.57) mean=-4.44 p50=-4.22 p05=-5.13 p95=-4.11
  [diag] sat-dist hist bins=60 sat<0.05=0.0% mean=0.639 p10=0.542 p90=0.686
Iter 0037220: train nll 0.272, valid error 100.000%, best valid error 100.000%, avg grad norm  45.150, avg grad norm (post clip)   0.053, rho_Whh  1.13, Omega  0.00, alpha  0.000, steps in the past 0.000, valid nll 0.247
  [diag] log10|dL/dh_t| hist bins=60 range=(-5.31,-3.57) mean=-4.58 p50=-4.65 p05=-5.15 p95=-4.15
  [diag] sat-dist hist bins=60 sat<0.05=0.0% mean=0.618 p10=0.536 p90=0.682
Iter 0037240: train nll 0.279, valid error 100.000%, best valid error 100.000%, avg grad norm  38.257, avg grad norm (post clip)   0.053, rho_Whh  1.13, Omega  0.00, alpha  0.000, steps in the past 0.000, valid nll 0.220
  [diag] log10|dL/dh_t| hist bins=60 range=(-5.31,-3.57) mean=-4.45 p50=-4.25 p05=-5.14 p95=-4.11
  [diag] sat-dist hist bins=60 sat<0.05=0.0% mean=0.637 p10=0.541 p90=0.686
Iter 0037260: train nll 0.256, valid error 100.000%, best valid error 100.000%, avg grad norm  40.787, avg grad norm (post clip)   0.053, rho_Whh  1.13, Omega  0.00, alpha  0.000, steps in the past 0.000, valid nll 0.244
  [diag] log10|dL/dh_t| hist bins=60 range=(-5.31,-3.57) mean=-4.60 p50=-4.70 p05=-5.15 p95=-4.15
  [diag] sat-dist hist bins=60 sat<0.05=0.0% mean=0.614 p10=0.535 p90=0.682
Iter 0037280: train nll 0.310, valid error 100.000%, best valid error 100.000%, avg grad norm  44.830, avg grad norm (post clip)   0.053, rho_Whh  1.13, Omega  0.00, alpha  0.000, steps in the past 0.000, valid nll 0.218
  [diag] log10|dL/dh_t| hist bins=60 range=(-5.31,-3.57) mean=-4.36 p50=-4.11 p05=-5.12 p95=-4.08
  [diag] sat-dist hist bins=60 sat<0.05=0.0% mean=0.650 p10=0.547 p90=0.689
Iter 0037300: train nll 0.292, valid error 100.000%, best valid error 100.000%, avg grad norm  47.752, avg grad norm (post clip)   0.053, rho_Whh  1.13, Omega  0.00, alpha  0.000, steps in the past 0.000, valid nll 0.272
  [diag] log10|dL/dh_t| hist bins=60 range=(-5.31,-3.57) mean=-4.59 p50=-4.68 p05=-5.15 p95=-4.15
  [diag] sat-dist hist bins=60 sat<0.05=0.0% mean=0.616 p10=0.535 p90=0.682
Iter 0037320: train nll 0.286, valid error 100.000%, best valid error 100.000%, avg grad norm  37.647, avg grad norm (post clip)   0.053, rho_Whh  1.13, Omega  0.00, alpha  0.000, steps in the past 0.000, valid nll 0.219
  [diag] log10|dL/dh_t| hist bins=60 range=(-5.31,-3.57) mean=-4.35 p50=-4.11 p05=-5.12 p95=-4.08
  [diag] sat-dist hist bins=60 sat<0.05=0.0% mean=0.651 p10=0.547 p90=0.690
Iter 0037340: train nll 0.294, valid error 100.000%, best valid error 100.000%, avg grad norm  35.269, avg grad norm (post clip)   0.053, rho_Whh  1.13, Omega  0.00, alpha  0.000, steps in the past 0.000, valid nll 0.275
  [diag] log10|dL/dh_t| hist bins=60 range=(-5.31,-3.57) mean=-4.43 p50=-4.21 p05=-5.13 p95=-4.11
  [diag] sat-dist hist bins=60 sat<0.05=0.0% mean=0.639 p10=0.542 p90=0.687
Iter 0037360: train nll 0.312, valid error 100.000%, best valid error 100.000%, avg grad norm  36.624, avg grad norm (post clip)   0.053, rho_Whh  1.13, Omega  0.00, alpha  0.000, steps in the past 0.000, valid nll 0.247
  [diag] log10|dL/dh_t| hist bins=60 range=(-5.31,-3.57) mean=-4.35 p50=-4.11 p05=-5.12 p95=-4.08
  [diag] sat-dist hist bins=60 sat<0.05=0.0% mean=0.651 p10=0.547 p90=0.690
Iter 0037380: train nll 0.273, valid error 100.000%, best valid error 100.000%, avg grad norm  43.648, avg grad norm (post clip)   0.053, rho_Whh  1.13, Omega  0.00, alpha  0.000, steps in the past 0.000, valid nll 0.275
  [diag] log10|dL/dh_t| hist bins=60 range=(-5.31,-3.57) mean=-4.53 p50=-4.56 p05=-5.15 p95=-4.13
  [diag] sat-dist hist bins=60 sat<0.05=0.0% mean=0.624 p10=0.537 p90=0.684
Iter 0037400: train nll 0.272, valid error 100.000%, best valid error 100.000%, avg grad norm  39.918, avg grad norm (post clip)   0.053, rho_Whh  1.13, Omega  0.00, alpha  0.000, steps in the past 0.000, valid nll 0.225
  [diag] log10|dL/dh_t| hist bins=60 range=(-5.31,-3.57) mean=-4.53 p50=-4.55 p05=-5.15 p95=-4.14
  [diag] sat-dist hist bins=60 sat<0.05=0.0% mean=0.625 p10=0.537 p90=0.684
Iter 0037420: train nll 0.284, valid error 100.000%, best valid error 100.000%, avg grad norm  43.077, avg grad norm (post clip)   0.053, rho_Whh  1.13, Omega  0.00, alpha  0.000, steps in the past 0.000, valid nll 0.225
  [diag] log10|dL/dh_t| hist bins=60 range=(-5.31,-3.57) mean=-4.53 p50=-4.54 p05=-5.15 p95=-4.13
  [diag] sat-dist hist bins=60 sat<0.05=0.0% mean=0.625 p10=0.537 p90=0.684
Iter 0037440: train nll 0.280, valid error 100.000%, best valid error 100.000%, avg grad norm  45.286, avg grad norm (post clip)   0.053, rho_Whh  1.13, Omega  0.00, alpha  0.000, steps in the past 0.000, valid nll 0.226
  [diag] log10|dL/dh_t| hist bins=60 range=(-5.31,-3.57) mean=-4.58 p50=-4.67 p05=-5.15 p95=-4.14
  [diag] sat-dist hist bins=60 sat<0.05=0.0% mean=0.617 p10=0.535 p90=0.684
Iter 0037460: train nll 0.274, valid error 100.000%, best valid error 100.000%, avg grad norm  41.937, avg grad norm (post clip)   0.053, rho_Whh  1.13, Omega  0.00, alpha  0.000, steps in the past 0.000, valid nll 0.220
  [diag] log10|dL/dh_t| hist bins=60 range=(-5.31,-3.57) mean=-4.58 p50=-4.67 p05=-5.15 p95=-4.14
  [diag] sat-dist hist bins=60 sat<0.05=0.0% mean=0.617 p10=0.535 p90=0.684
Iter 0037480: train nll 0.272, valid error 100.000%, best valid error 100.000%, avg grad norm  50.627, avg grad norm (post clip)   0.053, rho_Whh  1.13, Omega  0.00, alpha  0.000, steps in the past 0.000, valid nll 0.220
  [diag] log10|dL/dh_t| hist bins=60 range=(-5.31,-3.57) mean=-4.58 p50=-4.66 p05=-5.15 p95=-4.14
  [diag] sat-dist hist bins=60 sat<0.05=0.0% mean=0.618 p10=0.535 p90=0.683
Iter 0037500: train nll 0.315, valid error 100.000%, best valid error 100.000%, avg grad norm  42.547, avg grad norm (post clip)   0.053, rho_Whh  1.13, Omega  0.00, alpha  0.000, steps in the past 0.000, valid nll 0.220
  [diag] log10|dL/dh_t| hist bins=60 range=(-5.31,-3.57) mean=-4.58 p50=-4.66 p05=-5.15 p95=-4.14
  [diag] sat-dist hist bins=60 sat<0.05=0.0% mean=0.618 p10=0.535 p90=0.683
Iter 0037520: train nll 0.277, valid error 100.000%, best valid error 100.000%, avg grad norm  42.783, avg grad norm (post clip)   0.053, rho_Whh  1.13, Omega  0.00, alpha  0.000, steps in the past 0.000, valid nll 0.220
  [diag] log10|dL/dh_t| hist bins=60 range=(-5.31,-3.57) mean=-4.34 p50=-4.10 p05=-5.12 p95=-4.07
  [diag] sat-dist hist bins=60 sat<0.05=0.0% mean=0.653 p10=0.547 p90=0.691
Iter 0037540: train nll 0.313, valid error 100.000%, best valid error 100.000%, avg grad norm  38.412, avg grad norm (post clip)   0.053, rho_Whh  1.13, Omega  0.00, alpha  0.000, steps in the past 0.000, valid nll 0.281
  [diag] log10|dL/dh_t| hist bins=60 range=(-5.31,-3.57) mean=-4.54 p50=-4.58 p05=-5.15 p95=-4.13
  [diag] sat-dist hist bins=60 sat<0.05=0.0% mean=0.623 p10=0.536 p90=0.684
Iter 0037560: train nll 0.296, valid error 100.000%, best valid error 100.000%, avg grad norm  42.245, avg grad norm (post clip)   0.053, rho_Whh  1.13, Omega  0.00, alpha  0.000, steps in the past 0.000, valid nll 0.224
  [diag] log10|dL/dh_t| hist bins=60 range=(-5.31,-3.57) mean=-4.54 p50=-4.58 p05=-5.15 p95=-4.13
  [diag] sat-dist hist bins=60 sat<0.05=0.0% mean=0.623 p10=0.536 p90=0.684
Iter 0037580: train nll 0.284, valid error 100.000%, best valid error 100.000%, avg grad norm  44.186, avg grad norm (post clip)   0.053, rho_Whh  1.13, Omega  0.00, alpha  0.000, steps in the past 0.000, valid nll 0.224
  [diag] log10|dL/dh_t| hist bins=60 range=(-5.31,-3.57) mean=-4.54 p50=-4.58 p05=-5.15 p95=-4.13
  [diag] sat-dist hist bins=60 sat<0.05=0.0% mean=0.623 p10=0.536 p90=0.684
Iter 0037600: train nll 0.295, valid error 100.000%, best valid error 100.000%, avg grad norm  42.521, avg grad norm (post clip)   0.053, rho_Whh  1.13, Omega  0.00, alpha  0.000, steps in the past 0.000, valid nll 0.224
  [diag] log10|dL/dh_t| hist bins=60 range=(-5.32,-3.48) mean=-4.82 p50=-4.87 p05=-5.16 p95=-4.23
  [diag] sat-dist hist bins=60 sat<0.05=0.0% mean=0.578 p10=0.531 p90=0.617
Iter 0037620: train nll 0.264, valid error 100.000%, best valid error 100.000%, avg grad norm  41.191, avg grad norm (post clip)   0.053, rho_Whh  1.13, Omega  0.00, alpha  0.000, steps in the past 0.000, valid nll 0.233
  [diag] log10|dL/dh_t| hist bins=60 range=(-5.31,-3.57) mean=-4.51 p50=-4.47 p05=-5.15 p95=-4.12
  [diag] sat-dist hist bins=60 sat<0.05=0.0% mean=0.629 p10=0.537 p90=0.685
Iter 0037640: train nll 0.271, valid error 100.000%, best valid error 100.000%, avg grad norm  37.664, avg grad norm (post clip)   0.053, rho_Whh  1.13, Omega  0.00, alpha  0.000, steps in the past 0.000, valid nll 0.230
  [diag] log10|dL/dh_t| hist bins=60 range=(-5.31,-3.57) mean=-4.51 p50=-4.47 p05=-5.14 p95=-4.12
  [diag] sat-dist hist bins=60 sat<0.05=0.0% mean=0.629 p10=0.538 p90=0.685
Iter 0037660: train nll 0.287, valid error 100.000%, best valid error 100.000%, avg grad norm  47.723, avg grad norm (post clip)   0.053, rho_Whh  1.13, Omega  0.00, alpha  0.000, steps in the past 0.000, valid nll 0.230
  [diag] log10|dL/dh_t| hist bins=60 range=(-5.31,-3.57) mean=-4.51 p50=-4.47 p05=-5.14 p95=-4.13
  [diag] sat-dist hist bins=60 sat<0.05=0.0% mean=0.629 p10=0.538 p90=0.685
Iter 0037680: train nll 0.263, valid error 100.000%, best valid error 100.000%, avg grad norm  48.413, avg grad norm (post clip)   0.053, rho_Whh  1.13, Omega  0.00, alpha  0.000, steps in the past 0.000, valid nll 0.230
  [diag] log10|dL/dh_t| hist bins=60 range=(-5.31,-3.57) mean=-4.50 p50=-4.47 p05=-5.14 p95=-4.13
  [diag] sat-dist hist bins=60 sat<0.05=0.0% mean=0.629 p10=0.538 p90=0.685
Iter 0037700: train nll 0.303, valid error 100.000%, best valid error 100.000%, avg grad norm  40.338, avg grad norm (post clip)   0.053, rho_Whh  1.13, Omega  0.00, alpha  0.000, steps in the past 0.000, valid nll 0.230
  [diag] log10|dL/dh_t| hist bins=60 range=(-5.31,-3.57) mean=-4.33 p50=-4.10 p05=-5.11 p95=-4.07
  [diag] sat-dist hist bins=60 sat<0.05=0.0% mean=0.655 p10=0.548 p90=0.692
Iter 0037720: train nll 0.289, valid error 100.000%, best valid error 100.000%, avg grad norm  47.598, avg grad norm (post clip)   0.053, rho_Whh  1.13, Omega  0.00, alpha  0.000, steps in the past 0.000, valid nll 0.286
  [diag] log10|dL/dh_t| hist bins=60 range=(-5.32,-3.55) mean=-4.75 p50=-4.83 p05=-5.16 p95=-4.23
  [diag] sat-dist hist bins=60 sat<0.05=0.0% mean=0.592 p10=0.532 p90=0.657
Iter 0037740: train nll 0.251, valid error 100.000%, best valid error 100.000%, avg grad norm  41.471, avg grad norm (post clip)   0.053, rho_Whh  1.13, Omega  0.00, alpha  0.000, steps in the past 0.000, valid nll 0.220
  [diag] log10|dL/dh_t| hist bins=60 range=(-5.31,-3.57) mean=-4.39 p50=-4.12 p05=-5.13 p95=-4.09
  [diag] sat-dist hist bins=60 sat<0.05=0.0% mean=0.645 p10=0.544 p90=0.689
Iter 0037760: train nll 0.298, valid error 100.000%, best valid error 100.000%, avg grad norm  41.342, avg grad norm (post clip)   0.053, rho_Whh  1.13, Omega  0.00, alpha  0.000, steps in the past 0.000, valid nll 0.260
  [diag] log10|dL/dh_t| hist bins=60 range=(-5.32,-3.57) mean=-4.52 p50=-4.51 p05=-5.15 p95=-4.12
  [diag] sat-dist hist bins=60 sat<0.05=0.0% mean=0.627 p10=0.537 p90=0.685
Iter 0037780: train nll 0.271, valid error 100.000%, best valid error 100.000%, avg grad norm  35.202, avg grad norm (post clip)   0.053, rho_Whh  1.13, Omega  0.00, alpha  0.000, steps in the past 0.000, valid nll 0.228
  [diag] log10|dL/dh_t| hist bins=60 range=(-5.32,-3.57) mean=-4.52 p50=-4.51 p05=-5.15 p95=-4.12
  [diag] sat-dist hist bins=60 sat<0.05=0.0% mean=0.627 p10=0.537 p90=0.685
Iter 0037800: train nll 0.295, valid error 100.000%, best valid error 100.000%, avg grad norm  38.946, avg grad norm (post clip)   0.053, rho_Whh  1.13, Omega  0.00, alpha  0.000, steps in the past 0.000, valid nll 0.228
  [diag] log10|dL/dh_t| hist bins=60 range=(-5.31,-3.57) mean=-4.40 p50=-4.13 p05=-5.13 p95=-4.09
  [diag] sat-dist hist bins=60 sat<0.05=0.0% mean=0.644 p10=0.543 p90=0.689
Iter 0037820: train nll 0.309, valid error 100.000%, best valid error 100.000%, avg grad norm  39.995, avg grad norm (post clip)   0.053, rho_Whh  1.13, Omega  0.00, alpha  0.000, steps in the past 0.000, valid nll 0.257
  [diag] log10|dL/dh_t| hist bins=60 range=(-5.32,-3.57) mean=-4.52 p50=-4.51 p05=-5.15 p95=-4.13
  [diag] sat-dist hist bins=60 sat<0.05=0.0% mean=0.627 p10=0.537 p90=0.685
Iter 0037840: train nll 0.304, valid error 100.000%, best valid error 100.000%, avg grad norm  36.716, avg grad norm (post clip)   0.053, rho_Whh  1.13, Omega  0.00, alpha  0.000, steps in the past 0.000, valid nll 0.228
  [diag] log10|dL/dh_t| hist bins=60 range=(-5.31,-3.57) mean=-4.40 p50=-4.13 p05=-5.13 p95=-4.09
  [diag] sat-dist hist bins=60 sat<0.05=0.0% mean=0.644 p10=0.543 p90=0.689
Iter 0037860: train nll 0.316, valid error 100.000%, best valid error 100.000%, avg grad norm  37.590, avg grad norm (post clip)   0.053, rho_Whh  1.13, Omega  0.00, alpha  0.000, steps in the past 0.000, valid nll 0.258
  [diag] log10|dL/dh_t| hist bins=60 range=(-5.32,-3.57) mean=-4.51 p50=-4.49 p05=-5.15 p95=-4.13
  [diag] sat-dist hist bins=60 sat<0.05=0.0% mean=0.628 p10=0.537 p90=0.685
Iter 0037880: train nll 0.263, valid error 100.000%, best valid error 100.000%, avg grad norm  41.732, avg grad norm (post clip)   0.053, rho_Whh  1.13, Omega  0.00, alpha  0.000, steps in the past 0.000, valid nll 0.228
  [diag] log10|dL/dh_t| hist bins=60 range=(-5.32,-3.57) mean=-4.51 p50=-4.49 p05=-5.15 p95=-4.13
  [diag] sat-dist hist bins=60 sat<0.05=0.0% mean=0.628 p10=0.537 p90=0.685
Iter 0037900: train nll 0.300, valid error 100.000%, best valid error 100.000%, avg grad norm  41.620, avg grad norm (post clip)   0.053, rho_Whh  1.13, Omega  0.00, alpha  0.000, steps in the past 0.000, valid nll 0.229
  [diag] log10|dL/dh_t| hist bins=60 range=(-5.31,-3.57) mean=-4.40 p50=-4.13 p05=-5.13 p95=-4.10
  [diag] sat-dist hist bins=60 sat<0.05=0.0% mean=0.645 p10=0.544 p90=0.689
Iter 0037920: train nll 0.269, valid error 100.000%, best valid error 100.000%, avg grad norm  44.933, avg grad norm (post clip)   0.053, rho_Whh  1.13, Omega  0.00, alpha  0.000, steps in the past 0.000, valid nll 0.258
  [diag] log10|dL/dh_t| hist bins=60 range=(-5.32,-3.53) mean=-4.77 p50=-4.84 p05=-5.16 p95=-4.23
  [diag] sat-dist hist bins=60 sat<0.05=0.0% mean=0.588 p10=0.532 p90=0.647
Iter 0037940: train nll 0.246, valid error 100.000%, best valid error 100.000%, avg grad norm  41.712, avg grad norm (post clip)   0.053, rho_Whh  1.13, Omega  0.00, alpha  0.000, steps in the past 0.000, valid nll 0.222
  [diag] log10|dL/dh_t| hist bins=60 range=(-5.32,-3.57) mean=-4.51 p50=-4.49 p05=-5.15 p95=-4.13
  [diag] sat-dist hist bins=60 sat<0.05=0.0% mean=0.628 p10=0.537 p90=0.685
Iter 0037960: train nll 0.278, valid error 100.000%, best valid error 100.000%, avg grad norm  44.348, avg grad norm (post clip)   0.053, rho_Whh  1.13, Omega  0.00, alpha  0.000, steps in the past 0.000, valid nll 0.229
  [diag] log10|dL/dh_t| hist bins=60 range=(-5.31,-3.57) mean=-4.40 p50=-4.12 p05=-5.13 p95=-4.09
  [diag] sat-dist hist bins=60 sat<0.05=0.0% mean=0.645 p10=0.543 p90=0.689
Iter 0037980: train nll 0.289, valid error 100.000%, best valid error 100.000%, avg grad norm  40.600, avg grad norm (post clip)   0.053, rho_Whh  1.13, Omega  0.00, alpha  0.000, steps in the past 0.000, valid nll 0.258
  [diag] log10|dL/dh_t| hist bins=60 range=(-5.32,-3.57) mean=-4.68 p50=-4.78 p05=-5.16 p95=-4.15
  [diag] sat-dist hist bins=60 sat<0.05=0.0% mean=0.603 p10=0.533 p90=0.681
Iter 0038000: train nll 0.274, valid error 100.000%, best valid error 100.000%, avg grad norm  42.634, avg grad norm (post clip)   0.053, rho_Whh  1.13, Omega  0.00, alpha  0.000, steps in the past 0.000, valid nll 0.216
  [diag] log10|dL/dh_t| hist bins=60 range=(-5.32,-3.57) mean=-4.47 p50=-4.33 p05=-5.14 p95=-4.11
  [diag] sat-dist hist bins=60 sat<0.05=0.0% mean=0.634 p10=0.538 p90=0.687
Iter 0038020: train nll 0.293, valid error 100.000%, best valid error 100.000%, avg grad norm  38.711, avg grad norm (post clip)   0.053, rho_Whh  1.13, Omega  0.00, alpha  0.000, steps in the past 0.000, valid nll 0.238
  [diag] log10|dL/dh_t| hist bins=60 range=(-5.32,-3.57) mean=-4.47 p50=-4.33 p05=-5.15 p95=-4.11
  [diag] sat-dist hist bins=60 sat<0.05=0.0% mean=0.634 p10=0.538 p90=0.687
Iter 0038040: train nll 0.266, valid error 100.000%, best valid error 100.000%, avg grad norm  39.876, avg grad norm (post clip)   0.053, rho_Whh  1.13, Omega  0.00, alpha  0.000, steps in the past 0.000, valid nll 0.238
  [diag] log10|dL/dh_t| hist bins=60 range=(-5.31,-3.57) mean=-4.37 p50=-4.11 p05=-5.13 p95=-4.08
  [diag] sat-dist hist bins=60 sat<0.05=0.0% mean=0.648 p10=0.545 p90=0.691
Iter 0038060: train nll 0.305, valid error 100.000%, best valid error 100.000%, avg grad norm  29.642, avg grad norm (post clip)   0.053, rho_Whh  1.13, Omega  0.00, alpha  0.000, steps in the past 0.000, valid nll 0.268
  [diag] log10|dL/dh_t| hist bins=60 range=(-5.32,-3.57) mean=-4.73 p50=-4.83 p05=-5.16 p95=-4.17
  [diag] sat-dist hist bins=60 sat<0.05=0.0% mean=0.594 p10=0.531 p90=0.668
Iter 0038080: train nll 0.252, valid error 100.000%, best valid error 100.000%, avg grad norm  36.483, avg grad norm (post clip)   0.053, rho_Whh  1.13, Omega  0.00, alpha  0.000, steps in the past 0.000, valid nll 0.217
  [diag] log10|dL/dh_t| hist bins=60 range=(-5.32,-3.57) mean=-4.49 p50=-4.43 p05=-5.15 p95=-4.11
  [diag] sat-dist hist bins=60 sat<0.05=0.0% mean=0.630 p10=0.537 p90=0.687
Iter 0038100: train nll 0.300, valid error 100.000%, best valid error 100.000%, avg grad norm  46.186, avg grad norm (post clip)   0.053, rho_Whh  1.13, Omega  0.00, alpha  0.000, steps in the past 0.000, valid nll 0.232
  [diag] log10|dL/dh_t| hist bins=60 range=(-5.32,-3.57) mean=-4.71 p50=-4.81 p05=-5.16 p95=-4.14
  [diag] sat-dist hist bins=60 sat<0.05=0.0% mean=0.598 p10=0.531 p90=0.677
Iter 0038120: train nll 0.235, valid error 100.000%, best valid error 100.000%, avg grad norm  45.901, avg grad norm (post clip)   0.053, rho_Whh  1.13, Omega  0.00, alpha  0.000, steps in the past 0.000, valid nll 0.216
  [diag] log10|dL/dh_t| hist bins=60 range=(-5.32,-3.57) mean=-4.38 p50=-4.11 p05=-5.13 p95=-4.07
  [diag] sat-dist hist bins=60 sat<0.05=0.0% mean=0.648 p10=0.543 p90=0.691
Iter 0038140: train nll 0.299, valid error 100.000%, best valid error 100.000%, avg grad norm  42.265, avg grad norm (post clip)   0.053, rho_Whh  1.13, Omega  0.00, alpha  0.000, steps in the past 0.000, valid nll 0.267
  [diag] log10|dL/dh_t| hist bins=60 range=(-5.32,-3.57) mean=-4.69 p50=-4.80 p05=-5.16 p95=-4.14
  [diag] sat-dist hist bins=60 sat<0.05=0.0% mean=0.601 p10=0.532 p90=0.681
Iter 0038160: train nll 0.293, valid error 100.000%, best valid error 100.000%, avg grad norm  36.194, avg grad norm (post clip)   0.053, rho_Whh  1.13, Omega  0.00, alpha  0.000, steps in the past 0.000, valid nll 0.215
  [diag] log10|dL/dh_t| hist bins=60 range=(-5.32,-3.57) mean=-4.39 p50=-4.11 p05=-5.14 p95=-4.07
  [diag] sat-dist hist bins=60 sat<0.05=0.0% mean=0.646 p10=0.542 p90=0.691
Iter 0038180: train nll 0.307, valid error 100.000%, best valid error 100.000%, avg grad norm  40.266, avg grad norm (post clip)   0.053, rho_Whh  1.13, Omega  0.00, alpha  0.000, steps in the past 0.000, valid nll 0.263
  [diag] log10|dL/dh_t| hist bins=60 range=(-5.32,-3.57) mean=-4.72 p50=-4.82 p05=-5.17 p95=-4.14
  [diag] sat-dist hist bins=60 sat<0.05=0.0% mean=0.596 p10=0.531 p90=0.674
Iter 0038200: train nll 0.265, valid error 100.000%, best valid error 100.000%, avg grad norm  43.851, avg grad norm (post clip)   0.053, rho_Whh  1.13, Omega  0.00, alpha  0.000, steps in the past 0.000, valid nll 0.216
  [diag] log10|dL/dh_t| hist bins=60 range=(-5.32,-3.57) mean=-4.49 p50=-4.41 p05=-5.15 p95=-4.10
  [diag] sat-dist hist bins=60 sat<0.05=0.0% mean=0.631 p10=0.536 p90=0.689
Iter 0038220: train nll 0.277, valid error 100.000%, best valid error 100.000%, avg grad norm  45.575, avg grad norm (post clip)   0.053, rho_Whh  1.13, Omega  0.00, alpha  0.000, steps in the past 0.000, valid nll 0.234
  [diag] log10|dL/dh_t| hist bins=60 range=(-5.32,-3.57) mean=-4.68 p50=-4.80 p05=-5.17 p95=-4.12
  [diag] sat-dist hist bins=60 sat<0.05=0.0% mean=0.602 p10=0.531 p90=0.685
Iter 0038240: train nll 0.250, valid error 100.000%, best valid error 100.000%, avg grad norm  48.203, avg grad norm (post clip)   0.053, rho_Whh  1.13, Omega  0.00, alpha  0.000, steps in the past 0.000, valid nll 0.215
  [diag] log10|dL/dh_t| hist bins=60 range=(-5.32,-3.57) mean=-4.68 p50=-4.79 p05=-5.17 p95=-4.12
  [diag] sat-dist hist bins=60 sat<0.05=0.0% mean=0.603 p10=0.531 p90=0.685
Iter 0038260: train nll 0.288, valid error 100.000%, best valid error 100.000%, avg grad norm  53.117, avg grad norm (post clip)   0.053, rho_Whh  1.13, Omega  0.00, alpha  0.000, steps in the past 0.000, valid nll 0.215
  [diag] log10|dL/dh_t| hist bins=60 range=(-5.32,-3.57) mean=-4.67 p50=-4.79 p05=-5.17 p95=-4.12
  [diag] sat-dist hist bins=60 sat<0.05=0.0% mean=0.603 p10=0.531 p90=0.685
Iter 0038280: train nll 0.277, valid error 100.000%, best valid error 100.000%, avg grad norm  50.559, avg grad norm (post clip)   0.053, rho_Whh  1.13, Omega  0.00, alpha  0.000, steps in the past 0.000, valid nll 0.215
  [diag] log10|dL/dh_t| hist bins=60 range=(-5.32,-3.57) mean=-4.47 p50=-4.33 p05=-5.15 p95=-4.09
  [diag] sat-dist hist bins=60 sat<0.05=0.0% mean=0.634 p10=0.537 p90=0.690
Iter 0038300: train nll 0.285, valid error 100.000%, best valid error 100.000%, avg grad norm  38.714, avg grad norm (post clip)   0.053, rho_Whh  1.13, Omega  0.00, alpha  0.000, steps in the past 0.000, valid nll 0.238
  [diag] log10|dL/dh_t| hist bins=60 range=(-5.32,-3.57) mean=-4.47 p50=-4.33 p05=-5.15 p95=-4.09
  [diag] sat-dist hist bins=60 sat<0.05=0.0% mean=0.634 p10=0.537 p90=0.689
Iter 0038320: train nll 0.309, valid error 100.000%, best valid error 100.000%, avg grad norm  43.234, avg grad norm (post clip)   0.053, rho_Whh  1.13, Omega  0.00, alpha  0.000, steps in the past 0.000, valid nll 0.238
  [diag] log10|dL/dh_t| hist bins=60 range=(-5.32,-3.57) mean=-4.67 p50=-4.79 p05=-5.17 p95=-4.13
  [diag] sat-dist hist bins=60 sat<0.05=0.0% mean=0.604 p10=0.531 p90=0.685
Iter 0038340: train nll 0.287, valid error 100.000%, best valid error 100.000%, avg grad norm  45.399, avg grad norm (post clip)   0.053, rho_Whh  1.13, Omega  0.00, alpha  0.000, steps in the past 0.000, valid nll 0.215
  [diag] log10|dL/dh_t| hist bins=60 range=(-5.32,-3.57) mean=-4.46 p50=-4.32 p05=-5.15 p95=-4.09
  [diag] sat-dist hist bins=60 sat<0.05=0.0% mean=0.635 p10=0.537 p90=0.689
Iter 0038360: train nll 0.293, valid error 100.000%, best valid error 100.000%, avg grad norm  43.303, avg grad norm (post clip)   0.053, rho_Whh  1.13, Omega  0.00, alpha  0.000, steps in the past 0.000, valid nll 0.239
  [diag] log10|dL/dh_t| hist bins=60 range=(-5.32,-3.57) mean=-4.61 p50=-4.73 p05=-5.16 p95=-4.12
  [diag] sat-dist hist bins=60 sat<0.05=0.0% mean=0.613 p10=0.532 p90=0.687
Iter 0038380: train nll 0.314, valid error 100.000%, best valid error 100.000%, avg grad norm  44.372, avg grad norm (post clip)   0.053, rho_Whh  1.13, Omega  0.00, alpha  0.000, steps in the past 0.000, valid nll 0.217
  [diag] log10|dL/dh_t| hist bins=60 range=(-5.32,-3.57) mean=-4.44 p50=-4.24 p05=-5.15 p95=-4.09
  [diag] sat-dist hist bins=60 sat<0.05=0.0% mean=0.638 p10=0.538 p90=0.690
Iter 0038400: train nll 0.302, valid error 100.000%, best valid error 100.000%, avg grad norm  46.397, avg grad norm (post clip)   0.053, rho_Whh  1.13, Omega  0.00, alpha  0.000, steps in the past 0.000, valid nll 0.245
  [diag] log10|dL/dh_t| hist bins=60 range=(-5.32,-3.57) mean=-4.60 p50=-4.71 p05=-5.16 p95=-4.12
  [diag] sat-dist hist bins=60 sat<0.05=0.0% mean=0.614 p10=0.533 p90=0.687
Iter 0038420: train nll 0.270, valid error 100.000%, best valid error 100.000%, avg grad norm  44.633, avg grad norm (post clip)   0.053, rho_Whh  1.13, Omega  0.00, alpha  0.000, steps in the past 0.000, valid nll 0.218
  [diag] log10|dL/dh_t| hist bins=60 range=(-5.32,-3.57) mean=-4.45 p50=-4.25 p05=-5.15 p95=-4.09
  [diag] sat-dist hist bins=60 sat<0.05=0.0% mean=0.637 p10=0.538 p90=0.690
Iter 0038440: train nll 0.277, valid error 100.000%, best valid error 100.000%, avg grad norm  48.716, avg grad norm (post clip)   0.053, rho_Whh  1.13, Omega  0.00, alpha  0.000, steps in the past 0.000, valid nll 0.244
  [diag] log10|dL/dh_t| hist bins=60 range=(-5.32,-3.57) mean=-4.59 p50=-4.70 p05=-5.16 p95=-4.11
  [diag] sat-dist hist bins=60 sat<0.05=0.0% mean=0.616 p10=0.532 p90=0.687
Iter 0038460: train nll 0.294, valid error 100.000%, best valid error 100.000%, avg grad norm  41.748, avg grad norm (post clip)   0.053, rho_Whh  1.13, Omega  0.00, alpha  0.000, steps in the past 0.000, valid nll 0.218
  [diag] log10|dL/dh_t| hist bins=60 range=(-5.32,-3.57) mean=-4.59 p50=-4.70 p05=-5.16 p95=-4.11
  [diag] sat-dist hist bins=60 sat<0.05=0.0% mean=0.616 p10=0.533 p90=0.687
Iter 0038480: train nll 0.280, valid error 100.000%, best valid error 100.000%, avg grad norm  48.269, avg grad norm (post clip)   0.053, rho_Whh  1.13, Omega  0.00, alpha  0.000, steps in the past 0.000, valid nll 0.219
  [diag] log10|dL/dh_t| hist bins=60 range=(-5.32,-3.57) mean=-4.59 p50=-4.69 p05=-5.16 p95=-4.11
  [diag] sat-dist hist bins=60 sat<0.05=0.0% mean=0.616 p10=0.533 p90=0.687
Iter 0038500: train nll 0.302, valid error 100.000%, best valid error 100.000%, avg grad norm  49.290, avg grad norm (post clip)   0.053, rho_Whh  1.13, Omega  0.00, alpha  0.000, steps in the past 0.000, valid nll 0.219
  [diag] log10|dL/dh_t| hist bins=60 range=(-5.32,-3.57) mean=-4.43 p50=-4.20 p05=-5.15 p95=-4.08
  [diag] sat-dist hist bins=60 sat<0.05=0.0% mean=0.640 p10=0.539 p90=0.691
Iter 0038520: train nll 0.302, valid error 100.000%, best valid error 100.000%, avg grad norm  50.483, avg grad norm (post clip)   0.053, rho_Whh  1.13, Omega  0.00, alpha  0.000, steps in the past 0.000, valid nll 0.248
  [diag] log10|dL/dh_t| hist bins=60 range=(-5.32,-3.57) mean=-4.59 p50=-4.69 p05=-5.16 p95=-4.12
  [diag] sat-dist hist bins=60 sat<0.05=0.0% mean=0.617 p10=0.533 p90=0.687
Iter 0038540: train nll 0.291, valid error 100.000%, best valid error 100.000%, avg grad norm  43.220, avg grad norm (post clip)   0.053, rho_Whh  1.13, Omega  0.00, alpha  0.000, steps in the past 0.000, valid nll 0.219
  [diag] log10|dL/dh_t| hist bins=60 range=(-5.32,-3.57) mean=-4.59 p50=-4.69 p05=-5.16 p95=-4.12
  [diag] sat-dist hist bins=60 sat<0.05=0.0% mean=0.617 p10=0.533 p90=0.687
Iter 0038560: train nll 0.278, valid error 100.000%, best valid error 100.000%, avg grad norm  49.031, avg grad norm (post clip)   0.053, rho_Whh  1.13, Omega  0.00, alpha  0.000, steps in the past 0.000, valid nll 0.219
  [diag] log10|dL/dh_t| hist bins=60 range=(-5.32,-3.57) mean=-4.44 p50=-4.23 p05=-5.15 p95=-4.08
  [diag] sat-dist hist bins=60 sat<0.05=0.0% mean=0.638 p10=0.538 p90=0.691
Iter 0038580: train nll 0.231, valid error 100.000%, best valid error 100.000%, avg grad norm  52.744, avg grad norm (post clip)   0.053, rho_Whh  1.13, Omega  0.00, alpha  0.000, steps in the past 0.000, valid nll 0.245
  [diag] log10|dL/dh_t| hist bins=60 range=(-5.32,-3.57) mean=-4.61 p50=-4.73 p05=-5.16 p95=-4.11
  [diag] sat-dist hist bins=60 sat<0.05=0.0% mean=0.613 p10=0.532 p90=0.687
Iter 0038600: train nll 0.258, valid error 100.000%, best valid error 100.000%, avg grad norm  48.570, avg grad norm (post clip)   0.053, rho_Whh  1.13, Omega  0.00, alpha  0.000, steps in the past 0.000, valid nll 0.217
  [diag] log10|dL/dh_t| hist bins=60 range=(-5.32,-3.57) mean=-4.46 p50=-4.29 p05=-5.15 p95=-4.08
  [diag] sat-dist hist bins=60 sat<0.05=0.0% mean=0.636 p10=0.537 p90=0.690
Iter 0038620: train nll 0.301, valid error 100.000%, best valid error 100.000%, avg grad norm  45.308, avg grad norm (post clip)   0.053, rho_Whh  1.13, Omega  0.00, alpha  0.000, steps in the past 0.000, valid nll 0.241
  [diag] log10|dL/dh_t| hist bins=60 range=(-5.32,-3.57) mean=-4.46 p50=-4.29 p05=-5.15 p95=-4.09
  [diag] sat-dist hist bins=60 sat<0.05=0.0% mean=0.636 p10=0.537 p90=0.690
Iter 0038640: train nll 0.257, valid error 100.000%, best valid error 100.000%, avg grad norm  48.520, avg grad norm (post clip)   0.053, rho_Whh  1.13, Omega  0.00, alpha  0.000, steps in the past 0.000, valid nll 0.241
  [diag] log10|dL/dh_t| hist bins=60 range=(-5.32,-3.57) mean=-4.46 p50=-4.29 p05=-5.15 p95=-4.09
  [diag] sat-dist hist bins=60 sat<0.05=0.0% mean=0.636 p10=0.537 p90=0.690
Iter 0038660: train nll 0.263, valid error 100.000%, best valid error 100.000%, avg grad norm  47.041, avg grad norm (post clip)   0.053, rho_Whh  1.13, Omega  0.00, alpha  0.000, steps in the past 0.000, valid nll 0.241
  [diag] log10|dL/dh_t| hist bins=60 range=(-5.32,-3.57) mean=-4.64 p50=-4.76 p05=-5.17 p95=-4.12
  [diag] sat-dist hist bins=60 sat<0.05=0.0% mean=0.608 p10=0.532 p90=0.686
Iter 0038680: train nll 0.260, valid error 100.000%, best valid error 100.000%, avg grad norm  47.975, avg grad norm (post clip)   0.053, rho_Whh  1.13, Omega  0.00, alpha  0.000, steps in the past 0.000, valid nll 0.215
  [diag] log10|dL/dh_t| hist bins=60 range=(-5.32,-3.57) mean=-4.36 p50=-4.10 p05=-5.14 p95=-4.06
  [diag] sat-dist hist bins=60 sat<0.05=0.0% mean=0.650 p10=0.544 p90=0.693
Iter 0038700: train nll 0.292, valid error 100.000%, best valid error 100.000%, avg grad norm  57.554, avg grad norm (post clip)   0.053, rho_Whh  1.13, Omega  0.00, alpha  0.000, steps in the past 0.000, valid nll 0.272
  [diag] log10|dL/dh_t| hist bins=60 range=(-5.32,-3.57) mean=-4.46 p50=-4.29 p05=-5.15 p95=-4.09
  [diag] sat-dist hist bins=60 sat<0.05=0.0% mean=0.636 p10=0.538 p90=0.690
Iter 0038720: train nll 0.276, valid error 100.000%, best valid error 100.000%, avg grad norm  50.229, avg grad norm (post clip)   0.053, rho_Whh  1.13, Omega  0.00, alpha  0.000, steps in the past 0.000, valid nll 0.240
  [diag] log10|dL/dh_t| hist bins=60 range=(-5.32,-3.57) mean=-4.36 p50=-4.10 p05=-5.14 p95=-4.06
  [diag] sat-dist hist bins=60 sat<0.05=0.0% mean=0.650 p10=0.544 p90=0.693
Iter 0038740: train nll 0.279, valid error 100.000%, best valid error 100.000%, avg grad norm  41.678, avg grad norm (post clip)   0.053, rho_Whh  1.13, Omega  0.00, alpha  0.000, steps in the past 0.000, valid nll 0.272
  [diag] log10|dL/dh_t| hist bins=60 range=(-5.32,-3.57) mean=-4.49 p50=-4.40 p05=-5.16 p95=-4.09
  [diag] sat-dist hist bins=60 sat<0.05=0.0% mean=0.632 p10=0.536 p90=0.689
Iter 0038760: train nll 0.271, valid error 100.000%, best valid error 100.000%, avg grad norm  38.653, avg grad norm (post clip)   0.053, rho_Whh  1.13, Omega  0.00, alpha  0.000, steps in the past 0.000, valid nll 0.234
  [diag] log10|dL/dh_t| hist bins=60 range=(-5.33,-3.57) mean=-4.72 p50=-4.82 p05=-5.17 p95=-4.13
  [diag] sat-dist hist bins=60 sat<0.05=0.0% mean=0.596 p10=0.530 p90=0.676
Iter 0038780: train nll 0.277, valid error 100.000%, best valid error 100.000%, avg grad norm  41.707, avg grad norm (post clip)   0.053, rho_Whh  1.13, Omega  0.00, alpha  0.000, steps in the past 0.000, valid nll 0.215
  [diag] log10|dL/dh_t| hist bins=60 range=(-5.32,-3.57) mean=-4.54 p50=-4.59 p05=-5.16 p95=-4.10
  [diag] sat-dist hist bins=60 sat<0.05=0.0% mean=0.624 p10=0.534 p90=0.689
Iter 0038800: train nll 0.287, valid error 100.000%, best valid error 100.000%, avg grad norm  46.573, avg grad norm (post clip)   0.053, rho_Whh  1.13, Omega  0.00, alpha  0.000, steps in the past 0.000, valid nll 0.224
  [diag] log10|dL/dh_t| hist bins=60 range=(-5.33,-3.57) mean=-4.55 p50=-4.62 p05=-5.16 p95=-4.10
  [diag] sat-dist hist bins=60 sat<0.05=0.0% mean=0.622 p10=0.533 p90=0.689
Iter 0038820: train nll 0.300, valid error 100.000%, best valid error 100.000%, avg grad norm  36.701, avg grad norm (post clip)   0.053, rho_Whh  1.13, Omega  0.00, alpha  0.000, steps in the past 0.000, valid nll 0.222
  [diag] log10|dL/dh_t| hist bins=60 range=(-5.33,-3.46) mean=-4.86 p50=-4.91 p05=-5.18 p95=-4.23
  [diag] sat-dist hist bins=60 sat<0.05=0.0% mean=0.569 p10=0.528 p90=0.599
Iter 0038840: train nll 0.251, valid error 100.000%, best valid error 100.000%, avg grad norm  56.483, avg grad norm (post clip)   0.053, rho_Whh  1.13, Omega  0.00, alpha  0.000, steps in the past 0.000, valid nll 0.239
  [diag] log10|dL/dh_t| hist bins=60 range=(-5.32,-3.57) mean=-4.55 p50=-4.63 p05=-5.16 p95=-4.10
  [diag] sat-dist hist bins=60 sat<0.05=0.0% mean=0.621 p10=0.533 p90=0.688
Iter 0038860: train nll 0.291, valid error 100.000%, best valid error 100.000%, avg grad norm  48.396, avg grad norm (post clip)   0.053, rho_Whh  1.13, Omega  0.00, alpha  0.000, steps in the past 0.000, valid nll 0.222
  [diag] log10|dL/dh_t| hist bins=60 range=(-5.32,-3.57) mean=-4.41 p50=-4.14 p05=-5.15 p95=-4.07
  [diag] sat-dist hist bins=60 sat<0.05=0.0% mean=0.642 p10=0.539 p90=0.692
Iter 0038880: train nll 0.324, valid error 100.000%, best valid error 100.000%, avg grad norm  47.737, avg grad norm (post clip)   0.053, rho_Whh  1.13, Omega  0.00, alpha  0.000, steps in the past 0.000, valid nll 0.253
  [diag] log10|dL/dh_t| hist bins=60 range=(-5.32,-3.57) mean=-4.55 p50=-4.62 p05=-5.16 p95=-4.11
  [diag] sat-dist hist bins=60 sat<0.05=0.0% mean=0.622 p10=0.534 p90=0.688
Iter 0038900: train nll 0.274, valid error 100.000%, best valid error 100.000%, avg grad norm  47.697, avg grad norm (post clip)   0.053, rho_Whh  1.13, Omega  0.00, alpha  0.000, steps in the past 0.000, valid nll 0.222
  [diag] log10|dL/dh_t| hist bins=60 range=(-5.32,-3.57) mean=-4.55 p50=-4.62 p05=-5.16 p95=-4.11
  [diag] sat-dist hist bins=60 sat<0.05=0.0% mean=0.622 p10=0.534 p90=0.688
Iter 0038920: train nll 0.278, valid error 100.000%, best valid error 100.000%, avg grad norm  50.971, avg grad norm (post clip)   0.053, rho_Whh  1.13, Omega  0.00, alpha  0.000, steps in the past 0.000, valid nll 0.222
  [diag] log10|dL/dh_t| hist bins=60 range=(-5.32,-3.57) mean=-4.42 p50=-4.15 p05=-5.15 p95=-4.07
  [diag] sat-dist hist bins=60 sat<0.05=0.0% mean=0.642 p10=0.539 p90=0.692
Iter 0038940: train nll 0.277, valid error 100.000%, best valid error 100.000%, avg grad norm  41.798, avg grad norm (post clip)   0.053, rho_Whh  1.13, Omega  0.00, alpha  0.000, steps in the past 0.000, valid nll 0.251
  [diag] log10|dL/dh_t| hist bins=60 range=(-5.32,-3.57) mean=-4.42 p50=-4.16 p05=-5.15 p95=-4.08
  [diag] sat-dist hist bins=60 sat<0.05=0.0% mean=0.642 p10=0.539 p90=0.692
Iter 0038960: train nll 0.280, valid error 100.000%, best valid error 100.000%, avg grad norm  45.028, avg grad norm (post clip)   0.053, rho_Whh  1.13, Omega  0.00, alpha  0.000, steps in the past 0.000, valid nll 0.251
  [diag] log10|dL/dh_t| hist bins=60 range=(-5.32,-3.57) mean=-4.42 p50=-4.16 p05=-5.15 p95=-4.08
  [diag] sat-dist hist bins=60 sat<0.05=0.0% mean=0.642 p10=0.539 p90=0.691
Iter 0038980: train nll 0.291, valid error 100.000%, best valid error 100.000%, avg grad norm  43.379, avg grad norm (post clip)   0.053, rho_Whh  1.13, Omega  0.00, alpha  0.000, steps in the past 0.000, valid nll 0.251
  [diag] log10|dL/dh_t| hist bins=60 range=(-5.32,-3.57) mean=-4.56 p50=-4.64 p05=-5.16 p95=-4.11
  [diag] sat-dist hist bins=60 sat<0.05=0.0% mean=0.620 p10=0.533 p90=0.688
Iter 0039000: train nll 0.285, valid error 100.000%, best valid error 100.000%, avg grad norm  42.776, avg grad norm (post clip)   0.053, rho_Whh  1.13, Omega  0.00, alpha  0.000, steps in the past 0.000, valid nll 0.221
  [diag] log10|dL/dh_t| hist bins=60 range=(-5.32,-3.57) mean=-4.56 p50=-4.64 p05=-5.16 p95=-4.11
  [diag] sat-dist hist bins=60 sat<0.05=0.0% mean=0.620 p10=0.534 p90=0.687
Iter 0039020: train nll 0.265, valid error 100.000%, best valid error 100.000%, avg grad norm  49.769, avg grad norm (post clip)   0.053, rho_Whh  1.13, Omega  0.00, alpha  0.000, steps in the past 0.000, valid nll 0.221
  [diag] log10|dL/dh_t| hist bins=60 range=(-5.32,-3.57) mean=-4.42 p50=-4.17 p05=-5.15 p95=-4.08
  [diag] sat-dist hist bins=60 sat<0.05=0.0% mean=0.641 p10=0.540 p90=0.691
Iter 0039040: train nll 0.293, valid error 100.000%, best valid error 100.000%, avg grad norm  44.816, avg grad norm (post clip)   0.053, rho_Whh  1.13, Omega  0.00, alpha  0.000, steps in the past 0.000, valid nll 0.250
  [diag] log10|dL/dh_t| hist bins=60 range=(-5.32,-3.57) mean=-4.42 p50=-4.17 p05=-5.15 p95=-4.08
  [diag] sat-dist hist bins=60 sat<0.05=0.0% mean=0.641 p10=0.540 p90=0.691
Iter 0039060: train nll 0.309, valid error 100.000%, best valid error 100.000%, avg grad norm  43.942, avg grad norm (post clip)   0.053, rho_Whh  1.13, Omega  0.00, alpha  0.000, steps in the past 0.000, valid nll 0.250
  [diag] log10|dL/dh_t| hist bins=60 range=(-5.32,-3.57) mean=-4.43 p50=-4.17 p05=-5.15 p95=-4.08
  [diag] sat-dist hist bins=60 sat<0.05=0.0% mean=0.641 p10=0.539 p90=0.691
Iter 0039080: train nll 0.273, valid error 100.000%, best valid error 100.000%, avg grad norm  45.082, avg grad norm (post clip)   0.053, rho_Whh  1.13, Omega  0.00, alpha  0.000, steps in the past 0.000, valid nll 0.249
  [diag] log10|dL/dh_t| hist bins=60 range=(-5.32,-3.57) mean=-4.43 p50=-4.17 p05=-5.15 p95=-4.09
  [diag] sat-dist hist bins=60 sat<0.05=0.0% mean=0.641 p10=0.540 p90=0.691
Iter 0039100: train nll 0.278, valid error 100.000%, best valid error 100.000%, avg grad norm  44.343, avg grad norm (post clip)   0.053, rho_Whh  1.13, Omega  0.00, alpha  0.000, steps in the past 0.000, valid nll 0.249
  [diag] log10|dL/dh_t| hist bins=60 range=(-5.33,-3.57) mean=-4.57 p50=-4.65 p05=-5.16 p95=-4.12
  [diag] sat-dist hist bins=60 sat<0.05=0.0% mean=0.619 p10=0.534 p90=0.687
Iter 0039120: train nll 0.288, valid error 100.000%, best valid error 100.000%, avg grad norm  39.813, avg grad norm (post clip)   0.053, rho_Whh  1.13, Omega  0.00, alpha  0.000, steps in the past 0.000, valid nll 0.220
  [diag] log10|dL/dh_t| hist bins=60 range=(-5.33,-3.57) mean=-4.57 p50=-4.65 p05=-5.16 p95=-4.12
  [diag] sat-dist hist bins=60 sat<0.05=0.0% mean=0.620 p10=0.534 p90=0.687
Iter 0039140: train nll 0.294, valid error 100.000%, best valid error 100.000%, avg grad norm  42.087, avg grad norm (post clip)   0.053, rho_Whh  1.13, Omega  0.00, alpha  0.000, steps in the past 0.000, valid nll 0.220
  [diag] log10|dL/dh_t| hist bins=60 range=(-5.33,-3.57) mean=-4.57 p50=-4.65 p05=-5.16 p95=-4.12
  [diag] sat-dist hist bins=60 sat<0.05=0.0% mean=0.620 p10=0.534 p90=0.687
Iter 0039160: train nll 0.276, valid error 100.000%, best valid error 100.000%, avg grad norm  47.431, avg grad norm (post clip)   0.053, rho_Whh  1.13, Omega  0.00, alpha  0.000, steps in the past 0.000, valid nll 0.220
  [diag] log10|dL/dh_t| hist bins=60 range=(-5.32,-3.57) mean=-4.57 p50=-4.65 p05=-5.16 p95=-4.12
  [diag] sat-dist hist bins=60 sat<0.05=0.0% mean=0.620 p10=0.534 p90=0.687
Iter 0039180: train nll 0.293, valid error 100.000%, best valid error 100.000%, avg grad norm  51.154, avg grad norm (post clip)   0.053, rho_Whh  1.13, Omega  0.00, alpha  0.000, steps in the past 0.000, valid nll 0.220
  [diag] log10|dL/dh_t| hist bins=60 range=(-5.32,-3.57) mean=-4.43 p50=-4.18 p05=-5.15 p95=-4.09
  [diag] sat-dist hist bins=60 sat<0.05=0.0% mean=0.641 p10=0.540 p90=0.690
Iter 0039200: train nll 0.287, valid error 100.000%, best valid error 100.000%, avg grad norm  39.657, avg grad norm (post clip)   0.053, rho_Whh  1.13, Omega  0.00, alpha  0.000, steps in the past 0.000, valid nll 0.249
  [diag] log10|dL/dh_t| hist bins=60 range=(-5.32,-3.57) mean=-4.57 p50=-4.65 p05=-5.16 p95=-4.13
  [diag] sat-dist hist bins=60 sat<0.05=0.0% mean=0.620 p10=0.534 p90=0.686
Iter 0039220: train nll 0.299, valid error 100.000%, best valid error 100.000%, avg grad norm  39.117, avg grad norm (post clip)   0.053, rho_Whh  1.13, Omega  0.00, alpha  0.000, steps in the past 0.000, valid nll 0.220
  [diag] log10|dL/dh_t| hist bins=60 range=(-5.32,-3.57) mean=-4.43 p50=-4.18 p05=-5.14 p95=-4.10
  [diag] sat-dist hist bins=60 sat<0.05=0.0% mean=0.641 p10=0.540 p90=0.690
Iter 0039240: train nll 0.292, valid error 100.000%, best valid error 100.000%, avg grad norm  39.555, avg grad norm (post clip)   0.053, rho_Whh  1.13, Omega  0.00, alpha  0.000, steps in the past 0.000, valid nll 0.249
  [diag] log10|dL/dh_t| hist bins=60 range=(-5.32,-3.57) mean=-4.57 p50=-4.64 p05=-5.16 p95=-4.13
  [diag] sat-dist hist bins=60 sat<0.05=0.0% mean=0.620 p10=0.535 p90=0.686
Iter 0039260: train nll 0.284, valid error 100.000%, best valid error 100.000%, avg grad norm  43.110, avg grad norm (post clip)   0.053, rho_Whh  1.13, Omega  0.00, alpha  0.000, steps in the past 0.000, valid nll 0.220
  [diag] log10|dL/dh_t| hist bins=60 range=(-5.32,-3.57) mean=-4.56 p50=-4.63 p05=-5.16 p95=-4.13
  [diag] sat-dist hist bins=60 sat<0.05=0.0% mean=0.621 p10=0.535 p90=0.685
Iter 0039280: train nll 0.293, valid error 100.000%, best valid error 100.000%, avg grad norm  39.809, avg grad norm (post clip)   0.053, rho_Whh  1.13, Omega  0.00, alpha  0.000, steps in the past 0.000, valid nll 0.220
  [diag] log10|dL/dh_t| hist bins=60 range=(-5.32,-3.57) mean=-4.56 p50=-4.63 p05=-5.16 p95=-4.13
  [diag] sat-dist hist bins=60 sat<0.05=0.0% mean=0.621 p10=0.535 p90=0.685
Iter 0039300: train nll 0.261, valid error 100.000%, best valid error 100.000%, avg grad norm  49.151, avg grad norm (post clip)   0.053, rho_Whh  1.13, Omega  0.00, alpha  0.000, steps in the past 0.000, valid nll 0.220
  [diag] log10|dL/dh_t| hist bins=60 range=(-5.33,-3.46) mean=-4.85 p50=-4.90 p05=-5.17 p95=-4.23
  [diag] sat-dist hist bins=60 sat<0.05=0.0% mean=0.571 p10=0.529 p90=0.598
Iter 0039320: train nll 0.266, valid error 100.000%, best valid error 100.000%, avg grad norm  45.711, avg grad norm (post clip)   0.053, rho_Whh  1.13, Omega  0.00, alpha  0.000, steps in the past 0.000, valid nll 0.239
  [diag] log10|dL/dh_t| hist bins=60 range=(-5.32,-3.57) mean=-4.57 p50=-4.65 p05=-5.16 p95=-4.13
  [diag] sat-dist hist bins=60 sat<0.05=0.0% mean=0.620 p10=0.535 p90=0.685
Iter 0039340: train nll 0.293, valid error 100.000%, best valid error 100.000%, avg grad norm  38.158, avg grad norm (post clip)   0.053, rho_Whh  1.13, Omega  0.00, alpha  0.000, steps in the past 0.000, valid nll 0.220
  [diag] log10|dL/dh_t| hist bins=60 range=(-5.32,-3.57) mean=-4.58 p50=-4.66 p05=-5.16 p95=-4.13
  [diag] sat-dist hist bins=60 sat<0.05=0.0% mean=0.619 p10=0.534 p90=0.685
Iter 0039360: train nll 0.241, valid error 100.000%, best valid error 100.000%, avg grad norm  50.782, avg grad norm (post clip)   0.053, rho_Whh  1.13, Omega  0.00, alpha  0.000, steps in the past 0.000, valid nll 0.219
  [diag] log10|dL/dh_t| hist bins=60 range=(-5.33,-3.57) mean=-4.58 p50=-4.66 p05=-5.16 p95=-4.13
  [diag] sat-dist hist bins=60 sat<0.05=0.0% mean=0.619 p10=0.534 p90=0.686
Iter 0039380: train nll 0.266, valid error 100.000%, best valid error 100.000%, avg grad norm  46.961, avg grad norm (post clip)   0.053, rho_Whh  1.13, Omega  0.00, alpha  0.000, steps in the past 0.000, valid nll 0.219
  [diag] log10|dL/dh_t| hist bins=60 range=(-5.32,-3.57) mean=-4.49 p50=-4.41 p05=-5.15 p95=-4.11
  [diag] sat-dist hist bins=60 sat<0.05=0.0% mean=0.632 p10=0.537 p90=0.688
Iter 0039400: train nll 0.285, valid error 100.000%, best valid error 100.000%, avg grad norm  46.795, avg grad norm (post clip)   0.053, rho_Whh  1.13, Omega  0.00, alpha  0.000, steps in the past 0.000, valid nll 0.232
  [diag] log10|dL/dh_t| hist bins=60 range=(-5.32,-3.57) mean=-4.39 p50=-4.11 p05=-5.14 p95=-4.08
  [diag] sat-dist hist bins=60 sat<0.05=0.0% mean=0.648 p10=0.543 p90=0.691
Iter 0039420: train nll 0.323, valid error 100.000%, best valid error 100.000%, avg grad norm  44.401, avg grad norm (post clip)   0.053, rho_Whh  1.13, Omega  0.00, alpha  0.000, steps in the past 0.000, valid nll 0.263
  [diag] log10|dL/dh_t| hist bins=60 range=(-5.33,-3.55) mean=-4.77 p50=-4.85 p05=-5.17 p95=-4.23
  [diag] sat-dist hist bins=60 sat<0.05=0.0% mean=0.589 p10=0.530 p90=0.654
Iter 0039440: train nll 0.274, valid error 100.000%, best valid error 100.000%, avg grad norm  41.214, avg grad norm (post clip)   0.053, rho_Whh  1.13, Omega  0.00, alpha  0.000, steps in the past 0.000, valid nll 0.220
  [diag] log10|dL/dh_t| hist bins=60 range=(-5.33,-3.55) mean=-4.77 p50=-4.85 p05=-5.17 p95=-4.23
  [diag] sat-dist hist bins=60 sat<0.05=0.0% mean=0.589 p10=0.530 p90=0.653
Iter 0039460: train nll 0.241, valid error 100.000%, best valid error 100.000%, avg grad norm  52.295, avg grad norm (post clip)   0.053, rho_Whh  1.13, Omega  0.00, alpha  0.000, steps in the past 0.000, valid nll 0.220
  [diag] log10|dL/dh_t| hist bins=60 range=(-5.33,-3.54) mean=-4.78 p50=-4.85 p05=-5.17 p95=-4.23
  [diag] sat-dist hist bins=60 sat<0.05=0.0% mean=0.588 p10=0.530 p90=0.650
Iter 0039480: train nll 0.248, valid error 100.000%, best valid error 100.000%, avg grad norm  48.630, avg grad norm (post clip)   0.053, rho_Whh  1.13, Omega  0.00, alpha  0.000, steps in the past 0.000, valid nll 0.221
  [diag] log10|dL/dh_t| hist bins=60 range=(-5.33,-3.57) mean=-4.72 p50=-4.82 p05=-5.17 p95=-4.15
  [diag] sat-dist hist bins=60 sat<0.05=0.0% mean=0.597 p10=0.531 p90=0.676
Iter 0039500: train nll 0.295, valid error 100.000%, best valid error 100.000%, avg grad norm  47.872, avg grad norm (post clip)   0.053, rho_Whh  1.13, Omega  0.00, alpha  0.000, steps in the past 0.000, valid nll 0.215
  [diag] log10|dL/dh_t| hist bins=60 range=(-5.33,-3.57) mean=-4.58 p50=-4.67 p05=-5.16 p95=-4.12
  [diag] sat-dist hist bins=60 sat<0.05=0.0% mean=0.618 p10=0.533 p90=0.687
Iter 0039520: train nll 0.304, valid error 100.000%, best valid error 100.000%, avg grad norm  44.626, avg grad norm (post clip)   0.053, rho_Whh  1.13, Omega  0.00, alpha  0.000, steps in the past 0.000, valid nll 0.219
  [diag] log10|dL/dh_t| hist bins=60 range=(-5.32,-3.57) mean=-4.43 p50=-4.19 p05=-5.15 p95=-4.09
  [diag] sat-dist hist bins=60 sat<0.05=0.0% mean=0.641 p10=0.539 p90=0.691
Iter 0039540: train nll 0.269, valid error 100.000%, best valid error 100.000%, avg grad norm  55.300, avg grad norm (post clip)   0.053, rho_Whh  1.13, Omega  0.00, alpha  0.000, steps in the past 0.000, valid nll 0.248
  [diag] log10|dL/dh_t| hist bins=60 range=(-5.33,-3.57) mean=-4.45 p50=-4.25 p05=-5.15 p95=-4.09
  [diag] sat-dist hist bins=60 sat<0.05=0.0% mean=0.638 p10=0.538 p90=0.691
Iter 0039560: train nll 0.292, valid error 100.000%, best valid error 100.000%, avg grad norm  33.516, avg grad norm (post clip)   0.053, rho_Whh  1.13, Omega  0.00, alpha  0.000, steps in the past 0.000, valid nll 0.243
  [diag] log10|dL/dh_t| hist bins=60 range=(-5.33,-3.57) mean=-4.62 p50=-4.73 p05=-5.17 p95=-4.13
  [diag] sat-dist hist bins=60 sat<0.05=0.0% mean=0.612 p10=0.532 p90=0.686
Iter 0039580: train nll 0.284, valid error 100.000%, best valid error 100.000%, avg grad norm  48.662, avg grad norm (post clip)   0.053, rho_Whh  1.13, Omega  0.00, alpha  0.000, steps in the past 0.000, valid nll 0.216
  [diag] log10|dL/dh_t| hist bins=60 range=(-5.33,-3.57) mean=-4.62 p50=-4.73 p05=-5.17 p95=-4.13
  [diag] sat-dist hist bins=60 sat<0.05=0.0% mean=0.613 p10=0.532 p90=0.686
Iter 0039600: train nll 0.269, valid error 100.000%, best valid error 100.000%, avg grad norm  51.564, avg grad norm (post clip)   0.053, rho_Whh  1.13, Omega  0.00, alpha  0.000, steps in the past 0.000, valid nll 0.216
  [diag] log10|dL/dh_t| hist bins=60 range=(-5.33,-3.57) mean=-4.62 p50=-4.73 p05=-5.17 p95=-4.13
  [diag] sat-dist hist bins=60 sat<0.05=0.0% mean=0.613 p10=0.533 p90=0.686
Iter 0039620: train nll 0.272, valid error 100.000%, best valid error 100.000%, avg grad norm  45.414, avg grad norm (post clip)   0.053, rho_Whh  1.13, Omega  0.00, alpha  0.000, steps in the past 0.000, valid nll 0.216
  [diag] log10|dL/dh_t| hist bins=60 range=(-5.32,-3.57) mean=-4.45 p50=-4.25 p05=-5.15 p95=-4.10
  [diag] sat-dist hist bins=60 sat<0.05=0.0% mean=0.638 p10=0.539 p90=0.690
Iter 0039640: train nll 0.309, valid error 100.000%, best valid error 100.000%, avg grad norm  43.800, avg grad norm (post clip)   0.053, rho_Whh  1.13, Omega  0.00, alpha  0.000, steps in the past 0.000, valid nll 0.242
  [diag] log10|dL/dh_t| hist bins=60 range=(-5.33,-3.57) mean=-4.53 p50=-4.54 p05=-5.16 p95=-4.11
  [diag] sat-dist hist bins=60 sat<0.05=0.0% mean=0.626 p10=0.535 p90=0.688
Iter 0039660: train nll 0.263, valid error 100.000%, best valid error 100.000%, avg grad norm  47.343, avg grad norm (post clip)   0.053, rho_Whh  1.13, Omega  0.00, alpha  0.000, steps in the past 0.000, valid nll 0.226
  [diag] log10|dL/dh_t| hist bins=60 range=(-5.32,-3.57) mean=-4.39 p50=-4.11 p05=-5.14 p95=-4.07
  [diag] sat-dist hist bins=60 sat<0.05=0.0% mean=0.647 p10=0.542 p90=0.692
Iter 0039680: train nll 0.310, valid error 100.000%, best valid error 100.000%, avg grad norm  40.160, avg grad norm (post clip)   0.053, rho_Whh  1.13, Omega  0.00, alpha  0.000, steps in the past 0.000, valid nll 0.261
  [diag] log10|dL/dh_t| hist bins=60 range=(-5.33,-3.57) mean=-4.47 p50=-4.31 p05=-5.16 p95=-4.09
  [diag] sat-dist hist bins=60 sat<0.05=0.0% mean=0.635 p10=0.537 p90=0.690
Iter 0039700: train nll 0.303, valid error 100.000%, best valid error 100.000%, avg grad norm  40.177, avg grad norm (post clip)   0.053, rho_Whh  1.13, Omega  0.00, alpha  0.000, steps in the past 0.000, valid nll 0.238
  [diag] log10|dL/dh_t| hist bins=60 range=(-5.33,-3.57) mean=-4.66 p50=-4.78 p05=-5.17 p95=-4.13
  [diag] sat-dist hist bins=60 sat<0.05=0.0% mean=0.606 p10=0.531 p90=0.686
Iter 0039720: train nll 0.297, valid error 100.000%, best valid error 100.000%, avg grad norm  47.532, avg grad norm (post clip)   0.053, rho_Whh  1.13, Omega  0.00, alpha  0.000, steps in the past 0.000, valid nll 0.214
  [diag] log10|dL/dh_t| hist bins=60 range=(-5.33,-3.57) mean=-4.47 p50=-4.31 p05=-5.16 p95=-4.10
  [diag] sat-dist hist bins=60 sat<0.05=0.0% mean=0.635 p10=0.537 p90=0.690
Iter 0039740: train nll 0.303, valid error 100.000%, best valid error 100.000%, avg grad norm  46.733, avg grad norm (post clip)   0.053, rho_Whh  1.13, Omega  0.00, alpha  0.000, steps in the past 0.000, valid nll 0.238
  [diag] log10|dL/dh_t| hist bins=60 range=(-5.33,-3.57) mean=-4.47 p50=-4.34 p05=-5.16 p95=-4.10
  [diag] sat-dist hist bins=60 sat<0.05=0.0% mean=0.634 p10=0.537 p90=0.690
Iter 0039760: train nll 0.259, valid error 100.000%, best valid error 100.000%, avg grad norm  42.074, avg grad norm (post clip)   0.053, rho_Whh  1.13, Omega  0.00, alpha  0.000, steps in the past 0.000, valid nll 0.236
  [diag] log10|dL/dh_t| hist bins=60 range=(-5.33,-3.57) mean=-4.67 p50=-4.79 p05=-5.17 p95=-4.13
  [diag] sat-dist hist bins=60 sat<0.05=0.0% mean=0.604 p10=0.531 p90=0.686
Iter 0039780: train nll 0.277, valid error 100.000%, best valid error 100.000%, avg grad norm  45.628, avg grad norm (post clip)   0.053, rho_Whh  1.13, Omega  0.00, alpha  0.000, steps in the past 0.000, valid nll 0.214
  [diag] log10|dL/dh_t| hist bins=60 range=(-5.33,-3.57) mean=-4.54 p50=-4.57 p05=-5.16 p95=-4.11
  [diag] sat-dist hist bins=60 sat<0.05=0.0% mean=0.625 p10=0.534 p90=0.689
Iter 0039800: train nll 0.290, valid error 100.000%, best valid error 100.000%, avg grad norm  44.532, avg grad norm (post clip)   0.053, rho_Whh  1.13, Omega  0.00, alpha  0.000, steps in the past 0.000, valid nll 0.224
  [diag] log10|dL/dh_t| hist bins=60 range=(-5.33,-3.57) mean=-4.54 p50=-4.57 p05=-5.16 p95=-4.11
  [diag] sat-dist hist bins=60 sat<0.05=0.0% mean=0.625 p10=0.534 p90=0.689
Iter 0039820: train nll 0.271, valid error 100.000%, best valid error 100.000%, avg grad norm  52.554, avg grad norm (post clip)   0.053, rho_Whh  1.13, Omega  0.00, alpha  0.000, steps in the past 0.000, valid nll 0.224
  [diag] log10|dL/dh_t| hist bins=60 range=(-5.33,-3.46) mean=-4.87 p50=-4.91 p05=-5.18 p95=-4.23
  [diag] sat-dist hist bins=60 sat<0.05=0.0% mean=0.568 p10=0.528 p90=0.594
Iter 0039840: train nll 0.273, valid error 100.000%, best valid error 100.000%, avg grad norm  44.677, avg grad norm (post clip)   0.053, rho_Whh  1.13, Omega  0.00, alpha  0.000, steps in the past 0.000, valid nll 0.240
  [diag] log10|dL/dh_t| hist bins=60 range=(-5.33,-3.46) mean=-4.87 p50=-4.91 p05=-5.18 p95=-4.23
  [diag] sat-dist hist bins=60 sat<0.05=0.0% mean=0.568 p10=0.528 p90=0.594
Iter 0039860: train nll 0.253, valid error 100.000%, best valid error 100.000%, avg grad norm  62.384, avg grad norm (post clip)   0.053, rho_Whh  1.13, Omega  0.00, alpha  0.000, steps in the past 0.000, valid nll 0.240
  [diag] log10|dL/dh_t| hist bins=60 range=(-5.33,-3.57) mean=-4.56 p50=-4.64 p05=-5.16 p95=-4.11
  [diag] sat-dist hist bins=60 sat<0.05=0.0% mean=0.621 p10=0.534 p90=0.688
Iter 0039880: train nll 0.302, valid error 100.000%, best valid error 100.000%, avg grad norm  50.085, avg grad norm (post clip)   0.053, rho_Whh  1.13, Omega  0.00, alpha  0.000, steps in the past 0.000, valid nll 0.220
  [diag] log10|dL/dh_t| hist bins=60 range=(-5.33,-3.57) mean=-4.57 p50=-4.65 p05=-5.17 p95=-4.12
  [diag] sat-dist hist bins=60 sat<0.05=0.0% mean=0.620 p10=0.533 p90=0.688
Iter 0039900: train nll 0.287, valid error 100.000%, best valid error 100.000%, avg grad norm  45.811, avg grad norm (post clip)   0.053, rho_Whh  1.13, Omega  0.00, alpha  0.000, steps in the past 0.000, valid nll 0.220
  [diag] log10|dL/dh_t| hist bins=60 range=(-5.33,-3.57) mean=-4.57 p50=-4.65 p05=-5.16 p95=-4.12
  [diag] sat-dist hist bins=60 sat<0.05=0.0% mean=0.620 p10=0.533 p90=0.688
Iter 0039920: train nll 0.247, valid error 100.000%, best valid error 100.000%, avg grad norm  56.189, avg grad norm (post clip)   0.053, rho_Whh  1.13, Omega  0.00, alpha  0.000, steps in the past 0.000, valid nll 0.220
  [diag] log10|dL/dh_t| hist bins=60 range=(-5.33,-3.57) mean=-4.43 p50=-4.17 p05=-5.15 p95=-4.09
  [diag] sat-dist hist bins=60 sat<0.05=0.0% mean=0.642 p10=0.540 p90=0.691
Iter 0039940: train nll 0.294, valid error 100.000%, best valid error 100.000%, avg grad norm  48.651, avg grad norm (post clip)   0.053, rho_Whh  1.13, Omega  0.00, alpha  0.000, steps in the past 0.000, valid nll 0.249
  [diag] log10|dL/dh_t| hist bins=60 range=(-5.33,-3.57) mean=-4.42 p50=-4.15 p05=-5.15 p95=-4.08
  [diag] sat-dist hist bins=60 sat<0.05=0.0% mean=0.643 p10=0.540 p90=0.692
Iter 0039960: train nll 0.276, valid error 100.000%, best valid error 100.000%, avg grad norm  43.605, avg grad norm (post clip)   0.053, rho_Whh  1.13, Omega  0.00, alpha  0.000, steps in the past 0.000, valid nll 0.251
  [diag] log10|dL/dh_t| hist bins=60 range=(-5.33,-3.57) mean=-4.55 p50=-4.60 p05=-5.16 p95=-4.11
  [diag] sat-dist hist bins=60 sat<0.05=0.0% mean=0.624 p10=0.534 p90=0.689
Iter 0039980: train nll 0.301, valid error 100.000%, best valid error 100.000%, avg grad norm  36.669, avg grad norm (post clip)   0.053, rho_Whh  1.13, Omega  0.00, alpha  0.000, steps in the past 0.000, valid nll 0.222
  [diag] log10|dL/dh_t| hist bins=60 range=(-5.33,-3.57) mean=-4.55 p50=-4.60 p05=-5.16 p95=-4.11
  [diag] sat-dist hist bins=60 sat<0.05=0.0% mean=0.624 p10=0.534 p90=0.689
Iter 0040000: train nll 0.255, valid error 100.000%, best valid error 100.000%, avg grad norm  50.276, avg grad norm (post clip)   0.053, rho_Whh  1.13, Omega  0.00, alpha  0.000, steps in the past 0.000, valid nll 0.222
  [diag] log10|dL/dh_t| hist bins=60 range=(-5.33,-3.57) mean=-4.55 p50=-4.60 p05=-5.17 p95=-4.11
  [diag] sat-dist hist bins=60 sat<0.05=0.0% mean=0.624 p10=0.534 p90=0.689
Iter 0040020: train nll 0.237, valid error 100.000%, best valid error 100.000%, avg grad norm  49.138, avg grad norm (post clip)   0.053, rho_Whh  1.13, Omega  0.00, alpha  0.000, steps in the past 0.000, valid nll 0.222
  [diag] log10|dL/dh_t| hist bins=60 range=(-5.33,-3.57) mean=-4.55 p50=-4.60 p05=-5.16 p95=-4.11
  [diag] sat-dist hist bins=60 sat<0.05=0.0% mean=0.624 p10=0.534 p90=0.689
Iter 0040040: train nll 0.284, valid error 100.000%, best valid error 100.000%, avg grad norm  48.448, avg grad norm (post clip)   0.053, rho_Whh  1.13, Omega  0.00, alpha  0.000, steps in the past 0.000, valid nll 0.222
  [diag] log10|dL/dh_t| hist bins=60 range=(-5.33,-3.57) mean=-4.41 p50=-4.12 p05=-5.15 p95=-4.08
  [diag] sat-dist hist bins=60 sat<0.05=0.0% mean=0.644 p10=0.540 p90=0.693
Iter 0040060: train nll 0.253, valid error 100.000%, best valid error 100.000%, avg grad norm  55.401, avg grad norm (post clip)   0.053, rho_Whh  1.13, Omega  0.00, alpha  0.000, steps in the past 0.000, valid nll 0.254
  [diag] log10|dL/dh_t| hist bins=60 range=(-5.33,-3.57) mean=-4.54 p50=-4.59 p05=-5.16 p95=-4.11
  [diag] sat-dist hist bins=60 sat<0.05=0.0% mean=0.624 p10=0.534 p90=0.689
Iter 0040080: train nll 0.289, valid error 100.000%, best valid error 100.000%, avg grad norm  48.586, avg grad norm (post clip)   0.053, rho_Whh  1.13, Omega  0.00, alpha  0.000, steps in the past 0.000, valid nll 0.223
  [diag] log10|dL/dh_t| hist bins=60 range=(-5.33,-3.57) mean=-4.55 p50=-4.61 p05=-5.17 p95=-4.11
  [diag] sat-dist hist bins=60 sat<0.05=0.0% mean=0.623 p10=0.533 p90=0.689
Iter 0040100: train nll 0.275, valid error 100.000%, best valid error 100.000%, avg grad norm  41.076, avg grad norm (post clip)   0.053, rho_Whh  1.13, Omega  0.00, alpha  0.000, steps in the past 0.000, valid nll 0.222
  [diag] log10|dL/dh_t| hist bins=60 range=(-5.33,-3.57) mean=-4.53 p50=-4.55 p05=-5.17 p95=-4.10
  [diag] sat-dist hist bins=60 sat<0.05=0.0% mean=0.626 p10=0.534 p90=0.690
Iter 0040120: train nll 0.285, valid error 100.000%, best valid error 100.000%, avg grad norm  41.629, avg grad norm (post clip)   0.053, rho_Whh  1.13, Omega  0.00, alpha  0.000, steps in the past 0.000, valid nll 0.225
  [diag] log10|dL/dh_t| hist bins=60 range=(-5.33,-3.50) mean=-4.82 p50=-4.88 p05=-5.18 p95=-4.23
  [diag] sat-dist hist bins=60 sat<0.05=0.0% mean=0.579 p10=0.529 p90=0.630
Iter 0040140: train nll 0.300, valid error 100.000%, best valid error 100.000%, avg grad norm  51.909, avg grad norm (post clip)   0.053, rho_Whh  1.13, Omega  0.00, alpha  0.000, steps in the past 0.000, valid nll 0.227
  [diag] log10|dL/dh_t| hist bins=60 range=(-5.33,-3.57) mean=-4.52 p50=-4.51 p05=-5.16 p95=-4.10
  [diag] sat-dist hist bins=60 sat<0.05=0.0% mean=0.628 p10=0.535 p90=0.690
Iter 0040160: train nll 0.297, valid error 100.000%, best valid error 100.000%, avg grad norm  49.200, avg grad norm (post clip)   0.053, rho_Whh  1.13, Omega  0.00, alpha  0.000, steps in the past 0.000, valid nll 0.227
  [diag] log10|dL/dh_t| hist bins=60 range=(-5.33,-3.57) mean=-4.52 p50=-4.51 p05=-5.16 p95=-4.10
  [diag] sat-dist hist bins=60 sat<0.05=0.0% mean=0.628 p10=0.535 p90=0.690
Iter 0040180: train nll 0.298, valid error 100.000%, best valid error 100.000%, avg grad norm  47.308, avg grad norm (post clip)   0.053, rho_Whh  1.13, Omega  0.00, alpha  0.000, steps in the past 0.000, valid nll 0.227
  [diag] log10|dL/dh_t| hist bins=60 range=(-5.33,-3.57) mean=-4.52 p50=-4.51 p05=-5.16 p95=-4.10
  [diag] sat-dist hist bins=60 sat<0.05=0.0% mean=0.628 p10=0.535 p90=0.690
Iter 0040200: train nll 0.265, valid error 100.000%, best valid error 100.000%, avg grad norm  55.165, avg grad norm (post clip)   0.053, rho_Whh  1.13, Omega  0.00, alpha  0.000, steps in the past 0.000, valid nll 0.227
  [diag] log10|dL/dh_t| hist bins=60 range=(-5.33,-3.53) mean=-4.80 p50=-4.87 p05=-5.18 p95=-4.23
  [diag] sat-dist hist bins=60 sat<0.05=0.0% mean=0.584 p10=0.529 p90=0.642
Iter 0040220: train nll 0.269, valid error 100.000%, best valid error 100.000%, avg grad norm  53.339, avg grad norm (post clip)   0.053, rho_Whh  1.13, Omega  0.00, alpha  0.000, steps in the past 0.000, valid nll 0.222
  [diag] log10|dL/dh_t| hist bins=60 range=(-5.33,-3.57) mean=-4.40 p50=-4.11 p05=-5.15 p95=-4.07
  [diag] sat-dist hist bins=60 sat<0.05=0.0% mean=0.645 p10=0.540 p90=0.693
Iter 0040240: train nll 0.278, valid error 100.000%, best valid error 100.000%, avg grad norm  49.868, avg grad norm (post clip)   0.053, rho_Whh  1.13, Omega  0.00, alpha  0.000, steps in the past 0.000, valid nll 0.258
  [diag] log10|dL/dh_t| hist bins=60 range=(-5.33,-3.57) mean=-4.47 p50=-4.31 p05=-5.16 p95=-4.09
  [diag] sat-dist hist bins=60 sat<0.05=0.0% mean=0.636 p10=0.536 p90=0.691
Iter 0040260: train nll 0.284, valid error 100.000%, best valid error 100.000%, avg grad norm  50.001, avg grad norm (post clip)   0.053, rho_Whh  1.13, Omega  0.00, alpha  0.000, steps in the past 0.000, valid nll 0.238
  [diag] log10|dL/dh_t| hist bins=60 range=(-5.33,-3.57) mean=-4.47 p50=-4.32 p05=-5.16 p95=-4.09
  [diag] sat-dist hist bins=60 sat<0.05=0.0% mean=0.635 p10=0.536 p90=0.691
Iter 0040280: train nll 0.259, valid error 100.000%, best valid error 100.000%, avg grad norm  50.720, avg grad norm (post clip)   0.053, rho_Whh  1.13, Omega  0.00, alpha  0.000, steps in the past 0.000, valid nll 0.238
  [diag] log10|dL/dh_t| hist bins=60 range=(-5.33,-3.57) mean=-4.47 p50=-4.32 p05=-5.16 p95=-4.09
  [diag] sat-dist hist bins=60 sat<0.05=0.0% mean=0.635 p10=0.537 p90=0.691
Iter 0040300: train nll 0.302, valid error 100.000%, best valid error 100.000%, avg grad norm  50.926, avg grad norm (post clip)   0.053, rho_Whh  1.13, Omega  0.00, alpha  0.000, steps in the past 0.000, valid nll 0.237
  [diag] log10|dL/dh_t| hist bins=60 range=(-5.33,-3.57) mean=-4.47 p50=-4.31 p05=-5.16 p95=-4.09
  [diag] sat-dist hist bins=60 sat<0.05=0.0% mean=0.636 p10=0.537 p90=0.691
Iter 0040320: train nll 0.302, valid error 100.000%, best valid error 100.000%, avg grad norm  45.374, avg grad norm (post clip)   0.053, rho_Whh  1.13, Omega  0.00, alpha  0.000, steps in the past 0.000, valid nll 0.238
  [diag] log10|dL/dh_t| hist bins=60 range=(-5.33,-3.57) mean=-4.37 p50=-4.10 p05=-5.14 p95=-4.06
  [diag] sat-dist hist bins=60 sat<0.05=0.0% mean=0.650 p10=0.543 p90=0.694
Iter 0040340: train nll 0.277, valid error 100.000%, best valid error 100.000%, avg grad norm  42.776, avg grad norm (post clip)   0.053, rho_Whh  1.13, Omega  0.00, alpha  0.000, steps in the past 0.000, valid nll 0.269
  [diag] log10|dL/dh_t| hist bins=60 range=(-5.33,-3.57) mean=-4.56 p50=-4.63 p05=-5.17 p95=-4.11
  [diag] sat-dist hist bins=60 sat<0.05=0.0% mean=0.622 p10=0.533 p90=0.689
Iter 0040360: train nll 0.275, valid error 100.000%, best valid error 100.000%, avg grad norm  42.204, avg grad norm (post clip)   0.053, rho_Whh  1.13, Omega  0.00, alpha  0.000, steps in the past 0.000, valid nll 0.221
  [diag] log10|dL/dh_t| hist bins=60 range=(-5.33,-3.57) mean=-4.56 p50=-4.63 p05=-5.17 p95=-4.11
  [diag] sat-dist hist bins=60 sat<0.05=0.0% mean=0.622 p10=0.533 p90=0.689
Iter 0040380: train nll 0.310, valid error 100.000%, best valid error 100.000%, avg grad norm  49.459, avg grad norm (post clip)   0.053, rho_Whh  1.13, Omega  0.00, alpha  0.000, steps in the past 0.000, valid nll 0.221
  [diag] log10|dL/dh_t| hist bins=60 range=(-5.33,-3.57) mean=-4.56 p50=-4.62 p05=-5.17 p95=-4.11
  [diag] sat-dist hist bins=60 sat<0.05=0.0% mean=0.622 p10=0.534 p90=0.689
Iter 0040400: train nll 0.287, valid error 100.000%, best valid error 100.000%, avg grad norm  44.441, avg grad norm (post clip)   0.053, rho_Whh  1.13, Omega  0.00, alpha  0.000, steps in the past 0.000, valid nll 0.221
  [diag] log10|dL/dh_t| hist bins=60 range=(-5.33,-3.57) mean=-4.42 p50=-4.15 p05=-5.15 p95=-4.08
  [diag] sat-dist hist bins=60 sat<0.05=0.0% mean=0.643 p10=0.540 p90=0.692
Iter 0040420: train nll 0.314, valid error 100.000%, best valid error 100.000%, avg grad norm  45.794, avg grad norm (post clip)   0.053, rho_Whh  1.13, Omega  0.00, alpha  0.000, steps in the past 0.000, valid nll 0.251
  [diag] log10|dL/dh_t| hist bins=60 range=(-5.33,-3.57) mean=-4.56 p50=-4.62 p05=-5.17 p95=-4.12
  [diag] sat-dist hist bins=60 sat<0.05=0.0% mean=0.622 p10=0.534 p90=0.688
Iter 0040440: train nll 0.270, valid error 100.000%, best valid error 100.000%, avg grad norm  42.668, avg grad norm (post clip)   0.053, rho_Whh  1.13, Omega  0.00, alpha  0.000, steps in the past 0.000, valid nll 0.221
  [diag] log10|dL/dh_t| hist bins=60 range=(-5.33,-3.57) mean=-4.42 p50=-4.15 p05=-5.15 p95=-4.09
  [diag] sat-dist hist bins=60 sat<0.05=0.0% mean=0.643 p10=0.540 p90=0.692
Iter 0040460: train nll 0.309, valid error 100.000%, best valid error 100.000%, avg grad norm  49.205, avg grad norm (post clip)   0.053, rho_Whh  1.13, Omega  0.00, alpha  0.000, steps in the past 0.000, valid nll 0.251
  [diag] log10|dL/dh_t| hist bins=60 range=(-5.33,-3.57) mean=-4.51 p50=-4.48 p05=-5.16 p95=-4.10
  [diag] sat-dist hist bins=60 sat<0.05=0.0% mean=0.630 p10=0.535 p90=0.690
Iter 0040480: train nll 0.252, valid error 100.000%, best valid error 100.000%, avg grad norm  43.395, avg grad norm (post clip)   0.053, rho_Whh  1.13, Omega  0.00, alpha  0.000, steps in the past 0.000, valid nll 0.229
  [diag] log10|dL/dh_t| hist bins=60 range=(-5.33,-3.57) mean=-4.51 p50=-4.48 p05=-5.16 p95=-4.10
  [diag] sat-dist hist bins=60 sat<0.05=0.0% mean=0.630 p10=0.535 p90=0.690
Iter 0040500: train nll 0.278, valid error 100.000%, best valid error 100.000%, avg grad norm  48.339, avg grad norm (post clip)   0.053, rho_Whh  1.13, Omega  0.00, alpha  0.000, steps in the past 0.000, valid nll 0.229
  [diag] log10|dL/dh_t| hist bins=60 range=(-5.33,-3.57) mean=-4.39 p50=-4.10 p05=-5.15 p95=-4.07
  [diag] sat-dist hist bins=60 sat<0.05=0.0% mean=0.647 p10=0.541 p90=0.694
Iter 0040520: train nll 0.273, valid error 100.000%, best valid error 100.000%, avg grad norm  46.440, avg grad norm (post clip)   0.053, rho_Whh  1.13, Omega  0.00, alpha  0.000, steps in the past 0.000, valid nll 0.262
  [diag] log10|dL/dh_t| hist bins=60 range=(-5.33,-3.57) mean=-4.39 p50=-4.10 p05=-5.15 p95=-4.07
  [diag] sat-dist hist bins=60 sat<0.05=0.0% mean=0.647 p10=0.541 p90=0.694
Iter 0040540: train nll 0.317, valid error 100.000%, best valid error 100.000%, avg grad norm  33.929, avg grad norm (post clip)   0.053, rho_Whh  1.13, Omega  0.00, alpha  0.000, steps in the past 0.000, valid nll 0.262
  [diag] log10|dL/dh_t| hist bins=60 range=(-5.33,-3.57) mean=-4.39 p50=-4.11 p05=-5.15 p95=-4.07
  [diag] sat-dist hist bins=60 sat<0.05=0.0% mean=0.647 p10=0.541 p90=0.694
Iter 0040560: train nll 0.282, valid error 100.000%, best valid error 100.000%, avg grad norm  41.493, avg grad norm (post clip)   0.053, rho_Whh  1.13, Omega  0.00, alpha  0.000, steps in the past 0.000, valid nll 0.262
  [diag] log10|dL/dh_t| hist bins=60 range=(-5.33,-3.57) mean=-4.32 p50=-4.08 p05=-5.13 p95=-4.04
  [diag] sat-dist hist bins=60 sat<0.05=0.0% mean=0.658 p10=0.546 p90=0.697
Iter 0040580: train nll 0.284, valid error 100.000%, best valid error 100.000%, avg grad norm  43.041, avg grad norm (post clip)   0.053, rho_Whh  1.13, Omega  0.00, alpha  0.000, steps in the past 0.000, valid nll 0.289
  [diag] log10|dL/dh_t| hist bins=60 range=(-5.33,-3.57) mean=-4.50 p50=-4.46 p05=-5.16 p95=-4.10
  [diag] sat-dist hist bins=60 sat<0.05=0.0% mean=0.630 p10=0.535 p90=0.690
Iter 0040600: train nll 0.293, valid error 100.000%, best valid error 100.000%, avg grad norm  42.904, avg grad norm (post clip)   0.053, rho_Whh  1.13, Omega  0.00, alpha  0.000, steps in the past 0.000, valid nll 0.229
  [diag] log10|dL/dh_t| hist bins=60 range=(-5.33,-3.57) mean=-4.50 p50=-4.46 p05=-5.16 p95=-4.10
  [diag] sat-dist hist bins=60 sat<0.05=0.0% mean=0.630 p10=0.535 p90=0.690
Iter 0040620: train nll 0.288, valid error 100.000%, best valid error 100.000%, avg grad norm  46.297, avg grad norm (post clip)   0.053, rho_Whh  1.13, Omega  0.00, alpha  0.000, steps in the past 0.000, valid nll 0.230
  [diag] log10|dL/dh_t| hist bins=60 range=(-5.33,-3.57) mean=-4.50 p50=-4.46 p05=-5.16 p95=-4.10
  [diag] sat-dist hist bins=60 sat<0.05=0.0% mean=0.631 p10=0.535 p90=0.690
Iter 0040640: train nll 0.275, valid error 100.000%, best valid error 100.000%, avg grad norm  38.545, avg grad norm (post clip)   0.053, rho_Whh  1.13, Omega  0.00, alpha  0.000, steps in the past 0.000, valid nll 0.230
  [diag] log10|dL/dh_t| hist bins=60 range=(-5.33,-3.57) mean=-4.50 p50=-4.46 p05=-5.16 p95=-4.10
  [diag] sat-dist hist bins=60 sat<0.05=0.0% mean=0.631 p10=0.535 p90=0.690
Iter 0040660: train nll 0.299, valid error 100.000%, best valid error 100.000%, avg grad norm  40.241, avg grad norm (post clip)   0.053, rho_Whh  1.13, Omega  0.00, alpha  0.000, steps in the past 0.000, valid nll 0.230
  [diag] log10|dL/dh_t| hist bins=60 range=(-5.33,-3.57) mean=-4.50 p50=-4.45 p05=-5.16 p95=-4.11
  [diag] sat-dist hist bins=60 sat<0.05=0.0% mean=0.631 p10=0.536 p90=0.690
Iter 0040680: train nll 0.311, valid error 100.000%, best valid error 100.000%, avg grad norm  46.579, avg grad norm (post clip)   0.053, rho_Whh  1.13, Omega  0.00, alpha  0.000, steps in the past 0.000, valid nll 0.230
  [diag] log10|dL/dh_t| hist bins=60 range=(-5.33,-3.57) mean=-4.50 p50=-4.45 p05=-5.16 p95=-4.11
  [diag] sat-dist hist bins=60 sat<0.05=0.0% mean=0.631 p10=0.536 p90=0.690
Iter 0040700: train nll 0.268, valid error 100.000%, best valid error 100.000%, avg grad norm  47.317, avg grad norm (post clip)   0.053, rho_Whh  1.13, Omega  0.00, alpha  0.000, steps in the past 0.000, valid nll 0.230
  [diag] log10|dL/dh_t| hist bins=60 range=(-5.33,-3.57) mean=-4.50 p50=-4.44 p05=-5.16 p95=-4.11
  [diag] sat-dist hist bins=60 sat<0.05=0.0% mean=0.631 p10=0.536 p90=0.690
Iter 0040720: train nll 0.277, valid error 100.000%, best valid error 100.000%, avg grad norm  42.318, avg grad norm (post clip)   0.053, rho_Whh  1.13, Omega  0.00, alpha  0.000, steps in the past 0.000, valid nll 0.230
  [diag] log10|dL/dh_t| hist bins=60 range=(-5.33,-3.57) mean=-4.75 p50=-4.84 p05=-5.18 p95=-4.19
  [diag] sat-dist hist bins=60 sat<0.05=0.0% mean=0.593 p10=0.530 p90=0.667
Iter 0040740: train nll 0.277, valid error 100.000%, best valid error 100.000%, avg grad norm  47.480, avg grad norm (post clip)   0.053, rho_Whh  1.13, Omega  0.00, alpha  0.000, steps in the past 0.000, valid nll 0.216
  [diag] log10|dL/dh_t| hist bins=60 range=(-5.33,-3.57) mean=-4.50 p50=-4.45 p05=-5.16 p95=-4.11
  [diag] sat-dist hist bins=60 sat<0.05=0.0% mean=0.631 p10=0.536 p90=0.689
Iter 0040760: train nll 0.316, valid error 100.000%, best valid error 100.000%, avg grad norm  41.885, avg grad norm (post clip)   0.053, rho_Whh  1.13, Omega  0.00, alpha  0.000, steps in the past 0.000, valid nll 0.229
  [diag] log10|dL/dh_t| hist bins=60 range=(-5.33,-3.57) mean=-4.40 p50=-4.12 p05=-5.15 p95=-4.08
  [diag] sat-dist hist bins=60 sat<0.05=0.0% mean=0.647 p10=0.542 p90=0.693
Iter 0040780: train nll 0.305, valid error 100.000%, best valid error 100.000%, avg grad norm  36.941, avg grad norm (post clip)   0.053, rho_Whh  1.13, Omega  0.00, alpha  0.000, steps in the past 0.000, valid nll 0.259
  [diag] log10|dL/dh_t| hist bins=60 range=(-5.33,-3.57) mean=-4.55 p50=-4.60 p05=-5.17 p95=-4.11
  [diag] sat-dist hist bins=60 sat<0.05=0.0% mean=0.624 p10=0.534 p90=0.689
Iter 0040800: train nll 0.291, valid error 100.000%, best valid error 100.000%, avg grad norm  34.483, avg grad norm (post clip)   0.053, rho_Whh  1.13, Omega  0.00, alpha  0.000, steps in the past 0.000, valid nll 0.222
  [diag] log10|dL/dh_t| hist bins=60 range=(-5.33,-3.57) mean=-4.42 p50=-4.13 p05=-5.15 p95=-4.08
  [diag] sat-dist hist bins=60 sat<0.05=0.0% mean=0.644 p10=0.540 p90=0.693
Iter 0040820: train nll 0.299, valid error 100.000%, best valid error 100.000%, avg grad norm  51.909, avg grad norm (post clip)   0.053, rho_Whh  1.13, Omega  0.00, alpha  0.000, steps in the past 0.000, valid nll 0.252
  [diag] log10|dL/dh_t| hist bins=60 range=(-5.33,-3.57) mean=-4.54 p50=-4.57 p05=-5.17 p95=-4.11
  [diag] sat-dist hist bins=60 sat<0.05=0.0% mean=0.626 p10=0.534 p90=0.689
Iter 0040840: train nll 0.261, valid error 100.000%, best valid error 100.000%, avg grad norm  48.947, avg grad norm (post clip)   0.053, rho_Whh  1.13, Omega  0.00, alpha  0.000, steps in the past 0.000, valid nll 0.223
  [diag] log10|dL/dh_t| hist bins=60 range=(-5.33,-3.57) mean=-4.54 p50=-4.58 p05=-5.17 p95=-4.11
  [diag] sat-dist hist bins=60 sat<0.05=0.0% mean=0.625 p10=0.534 p90=0.689
Iter 0040860: train nll 0.280, valid error 100.000%, best valid error 100.000%, avg grad norm  43.503, avg grad norm (post clip)   0.053, rho_Whh  1.13, Omega  0.00, alpha  0.000, steps in the past 0.000, valid nll 0.223
  [diag] log10|dL/dh_t| hist bins=60 range=(-5.33,-3.57) mean=-4.42 p50=-4.14 p05=-5.15 p95=-4.08
  [diag] sat-dist hist bins=60 sat<0.05=0.0% mean=0.643 p10=0.539 p90=0.693
Iter 0040880: train nll 0.292, valid error 100.000%, best valid error 100.000%, avg grad norm  42.614, avg grad norm (post clip)   0.053, rho_Whh  1.13, Omega  0.00, alpha  0.000, steps in the past 0.000, valid nll 0.251
  [diag] log10|dL/dh_t| hist bins=60 range=(-5.34,-3.46) mean=-4.86 p50=-4.91 p05=-5.18 p95=-4.23
  [diag] sat-dist hist bins=60 sat<0.05=0.0% mean=0.570 p10=0.528 p90=0.601
Iter 0040900: train nll 0.255, valid error 100.000%, best valid error 100.000%, avg grad norm  54.446, avg grad norm (post clip)   0.053, rho_Whh  1.13, Omega  0.00, alpha  0.000, steps in the past 0.000, valid nll 0.237
  [diag] log10|dL/dh_t| hist bins=60 range=(-5.33,-3.57) mean=-4.34 p50=-4.09 p05=-5.14 p95=-4.05
  [diag] sat-dist hist bins=60 sat<0.05=0.0% mean=0.655 p10=0.546 p90=0.695
Iter 0040920: train nll 0.320, valid error 100.000%, best valid error 100.000%, avg grad norm  50.968, avg grad norm (post clip)   0.053, rho_Whh  1.13, Omega  0.00, alpha  0.000, steps in the past 0.000, valid nll 0.280
  [diag] log10|dL/dh_t| hist bins=60 range=(-5.33,-3.57) mean=-4.55 p50=-4.61 p05=-5.17 p95=-4.12
  [diag] sat-dist hist bins=60 sat<0.05=0.0% mean=0.623 p10=0.534 p90=0.688
Iter 0040940: train nll 0.272, valid error 100.000%, best valid error 100.000%, avg grad norm  36.389, avg grad norm (post clip)   0.053, rho_Whh  1.13, Omega  0.00, alpha  0.000, steps in the past 0.000, valid nll 0.221
  [diag] log10|dL/dh_t| hist bins=60 range=(-5.33,-3.57) mean=-4.57 p50=-4.65 p05=-5.17 p95=-4.12
  [diag] sat-dist hist bins=60 sat<0.05=0.0% mean=0.620 p10=0.533 p90=0.688
Iter 0040960: train nll 0.283, valid error 100.000%, best valid error 100.000%, avg grad norm  42.631, avg grad norm (post clip)   0.053, rho_Whh  1.13, Omega  0.00, alpha  0.000, steps in the past 0.000, valid nll 0.219
  [diag] log10|dL/dh_t| hist bins=60 range=(-5.33,-3.57) mean=-4.35 p50=-4.10 p05=-5.14 p95=-4.06
  [diag] sat-dist hist bins=60 sat<0.05=0.0% mean=0.654 p10=0.546 p90=0.695
Iter 0040980: train nll 0.299, valid error 100.000%, best valid error 100.000%, avg grad norm  41.744, avg grad norm (post clip)   0.053, rho_Whh  1.13, Omega  0.00, alpha  0.000, steps in the past 0.000, valid nll 0.277
  [diag] log10|dL/dh_t| hist bins=60 range=(-5.34,-3.57) mean=-4.57 p50=-4.65 p05=-5.17 p95=-4.12
  [diag] sat-dist hist bins=60 sat<0.05=0.0% mean=0.621 p10=0.534 p90=0.688
Iter 0041000: train nll 0.290, valid error 100.000%, best valid error 100.000%, avg grad norm  34.312, avg grad norm (post clip)   0.053, rho_Whh  1.13, Omega  0.00, alpha  0.000, steps in the past 0.000, valid nll 0.219
  [diag] log10|dL/dh_t| hist bins=60 range=(-5.33,-3.57) mean=-4.57 p50=-4.65 p05=-5.17 p95=-4.13
  [diag] sat-dist hist bins=60 sat<0.05=0.0% mean=0.621 p10=0.534 p90=0.688
Iter 0041020: train nll 0.297, valid error 100.000%, best valid error 100.000%, avg grad norm  48.922, avg grad norm (post clip)   0.053, rho_Whh  1.13, Omega  0.00, alpha  0.000, steps in the past 0.000, valid nll 0.219
  [diag] log10|dL/dh_t| hist bins=60 range=(-5.33,-3.57) mean=-4.43 p50=-4.17 p05=-5.15 p95=-4.09
  [diag] sat-dist hist bins=60 sat<0.05=0.0% mean=0.642 p10=0.540 p90=0.692
Iter 0041040: train nll 0.282, valid error 100.000%, best valid error 100.000%, avg grad norm  49.544, avg grad norm (post clip)   0.053, rho_Whh  1.13, Omega  0.00, alpha  0.000, steps in the past 0.000, valid nll 0.248
  [diag] log10|dL/dh_t| hist bins=60 range=(-5.33,-3.57) mean=-4.44 p50=-4.19 p05=-5.15 p95=-4.09
  [diag] sat-dist hist bins=60 sat<0.05=0.0% mean=0.641 p10=0.539 p90=0.692
Iter 0041060: train nll 0.270, valid error 100.000%, best valid error 100.000%, avg grad norm  42.816, avg grad norm (post clip)   0.053, rho_Whh  1.13, Omega  0.00, alpha  0.000, steps in the past 0.000, valid nll 0.246
  [diag] log10|dL/dh_t| hist bins=60 range=(-5.33,-3.57) mean=-4.43 p50=-4.19 p05=-5.16 p95=-4.09
  [diag] sat-dist hist bins=60 sat<0.05=0.0% mean=0.641 p10=0.539 p90=0.692
Iter 0041080: train nll 0.247, valid error 100.000%, best valid error 100.000%, avg grad norm  48.339, avg grad norm (post clip)   0.053, rho_Whh  1.13, Omega  0.00, alpha  0.000, steps in the past 0.000, valid nll 0.246
  [diag] log10|dL/dh_t| hist bins=60 range=(-5.34,-3.57) mean=-4.58 p50=-4.67 p05=-5.17 p95=-4.13
  [diag] sat-dist hist bins=60 sat<0.05=0.0% mean=0.619 p10=0.533 p90=0.688
Iter 0041100: train nll 0.300, valid error 100.000%, best valid error 100.000%, avg grad norm  43.882, avg grad norm (post clip)   0.053, rho_Whh  1.13, Omega  0.00, alpha  0.000, steps in the past 0.000, valid nll 0.217
  [diag] log10|dL/dh_t| hist bins=60 range=(-5.34,-3.57) mean=-4.58 p50=-4.67 p05=-5.17 p95=-4.13
  [diag] sat-dist hist bins=60 sat<0.05=0.0% mean=0.619 p10=0.533 p90=0.688
Iter 0041120: train nll 0.289, valid error 100.000%, best valid error 100.000%, avg grad norm  37.730, avg grad norm (post clip)   0.053, rho_Whh  1.13, Omega  0.00, alpha  0.000, steps in the past 0.000, valid nll 0.218
  [diag] log10|dL/dh_t| hist bins=60 range=(-5.34,-3.57) mean=-4.51 p50=-4.47 p05=-5.17 p95=-4.11
  [diag] sat-dist hist bins=60 sat<0.05=0.0% mean=0.630 p10=0.535 p90=0.690
Iter 0041140: train nll 0.273, valid error 100.000%, best valid error 100.000%, avg grad norm  43.430, avg grad norm (post clip)   0.053, rho_Whh  1.13, Omega  0.00, alpha  0.000, steps in the past 0.000, valid nll 0.228
  [diag] log10|dL/dh_t| hist bins=60 range=(-5.34,-3.57) mean=-4.51 p50=-4.47 p05=-5.16 p95=-4.11
  [diag] sat-dist hist bins=60 sat<0.05=0.0% mean=0.630 p10=0.535 p90=0.690
Iter 0041160: train nll 0.260, valid error 100.000%, best valid error 100.000%, avg grad norm  50.368, avg grad norm (post clip)   0.053, rho_Whh  1.13, Omega  0.00, alpha  0.000, steps in the past 0.000, valid nll 0.228
  [diag] log10|dL/dh_t| hist bins=60 range=(-5.34,-3.56) mean=-4.76 p50=-4.85 p05=-5.18 p95=-4.22
  [diag] sat-dist hist bins=60 sat<0.05=0.0% mean=0.590 p10=0.530 p90=0.660
Iter 0041180: train nll 0.257, valid error 100.000%, best valid error 100.000%, avg grad norm  45.503, avg grad norm (post clip)   0.053, rho_Whh  1.13, Omega  0.00, alpha  0.000, steps in the past 0.000, valid nll 0.217
  [diag] log10|dL/dh_t| hist bins=60 range=(-5.33,-3.57) mean=-4.51 p50=-4.46 p05=-5.16 p95=-4.11
  [diag] sat-dist hist bins=60 sat<0.05=0.0% mean=0.631 p10=0.536 p90=0.690
Iter 0041200: train nll 0.266, valid error 100.000%, best valid error 100.000%, avg grad norm  49.817, avg grad norm (post clip)   0.053, rho_Whh  1.13, Omega  0.00, alpha  0.000, steps in the past 0.000, valid nll 0.229
  [diag] log10|dL/dh_t| hist bins=60 range=(-5.33,-3.57) mean=-4.51 p50=-4.45 p05=-5.16 p95=-4.11
  [diag] sat-dist hist bins=60 sat<0.05=0.0% mean=0.631 p10=0.536 p90=0.689
Iter 0041220: train nll 0.286, valid error 100.000%, best valid error 100.000%, avg grad norm  46.131, avg grad norm (post clip)   0.053, rho_Whh  1.13, Omega  0.00, alpha  0.000, steps in the past 0.000, valid nll 0.229
  [diag] log10|dL/dh_t| hist bins=60 range=(-5.33,-3.57) mean=-4.40 p50=-4.12 p05=-5.15 p95=-4.08
  [diag] sat-dist hist bins=60 sat<0.05=0.0% mean=0.647 p10=0.542 p90=0.693
Iter 0041240: train nll 0.279, valid error 100.000%, best valid error 100.000%, avg grad norm  40.090, avg grad norm (post clip)   0.053, rho_Whh  1.13, Omega  0.00, alpha  0.000, steps in the past 0.000, valid nll 0.260
  [diag] log10|dL/dh_t| hist bins=60 range=(-5.33,-3.57) mean=-4.51 p50=-4.45 p05=-5.16 p95=-4.12
  [diag] sat-dist hist bins=60 sat<0.05=0.0% mean=0.631 p10=0.536 p90=0.689
Iter 0041260: train nll 0.293, valid error 100.000%, best valid error 100.000%, avg grad norm  45.589, avg grad norm (post clip)   0.053, rho_Whh  1.13, Omega  0.00, alpha  0.000, steps in the past 0.000, valid nll 0.229
  [diag] log10|dL/dh_t| hist bins=60 range=(-5.34,-3.57) mean=-4.51 p50=-4.47 p05=-5.16 p95=-4.12
  [diag] sat-dist hist bins=60 sat<0.05=0.0% mean=0.630 p10=0.536 p90=0.689
Iter 0041280: train nll 0.284, valid error 100.000%, best valid error 100.000%, avg grad norm  38.798, avg grad norm (post clip)   0.053, rho_Whh  1.13, Omega  0.00, alpha  0.000, steps in the past 0.000, valid nll 0.228
  [diag] log10|dL/dh_t| hist bins=60 range=(-5.34,-3.56) mean=-4.76 p50=-4.85 p05=-5.18 p95=-4.22
  [diag] sat-dist hist bins=60 sat<0.05=0.0% mean=0.591 p10=0.530 p90=0.661
Iter 0041300: train nll 0.250, valid error 100.000%, best valid error 100.000%, avg grad norm  44.258, avg grad norm (post clip)   0.053, rho_Whh  1.13, Omega  0.00, alpha  0.000, steps in the past 0.000, valid nll 0.217
  [diag] log10|dL/dh_t| hist bins=60 range=(-5.34,-3.57) mean=-4.50 p50=-4.42 p05=-5.16 p95=-4.11
  [diag] sat-dist hist bins=60 sat<0.05=0.0% mean=0.632 p10=0.536 p90=0.690
Iter 0041320: train nll 0.324, valid error 100.000%, best valid error 100.000%, avg grad norm  42.815, avg grad norm (post clip)   0.053, rho_Whh  1.13, Omega  0.00, alpha  0.000, steps in the past 0.000, valid nll 0.231
  [diag] log10|dL/dh_t| hist bins=60 range=(-5.34,-3.57) mean=-4.49 p50=-4.41 p05=-5.16 p95=-4.10
  [diag] sat-dist hist bins=60 sat<0.05=0.0% mean=0.632 p10=0.536 p90=0.691
Iter 0041340: train nll 0.250, valid error 100.000%, best valid error 100.000%, avg grad norm  43.257, avg grad norm (post clip)   0.053, rho_Whh  1.13, Omega  0.00, alpha  0.000, steps in the past 0.000, valid nll 0.231
  [diag] log10|dL/dh_t| hist bins=60 range=(-5.34,-3.58) mean=-4.73 p50=-4.83 p05=-5.18 p95=-4.15
  [diag] sat-dist hist bins=60 sat<0.05=0.0% mean=0.596 p10=0.530 p90=0.676
Iter 0041360: train nll 0.275, valid error 100.000%, best valid error 100.000%, avg grad norm  51.028, avg grad norm (post clip)   0.053, rho_Whh  1.13, Omega  0.00, alpha  0.000, steps in the past 0.000, valid nll 0.214
  [diag] log10|dL/dh_t| hist bins=60 range=(-5.34,-3.57) mean=-4.49 p50=-4.41 p05=-5.16 p95=-4.11
  [diag] sat-dist hist bins=60 sat<0.05=0.0% mean=0.633 p10=0.536 p90=0.690
Iter 0041380: train nll 0.267, valid error 100.000%, best valid error 100.000%, avg grad norm  47.607, avg grad norm (post clip)   0.053, rho_Whh  1.13, Omega  0.00, alpha  0.000, steps in the past 0.000, valid nll 0.231
  [diag] log10|dL/dh_t| hist bins=60 range=(-5.33,-3.57) mean=-4.40 p50=-4.11 p05=-5.15 p95=-4.08
  [diag] sat-dist hist bins=60 sat<0.05=0.0% mean=0.647 p10=0.541 p90=0.694
Iter 0041400: train nll 0.259, valid error 100.000%, best valid error 100.000%, avg grad norm  47.457, avg grad norm (post clip)   0.053, rho_Whh  1.13, Omega  0.00, alpha  0.000, steps in the past 0.000, valid nll 0.258
  [diag] log10|dL/dh_t| hist bins=60 range=(-5.34,-3.53) mean=-4.79 p50=-4.86 p05=-5.18 p95=-4.23
  [diag] sat-dist hist bins=60 sat<0.05=0.0% mean=0.586 p10=0.529 p90=0.647
Iter 0041420: train nll 0.260, valid error 100.000%, best valid error 100.000%, avg grad norm  45.531, avg grad norm (post clip)   0.053, rho_Whh  1.13, Omega  0.00, alpha  0.000, steps in the past 0.000, valid nll 0.220
  [diag] log10|dL/dh_t| hist bins=60 range=(-5.34,-3.57) mean=-4.52 p50=-4.51 p05=-5.17 p95=-4.11
  [diag] sat-dist hist bins=60 sat<0.05=0.0% mean=0.629 p10=0.535 p90=0.690
Iter 0041440: train nll 0.260, valid error 100.000%, best valid error 100.000%, avg grad norm  51.956, avg grad norm (post clip)   0.053, rho_Whh  1.13, Omega  0.00, alpha  0.000, steps in the past 0.000, valid nll 0.226
  [diag] log10|dL/dh_t| hist bins=60 range=(-5.34,-3.57) mean=-4.52 p50=-4.51 p05=-5.17 p95=-4.11
  [diag] sat-dist hist bins=60 sat<0.05=0.0% mean=0.629 p10=0.535 p90=0.690
Iter 0041460: train nll 0.288, valid error 100.000%, best valid error 100.000%, avg grad norm  48.602, avg grad norm (post clip)   0.053, rho_Whh  1.13, Omega  0.00, alpha  0.000, steps in the past 0.000, valid nll 0.226
  [diag] log10|dL/dh_t| hist bins=60 range=(-5.34,-3.57) mean=-4.49 p50=-4.39 p05=-5.17 p95=-4.10
  [diag] sat-dist hist bins=60 sat<0.05=0.0% mean=0.633 p10=0.536 p90=0.691
Iter 0041480: train nll 0.256, valid error 100.000%, best valid error 100.000%, avg grad norm  44.483, avg grad norm (post clip)   0.053, rho_Whh  1.13, Omega  0.00, alpha  0.000, steps in the past 0.000, valid nll 0.232
  [diag] log10|dL/dh_t| hist bins=60 range=(-5.34,-3.57) mean=-4.49 p50=-4.39 p05=-5.16 p95=-4.10
  [diag] sat-dist hist bins=60 sat<0.05=0.0% mean=0.634 p10=0.536 p90=0.691
Iter 0041500: train nll 0.295, valid error 100.000%, best valid error 100.000%, avg grad norm  44.894, avg grad norm (post clip)   0.053, rho_Whh  1.13, Omega  0.00, alpha  0.000, steps in the past 0.000, valid nll 0.232
  [diag] log10|dL/dh_t| hist bins=60 range=(-5.34,-3.57) mean=-4.49 p50=-4.38 p05=-5.16 p95=-4.10
  [diag] sat-dist hist bins=60 sat<0.05=0.0% mean=0.634 p10=0.536 p90=0.691
Iter 0041520: train nll 0.285, valid error 100.000%, best valid error 100.000%, avg grad norm  46.646, avg grad norm (post clip)   0.053, rho_Whh  1.13, Omega  0.00, alpha  0.000, steps in the past 0.000, valid nll 0.232
  [diag] log10|dL/dh_t| hist bins=60 range=(-5.34,-3.57) mean=-4.71 p50=-4.82 p05=-5.18 p95=-4.14
  [diag] sat-dist hist bins=60 sat<0.05=0.0% mean=0.600 p10=0.531 p90=0.682
Iter 0041540: train nll 0.287, valid error 100.000%, best valid error 100.000%, avg grad norm  45.469, avg grad norm (post clip)   0.053, rho_Whh  1.13, Omega  0.00, alpha  0.000, steps in the past 0.000, valid nll 0.213
  [diag] log10|dL/dh_t| hist bins=60 range=(-5.34,-3.57) mean=-4.49 p50=-4.38 p05=-5.16 p95=-4.11
  [diag] sat-dist hist bins=60 sat<0.05=0.0% mean=0.634 p10=0.537 p90=0.690
Iter 0041560: train nll 0.349, valid error 100.000%, best valid error 100.000%, avg grad norm  43.916, avg grad norm (post clip)   0.053, rho_Whh  1.13, Omega  0.00, alpha  0.000, steps in the past 0.000, valid nll 0.232
  [diag] log10|dL/dh_t| hist bins=60 range=(-5.33,-3.57) mean=-4.38 p50=-4.12 p05=-5.15 p95=-4.08
  [diag] sat-dist hist bins=60 sat<0.05=0.0% mean=0.649 p10=0.543 p90=0.693
Iter 0041580: train nll 0.275, valid error 100.000%, best valid error 100.000%, avg grad norm  50.897, avg grad norm (post clip)   0.053, rho_Whh  1.13, Omega  0.00, alpha  0.000, steps in the past 0.000, valid nll 0.263
  [diag] log10|dL/dh_t| hist bins=60 range=(-5.34,-3.57) mean=-4.71 p50=-4.81 p05=-5.18 p95=-4.15
  [diag] sat-dist hist bins=60 sat<0.05=0.0% mean=0.600 p10=0.531 p90=0.681
Iter 0041600: train nll 0.264, valid error 100.000%, best valid error 100.000%, avg grad norm  43.367, avg grad norm (post clip)   0.053, rho_Whh  1.13, Omega  0.00, alpha  0.000, steps in the past 0.000, valid nll 0.213
  [diag] log10|dL/dh_t| hist bins=60 range=(-5.34,-3.57) mean=-4.49 p50=-4.40 p05=-5.16 p95=-4.11
  [diag] sat-dist hist bins=60 sat<0.05=0.0% mean=0.633 p10=0.537 p90=0.690
Iter 0041620: train nll 0.270, valid error 100.000%, best valid error 100.000%, avg grad norm  52.170, avg grad norm (post clip)   0.053, rho_Whh  1.13, Omega  0.00, alpha  0.000, steps in the past 0.000, valid nll 0.231
  [diag] log10|dL/dh_t| hist bins=60 range=(-5.34,-3.57) mean=-4.49 p50=-4.40 p05=-5.16 p95=-4.11
  [diag] sat-dist hist bins=60 sat<0.05=0.0% mean=0.633 p10=0.537 p90=0.690
Iter 0041640: train nll 0.281, valid error 100.000%, best valid error 100.000%, avg grad norm  49.125, avg grad norm (post clip)   0.053, rho_Whh  1.13, Omega  0.00, alpha  0.000, steps in the past 0.000, valid nll 0.231
  [diag] log10|dL/dh_t| hist bins=60 range=(-5.34,-3.57) mean=-4.49 p50=-4.40 p05=-5.16 p95=-4.12
  [diag] sat-dist hist bins=60 sat<0.05=0.0% mean=0.633 p10=0.537 p90=0.690
Iter 0041660: train nll 0.256, valid error 100.000%, best valid error 100.000%, avg grad norm  45.777, avg grad norm (post clip)   0.053, rho_Whh  1.13, Omega  0.00, alpha  0.000, steps in the past 0.000, valid nll 0.231
  [diag] log10|dL/dh_t| hist bins=60 range=(-5.34,-3.57) mean=-4.49 p50=-4.41 p05=-5.16 p95=-4.12
  [diag] sat-dist hist bins=60 sat<0.05=0.0% mean=0.633 p10=0.537 p90=0.690
Iter 0041680: train nll 0.268, valid error 100.000%, best valid error 100.000%, avg grad norm  39.672, avg grad norm (post clip)   0.053, rho_Whh  1.13, Omega  0.00, alpha  0.000, steps in the past 0.000, valid nll 0.231
  [diag] log10|dL/dh_t| hist bins=60 range=(-5.34,-3.57) mean=-4.49 p50=-4.40 p05=-5.16 p95=-4.12
  [diag] sat-dist hist bins=60 sat<0.05=0.0% mean=0.633 p10=0.537 p90=0.690
Iter 0041700: train nll 0.272, valid error 100.000%, best valid error 100.000%, avg grad norm  46.041, avg grad norm (post clip)   0.053, rho_Whh  1.13, Omega  0.00, alpha  0.000, steps in the past 0.000, valid nll 0.231
  [diag] log10|dL/dh_t| hist bins=60 range=(-5.34,-3.57) mean=-4.49 p50=-4.40 p05=-5.16 p95=-4.12
  [diag] sat-dist hist bins=60 sat<0.05=0.0% mean=0.633 p10=0.537 p90=0.689
Iter 0041720: train nll 0.307, valid error 100.000%, best valid error 100.000%, avg grad norm  43.942, avg grad norm (post clip)   0.053, rho_Whh  1.13, Omega  0.00, alpha  0.000, steps in the past 0.000, valid nll 0.231
  [diag] log10|dL/dh_t| hist bins=60 range=(-5.34,-3.57) mean=-4.71 p50=-4.81 p05=-5.18 p95=-4.16
  [diag] sat-dist hist bins=60 sat<0.05=0.0% mean=0.599 p10=0.531 p90=0.678
Iter 0041740: train nll 0.273, valid error 100.000%, best valid error 100.000%, avg grad norm  41.743, avg grad norm (post clip)   0.053, rho_Whh  1.13, Omega  0.00, alpha  0.000, steps in the past 0.000, valid nll 0.214
  [diag] log10|dL/dh_t| hist bins=60 range=(-5.34,-3.57) mean=-4.49 p50=-4.40 p05=-5.16 p95=-4.12
  [diag] sat-dist hist bins=60 sat<0.05=0.0% mean=0.633 p10=0.537 p90=0.689
Iter 0041760: train nll 0.262, valid error 100.000%, best valid error 100.000%, avg grad norm  50.448, avg grad norm (post clip)   0.053, rho_Whh  1.13, Omega  0.00, alpha  0.000, steps in the past 0.000, valid nll 0.231
  [diag] log10|dL/dh_t| hist bins=60 range=(-5.34,-3.57) mean=-4.73 p50=-4.83 p05=-5.18 p95=-4.18
  [diag] sat-dist hist bins=60 sat<0.05=0.0% mean=0.596 p10=0.531 p90=0.672
Iter 0041780: train nll 0.276, valid error 100.000%, best valid error 100.000%, avg grad norm  42.267, avg grad norm (post clip)   0.053, rho_Whh  1.13, Omega  0.00, alpha  0.000, steps in the past 0.000, valid nll 0.214
  [diag] log10|dL/dh_t| hist bins=60 range=(-5.34,-3.57) mean=-4.73 p50=-4.82 p05=-5.18 p95=-4.18
  [diag] sat-dist hist bins=60 sat<0.05=0.0% mean=0.596 p10=0.531 p90=0.672
Iter 0041800: train nll 0.297, valid error 100.000%, best valid error 100.000%, avg grad norm  45.252, avg grad norm (post clip)   0.053, rho_Whh  1.13, Omega  0.00, alpha  0.000, steps in the past 0.000, valid nll 0.215
  [diag] log10|dL/dh_t| hist bins=60 range=(-5.33,-3.57) mean=-4.33 p50=-4.10 p05=-5.13 p95=-4.06
  [diag] sat-dist hist bins=60 sat<0.05=0.0% mean=0.658 p10=0.548 p90=0.696
Iter 0041820: train nll 0.290, valid error 100.000%, best valid error 100.000%, avg grad norm  46.813, avg grad norm (post clip)   0.053, rho_Whh  1.13, Omega  0.00, alpha  0.000, steps in the past 0.000, valid nll 0.284
  [diag] log10|dL/dh_t| hist bins=60 range=(-5.34,-3.57) mean=-4.50 p50=-4.43 p05=-5.16 p95=-4.13
  [diag] sat-dist hist bins=60 sat<0.05=0.0% mean=0.632 p10=0.537 p90=0.689
Iter 0041840: train nll 0.285, valid error 100.000%, best valid error 100.000%, avg grad norm  34.404, avg grad norm (post clip)   0.053, rho_Whh  1.13, Omega  0.00, alpha  0.000, steps in the past 0.000, valid nll 0.229
  [diag] log10|dL/dh_t| hist bins=60 range=(-5.34,-3.57) mean=-4.73 p50=-4.82 p05=-5.17 p95=-4.19
  [diag] sat-dist hist bins=60 sat<0.05=0.0% mean=0.596 p10=0.531 p90=0.671
Iter 0041860: train nll 0.295, valid error 100.000%, best valid error 100.000%, avg grad norm  39.854, avg grad norm (post clip)   0.053, rho_Whh  1.13, Omega  0.00, alpha  0.000, steps in the past 0.000, valid nll 0.215
  [diag] log10|dL/dh_t| hist bins=60 range=(-5.34,-3.57) mean=-4.73 p50=-4.82 p05=-5.17 p95=-4.18
  [diag] sat-dist hist bins=60 sat<0.05=0.0% mean=0.597 p10=0.531 p90=0.672
Iter 0041880: train nll 0.274, valid error 100.000%, best valid error 100.000%, avg grad norm  43.996, avg grad norm (post clip)   0.053, rho_Whh  1.13, Omega  0.00, alpha  0.000, steps in the past 0.000, valid nll 0.214
  [diag] log10|dL/dh_t| hist bins=60 range=(-5.34,-3.57) mean=-4.63 p50=-4.74 p05=-5.17 p95=-4.15
  [diag] sat-dist hist bins=60 sat<0.05=0.0% mean=0.612 p10=0.533 p90=0.686
Iter 0041900: train nll 0.276, valid error 100.000%, best valid error 100.000%, avg grad norm  47.797, avg grad norm (post clip)   0.053, rho_Whh  1.13, Omega  0.00, alpha  0.000, steps in the past 0.000, valid nll 0.214
  [diag] log10|dL/dh_t| hist bins=60 range=(-5.34,-3.57) mean=-4.63 p50=-4.74 p05=-5.17 p95=-4.15
  [diag] sat-dist hist bins=60 sat<0.05=0.0% mean=0.612 p10=0.533 p90=0.686
Iter 0041920: train nll 0.298, valid error 100.000%, best valid error 100.000%, avg grad norm  46.822, avg grad norm (post clip)   0.053, rho_Whh  1.13, Omega  0.00, alpha  0.000, steps in the past 0.000, valid nll 0.214
  [diag] log10|dL/dh_t| hist bins=60 range=(-5.34,-3.57) mean=-4.63 p50=-4.74 p05=-5.17 p95=-4.15
  [diag] sat-dist hist bins=60 sat<0.05=0.0% mean=0.612 p10=0.533 p90=0.686
Iter 0041940: train nll 0.278, valid error 100.000%, best valid error 100.000%, avg grad norm  39.919, avg grad norm (post clip)   0.053, rho_Whh  1.13, Omega  0.00, alpha  0.000, steps in the past 0.000, valid nll 0.214
  [diag] log10|dL/dh_t| hist bins=60 range=(-5.34,-3.57) mean=-4.46 p50=-4.27 p05=-5.16 p95=-4.11
  [diag] sat-dist hist bins=60 sat<0.05=0.0% mean=0.638 p10=0.539 p90=0.690
Iter 0041960: train nll 0.256, valid error 100.000%, best valid error 100.000%, avg grad norm  47.875, avg grad norm (post clip)   0.053, rho_Whh  1.13, Omega  0.00, alpha  0.000, steps in the past 0.000, valid nll 0.238
  [diag] log10|dL/dh_t| hist bins=60 range=(-5.34,-3.57) mean=-4.61 p50=-4.72 p05=-5.17 p95=-4.14
  [diag] sat-dist hist bins=60 sat<0.05=0.0% mean=0.615 p10=0.533 p90=0.687
Iter 0041980: train nll 0.275, valid error 100.000%, best valid error 100.000%, avg grad norm  39.598, avg grad norm (post clip)   0.053, rho_Whh  1.13, Omega  0.00, alpha  0.000, steps in the past 0.000, valid nll 0.215
  [diag] log10|dL/dh_t| hist bins=60 range=(-5.34,-3.57) mean=-4.50 p50=-4.44 p05=-5.16 p95=-4.12
  [diag] sat-dist hist bins=60 sat<0.05=0.0% mean=0.632 p10=0.536 p90=0.690
Iter 0042000: train nll 0.284, valid error 100.000%, best valid error 100.000%, avg grad norm  50.122, avg grad norm (post clip)   0.053, rho_Whh  1.13, Omega  0.00, alpha  0.000, steps in the past 0.000, valid nll 0.229
  [diag] log10|dL/dh_t| hist bins=60 range=(-5.34,-3.57) mean=-4.42 p50=-4.13 p05=-5.15 p95=-4.09
  [diag] sat-dist hist bins=60 sat<0.05=0.0% mean=0.645 p10=0.541 p90=0.693
Iter 0042020: train nll 0.285, valid error 100.000%, best valid error 100.000%, avg grad norm  41.042, avg grad norm (post clip)   0.053, rho_Whh  1.13, Omega  0.00, alpha  0.000, steps in the past 0.000, valid nll 0.252
  [diag] log10|dL/dh_t| hist bins=60 range=(-5.34,-3.57) mean=-4.54 p50=-4.57 p05=-5.17 p95=-4.13
  [diag] sat-dist hist bins=60 sat<0.05=0.0% mean=0.626 p10=0.535 p90=0.689
Iter 0042040: train nll 0.281, valid error 100.000%, best valid error 100.000%, avg grad norm  47.646, avg grad norm (post clip)   0.053, rho_Whh  1.13, Omega  0.00, alpha  0.000, steps in the past 0.000, valid nll 0.222
  [diag] log10|dL/dh_t| hist bins=60 range=(-5.34,-3.57) mean=-4.54 p50=-4.57 p05=-5.17 p95=-4.13
  [diag] sat-dist hist bins=60 sat<0.05=0.0% mean=0.626 p10=0.535 p90=0.689
Iter 0042060: train nll 0.264, valid error 100.000%, best valid error 100.000%, avg grad norm  48.501, avg grad norm (post clip)   0.053, rho_Whh  1.13, Omega  0.00, alpha  0.000, steps in the past 0.000, valid nll 0.222
  [diag] log10|dL/dh_t| hist bins=60 range=(-5.34,-3.49) mean=-4.83 p50=-4.88 p05=-5.18 p95=-4.23
  [diag] sat-dist hist bins=60 sat<0.05=0.0% mean=0.578 p10=0.529 p90=0.622
Iter 0042080: train nll 0.238, valid error 100.000%, best valid error 100.000%, avg grad norm  47.094, avg grad norm (post clip)   0.053, rho_Whh  1.13, Omega  0.00, alpha  0.000, steps in the past 0.000, valid nll 0.228
  [diag] log10|dL/dh_t| hist bins=60 range=(-5.34,-3.57) mean=-4.54 p50=-4.56 p05=-5.17 p95=-4.13
  [diag] sat-dist hist bins=60 sat<0.05=0.0% mean=0.626 p10=0.535 p90=0.688
Iter 0042100: train nll 0.270, valid error 100.000%, best valid error 100.000%, avg grad norm  47.708, avg grad norm (post clip)   0.053, rho_Whh  1.13, Omega  0.00, alpha  0.000, steps in the past 0.000, valid nll 0.222
  [diag] log10|dL/dh_t| hist bins=60 range=(-5.34,-3.57) mean=-4.54 p50=-4.55 p05=-5.17 p95=-4.13
  [diag] sat-dist hist bins=60 sat<0.05=0.0% mean=0.627 p10=0.535 p90=0.688
Iter 0042120: train nll 0.291, valid error 100.000%, best valid error 100.000%, avg grad norm  43.560, avg grad norm (post clip)   0.053, rho_Whh  1.13, Omega  0.00, alpha  0.000, steps in the past 0.000, valid nll 0.223
  [diag] log10|dL/dh_t| hist bins=60 range=(-5.34,-3.57) mean=-4.41 p50=-4.13 p05=-5.15 p95=-4.09
  [diag] sat-dist hist bins=60 sat<0.05=0.0% mean=0.646 p10=0.542 p90=0.693
Iter 0042140: train nll 0.315, valid error 100.000%, best valid error 100.000%, avg grad norm  42.178, avg grad norm (post clip)   0.053, rho_Whh  1.13, Omega  0.00, alpha  0.000, steps in the past 0.000, valid nll 0.254
  [diag] log10|dL/dh_t| hist bins=60 range=(-5.34,-3.57) mean=-4.53 p50=-4.52 p05=-5.17 p95=-4.13
  [diag] sat-dist hist bins=60 sat<0.05=0.0% mean=0.628 p10=0.536 p90=0.689
Iter 0042160: train nll 0.257, valid error 100.000%, best valid error 100.000%, avg grad norm  41.618, avg grad norm (post clip)   0.053, rho_Whh  1.13, Omega  0.00, alpha  0.000, steps in the past 0.000, valid nll 0.224
  [diag] log10|dL/dh_t| hist bins=60 range=(-5.34,-3.57) mean=-4.53 p50=-4.52 p05=-5.17 p95=-4.13
  [diag] sat-dist hist bins=60 sat<0.05=0.0% mean=0.628 p10=0.536 p90=0.689
Iter 0042180: train nll 0.297, valid error 100.000%, best valid error 100.000%, avg grad norm  46.269, avg grad norm (post clip)   0.053, rho_Whh  1.13, Omega  0.00, alpha  0.000, steps in the past 0.000, valid nll 0.224
  [diag] log10|dL/dh_t| hist bins=60 range=(-5.34,-3.51) mean=-4.80 p50=-4.87 p05=-5.18 p95=-4.23
  [diag] sat-dist hist bins=60 sat<0.05=0.0% mean=0.583 p10=0.530 p90=0.637
Iter 0042200: train nll 0.258, valid error 100.000%, best valid error 100.000%, avg grad norm  47.627, avg grad norm (post clip)   0.053, rho_Whh  1.13, Omega  0.00, alpha  0.000, steps in the past 0.000, valid nll 0.223
  [diag] log10|dL/dh_t| hist bins=60 range=(-5.33,-3.57) mean=-4.34 p50=-4.10 p05=-5.14 p95=-4.06
  [diag] sat-dist hist bins=60 sat<0.05=0.0% mean=0.657 p10=0.546 p90=0.696
Iter 0042220: train nll 0.284, valid error 100.000%, best valid error 100.000%, avg grad norm  42.073, avg grad norm (post clip)   0.053, rho_Whh  1.13, Omega  0.00, alpha  0.000, steps in the past 0.000, valid nll 0.280
  [diag] log10|dL/dh_t| hist bins=60 range=(-5.34,-3.57) mean=-4.41 p50=-4.13 p05=-5.15 p95=-4.10
  [diag] sat-dist hist bins=60 sat<0.05=0.0% mean=0.646 p10=0.542 p90=0.692
Iter 0042240: train nll 0.275, valid error 100.000%, best valid error 100.000%, avg grad norm  34.254, avg grad norm (post clip)   0.053, rho_Whh  1.13, Omega  0.00, alpha  0.000, steps in the past 0.000, valid nll 0.254
  [diag] log10|dL/dh_t| hist bins=60 range=(-5.34,-3.48) mean=-4.84 p50=-4.89 p05=-5.18 p95=-4.23
  [diag] sat-dist hist bins=60 sat<0.05=0.0% mean=0.575 p10=0.529 p90=0.613
Iter 0042260: train nll 0.266, valid error 100.000%, best valid error 100.000%, avg grad norm  41.630, avg grad norm (post clip)   0.053, rho_Whh  1.13, Omega  0.00, alpha  0.000, steps in the past 0.000, valid nll 0.231
  [diag] log10|dL/dh_t| hist bins=60 range=(-5.34,-3.57) mean=-4.56 p50=-4.61 p05=-5.17 p95=-4.13
  [diag] sat-dist hist bins=60 sat<0.05=0.0% mean=0.624 p10=0.534 p90=0.688
Iter 0042280: train nll 0.263, valid error 100.000%, best valid error 100.000%, avg grad norm  45.522, avg grad norm (post clip)   0.053, rho_Whh  1.13, Omega  0.00, alpha  0.000, steps in the past 0.000, valid nll 0.220
  [diag] log10|dL/dh_t| hist bins=60 range=(-5.34,-3.57) mean=-4.58 p50=-4.65 p05=-5.17 p95=-4.13
  [diag] sat-dist hist bins=60 sat<0.05=0.0% mean=0.621 p10=0.533 p90=0.689
Iter 0042300: train nll 0.278, valid error 100.000%, best valid error 100.000%, avg grad norm  40.899, avg grad norm (post clip)   0.053, rho_Whh  1.13, Omega  0.00, alpha  0.000, steps in the past 0.000, valid nll 0.218
  [diag] log10|dL/dh_t| hist bins=60 range=(-5.34,-3.57) mean=-4.52 p50=-4.51 p05=-5.17 p95=-4.11
  [diag] sat-dist hist bins=60 sat<0.05=0.0% mean=0.629 p10=0.535 p90=0.690
Iter 0042320: train nll 0.287, valid error 100.000%, best valid error 100.000%, avg grad norm  43.677, avg grad norm (post clip)   0.053, rho_Whh  1.13, Omega  0.00, alpha  0.000, steps in the past 0.000, valid nll 0.225
  [diag] log10|dL/dh_t| hist bins=60 range=(-5.34,-3.52) mean=-4.81 p50=-4.87 p05=-5.18 p95=-4.23
  [diag] sat-dist hist bins=60 sat<0.05=0.0% mean=0.583 p10=0.529 p90=0.640
Iter 0042340: train nll 0.269, valid error 100.000%, best valid error 100.000%, avg grad norm  41.636, avg grad norm (post clip)   0.053, rho_Whh  1.13, Omega  0.00, alpha  0.000, steps in the past 0.000, valid nll 0.222
  [diag] log10|dL/dh_t| hist bins=60 range=(-5.34,-3.52) mean=-4.80 p50=-4.87 p05=-5.18 p95=-4.23
  [diag] sat-dist hist bins=60 sat<0.05=0.0% mean=0.584 p10=0.529 p90=0.642
Iter 0042360: train nll 0.284, valid error 100.000%, best valid error 100.000%, avg grad norm  46.522, avg grad norm (post clip)   0.053, rho_Whh  1.13, Omega  0.00, alpha  0.000, steps in the past 0.000, valid nll 0.222
  [diag] log10|dL/dh_t| hist bins=60 range=(-5.34,-3.57) mean=-4.41 p50=-4.12 p05=-5.16 p95=-4.08
  [diag] sat-dist hist bins=60 sat<0.05=0.0% mean=0.646 p10=0.541 p90=0.694
Iter 0042380: train nll 0.331, valid error 100.000%, best valid error 100.000%, avg grad norm  38.607, avg grad norm (post clip)   0.053, rho_Whh  1.14, Omega  0.00, alpha  0.000, steps in the past 0.000, valid nll 0.255
  [diag] log10|dL/dh_t| hist bins=60 range=(-5.34,-3.57) mean=-4.41 p50=-4.12 p05=-5.16 p95=-4.08
  [diag] sat-dist hist bins=60 sat<0.05=0.0% mean=0.646 p10=0.541 p90=0.694
Iter 0042400: train nll 0.301, valid error 100.000%, best valid error 100.000%, avg grad norm  36.944, avg grad norm (post clip)   0.053, rho_Whh  1.14, Omega  0.00, alpha  0.000, steps in the past 0.000, valid nll 0.255
  [diag] log10|dL/dh_t| hist bins=60 range=(-5.34,-3.57) mean=-4.41 p50=-4.12 p05=-5.16 p95=-4.08
  [diag] sat-dist hist bins=60 sat<0.05=0.0% mean=0.646 p10=0.541 p90=0.694
Iter 0042420: train nll 0.273, valid error 100.000%, best valid error 100.000%, avg grad norm  41.417, avg grad norm (post clip)   0.053, rho_Whh  1.14, Omega  0.00, alpha  0.000, steps in the past 0.000, valid nll 0.255
  [diag] log10|dL/dh_t| hist bins=60 range=(-5.34,-3.57) mean=-4.53 p50=-4.53 p05=-5.17 p95=-4.12
  [diag] sat-dist hist bins=60 sat<0.05=0.0% mean=0.628 p10=0.535 p90=0.690
Iter 0042440: train nll 0.256, valid error 100.000%, best valid error 100.000%, avg grad norm  45.537, avg grad norm (post clip)   0.053, rho_Whh  1.13, Omega  0.00, alpha  0.000, steps in the past 0.000, valid nll 0.224
  [diag] log10|dL/dh_t| hist bins=60 range=(-5.34,-3.57) mean=-4.53 p50=-4.53 p05=-5.17 p95=-4.12
  [diag] sat-dist hist bins=60 sat<0.05=0.0% mean=0.628 p10=0.535 p90=0.690
Iter 0042460: train nll 0.285, valid error 100.000%, best valid error 100.000%, avg grad norm  43.329, avg grad norm (post clip)   0.053, rho_Whh  1.13, Omega  0.00, alpha  0.000, steps in the past 0.000, valid nll 0.224
  [diag] log10|dL/dh_t| hist bins=60 range=(-5.34,-3.57) mean=-4.53 p50=-4.53 p05=-5.17 p95=-4.12
  [diag] sat-dist hist bins=60 sat<0.05=0.0% mean=0.628 p10=0.535 p90=0.690
Iter 0042480: train nll 0.289, valid error 100.000%, best valid error 100.000%, avg grad norm  49.279, avg grad norm (post clip)   0.053, rho_Whh  1.13, Omega  0.00, alpha  0.000, steps in the past 0.000, valid nll 0.224
  [diag] log10|dL/dh_t| hist bins=60 range=(-5.34,-3.57) mean=-4.40 p50=-4.12 p05=-5.16 p95=-4.08
  [diag] sat-dist hist bins=60 sat<0.05=0.0% mean=0.647 p10=0.541 p90=0.694
Iter 0042500: train nll 0.283, valid error 100.000%, best valid error 100.000%, avg grad norm  42.264, avg grad norm (post clip)   0.053, rho_Whh  1.14, Omega  0.00, alpha  0.000, steps in the past 0.000, valid nll 0.256
  [diag] log10|dL/dh_t| hist bins=60 range=(-5.35,-3.52) mean=-4.80 p50=-4.87 p05=-5.18 p95=-4.23
  [diag] sat-dist hist bins=60 sat<0.05=0.0% mean=0.584 p10=0.529 p90=0.643
Iter 0042520: train nll 0.247, valid error 100.000%, best valid error 100.000%, avg grad norm  50.793, avg grad norm (post clip)   0.053, rho_Whh  1.13, Omega  0.00, alpha  0.000, steps in the past 0.000, valid nll 0.221
  [diag] log10|dL/dh_t| hist bins=60 range=(-5.34,-3.57) mean=-4.52 p50=-4.51 p05=-5.17 p95=-4.12
  [diag] sat-dist hist bins=60 sat<0.05=0.0% mean=0.629 p10=0.535 p90=0.690
Iter 0042540: train nll 0.273, valid error 100.000%, best valid error 100.000%, avg grad norm  53.359, avg grad norm (post clip)   0.053, rho_Whh  1.13, Omega  0.00, alpha  0.000, steps in the past 0.000, valid nll 0.225
  [diag] log10|dL/dh_t| hist bins=60 range=(-5.34,-3.57) mean=-4.40 p50=-4.12 p05=-5.16 p95=-4.08
  [diag] sat-dist hist bins=60 sat<0.05=0.0% mean=0.647 p10=0.541 p90=0.694
Iter 0042560: train nll 0.303, valid error 100.000%, best valid error 100.000%, avg grad norm  39.146, avg grad norm (post clip)   0.053, rho_Whh  1.14, Omega  0.00, alpha  0.000, steps in the past 0.000, valid nll 0.256
  [diag] log10|dL/dh_t| hist bins=60 range=(-5.34,-3.57) mean=-4.52 p50=-4.51 p05=-5.17 p95=-4.12
  [diag] sat-dist hist bins=60 sat<0.05=0.0% mean=0.629 p10=0.535 p90=0.690
Iter 0042580: train nll 0.275, valid error 100.000%, best valid error 100.000%, avg grad norm  42.992, avg grad norm (post clip)   0.053, rho_Whh  1.13, Omega  0.00, alpha  0.000, steps in the past 0.000, valid nll 0.225
  [diag] log10|dL/dh_t| hist bins=60 range=(-5.35,-3.53) mean=-4.79 p50=-4.87 p05=-5.18 p95=-4.23
  [diag] sat-dist hist bins=60 sat<0.05=0.0% mean=0.586 p10=0.530 p90=0.645
Iter 0042600: train nll 0.276, valid error 100.000%, best valid error 100.000%, avg grad norm  47.513, avg grad norm (post clip)   0.053, rho_Whh  1.13, Omega  0.00, alpha  0.000, steps in the past 0.000, valid nll 0.220
  [diag] log10|dL/dh_t| hist bins=60 range=(-5.34,-3.57) mean=-4.41 p50=-4.13 p05=-5.15 p95=-4.09
  [diag] sat-dist hist bins=60 sat<0.05=0.0% mean=0.647 p10=0.541 p90=0.694
Iter 0042620: train nll 0.280, valid error 100.000%, best valid error 100.000%, avg grad norm  49.882, avg grad norm (post clip)   0.053, rho_Whh  1.14, Omega  0.00, alpha  0.000, steps in the past 0.000, valid nll 0.255
  [diag] log10|dL/dh_t| hist bins=60 range=(-5.34,-3.57) mean=-4.33 p50=-4.10 p05=-5.14 p95=-4.06
  [diag] sat-dist hist bins=60 sat<0.05=0.0% mean=0.658 p10=0.546 p90=0.696
Iter 0042640: train nll 0.327, valid error 100.000%, best valid error 100.000%, avg grad norm  40.896, avg grad norm (post clip)   0.053, rho_Whh  1.14, Omega  0.00, alpha  0.000, steps in the past 0.000, valid nll 0.282
  [diag] log10|dL/dh_t| hist bins=60 range=(-5.34,-3.57) mean=-4.52 p50=-4.49 p05=-5.17 p95=-4.13
  [diag] sat-dist hist bins=60 sat<0.05=0.0% mean=0.630 p10=0.536 p90=0.689
Iter 0042660: train nll 0.300, valid error 100.000%, best valid error 100.000%, avg grad norm  30.780, avg grad norm (post clip)   0.053, rho_Whh  1.13, Omega  0.00, alpha  0.000, steps in the past 0.000, valid nll 0.225
  [diag] log10|dL/dh_t| hist bins=60 range=(-5.34,-3.57) mean=-4.52 p50=-4.48 p05=-5.17 p95=-4.13
  [diag] sat-dist hist bins=60 sat<0.05=0.0% mean=0.630 p10=0.536 p90=0.689
Iter 0042680: train nll 0.308, valid error 100.000%, best valid error 100.000%, avg grad norm  42.074, avg grad norm (post clip)   0.053, rho_Whh  1.13, Omega  0.00, alpha  0.000, steps in the past 0.000, valid nll 0.225
  [diag] log10|dL/dh_t| hist bins=60 range=(-5.35,-3.51) mean=-4.81 p50=-4.87 p05=-5.18 p95=-4.23
  [diag] sat-dist hist bins=60 sat<0.05=0.0% mean=0.583 p10=0.530 p90=0.637
Iter 0042700: train nll 0.228, valid error 100.000%, best valid error 100.000%, avg grad norm  45.835, avg grad norm (post clip)   0.053, rho_Whh  1.13, Omega  0.00, alpha  0.000, steps in the past 0.000, valid nll 0.223
  [diag] log10|dL/dh_t| hist bins=60 range=(-5.34,-3.58) mean=-4.60 p50=-4.70 p05=-5.18 p95=-4.14
  [diag] sat-dist hist bins=60 sat<0.05=0.0% mean=0.617 p10=0.533 p90=0.688
Iter 0042720: train nll 0.252, valid error 100.000%, best valid error 100.000%, avg grad norm  46.842, avg grad norm (post clip)   0.053, rho_Whh  1.13, Omega  0.00, alpha  0.000, steps in the past 0.000, valid nll 0.215
  [diag] log10|dL/dh_t| hist bins=60 range=(-5.34,-3.57) mean=-4.36 p50=-4.11 p05=-5.15 p95=-4.07
  [diag] sat-dist hist bins=60 sat<0.05=0.0% mean=0.654 p10=0.545 p90=0.696
Iter 0042740: train nll 0.306, valid error 100.000%, best valid error 100.000%, avg grad norm  48.164, avg grad norm (post clip)   0.053, rho_Whh  1.14, Omega  0.00, alpha  0.000, steps in the past 0.000, valid nll 0.273
  [diag] log10|dL/dh_t| hist bins=60 range=(-5.35,-3.45) mean=-4.89 p50=-4.93 p05=-5.19 p95=-4.23
  [diag] sat-dist hist bins=60 sat<0.05=0.0% mean=0.565 p10=0.528 p90=0.584
Iter 0042760: train nll 0.291, valid error 100.000%, best valid error 100.000%, avg grad norm  36.461, avg grad norm (post clip)   0.053, rho_Whh  1.13, Omega  0.00, alpha  0.000, steps in the past 0.000, valid nll 0.243
  [diag] log10|dL/dh_t| hist bins=60 range=(-5.34,-3.57) mean=-4.44 p50=-4.19 p05=-5.16 p95=-4.10
  [diag] sat-dist hist bins=60 sat<0.05=0.0% mean=0.642 p10=0.539 p90=0.692
Iter 0042780: train nll 0.298, valid error 100.000%, best valid error 100.000%, avg grad norm  45.691, avg grad norm (post clip)   0.053, rho_Whh  1.14, Omega  0.00, alpha  0.000, steps in the past 0.000, valid nll 0.244
  [diag] log10|dL/dh_t| hist bins=60 range=(-5.34,-3.57) mean=-4.59 p50=-4.68 p05=-5.17 p95=-4.14
  [diag] sat-dist hist bins=60 sat<0.05=0.0% mean=0.619 p10=0.533 p90=0.688
Iter 0042800: train nll 0.266, valid error 100.000%, best valid error 100.000%, avg grad norm  45.571, avg grad norm (post clip)   0.053, rho_Whh  1.13, Omega  0.00, alpha  0.000, steps in the past 0.000, valid nll 0.216
  [diag] log10|dL/dh_t| hist bins=60 range=(-5.34,-3.57) mean=-4.58 p50=-4.66 p05=-5.17 p95=-4.14
  [diag] sat-dist hist bins=60 sat<0.05=0.0% mean=0.620 p10=0.534 p90=0.688
Iter 0042820: train nll 0.268, valid error 100.000%, best valid error 100.000%, avg grad norm  47.109, avg grad norm (post clip)   0.053, rho_Whh  1.13, Omega  0.00, alpha  0.000, steps in the past 0.000, valid nll 0.217
  [diag] log10|dL/dh_t| hist bins=60 range=(-5.35,-3.45) mean=-4.88 p50=-4.92 p05=-5.19 p95=-4.24
  [diag] sat-dist hist bins=60 sat<0.05=0.0% mean=0.567 p10=0.528 p90=0.587
Iter 0042840: train nll 0.266, valid error 100.000%, best valid error 100.000%, avg grad norm  43.457, avg grad norm (post clip)   0.053, rho_Whh  1.13, Omega  0.00, alpha  0.000, steps in the past 0.000, valid nll 0.241
  [diag] log10|dL/dh_t| hist bins=60 range=(-5.34,-3.57) mean=-4.44 p50=-4.19 p05=-5.16 p95=-4.10
  [diag] sat-dist hist bins=60 sat<0.05=0.0% mean=0.642 p10=0.540 p90=0.692
Iter 0042860: train nll 0.309, valid error 100.000%, best valid error 100.000%, avg grad norm  45.731, avg grad norm (post clip)   0.053, rho_Whh  1.13, Omega  0.00, alpha  0.000, steps in the past 0.000, valid nll 0.244
  [diag] log10|dL/dh_t| hist bins=60 range=(-5.34,-3.57) mean=-4.58 p50=-4.66 p05=-5.17 p95=-4.14
  [diag] sat-dist hist bins=60 sat<0.05=0.0% mean=0.620 p10=0.534 p90=0.688
Iter 0042880: train nll 0.315, valid error 100.000%, best valid error 100.000%, avg grad norm  38.189, avg grad norm (post clip)   0.053, rho_Whh  1.13, Omega  0.00, alpha  0.000, steps in the past 0.000, valid nll 0.216
  [diag] log10|dL/dh_t| hist bins=60 range=(-5.34,-3.57) mean=-4.44 p50=-4.19 p05=-5.16 p95=-4.11
  [diag] sat-dist hist bins=60 sat<0.05=0.0% mean=0.642 p10=0.540 p90=0.692
Iter 0042900: train nll 0.270, valid error 100.000%, best valid error 100.000%, avg grad norm  50.893, avg grad norm (post clip)   0.053, rho_Whh  1.13, Omega  0.00, alpha  0.000, steps in the past 0.000, valid nll 0.244
  [diag] log10|dL/dh_t| hist bins=60 range=(-5.34,-3.57) mean=-4.58 p50=-4.66 p05=-5.17 p95=-4.15
  [diag] sat-dist hist bins=60 sat<0.05=0.0% mean=0.620 p10=0.534 p90=0.687
Iter 0042920: train nll 0.289, valid error 100.000%, best valid error 100.000%, avg grad norm  43.072, avg grad norm (post clip)   0.053, rho_Whh  1.13, Omega  0.00, alpha  0.000, steps in the past 0.000, valid nll 0.216
  [diag] log10|dL/dh_t| hist bins=60 range=(-5.34,-3.57) mean=-4.46 p50=-4.26 p05=-5.16 p95=-4.11
  [diag] sat-dist hist bins=60 sat<0.05=0.0% mean=0.639 p10=0.539 p90=0.691
Iter 0042940: train nll 0.263, valid error 100.000%, best valid error 100.000%, avg grad norm  46.038, avg grad norm (post clip)   0.053, rho_Whh  1.13, Omega  0.00, alpha  0.000, steps in the past 0.000, valid nll 0.238
  [diag] log10|dL/dh_t| hist bins=60 range=(-5.34,-3.57) mean=-4.63 p50=-4.74 p05=-5.18 p95=-4.15
  [diag] sat-dist hist bins=60 sat<0.05=0.0% mean=0.613 p10=0.533 p90=0.687
Iter 0042960: train nll 0.261, valid error 100.000%, best valid error 100.000%, avg grad norm  41.143, avg grad norm (post clip)   0.053, rho_Whh  1.13, Omega  0.00, alpha  0.000, steps in the past 0.000, valid nll 0.213
  [diag] log10|dL/dh_t| hist bins=60 range=(-5.34,-3.57) mean=-4.63 p50=-4.74 p05=-5.18 p95=-4.15
  [diag] sat-dist hist bins=60 sat<0.05=0.0% mean=0.613 p10=0.533 p90=0.686
Iter 0042980: train nll 0.272, valid error 100.000%, best valid error 100.000%, avg grad norm  44.600, avg grad norm (post clip)   0.053, rho_Whh  1.13, Omega  0.00, alpha  0.000, steps in the past 0.000, valid nll 0.213
  [diag] log10|dL/dh_t| hist bins=60 range=(-5.35,-3.57) mean=-4.66 p50=-4.77 p05=-5.18 p95=-4.15
  [diag] sat-dist hist bins=60 sat<0.05=0.0% mean=0.608 p10=0.532 p90=0.686
Iter 0043000: train nll 0.289, valid error 100.000%, best valid error 100.000%, avg grad norm  37.002, avg grad norm (post clip)   0.053, rho_Whh  1.13, Omega  0.00, alpha  0.000, steps in the past 0.000, valid nll 0.212
  [diag] log10|dL/dh_t| hist bins=60 range=(-5.34,-3.57) mean=-4.47 p50=-4.31 p05=-5.16 p95=-4.12
  [diag] sat-dist hist bins=60 sat<0.05=0.0% mean=0.637 p10=0.538 p90=0.690
Iter 0043020: train nll 0.271, valid error 100.000%, best valid error 100.000%, avg grad norm  46.114, avg grad norm (post clip)   0.053, rho_Whh  1.13, Omega  0.00, alpha  0.000, steps in the past 0.000, valid nll 0.234
  [diag] log10|dL/dh_t| hist bins=60 range=(-5.34,-3.57) mean=-4.38 p50=-4.13 p05=-5.15 p95=-4.09
  [diag] sat-dist hist bins=60 sat<0.05=0.0% mean=0.651 p10=0.545 p90=0.694
Iter 0043040: train nll 0.284, valid error 100.000%, best valid error 100.000%, avg grad norm  46.632, avg grad norm (post clip)   0.053, rho_Whh  1.14, Omega  0.00, alpha  0.000, steps in the past 0.000, valid nll 0.264
  [diag] log10|dL/dh_t| hist bins=60 range=(-5.34,-3.57) mean=-4.49 p50=-4.35 p05=-5.16 p95=-4.12
  [diag] sat-dist hist bins=60 sat<0.05=0.0% mean=0.635 p10=0.538 p90=0.690
Iter 0043060: train nll 0.278, valid error 100.000%, best valid error 100.000%, avg grad norm  38.557, avg grad norm (post clip)   0.053, rho_Whh  1.13, Omega  0.00, alpha  0.000, steps in the past 0.000, valid nll 0.232
  [diag] log10|dL/dh_t| hist bins=60 range=(-5.34,-3.57) mean=-4.49 p50=-4.36 p05=-5.16 p95=-4.13
  [diag] sat-dist hist bins=60 sat<0.05=0.0% mean=0.635 p10=0.538 p90=0.690
Iter 0043080: train nll 0.300, valid error 100.000%, best valid error 100.000%, avg grad norm  47.045, avg grad norm (post clip)   0.053, rho_Whh  1.13, Omega  0.00, alpha  0.000, steps in the past 0.000, valid nll 0.232
  [diag] log10|dL/dh_t| hist bins=60 range=(-5.34,-3.57) mean=-4.39 p50=-4.13 p05=-5.15 p95=-4.10
  [diag] sat-dist hist bins=60 sat<0.05=0.0% mean=0.650 p10=0.544 p90=0.693
Iter 0043100: train nll 0.288, valid error 100.000%, best valid error 100.000%, avg grad norm  40.624, avg grad norm (post clip)   0.053, rho_Whh  1.14, Omega  0.00, alpha  0.000, steps in the past 0.000, valid nll 0.261
  [diag] log10|dL/dh_t| hist bins=60 range=(-5.34,-3.57) mean=-4.49 p50=-4.35 p05=-5.16 p95=-4.13
  [diag] sat-dist hist bins=60 sat<0.05=0.0% mean=0.635 p10=0.538 p90=0.689
Iter 0043120: train nll 0.299, valid error 100.000%, best valid error 100.000%, avg grad norm  42.803, avg grad norm (post clip)   0.053, rho_Whh  1.13, Omega  0.00, alpha  0.000, steps in the past 0.000, valid nll 0.232
  [diag] log10|dL/dh_t| hist bins=60 range=(-5.34,-3.57) mean=-4.49 p50=-4.35 p05=-5.16 p95=-4.13
  [diag] sat-dist hist bins=60 sat<0.05=0.0% mean=0.636 p10=0.539 p90=0.689
Iter 0043140: train nll 0.298, valid error 100.000%, best valid error 100.000%, avg grad norm  43.194, avg grad norm (post clip)   0.053, rho_Whh  1.13, Omega  0.00, alpha  0.000, steps in the past 0.000, valid nll 0.232
  [diag] log10|dL/dh_t| hist bins=60 range=(-5.34,-3.57) mean=-4.68 p50=-4.78 p05=-5.18 p95=-4.17
  [diag] sat-dist hist bins=60 sat<0.05=0.0% mean=0.606 p10=0.533 p90=0.683
Iter 0043160: train nll 0.261, valid error 100.000%, best valid error 100.000%, avg grad norm  45.482, avg grad norm (post clip)   0.053, rho_Whh  1.13, Omega  0.00, alpha  0.000, steps in the past 0.000, valid nll 0.212
  [diag] log10|dL/dh_t| hist bins=60 range=(-5.34,-3.57) mean=-4.68 p50=-4.78 p05=-5.18 p95=-4.17
  [diag] sat-dist hist bins=60 sat<0.05=0.0% mean=0.605 p10=0.533 p90=0.683
Iter 0043180: train nll 0.273, valid error 100.000%, best valid error 100.000%, avg grad norm  40.693, avg grad norm (post clip)   0.053, rho_Whh  1.13, Omega  0.00, alpha  0.000, steps in the past 0.000, valid nll 0.212
  [diag] log10|dL/dh_t| hist bins=60 range=(-5.34,-3.57) mean=-4.49 p50=-4.35 p05=-5.16 p95=-4.13
  [diag] sat-dist hist bins=60 sat<0.05=0.0% mean=0.636 p10=0.539 p90=0.689
Iter 0043200: train nll 0.273, valid error 100.000%, best valid error 100.000%, avg grad norm  40.304, avg grad norm (post clip)   0.053, rho_Whh  1.13, Omega  0.00, alpha  0.000, steps in the past 0.000, valid nll 0.232
  [diag] log10|dL/dh_t| hist bins=60 range=(-5.34,-3.57) mean=-4.54 p50=-4.56 p05=-5.17 p95=-4.14
  [diag] sat-dist hist bins=60 sat<0.05=0.0% mean=0.627 p10=0.536 p90=0.688
Iter 0043220: train nll 0.272, valid error 100.000%, best valid error 100.000%, avg grad norm  44.916, avg grad norm (post clip)   0.053, rho_Whh  1.13, Omega  0.00, alpha  0.000, steps in the past 0.000, valid nll 0.221
  [diag] log10|dL/dh_t| hist bins=60 range=(-5.34,-3.57) mean=-4.42 p50=-4.15 p05=-5.15 p95=-4.11
  [diag] sat-dist hist bins=60 sat<0.05=0.0% mean=0.645 p10=0.542 p90=0.692
Iter 0043240: train nll 0.273, valid error 100.000%, best valid error 100.000%, avg grad norm  41.886, avg grad norm (post clip)   0.053, rho_Whh  1.13, Omega  0.00, alpha  0.000, steps in the past 0.000, valid nll 0.249
  [diag] log10|dL/dh_t| hist bins=60 range=(-5.34,-3.57) mean=-4.55 p50=-4.57 p05=-5.17 p95=-4.15
  [diag] sat-dist hist bins=60 sat<0.05=0.0% mean=0.626 p10=0.536 p90=0.687
Iter 0043260: train nll 0.261, valid error 100.000%, best valid error 100.000%, avg grad norm  47.570, avg grad norm (post clip)   0.053, rho_Whh  1.13, Omega  0.00, alpha  0.000, steps in the past 0.000, valid nll 0.220
  [diag] log10|dL/dh_t| hist bins=60 range=(-5.34,-3.57) mean=-4.55 p50=-4.58 p05=-5.17 p95=-4.15
  [diag] sat-dist hist bins=60 sat<0.05=0.0% mean=0.626 p10=0.536 p90=0.687
Iter 0043280: train nll 0.270, valid error 100.000%, best valid error 100.000%, avg grad norm  38.509, avg grad norm (post clip)   0.053, rho_Whh  1.13, Omega  0.00, alpha  0.000, steps in the past 0.000, valid nll 0.220
  [diag] log10|dL/dh_t| hist bins=60 range=(-5.34,-3.57) mean=-4.51 p50=-4.43 p05=-5.17 p95=-4.13
  [diag] sat-dist hist bins=60 sat<0.05=0.0% mean=0.633 p10=0.537 p90=0.689
Iter 0043300: train nll 0.274, valid error 100.000%, best valid error 100.000%, avg grad norm  45.687, avg grad norm (post clip)   0.053, rho_Whh  1.13, Omega  0.00, alpha  0.000, steps in the past 0.000, valid nll 0.228
  [diag] log10|dL/dh_t| hist bins=60 range=(-5.35,-3.57) mean=-4.73 p50=-4.82 p05=-5.18 p95=-4.18
  [diag] sat-dist hist bins=60 sat<0.05=0.0% mean=0.598 p10=0.531 p90=0.675
Iter 0043320: train nll 0.274, valid error 100.000%, best valid error 100.000%, avg grad norm  36.033, avg grad norm (post clip)   0.053, rho_Whh  1.13, Omega  0.00, alpha  0.000, steps in the past 0.000, valid nll 0.213
  [diag] log10|dL/dh_t| hist bins=60 range=(-5.34,-3.57) mean=-4.50 p50=-4.41 p05=-5.17 p95=-4.13
  [diag] sat-dist hist bins=60 sat<0.05=0.0% mean=0.633 p10=0.537 p90=0.689
Iter 0043340: train nll 0.301, valid error 100.000%, best valid error 100.000%, avg grad norm  47.530, avg grad norm (post clip)   0.053, rho_Whh  1.13, Omega  0.00, alpha  0.000, steps in the past 0.000, valid nll 0.228
  [diag] log10|dL/dh_t| hist bins=60 range=(-5.35,-3.57) mean=-4.72 p50=-4.81 p05=-5.18 p95=-4.18
  [diag] sat-dist hist bins=60 sat<0.05=0.0% mean=0.599 p10=0.532 p90=0.676
Iter 0043360: train nll 0.300, valid error 100.000%, best valid error 100.000%, avg grad norm  44.096, avg grad norm (post clip)   0.053, rho_Whh  1.13, Omega  0.00, alpha  0.000, steps in the past 0.000, valid nll 0.213
  [diag] log10|dL/dh_t| hist bins=60 range=(-5.34,-3.57) mean=-4.40 p50=-4.14 p05=-5.15 p95=-4.10
  [diag] sat-dist hist bins=60 sat<0.05=0.0% mean=0.649 p10=0.544 p90=0.693
Iter 0043380: train nll 0.324, valid error 100.000%, best valid error 100.000%, avg grad norm  42.107, avg grad norm (post clip)   0.053, rho_Whh  1.14, Omega  0.00, alpha  0.000, steps in the past 0.000, valid nll 0.257
  [diag] log10|dL/dh_t| hist bins=60 range=(-5.34,-3.57) mean=-4.50 p50=-4.41 p05=-5.16 p95=-4.14
  [diag] sat-dist hist bins=60 sat<0.05=0.0% mean=0.633 p10=0.538 p90=0.689
Iter 0043400: train nll 0.296, valid error 100.000%, best valid error 100.000%, avg grad norm  39.439, avg grad norm (post clip)   0.053, rho_Whh  1.13, Omega  0.00, alpha  0.000, steps in the past 0.000, valid nll 0.228
  [diag] log10|dL/dh_t| hist bins=60 range=(-5.35,-3.57) mean=-4.53 p50=-4.52 p05=-5.17 p95=-4.14
  [diag] sat-dist hist bins=60 sat<0.05=0.0% mean=0.629 p10=0.536 p90=0.689
Iter 0043420: train nll 0.253, valid error 100.000%, best valid error 100.000%, avg grad norm  42.711, avg grad norm (post clip)   0.053, rho_Whh  1.13, Omega  0.00, alpha  0.000, steps in the past 0.000, valid nll 0.223
  [diag] log10|dL/dh_t| hist bins=60 range=(-5.35,-3.57) mean=-4.55 p50=-4.57 p05=-5.17 p95=-4.14
  [diag] sat-dist hist bins=60 sat<0.05=0.0% mean=0.626 p10=0.535 p90=0.689
Iter 0043440: train nll 0.270, valid error 100.000%, best valid error 100.000%, avg grad norm  42.664, avg grad norm (post clip)   0.053, rho_Whh  1.13, Omega  0.00, alpha  0.000, steps in the past 0.000, valid nll 0.220
  [diag] log10|dL/dh_t| hist bins=60 range=(-5.35,-3.57) mean=-4.55 p50=-4.58 p05=-5.17 p95=-4.14
  [diag] sat-dist hist bins=60 sat<0.05=0.0% mean=0.626 p10=0.535 p90=0.689
Iter 0043460: train nll 0.289, valid error 100.000%, best valid error 100.000%, avg grad norm  42.449, avg grad norm (post clip)   0.053, rho_Whh  1.13, Omega  0.00, alpha  0.000, steps in the past 0.000, valid nll 0.220
  [diag] log10|dL/dh_t| hist bins=60 range=(-5.35,-3.57) mean=-4.55 p50=-4.58 p05=-5.17 p95=-4.14
  [diag] sat-dist hist bins=60 sat<0.05=0.0% mean=0.626 p10=0.535 p90=0.688
Iter 0043480: train nll 0.267, valid error 100.000%, best valid error 100.000%, avg grad norm  53.090, avg grad norm (post clip)   0.053, rho_Whh  1.13, Omega  0.00, alpha  0.000, steps in the past 0.000, valid nll 0.220
  [diag] log10|dL/dh_t| hist bins=60 range=(-5.34,-3.57) mean=-4.42 p50=-4.14 p05=-5.16 p95=-4.10
  [diag] sat-dist hist bins=60 sat<0.05=0.0% mean=0.645 p10=0.541 p90=0.693
Iter 0043500: train nll 0.267, valid error 100.000%, best valid error 100.000%, avg grad norm  48.494, avg grad norm (post clip)   0.053, rho_Whh  1.14, Omega  0.00, alpha  0.000, steps in the past 0.000, valid nll 0.249
  [diag] log10|dL/dh_t| hist bins=60 range=(-5.34,-3.57) mean=-4.42 p50=-4.14 p05=-5.16 p95=-4.10
  [diag] sat-dist hist bins=60 sat<0.05=0.0% mean=0.645 p10=0.541 p90=0.692
Iter 0043520: train nll 0.266, valid error 100.000%, best valid error 100.000%, avg grad norm  44.024, avg grad norm (post clip)   0.053, rho_Whh  1.14, Omega  0.00, alpha  0.000, steps in the past 0.000, valid nll 0.249
  [diag] log10|dL/dh_t| hist bins=60 range=(-5.35,-3.57) mean=-4.55 p50=-4.57 p05=-5.17 p95=-4.14
  [diag] sat-dist hist bins=60 sat<0.05=0.0% mean=0.626 p10=0.535 p90=0.688
Iter 0043540: train nll 0.264, valid error 100.000%, best valid error 100.000%, avg grad norm  44.320, avg grad norm (post clip)   0.053, rho_Whh  1.13, Omega  0.00, alpha  0.000, steps in the past 0.000, valid nll 0.220
  [diag] log10|dL/dh_t| hist bins=60 range=(-5.35,-3.48) mean=-4.83 p50=-4.89 p05=-5.19 p95=-4.24
  [diag] sat-dist hist bins=60 sat<0.05=0.0% mean=0.578 p10=0.530 p90=0.618
Iter 0043560: train nll 0.234, valid error 100.000%, best valid error 100.000%, avg grad norm  53.410, avg grad norm (post clip)   0.053, rho_Whh  1.13, Omega  0.00, alpha  0.000, steps in the past 0.000, valid nll 0.229
  [diag] log10|dL/dh_t| hist bins=60 range=(-5.34,-3.57) mean=-4.42 p50=-4.15 p05=-5.16 p95=-4.11
  [diag] sat-dist hist bins=60 sat<0.05=0.0% mean=0.645 p10=0.542 p90=0.692
Iter 0043580: train nll 0.324, valid error 100.000%, best valid error 100.000%, avg grad norm  43.090, avg grad norm (post clip)   0.053, rho_Whh  1.14, Omega  0.00, alpha  0.000, steps in the past 0.000, valid nll 0.249
  [diag] log10|dL/dh_t| hist bins=60 range=(-5.35,-3.48) mean=-4.83 p50=-4.88 p05=-5.18 p95=-4.24
  [diag] sat-dist hist bins=60 sat<0.05=0.0% mean=0.579 p10=0.530 p90=0.621
Iter 0043600: train nll 0.256, valid error 100.000%, best valid error 100.000%, avg grad norm  42.473, avg grad norm (post clip)   0.053, rho_Whh  1.13, Omega  0.00, alpha  0.000, steps in the past 0.000, valid nll 0.228
  [diag] log10|dL/dh_t| hist bins=60 range=(-5.35,-3.57) mean=-4.55 p50=-4.57 p05=-5.17 p95=-4.15
  [diag] sat-dist hist bins=60 sat<0.05=0.0% mean=0.626 p10=0.536 p90=0.687
Iter 0043620: train nll 0.267, valid error 100.000%, best valid error 100.000%, avg grad norm  48.101, avg grad norm (post clip)   0.053, rho_Whh  1.13, Omega  0.00, alpha  0.000, steps in the past 0.000, valid nll 0.220
  [diag] log10|dL/dh_t| hist bins=60 range=(-5.35,-3.57) mean=-4.58 p50=-4.66 p05=-5.17 p95=-4.15
  [diag] sat-dist hist bins=60 sat<0.05=0.0% mean=0.621 p10=0.534 p90=0.687
Iter 0043640: train nll 0.266, valid error 100.000%, best valid error 100.000%, avg grad norm  42.757, avg grad norm (post clip)   0.053, rho_Whh  1.13, Omega  0.00, alpha  0.000, steps in the past 0.000, valid nll 0.216
  [diag] log10|dL/dh_t| hist bins=60 range=(-5.34,-3.57) mean=-4.44 p50=-4.20 p05=-5.16 p95=-4.12
  [diag] sat-dist hist bins=60 sat<0.05=0.0% mean=0.643 p10=0.541 p90=0.691
Iter 0043660: train nll 0.272, valid error 100.000%, best valid error 100.000%, avg grad norm  47.633, avg grad norm (post clip)   0.053, rho_Whh  1.14, Omega  0.00, alpha  0.000, steps in the past 0.000, valid nll 0.243
  [diag] log10|dL/dh_t| hist bins=60 range=(-5.35,-3.57) mean=-4.59 p50=-4.66 p05=-5.17 p95=-4.15
  [diag] sat-dist hist bins=60 sat<0.05=0.0% mean=0.620 p10=0.534 p90=0.687
Iter 0043680: train nll 0.259, valid error 100.000%, best valid error 100.000%, avg grad norm  44.744, avg grad norm (post clip)   0.053, rho_Whh  1.13, Omega  0.00, alpha  0.000, steps in the past 0.000, valid nll 0.216
  [diag] log10|dL/dh_t| hist bins=60 range=(-5.34,-3.57) mean=-4.46 p50=-4.25 p05=-5.16 p95=-4.12
  [diag] sat-dist hist bins=60 sat<0.05=0.0% mean=0.640 p10=0.539 p90=0.691
Iter 0043700: train nll 0.295, valid error 100.000%, best valid error 100.000%, avg grad norm  42.501, avg grad norm (post clip)   0.053, rho_Whh  1.14, Omega  0.00, alpha  0.000, steps in the past 0.000, valid nll 0.238
  [diag] log10|dL/dh_t| hist bins=60 range=(-5.35,-3.57) mean=-4.62 p50=-4.72 p05=-5.18 p95=-4.16
  [diag] sat-dist hist bins=60 sat<0.05=0.0% mean=0.615 p10=0.533 p90=0.687
Iter 0043720: train nll 0.271, valid error 100.000%, best valid error 100.000%, avg grad norm  44.686, avg grad norm (post clip)   0.053, rho_Whh  1.13, Omega  0.00, alpha  0.000, steps in the past 0.000, valid nll 0.213
  [diag] log10|dL/dh_t| hist bins=60 range=(-5.34,-3.57) mean=-4.37 p50=-4.12 p05=-5.15 p95=-4.08
  [diag] sat-dist hist bins=60 sat<0.05=0.0% mean=0.654 p10=0.545 p90=0.695
Iter 0043740: train nll 0.288, valid error 100.000%, best valid error 100.000%, avg grad norm  42.902, avg grad norm (post clip)   0.053, rho_Whh  1.14, Omega  0.00, alpha  0.000, steps in the past 0.000, valid nll 0.268
  [diag] log10|dL/dh_t| hist bins=60 range=(-5.34,-3.57) mean=-4.46 p50=-4.24 p05=-5.16 p95=-4.12
  [diag] sat-dist hist bins=60 sat<0.05=0.0% mean=0.641 p10=0.539 p90=0.691
Iter 0043760: train nll 0.260, valid error 100.000%, best valid error 100.000%, avg grad norm  43.416, avg grad norm (post clip)   0.053, rho_Whh  1.14, Omega  0.00, alpha  0.000, steps in the past 0.000, valid nll 0.239
  [diag] log10|dL/dh_t| hist bins=60 range=(-5.34,-3.57) mean=-4.46 p50=-4.24 p05=-5.16 p95=-4.12
  [diag] sat-dist hist bins=60 sat<0.05=0.0% mean=0.641 p10=0.540 p90=0.691
Iter 0043780: train nll 0.302, valid error 100.000%, best valid error 100.000%, avg grad norm  45.051, avg grad norm (post clip)   0.053, rho_Whh  1.14, Omega  0.00, alpha  0.000, steps in the past 0.000, valid nll 0.239
  [diag] log10|dL/dh_t| hist bins=60 range=(-5.35,-3.57) mean=-4.62 p50=-4.72 p05=-5.18 p95=-4.16
  [diag] sat-dist hist bins=60 sat<0.05=0.0% mean=0.615 p10=0.533 p90=0.687
Iter 0043800: train nll 0.280, valid error 100.000%, best valid error 100.000%, avg grad norm  34.508, avg grad norm (post clip)   0.053, rho_Whh  1.13, Omega  0.00, alpha  0.000, steps in the past 0.000, valid nll 0.213
  [diag] log10|dL/dh_t| hist bins=60 range=(-5.35,-3.57) mean=-4.62 p50=-4.72 p05=-5.18 p95=-4.16
  [diag] sat-dist hist bins=60 sat<0.05=0.0% mean=0.615 p10=0.533 p90=0.687
Iter 0043820: train nll 0.266, valid error 100.000%, best valid error 100.000%, avg grad norm  47.740, avg grad norm (post clip)   0.053, rho_Whh  1.13, Omega  0.00, alpha  0.000, steps in the past 0.000, valid nll 0.213
  [diag] log10|dL/dh_t| hist bins=60 range=(-5.35,-3.57) mean=-4.45 p50=-4.21 p05=-5.16 p95=-4.11
  [diag] sat-dist hist bins=60 sat<0.05=0.0% mean=0.642 p10=0.539 p90=0.692
Iter 0043840: train nll 0.248, valid error 100.000%, best valid error 100.000%, avg grad norm  41.122, avg grad norm (post clip)   0.053, rho_Whh  1.14, Omega  0.00, alpha  0.000, steps in the past 0.000, valid nll 0.242
  [diag] log10|dL/dh_t| hist bins=60 range=(-5.35,-3.57) mean=-4.60 p50=-4.68 p05=-5.18 p95=-4.15
  [diag] sat-dist hist bins=60 sat<0.05=0.0% mean=0.619 p10=0.534 p90=0.688
Iter 0043860: train nll 0.289, valid error 100.000%, best valid error 100.000%, avg grad norm  46.085, avg grad norm (post clip)   0.053, rho_Whh  1.13, Omega  0.00, alpha  0.000, steps in the past 0.000, valid nll 0.215
  [diag] log10|dL/dh_t| hist bins=60 range=(-5.35,-3.57) mean=-4.60 p50=-4.68 p05=-5.18 p95=-4.15
  [diag] sat-dist hist bins=60 sat<0.05=0.0% mean=0.619 p10=0.534 p90=0.687
Iter 0043880: train nll 0.286, valid error 100.000%, best valid error 100.000%, avg grad norm  38.037, avg grad norm (post clip)   0.053, rho_Whh  1.13, Omega  0.00, alpha  0.000, steps in the past 0.000, valid nll 0.215
  [diag] log10|dL/dh_t| hist bins=60 range=(-5.35,-3.58) mean=-4.61 p50=-4.70 p05=-5.18 p95=-4.15
  [diag] sat-dist hist bins=60 sat<0.05=0.0% mean=0.617 p10=0.533 p90=0.688
Iter 0043900: train nll 0.258, valid error 100.000%, best valid error 100.000%, avg grad norm  44.988, avg grad norm (post clip)   0.053, rho_Whh  1.14, Omega  0.00, alpha  0.000, steps in the past 0.000, valid nll 0.214
  [diag] log10|dL/dh_t| hist bins=60 range=(-5.35,-3.58) mean=-4.65 p50=-4.76 p05=-5.18 p95=-4.15
  [diag] sat-dist hist bins=60 sat<0.05=0.0% mean=0.610 p10=0.532 p90=0.687
Iter 0043920: train nll 0.279, valid error 100.000%, best valid error 100.000%, avg grad norm  40.741, avg grad norm (post clip)   0.053, rho_Whh  1.14, Omega  0.00, alpha  0.000, steps in the past 0.000, valid nll 0.212
  [diag] log10|dL/dh_t| hist bins=60 range=(-5.35,-3.58) mean=-4.65 p50=-4.76 p05=-5.18 p95=-4.15
  [diag] sat-dist hist bins=60 sat<0.05=0.0% mean=0.611 p10=0.532 p90=0.687
Iter 0043940: train nll 0.297, valid error 100.000%, best valid error 100.000%, avg grad norm  47.102, avg grad norm (post clip)   0.053, rho_Whh  1.14, Omega  0.00, alpha  0.000, steps in the past 0.000, valid nll 0.212
  [diag] log10|dL/dh_t| hist bins=60 range=(-5.35,-3.58) mean=-4.65 p50=-4.76 p05=-5.18 p95=-4.15
  [diag] sat-dist hist bins=60 sat<0.05=0.0% mean=0.611 p10=0.532 p90=0.687
Iter 0043960: train nll 0.315, valid error 100.000%, best valid error 100.000%, avg grad norm  47.079, avg grad norm (post clip)   0.053, rho_Whh  1.14, Omega  0.00, alpha  0.000, steps in the past 0.000, valid nll 0.212
  [diag] log10|dL/dh_t| hist bins=60 range=(-5.35,-3.57) mean=-4.65 p50=-4.76 p05=-5.18 p95=-4.16
  [diag] sat-dist hist bins=60 sat<0.05=0.0% mean=0.611 p10=0.532 p90=0.687
Iter 0043980: train nll 0.286, valid error 100.000%, best valid error 100.000%, avg grad norm  50.815, avg grad norm (post clip)   0.053, rho_Whh  1.14, Omega  0.00, alpha  0.000, steps in the past 0.000, valid nll 0.212
  [diag] log10|dL/dh_t| hist bins=60 range=(-5.35,-3.57) mean=-4.47 p50=-4.28 p05=-5.17 p95=-4.12
  [diag] sat-dist hist bins=60 sat<0.05=0.0% mean=0.638 p10=0.538 p90=0.691
Iter 0044000: train nll 0.296, valid error 100.000%, best valid error 100.000%, avg grad norm  43.404, avg grad norm (post clip)   0.053, rho_Whh  1.14, Omega  0.00, alpha  0.000, steps in the past 0.000, valid nll 0.235
  [diag] log10|dL/dh_t| hist bins=60 range=(-5.35,-3.57) mean=-4.47 p50=-4.28 p05=-5.17 p95=-4.12
  [diag] sat-dist hist bins=60 sat<0.05=0.0% mean=0.638 p10=0.538 p90=0.691
Iter 0044020: train nll 0.291, valid error 100.000%, best valid error 100.000%, avg grad norm  35.280, avg grad norm (post clip)   0.053, rho_Whh  1.14, Omega  0.00, alpha  0.000, steps in the past 0.000, valid nll 0.235
  [diag] log10|dL/dh_t| hist bins=60 range=(-5.35,-3.57) mean=-4.47 p50=-4.28 p05=-5.17 p95=-4.12
  [diag] sat-dist hist bins=60 sat<0.05=0.0% mean=0.638 p10=0.538 p90=0.691
Iter 0044040: train nll 0.307, valid error 100.000%, best valid error 100.000%, avg grad norm  44.288, avg grad norm (post clip)   0.053, rho_Whh  1.14, Omega  0.00, alpha  0.000, steps in the past 0.000, valid nll 0.235
  [diag] log10|dL/dh_t| hist bins=60 range=(-5.35,-3.57) mean=-4.65 p50=-4.75 p05=-5.18 p95=-4.16
  [diag] sat-dist hist bins=60 sat<0.05=0.0% mean=0.611 p10=0.533 p90=0.687
Iter 0044060: train nll 0.293, valid error 100.000%, best valid error 100.000%, avg grad norm  43.983, avg grad norm (post clip)   0.053, rho_Whh  1.13, Omega  0.00, alpha  0.000, steps in the past 0.000, valid nll 0.212
  [diag] log10|dL/dh_t| hist bins=60 range=(-5.35,-3.57) mean=-4.51 p50=-4.43 p05=-5.17 p95=-4.13
  [diag] sat-dist hist bins=60 sat<0.05=0.0% mean=0.633 p10=0.537 p90=0.690
Iter 0044080: train nll 0.273, valid error 100.000%, best valid error 100.000%, avg grad norm  43.807, avg grad norm (post clip)   0.053, rho_Whh  1.14, Omega  0.00, alpha  0.000, steps in the past 0.000, valid nll 0.227
  [diag] log10|dL/dh_t| hist bins=60 range=(-5.35,-3.57) mean=-4.51 p50=-4.43 p05=-5.17 p95=-4.13
  [diag] sat-dist hist bins=60 sat<0.05=0.0% mean=0.633 p10=0.537 p90=0.690
Iter 0044100: train nll 0.277, valid error 100.000%, best valid error 100.000%, avg grad norm  46.515, avg grad norm (post clip)   0.053, rho_Whh  1.14, Omega  0.00, alpha  0.000, steps in the past 0.000, valid nll 0.227
  [diag] log10|dL/dh_t| hist bins=60 range=(-5.35,-3.57) mean=-4.51 p50=-4.43 p05=-5.17 p95=-4.13
  [diag] sat-dist hist bins=60 sat<0.05=0.0% mean=0.633 p10=0.537 p90=0.690
Iter 0044120: train nll 0.249, valid error 100.000%, best valid error 100.000%, avg grad norm  55.642, avg grad norm (post clip)   0.053, rho_Whh  1.14, Omega  0.00, alpha  0.000, steps in the past 0.000, valid nll 0.227
  [diag] log10|dL/dh_t| hist bins=60 range=(-5.35,-3.57) mean=-4.51 p50=-4.42 p05=-5.17 p95=-4.13
  [diag] sat-dist hist bins=60 sat<0.05=0.0% mean=0.633 p10=0.537 p90=0.690
Iter 0044140: train nll 0.304, valid error 100.000%, best valid error 100.000%, avg grad norm  40.465, avg grad norm (post clip)   0.053, rho_Whh  1.14, Omega  0.00, alpha  0.000, steps in the past 0.000, valid nll 0.227
  [diag] log10|dL/dh_t| hist bins=60 range=(-5.35,-3.57) mean=-4.73 p50=-4.83 p05=-5.18 p95=-4.18
  [diag] sat-dist hist bins=60 sat<0.05=0.0% mean=0.597 p10=0.531 p90=0.675
Iter 0044160: train nll 0.262, valid error 100.000%, best valid error 100.000%, avg grad norm  42.163, avg grad norm (post clip)   0.053, rho_Whh  1.14, Omega  0.00, alpha  0.000, steps in the past 0.000, valid nll 0.213
  [diag] log10|dL/dh_t| hist bins=60 range=(-5.35,-3.57) mean=-4.73 p50=-4.83 p05=-5.18 p95=-4.18
  [diag] sat-dist hist bins=60 sat<0.05=0.0% mean=0.597 p10=0.531 p90=0.675
Iter 0044180: train nll 0.268, valid error 100.000%, best valid error 100.000%, avg grad norm  45.469, avg grad norm (post clip)   0.053, rho_Whh  1.14, Omega  0.00, alpha  0.000, steps in the past 0.000, valid nll 0.213
  [diag] log10|dL/dh_t| hist bins=60 range=(-5.35,-3.57) mean=-4.50 p50=-4.42 p05=-5.17 p95=-4.13
  [diag] sat-dist hist bins=60 sat<0.05=0.0% mean=0.633 p10=0.537 p90=0.690
Iter 0044200: train nll 0.302, valid error 100.000%, best valid error 100.000%, avg grad norm  43.897, avg grad norm (post clip)   0.053, rho_Whh  1.14, Omega  0.00, alpha  0.000, steps in the past 0.000, valid nll 0.228
  [diag] log10|dL/dh_t| hist bins=60 range=(-5.35,-3.57) mean=-4.50 p50=-4.41 p05=-5.17 p95=-4.13
  [diag] sat-dist hist bins=60 sat<0.05=0.0% mean=0.634 p10=0.537 p90=0.690
Iter 0044220: train nll 0.262, valid error 100.000%, best valid error 100.000%, avg grad norm  43.404, avg grad norm (post clip)   0.053, rho_Whh  1.14, Omega  0.00, alpha  0.000, steps in the past 0.000, valid nll 0.228
  [diag] log10|dL/dh_t| hist bins=60 range=(-5.35,-3.57) mean=-4.50 p50=-4.41 p05=-5.17 p95=-4.14
  [diag] sat-dist hist bins=60 sat<0.05=0.0% mean=0.634 p10=0.537 p90=0.689
Iter 0044240: train nll 0.312, valid error 100.000%, best valid error 100.000%, avg grad norm  42.681, avg grad norm (post clip)   0.053, rho_Whh  1.14, Omega  0.00, alpha  0.000, steps in the past 0.000, valid nll 0.228
  [diag] log10|dL/dh_t| hist bins=60 range=(-5.35,-3.57) mean=-4.50 p50=-4.38 p05=-5.17 p95=-4.13
  [diag] sat-dist hist bins=60 sat<0.05=0.0% mean=0.635 p10=0.538 p90=0.690
Iter 0044260: train nll 0.240, valid error 100.000%, best valid error 100.000%, avg grad norm  46.833, avg grad norm (post clip)   0.053, rho_Whh  1.14, Omega  0.00, alpha  0.000, steps in the past 0.000, valid nll 0.229
  [diag] log10|dL/dh_t| hist bins=60 range=(-5.35,-3.57) mean=-4.40 p50=-4.13 p05=-5.16 p95=-4.10
  [diag] sat-dist hist bins=60 sat<0.05=0.0% mean=0.649 p10=0.543 p90=0.694
Iter 0044280: train nll 0.280, valid error 100.000%, best valid error 100.000%, avg grad norm  38.708, avg grad norm (post clip)   0.053, rho_Whh  1.14, Omega  0.00, alpha  0.000, steps in the past 0.000, valid nll 0.257
  [diag] log10|dL/dh_t| hist bins=60 range=(-5.35,-3.57) mean=-4.73 p50=-4.83 p05=-5.19 p95=-4.18
  [diag] sat-dist hist bins=60 sat<0.05=0.0% mean=0.597 p10=0.531 p90=0.676
Iter 0044300: train nll 0.252, valid error 100.000%, best valid error 100.000%, avg grad norm  41.554, avg grad norm (post clip)   0.053, rho_Whh  1.14, Omega  0.00, alpha  0.000, steps in the past 0.000, valid nll 0.212
  [diag] log10|dL/dh_t| hist bins=60 range=(-5.35,-3.57) mean=-4.50 p50=-4.41 p05=-5.17 p95=-4.12
  [diag] sat-dist hist bins=60 sat<0.05=0.0% mean=0.634 p10=0.536 p90=0.691
Iter 0044320: train nll 0.239, valid error 100.000%, best valid error 100.000%, avg grad norm  47.721, avg grad norm (post clip)   0.053, rho_Whh  1.14, Omega  0.00, alpha  0.000, steps in the past 0.000, valid nll 0.228
  [diag] log10|dL/dh_t| hist bins=60 range=(-5.35,-3.57) mean=-4.51 p50=-4.43 p05=-5.17 p95=-4.13
  [diag] sat-dist hist bins=60 sat<0.05=0.0% mean=0.633 p10=0.536 p90=0.691
Iter 0044340: train nll 0.274, valid error 100.000%, best valid error 100.000%, avg grad norm  35.824, avg grad norm (post clip)   0.053, rho_Whh  1.14, Omega  0.00, alpha  0.000, steps in the past 0.000, valid nll 0.227
  [diag] log10|dL/dh_t| hist bins=60 range=(-5.35,-3.57) mean=-4.75 p50=-4.84 p05=-5.19 p95=-4.19
  [diag] sat-dist hist bins=60 sat<0.05=0.0% mean=0.595 p10=0.530 p90=0.672
Iter 0044360: train nll 0.276, valid error 100.000%, best valid error 100.000%, avg grad norm  38.749, avg grad norm (post clip)   0.053, rho_Whh  1.14, Omega  0.00, alpha  0.000, steps in the past 0.000, valid nll 0.213
  [diag] log10|dL/dh_t| hist bins=60 range=(-5.35,-3.57) mean=-4.51 p50=-4.43 p05=-5.17 p95=-4.13
  [diag] sat-dist hist bins=60 sat<0.05=0.0% mean=0.633 p10=0.536 p90=0.691
Iter 0044380: train nll 0.253, valid error 100.000%, best valid error 100.000%, avg grad norm  48.229, avg grad norm (post clip)   0.053, rho_Whh  1.14, Omega  0.00, alpha  0.000, steps in the past 0.000, valid nll 0.227
  [diag] log10|dL/dh_t| hist bins=60 range=(-5.35,-3.58) mean=-4.51 p50=-4.43 p05=-5.17 p95=-4.12
  [diag] sat-dist hist bins=60 sat<0.05=0.0% mean=0.633 p10=0.536 p90=0.691
Iter 0044400: train nll 0.260, valid error 100.000%, best valid error 100.000%, avg grad norm  35.383, avg grad norm (post clip)   0.053, rho_Whh  1.14, Omega  0.00, alpha  0.000, steps in the past 0.000, valid nll 0.227
  [diag] log10|dL/dh_t| hist bins=60 range=(-5.35,-3.58) mean=-4.51 p50=-4.43 p05=-5.17 p95=-4.12
  [diag] sat-dist hist bins=60 sat<0.05=0.0% mean=0.633 p10=0.536 p90=0.691
Iter 0044420: train nll 0.284, valid error 100.000%, best valid error 100.000%, avg grad norm  37.584, avg grad norm (post clip)   0.053, rho_Whh  1.14, Omega  0.00, alpha  0.000, steps in the past 0.000, valid nll 0.227
  [diag] log10|dL/dh_t| hist bins=60 range=(-5.35,-3.58) mean=-4.47 p50=-4.26 p05=-5.17 p95=-4.10
  [diag] sat-dist hist bins=60 sat<0.05=0.0% mean=0.639 p10=0.537 p90=0.693
Iter 0044440: train nll 0.257, valid error 100.000%, best valid error 100.000%, avg grad norm  43.975, avg grad norm (post clip)   0.053, rho_Whh  1.14, Omega  0.00, alpha  0.000, steps in the past 0.000, valid nll 0.236
  [diag] log10|dL/dh_t| hist bins=60 range=(-5.35,-3.58) mean=-4.47 p50=-4.29 p05=-5.17 p95=-4.10
  [diag] sat-dist hist bins=60 sat<0.05=0.0% mean=0.638 p10=0.537 p90=0.693
Iter 0044460: train nll 0.277, valid error 100.000%, best valid error 100.000%, avg grad norm  48.643, avg grad norm (post clip)   0.053, rho_Whh  1.14, Omega  0.00, alpha  0.000, steps in the past 0.000, valid nll 0.235
  [diag] log10|dL/dh_t| hist bins=60 range=(-5.35,-3.58) mean=-4.52 p50=-4.50 p05=-5.18 p95=-4.11
  [diag] sat-dist hist bins=60 sat<0.05=0.0% mean=0.630 p10=0.534 p90=0.692
Iter 0044480: train nll 0.275, valid error 100.000%, best valid error 100.000%, avg grad norm  45.057, avg grad norm (post clip)   0.053, rho_Whh  1.14, Omega  0.00, alpha  0.000, steps in the past 0.000, valid nll 0.224
  [diag] log10|dL/dh_t| hist bins=60 range=(-5.35,-3.57) mean=-4.41 p50=-4.12 p05=-5.17 p95=-4.08
  [diag] sat-dist hist bins=60 sat<0.05=0.0% mean=0.648 p10=0.540 p90=0.696
Iter 0044500: train nll 0.288, valid error 100.000%, best valid error 100.000%, avg grad norm  46.224, avg grad norm (post clip)   0.053, rho_Whh  1.14, Omega  0.00, alpha  0.000, steps in the past 0.000, valid nll 0.256
  [diag] log10|dL/dh_t| hist bins=60 range=(-5.35,-3.57) mean=-4.41 p50=-4.12 p05=-5.16 p95=-4.08
  [diag] sat-dist hist bins=60 sat<0.05=0.0% mean=0.648 p10=0.540 p90=0.696
Iter 0044520: train nll 0.275, valid error 100.000%, best valid error 100.000%, avg grad norm  50.812, avg grad norm (post clip)   0.053, rho_Whh  1.14, Omega  0.00, alpha  0.000, steps in the past 0.000, valid nll 0.255
  [diag] log10|dL/dh_t| hist bins=60 range=(-5.35,-3.58) mean=-4.52 p50=-4.50 p05=-5.18 p95=-4.11
  [diag] sat-dist hist bins=60 sat<0.05=0.0% mean=0.630 p10=0.534 p90=0.692
Iter 0044540: train nll 0.264, valid error 100.000%, best valid error 100.000%, avg grad norm  39.197, avg grad norm (post clip)   0.053, rho_Whh  1.14, Omega  0.00, alpha  0.000, steps in the past 0.000, valid nll 0.224
  [diag] log10|dL/dh_t| hist bins=60 range=(-5.36,-3.52) mean=-4.81 p50=-4.88 p05=-5.19 p95=-4.24
  [diag] sat-dist hist bins=60 sat<0.05=0.0% mean=0.584 p10=0.529 p90=0.644
Iter 0044560: train nll 0.261, valid error 100.000%, best valid error 100.000%, avg grad norm  46.339, avg grad norm (post clip)   0.053, rho_Whh  1.14, Omega  0.00, alpha  0.000, steps in the past 0.000, valid nll 0.219
  [diag] log10|dL/dh_t| hist bins=60 range=(-5.36,-3.52) mean=-4.80 p50=-4.88 p05=-5.19 p95=-4.24
  [diag] sat-dist hist bins=60 sat<0.05=0.0% mean=0.585 p10=0.529 p90=0.645
Iter 0044580: train nll 0.274, valid error 100.000%, best valid error 100.000%, avg grad norm  47.744, avg grad norm (post clip)   0.053, rho_Whh  1.14, Omega  0.00, alpha  0.000, steps in the past 0.000, valid nll 0.219
  [diag] log10|dL/dh_t| hist bins=60 range=(-5.35,-3.58) mean=-4.52 p50=-4.50 p05=-5.18 p95=-4.12
  [diag] sat-dist hist bins=60 sat<0.05=0.0% mean=0.630 p10=0.534 p90=0.692
Iter 0044600: train nll 0.259, valid error 100.000%, best valid error 100.000%, avg grad norm  46.895, avg grad norm (post clip)   0.053, rho_Whh  1.14, Omega  0.00, alpha  0.000, steps in the past 0.000, valid nll 0.224
  [diag] log10|dL/dh_t| hist bins=60 range=(-5.35,-3.58) mean=-4.52 p50=-4.50 p05=-5.18 p95=-4.12
  [diag] sat-dist hist bins=60 sat<0.05=0.0% mean=0.630 p10=0.535 p90=0.692
Iter 0044620: train nll 0.276, valid error 100.000%, best valid error 100.000%, avg grad norm  47.035, avg grad norm (post clip)   0.053, rho_Whh  1.14, Omega  0.00, alpha  0.000, steps in the past 0.000, valid nll 0.224
  [diag] log10|dL/dh_t| hist bins=60 range=(-5.35,-3.58) mean=-4.52 p50=-4.49 p05=-5.18 p95=-4.12
  [diag] sat-dist hist bins=60 sat<0.05=0.0% mean=0.630 p10=0.535 p90=0.691
Iter 0044640: train nll 0.276, valid error 100.000%, best valid error 100.000%, avg grad norm  48.153, avg grad norm (post clip)   0.053, rho_Whh  1.14, Omega  0.00, alpha  0.000, steps in the past 0.000, valid nll 0.224
  [diag] log10|dL/dh_t| hist bins=60 range=(-5.35,-3.58) mean=-4.51 p50=-4.46 p05=-5.18 p95=-4.12
  [diag] sat-dist hist bins=60 sat<0.05=0.0% mean=0.632 p10=0.535 p90=0.692
Iter 0044660: train nll 0.245, valid error 100.000%, best valid error 100.000%, avg grad norm  48.101, avg grad norm (post clip)   0.053, rho_Whh  1.14, Omega  0.00, alpha  0.000, steps in the past 0.000, valid nll 0.226
  [diag] log10|dL/dh_t| hist bins=60 range=(-5.35,-3.58) mean=-4.56 p50=-4.61 p05=-5.18 p95=-4.12
  [diag] sat-dist hist bins=60 sat<0.05=0.0% mean=0.625 p10=0.533 p90=0.691
Iter 0044680: train nll 0.261, valid error 100.000%, best valid error 100.000%, avg grad norm  48.453, avg grad norm (post clip)   0.053, rho_Whh  1.14, Omega  0.00, alpha  0.000, steps in the past 0.000, valid nll 0.218
  [diag] log10|dL/dh_t| hist bins=60 range=(-5.35,-3.58) mean=-4.56 p50=-4.61 p05=-5.18 p95=-4.12
  [diag] sat-dist hist bins=60 sat<0.05=0.0% mean=0.625 p10=0.533 p90=0.691
Iter 0044700: train nll 0.270, valid error 100.000%, best valid error 100.000%, avg grad norm  50.631, avg grad norm (post clip)   0.053, rho_Whh  1.14, Omega  0.00, alpha  0.000, steps in the past 0.000, valid nll 0.218
  [diag] log10|dL/dh_t| hist bins=60 range=(-5.35,-3.58) mean=-4.56 p50=-4.61 p05=-5.18 p95=-4.13
  [diag] sat-dist hist bins=60 sat<0.05=0.0% mean=0.625 p10=0.533 p90=0.691
Iter 0044720: train nll 0.277, valid error 100.000%, best valid error 100.000%, avg grad norm  48.559, avg grad norm (post clip)   0.053, rho_Whh  1.14, Omega  0.00, alpha  0.000, steps in the past 0.000, valid nll 0.218
  [diag] log10|dL/dh_t| hist bins=60 range=(-5.35,-3.58) mean=-4.56 p50=-4.60 p05=-5.18 p95=-4.13
  [diag] sat-dist hist bins=60 sat<0.05=0.0% mean=0.625 p10=0.534 p90=0.691
Iter 0044740: train nll 0.295, valid error 100.000%, best valid error 100.000%, avg grad norm  48.502, avg grad norm (post clip)   0.053, rho_Whh  1.14, Omega  0.00, alpha  0.000, steps in the past 0.000, valid nll 0.218
  [diag] log10|dL/dh_t| hist bins=60 range=(-5.35,-3.58) mean=-4.55 p50=-4.58 p05=-5.18 p95=-4.13
  [diag] sat-dist hist bins=60 sat<0.05=0.0% mean=0.626 p10=0.534 p90=0.691
Iter 0044760: train nll 0.277, valid error 100.000%, best valid error 100.000%, avg grad norm  45.633, avg grad norm (post clip)   0.053, rho_Whh  1.14, Omega  0.00, alpha  0.000, steps in the past 0.000, valid nll 0.219
  [diag] log10|dL/dh_t| hist bins=60 range=(-5.35,-3.58) mean=-4.55 p50=-4.58 p05=-5.18 p95=-4.13
  [diag] sat-dist hist bins=60 sat<0.05=0.0% mean=0.626 p10=0.534 p90=0.691
Iter 0044780: train nll 0.275, valid error 100.000%, best valid error 100.000%, avg grad norm  46.195, avg grad norm (post clip)   0.053, rho_Whh  1.14, Omega  0.00, alpha  0.000, steps in the past 0.000, valid nll 0.219
  [diag] log10|dL/dh_t| hist bins=60 range=(-5.35,-3.58) mean=-4.56 p50=-4.60 p05=-5.18 p95=-4.13
  [diag] sat-dist hist bins=60 sat<0.05=0.0% mean=0.625 p10=0.534 p90=0.691
Iter 0044800: train nll 0.266, valid error 100.000%, best valid error 100.000%, avg grad norm  42.300, avg grad norm (post clip)   0.053, rho_Whh  1.14, Omega  0.00, alpha  0.000, steps in the past 0.000, valid nll 0.218
  [diag] log10|dL/dh_t| hist bins=60 range=(-5.36,-3.47) mean=-4.85 p50=-4.90 p05=-5.20 p95=-4.24
  [diag] sat-dist hist bins=60 sat<0.05=0.0% mean=0.575 p10=0.528 p90=0.614
Iter 0044820: train nll 0.238, valid error 100.000%, best valid error 100.000%, avg grad norm  54.234, avg grad norm (post clip)   0.053, rho_Whh  1.14, Omega  0.00, alpha  0.000, steps in the past 0.000, valid nll 0.230
  [diag] log10|dL/dh_t| hist bins=60 range=(-5.35,-3.58) mean=-4.55 p50=-4.59 p05=-5.18 p95=-4.13
  [diag] sat-dist hist bins=60 sat<0.05=0.0% mean=0.626 p10=0.534 p90=0.691
Iter 0044840: train nll 0.277, valid error 100.000%, best valid error 100.000%, avg grad norm  46.808, avg grad norm (post clip)   0.053, rho_Whh  1.14, Omega  0.00, alpha  0.000, steps in the past 0.000, valid nll 0.219
  [diag] log10|dL/dh_t| hist bins=60 range=(-5.35,-3.58) mean=-4.55 p50=-4.59 p05=-5.18 p95=-4.13
  [diag] sat-dist hist bins=60 sat<0.05=0.0% mean=0.626 p10=0.534 p90=0.691
Iter 0044860: train nll 0.271, valid error 100.000%, best valid error 100.000%, avg grad norm  47.200, avg grad norm (post clip)   0.053, rho_Whh  1.14, Omega  0.00, alpha  0.000, steps in the past 0.000, valid nll 0.219
  [diag] log10|dL/dh_t| hist bins=60 range=(-5.36,-3.58) mean=-4.52 p50=-4.50 p05=-5.18 p95=-4.11
  [diag] sat-dist hist bins=60 sat<0.05=0.0% mean=0.630 p10=0.534 p90=0.693
Iter 0044880: train nll 0.269, valid error 100.000%, best valid error 100.000%, avg grad norm  45.867, avg grad norm (post clip)   0.053, rho_Whh  1.14, Omega  0.00, alpha  0.000, steps in the past 0.000, valid nll 0.224
  [diag] log10|dL/dh_t| hist bins=60 range=(-5.36,-3.58) mean=-4.52 p50=-4.50 p05=-5.18 p95=-4.11
  [diag] sat-dist hist bins=60 sat<0.05=0.0% mean=0.631 p10=0.534 p90=0.693
Iter 0044900: train nll 0.277, valid error 100.000%, best valid error 100.000%, avg grad norm  47.472, avg grad norm (post clip)   0.053, rho_Whh  1.14, Omega  0.00, alpha  0.000, steps in the past 0.000, valid nll 0.224
  [diag] log10|dL/dh_t| hist bins=60 range=(-5.36,-3.53) mean=-4.80 p50=-4.88 p05=-5.20 p95=-4.24
  [diag] sat-dist hist bins=60 sat<0.05=0.0% mean=0.586 p10=0.528 p90=0.648
Iter 0044920: train nll 0.247, valid error 100.000%, best valid error 100.000%, avg grad norm  56.302, avg grad norm (post clip)   0.053, rho_Whh  1.14, Omega  0.00, alpha  0.000, steps in the past 0.000, valid nll 0.218
  [diag] log10|dL/dh_t| hist bins=60 range=(-5.36,-3.53) mean=-4.80 p50=-4.87 p05=-5.19 p95=-4.24
  [diag] sat-dist hist bins=60 sat<0.05=0.0% mean=0.586 p10=0.529 p90=0.650
Iter 0044940: train nll 0.270, valid error 100.000%, best valid error 100.000%, avg grad norm  45.984, avg grad norm (post clip)   0.053, rho_Whh  1.14, Omega  0.00, alpha  0.000, steps in the past 0.000, valid nll 0.218
  [diag] log10|dL/dh_t| hist bins=60 range=(-5.36,-3.58) mean=-4.52 p50=-4.50 p05=-5.18 p95=-4.11
  [diag] sat-dist hist bins=60 sat<0.05=0.0% mean=0.630 p10=0.534 p90=0.692
Iter 0044960: train nll 0.224, valid error 100.000%, best valid error 100.000%, avg grad norm  54.491, avg grad norm (post clip)   0.053, rho_Whh  1.14, Omega  0.00, alpha  0.000, steps in the past 0.000, valid nll 0.224
  [diag] log10|dL/dh_t| hist bins=60 range=(-5.35,-3.57) mean=-4.39 p50=-4.11 p05=-5.17 p95=-4.07
  [diag] sat-dist hist bins=60 sat<0.05=0.0% mean=0.651 p10=0.541 p90=0.698
Iter 0044980: train nll 0.285, valid error 100.000%, best valid error 100.000%, avg grad norm  36.201, avg grad norm (post clip)   0.053, rho_Whh  1.14, Omega  0.00, alpha  0.000, steps in the past 0.000, valid nll 0.263
  [diag] log10|dL/dh_t| hist bins=60 range=(-5.35,-3.58) mean=-4.44 p50=-4.17 p05=-5.17 p95=-4.08
  [diag] sat-dist hist bins=60 sat<0.05=0.0% mean=0.643 p10=0.537 p90=0.696
Iter 0045000: train nll 0.298, valid error 100.000%, best valid error 100.000%, avg grad norm  45.004, avg grad norm (post clip)   0.053, rho_Whh  1.14, Omega  0.00, alpha  0.000, steps in the past 0.000, valid nll 0.244
  [diag] log10|dL/dh_t| hist bins=60 range=(-5.36,-3.58) mean=-4.62 p50=-4.74 p05=-5.19 p95=-4.12
  [diag] sat-dist hist bins=60 sat<0.05=0.0% mean=0.615 p10=0.530 p90=0.692
Iter 0045020: train nll 0.264, valid error 100.000%, best valid error 100.000%, avg grad norm  45.608, avg grad norm (post clip)   0.053, rho_Whh  1.14, Omega  0.00, alpha  0.000, steps in the past 0.000, valid nll 0.212
  [diag] log10|dL/dh_t| hist bins=60 range=(-5.36,-3.58) mean=-4.62 p50=-4.74 p05=-5.19 p95=-4.12
  [diag] sat-dist hist bins=60 sat<0.05=0.0% mean=0.615 p10=0.531 p90=0.692
Iter 0045040: train nll 0.264, valid error 100.000%, best valid error 100.000%, avg grad norm  44.154, avg grad norm (post clip)   0.053, rho_Whh  1.14, Omega  0.00, alpha  0.000, steps in the past 0.000, valid nll 0.212
  [diag] log10|dL/dh_t| hist bins=60 range=(-5.36,-3.58) mean=-4.46 p50=-4.24 p05=-5.18 p95=-4.09
  [diag] sat-dist hist bins=60 sat<0.05=0.0% mean=0.640 p10=0.536 p90=0.696
Iter 0045060: train nll 0.310, valid error 100.000%, best valid error 100.000%, avg grad norm  46.285, avg grad norm (post clip)   0.053, rho_Whh  1.14, Omega  0.00, alpha  0.000, steps in the past 0.000, valid nll 0.238
  [diag] log10|dL/dh_t| hist bins=60 range=(-5.36,-3.58) mean=-4.64 p50=-4.76 p05=-5.19 p95=-4.12
  [diag] sat-dist hist bins=60 sat<0.05=0.0% mean=0.613 p10=0.530 p90=0.691
Iter 0045080: train nll 0.297, valid error 100.000%, best valid error 100.000%, avg grad norm  47.640, avg grad norm (post clip)   0.053, rho_Whh  1.14, Omega  0.00, alpha  0.000, steps in the past 0.000, valid nll 0.212
  [diag] log10|dL/dh_t| hist bins=60 range=(-5.36,-3.58) mean=-4.63 p50=-4.76 p05=-5.19 p95=-4.12
  [diag] sat-dist hist bins=60 sat<0.05=0.0% mean=0.613 p10=0.530 p90=0.691
Iter 0045100: train nll 0.273, valid error 100.000%, best valid error 100.000%, avg grad norm  48.760, avg grad norm (post clip)   0.053, rho_Whh  1.14, Omega  0.00, alpha  0.000, steps in the past 0.000, valid nll 0.212
  [diag] log10|dL/dh_t| hist bins=60 range=(-5.36,-3.58) mean=-4.46 p50=-4.23 p05=-5.18 p95=-4.09
  [diag] sat-dist hist bins=60 sat<0.05=0.0% mean=0.641 p10=0.536 p90=0.696
Iter 0045120: train nll 0.255, valid error 100.000%, best valid error 100.000%, avg grad norm  50.882, avg grad norm (post clip)   0.053, rho_Whh  1.14, Omega  0.00, alpha  0.000, steps in the past 0.000, valid nll 0.239
  [diag] log10|dL/dh_t| hist bins=60 range=(-5.36,-3.58) mean=-4.46 p50=-4.23 p05=-5.18 p95=-4.09
  [diag] sat-dist hist bins=60 sat<0.05=0.0% mean=0.641 p10=0.537 p90=0.695
Iter 0045140: train nll 0.310, valid error 100.000%, best valid error 100.000%, avg grad norm  44.206, avg grad norm (post clip)   0.053, rho_Whh  1.14, Omega  0.00, alpha  0.000, steps in the past 0.000, valid nll 0.239
  [diag] log10|dL/dh_t| hist bins=60 range=(-5.36,-3.58) mean=-4.44 p50=-4.18 p05=-5.18 p95=-4.08
  [diag] sat-dist hist bins=60 sat<0.05=0.0% mean=0.643 p10=0.537 p90=0.696
Iter 0045160: train nll 0.248, valid error 100.000%, best valid error 100.000%, avg grad norm  55.050, avg grad norm (post clip)   0.053, rho_Whh  1.14, Omega  0.00, alpha  0.000, steps in the past 0.000, valid nll 0.243
  [diag] log10|dL/dh_t| hist bins=60 range=(-5.36,-3.58) mean=-4.60 p50=-4.71 p05=-5.19 p95=-4.12
  [diag] sat-dist hist bins=60 sat<0.05=0.0% mean=0.618 p10=0.531 p90=0.692
Iter 0045180: train nll 0.279, valid error 100.000%, best valid error 100.000%, avg grad norm  49.857, avg grad norm (post clip)   0.053, rho_Whh  1.14, Omega  0.00, alpha  0.000, steps in the past 0.000, valid nll 0.213
  [diag] log10|dL/dh_t| hist bins=60 range=(-5.36,-3.58) mean=-4.47 p50=-4.26 p05=-5.18 p95=-4.09
  [diag] sat-dist hist bins=60 sat<0.05=0.0% mean=0.639 p10=0.536 p90=0.695
Iter 0045200: train nll 0.282, valid error 100.000%, best valid error 100.000%, avg grad norm  49.275, avg grad norm (post clip)   0.053, rho_Whh  1.14, Omega  0.00, alpha  0.000, steps in the past 0.000, valid nll 0.236
  [diag] log10|dL/dh_t| hist bins=60 range=(-5.36,-3.58) mean=-4.66 p50=-4.78 p05=-5.19 p95=-4.12
  [diag] sat-dist hist bins=60 sat<0.05=0.0% mean=0.610 p10=0.530 p90=0.691
Iter 0045220: train nll 0.245, valid error 100.000%, best valid error 100.000%, avg grad norm  61.142, avg grad norm (post clip)   0.053, rho_Whh  1.14, Omega  0.00, alpha  0.000, steps in the past 0.000, valid nll 0.211
  [diag] log10|dL/dh_t| hist bins=60 range=(-5.36,-3.58) mean=-4.47 p50=-4.26 p05=-5.18 p95=-4.09
  [diag] sat-dist hist bins=60 sat<0.05=0.0% mean=0.639 p10=0.536 p90=0.695
Iter 0045240: train nll 0.251, valid error 100.000%, best valid error 100.000%, avg grad norm  54.230, avg grad norm (post clip)   0.053, rho_Whh  1.14, Omega  0.00, alpha  0.000, steps in the past 0.000, valid nll 0.236
  [diag] log10|dL/dh_t| hist bins=60 range=(-5.36,-3.58) mean=-4.58 p50=-4.67 p05=-5.19 p95=-4.11
  [diag] sat-dist hist bins=60 sat<0.05=0.0% mean=0.622 p10=0.531 p90=0.693
Iter 0045260: train nll 0.257, valid error 100.000%, best valid error 100.000%, avg grad norm  54.289, avg grad norm (post clip)   0.053, rho_Whh  1.14, Omega  0.00, alpha  0.000, steps in the past 0.000, valid nll 0.216
  [diag] log10|dL/dh_t| hist bins=60 range=(-5.36,-3.58) mean=-4.58 p50=-4.66 p05=-5.19 p95=-4.11
  [diag] sat-dist hist bins=60 sat<0.05=0.0% mean=0.622 p10=0.532 p90=0.693
Iter 0045280: train nll 0.294, valid error 100.000%, best valid error 100.000%, avg grad norm  48.224, avg grad norm (post clip)   0.053, rho_Whh  1.14, Omega  0.00, alpha  0.000, steps in the past 0.000, valid nll 0.216
  [diag] log10|dL/dh_t| hist bins=60 range=(-5.36,-3.58) mean=-4.43 p50=-4.14 p05=-5.17 p95=-4.08
  [diag] sat-dist hist bins=60 sat<0.05=0.0% mean=0.645 p10=0.538 p90=0.697
Iter 0045300: train nll 0.282, valid error 100.000%, best valid error 100.000%, avg grad norm  43.479, avg grad norm (post clip)   0.053, rho_Whh  1.14, Omega  0.00, alpha  0.000, steps in the past 0.000, valid nll 0.247
  [diag] log10|dL/dh_t| hist bins=60 range=(-5.36,-3.58) mean=-4.57 p50=-4.65 p05=-5.19 p95=-4.11
  [diag] sat-dist hist bins=60 sat<0.05=0.0% mean=0.623 p10=0.532 p90=0.693
Iter 0045320: train nll 0.271, valid error 100.000%, best valid error 100.000%, avg grad norm  42.839, avg grad norm (post clip)   0.053, rho_Whh  1.14, Omega  0.00, alpha  0.000, steps in the past 0.000, valid nll 0.216
  [diag] log10|dL/dh_t| hist bins=60 range=(-5.36,-3.58) mean=-4.43 p50=-4.13 p05=-5.17 p95=-4.08
  [diag] sat-dist hist bins=60 sat<0.05=0.0% mean=0.645 p10=0.538 p90=0.697
Iter 0045340: train nll 0.289, valid error 100.000%, best valid error 100.000%, avg grad norm  49.754, avg grad norm (post clip)   0.053, rho_Whh  1.14, Omega  0.00, alpha  0.000, steps in the past 0.000, valid nll 0.247
  [diag] log10|dL/dh_t| hist bins=60 range=(-5.36,-3.58) mean=-4.57 p50=-4.64 p05=-5.19 p95=-4.12
  [diag] sat-dist hist bins=60 sat<0.05=0.0% mean=0.623 p10=0.532 p90=0.692
Iter 0045360: train nll 0.293, valid error 100.000%, best valid error 100.000%, avg grad norm  47.584, avg grad norm (post clip)   0.053, rho_Whh  1.14, Omega  0.00, alpha  0.000, steps in the past 0.000, valid nll 0.217
  [diag] log10|dL/dh_t| hist bins=60 range=(-5.36,-3.58) mean=-4.57 p50=-4.64 p05=-5.19 p95=-4.12
  [diag] sat-dist hist bins=60 sat<0.05=0.0% mean=0.623 p10=0.532 p90=0.692
Iter 0045380: train nll 0.257, valid error 100.000%, best valid error 100.000%, avg grad norm  58.055, avg grad norm (post clip)   0.053, rho_Whh  1.14, Omega  0.00, alpha  0.000, steps in the past 0.000, valid nll 0.216
  [diag] log10|dL/dh_t| hist bins=60 range=(-5.36,-3.58) mean=-4.57 p50=-4.64 p05=-5.19 p95=-4.12
  [diag] sat-dist hist bins=60 sat<0.05=0.0% mean=0.623 p10=0.532 p90=0.692
Iter 0045400: train nll 0.295, valid error 100.000%, best valid error 100.000%, avg grad norm  44.750, avg grad norm (post clip)   0.053, rho_Whh  1.14, Omega  0.00, alpha  0.000, steps in the past 0.000, valid nll 0.216
  [diag] log10|dL/dh_t| hist bins=60 range=(-5.36,-3.58) mean=-4.42 p50=-4.13 p05=-5.17 p95=-4.08
  [diag] sat-dist hist bins=60 sat<0.05=0.0% mean=0.646 p10=0.539 p90=0.696
Iter 0045420: train nll 0.289, valid error 100.000%, best valid error 100.000%, avg grad norm  46.262, avg grad norm (post clip)   0.053, rho_Whh  1.14, Omega  0.00, alpha  0.000, steps in the past 0.000, valid nll 0.249
  [diag] log10|dL/dh_t| hist bins=60 range=(-5.36,-3.58) mean=-4.46 p50=-4.23 p05=-5.18 p95=-4.09
  [diag] sat-dist hist bins=60 sat<0.05=0.0% mean=0.641 p10=0.536 p90=0.696
Iter 0045440: train nll 0.280, valid error 100.000%, best valid error 100.000%, avg grad norm  43.796, avg grad norm (post clip)   0.053, rho_Whh  1.14, Omega  0.00, alpha  0.000, steps in the past 0.000, valid nll 0.239
  [diag] log10|dL/dh_t| hist bins=60 range=(-5.36,-3.58) mean=-4.46 p50=-4.23 p05=-5.18 p95=-4.09
  [diag] sat-dist hist bins=60 sat<0.05=0.0% mean=0.641 p10=0.537 p90=0.695
Iter 0045460: train nll 0.295, valid error 100.000%, best valid error 100.000%, avg grad norm  40.999, avg grad norm (post clip)   0.053, rho_Whh  1.14, Omega  0.00, alpha  0.000, steps in the past 0.000, valid nll 0.239
  [diag] log10|dL/dh_t| hist bins=60 range=(-5.36,-3.58) mean=-4.63 p50=-4.75 p05=-5.19 p95=-4.13
  [diag] sat-dist hist bins=60 sat<0.05=0.0% mean=0.614 p10=0.531 p90=0.691
Iter 0045480: train nll 0.267, valid error 100.000%, best valid error 100.000%, avg grad norm  49.108, avg grad norm (post clip)   0.053, rho_Whh  1.14, Omega  0.00, alpha  0.000, steps in the past 0.000, valid nll 0.212
  [diag] log10|dL/dh_t| hist bins=60 range=(-5.36,-3.58) mean=-4.46 p50=-4.23 p05=-5.18 p95=-4.09
  [diag] sat-dist hist bins=60 sat<0.05=0.0% mean=0.641 p10=0.537 p90=0.695
Iter 0045500: train nll 0.297, valid error 100.000%, best valid error 100.000%, avg grad norm  47.023, avg grad norm (post clip)   0.053, rho_Whh  1.14, Omega  0.00, alpha  0.000, steps in the past 0.000, valid nll 0.239
  [diag] log10|dL/dh_t| hist bins=60 range=(-5.36,-3.58) mean=-4.53 p50=-4.52 p05=-5.19 p95=-4.11
  [diag] sat-dist hist bins=60 sat<0.05=0.0% mean=0.630 p10=0.533 p90=0.694
Iter 0045520: train nll 0.295, valid error 100.000%, best valid error 100.000%, avg grad norm  40.910, avg grad norm (post clip)   0.053, rho_Whh  1.14, Omega  0.00, alpha  0.000, steps in the past 0.000, valid nll 0.223
  [diag] log10|dL/dh_t| hist bins=60 range=(-5.36,-3.51) mean=-4.82 p50=-4.89 p05=-5.20 p95=-4.24
  [diag] sat-dist hist bins=60 sat<0.05=0.0% mean=0.582 p10=0.528 p90=0.639
Iter 0045540: train nll 0.274, valid error 100.000%, best valid error 100.000%, avg grad norm  52.478, avg grad norm (post clip)   0.053, rho_Whh  1.14, Omega  0.00, alpha  0.000, steps in the past 0.000, valid nll 0.221
  [diag] log10|dL/dh_t| hist bins=60 range=(-5.36,-3.58) mean=-4.53 p50=-4.52 p05=-5.19 p95=-4.11
  [diag] sat-dist hist bins=60 sat<0.05=0.0% mean=0.630 p10=0.533 p90=0.693
Iter 0045560: train nll 0.249, valid error 100.000%, best valid error 100.000%, avg grad norm  57.535, avg grad norm (post clip)   0.053, rho_Whh  1.14, Omega  0.00, alpha  0.000, steps in the past 0.000, valid nll 0.223
  [diag] log10|dL/dh_t| hist bins=60 range=(-5.36,-3.58) mean=-4.53 p50=-4.52 p05=-5.18 p95=-4.11
  [diag] sat-dist hist bins=60 sat<0.05=0.0% mean=0.630 p10=0.534 p90=0.693
Iter 0045580: train nll 0.303, valid error 100.000%, best valid error 100.000%, avg grad norm  46.698, avg grad norm (post clip)   0.053, rho_Whh  1.14, Omega  0.00, alpha  0.000, steps in the past 0.000, valid nll 0.223
  [diag] log10|dL/dh_t| hist bins=60 range=(-5.36,-3.58) mean=-4.73 p50=-4.84 p05=-5.20 p95=-4.14
  [diag] sat-dist hist bins=60 sat<0.05=0.0% mean=0.598 p10=0.529 p90=0.683
Iter 0045600: train nll 0.300, valid error 100.000%, best valid error 100.000%, avg grad norm  44.182, avg grad norm (post clip)   0.053, rho_Whh  1.14, Omega  0.00, alpha  0.000, steps in the past 0.000, valid nll 0.211
  [diag] log10|dL/dh_t| hist bins=60 range=(-5.36,-3.58) mean=-4.72 p50=-4.83 p05=-5.20 p95=-4.14
  [diag] sat-dist hist bins=60 sat<0.05=0.0% mean=0.600 p10=0.529 p90=0.688
Iter 0045620: train nll 0.264, valid error 100.000%, best valid error 100.000%, avg grad norm  49.901, avg grad norm (post clip)   0.053, rho_Whh  1.14, Omega  0.00, alpha  0.000, steps in the past 0.000, valid nll 0.210
  [diag] log10|dL/dh_t| hist bins=60 range=(-5.36,-3.57) mean=-4.39 p50=-4.11 p05=-5.17 p95=-4.07
  [diag] sat-dist hist bins=60 sat<0.05=0.0% mean=0.652 p10=0.541 p90=0.698
Iter 0045640: train nll 0.288, valid error 100.000%, best valid error 100.000%, avg grad norm  51.218, avg grad norm (post clip)   0.053, rho_Whh  1.14, Omega  0.00, alpha  0.000, steps in the past 0.000, valid nll 0.262
  [diag] log10|dL/dh_t| hist bins=60 range=(-5.36,-3.57) mean=-4.39 p50=-4.12 p05=-5.17 p95=-4.07
  [diag] sat-dist hist bins=60 sat<0.05=0.0% mean=0.652 p10=0.541 p90=0.698
Iter 0045660: train nll 0.281, valid error 100.000%, best valid error 100.000%, avg grad norm  46.446, avg grad norm (post clip)   0.053, rho_Whh  1.14, Omega  0.00, alpha  0.000, steps in the past 0.000, valid nll 0.262
  [diag] log10|dL/dh_t| hist bins=60 range=(-5.36,-3.57) mean=-4.39 p50=-4.11 p05=-5.17 p95=-4.07
  [diag] sat-dist hist bins=60 sat<0.05=0.0% mean=0.652 p10=0.541 p90=0.698
Iter 0045680: train nll 0.277, valid error 100.000%, best valid error 100.000%, avg grad norm  42.072, avg grad norm (post clip)   0.053, rho_Whh  1.14, Omega  0.00, alpha  0.000, steps in the past 0.000, valid nll 0.262
  [diag] log10|dL/dh_t| hist bins=60 range=(-5.36,-3.58) mean=-4.49 p50=-4.37 p05=-5.18 p95=-4.11
  [diag] sat-dist hist bins=60 sat<0.05=0.0% mean=0.636 p10=0.535 p90=0.694
Iter 0045700: train nll 0.276, valid error 100.000%, best valid error 100.000%, avg grad norm  50.333, avg grad norm (post clip)   0.053, rho_Whh  1.14, Omega  0.00, alpha  0.000, steps in the past 0.000, valid nll 0.230
  [diag] log10|dL/dh_t| hist bins=60 range=(-5.36,-3.58) mean=-4.49 p50=-4.38 p05=-5.18 p95=-4.11
  [diag] sat-dist hist bins=60 sat<0.05=0.0% mean=0.635 p10=0.535 p90=0.694
Iter 0045720: train nll 0.240, valid error 100.000%, best valid error 100.000%, avg grad norm  49.229, avg grad norm (post clip)   0.053, rho_Whh  1.14, Omega  0.00, alpha  0.000, steps in the past 0.000, valid nll 0.229
  [diag] log10|dL/dh_t| hist bins=60 range=(-5.36,-3.57) mean=-4.39 p50=-4.12 p05=-5.17 p95=-4.07
  [diag] sat-dist hist bins=60 sat<0.05=0.0% mean=0.652 p10=0.541 p90=0.698
Iter 0045740: train nll 0.243, valid error 100.000%, best valid error 100.000%, avg grad norm  51.217, avg grad norm (post clip)   0.053, rho_Whh  1.14, Omega  0.00, alpha  0.000, steps in the past 0.000, valid nll 0.261
  [diag] log10|dL/dh_t| hist bins=60 range=(-5.36,-3.58) mean=-4.72 p50=-4.83 p05=-5.20 p95=-4.14
  [diag] sat-dist hist bins=60 sat<0.05=0.0% mean=0.600 p10=0.529 p90=0.686
Iter 0045760: train nll 0.248, valid error 100.000%, best valid error 100.000%, avg grad norm  44.885, avg grad norm (post clip)   0.053, rho_Whh  1.14, Omega  0.00, alpha  0.000, steps in the past 0.000, valid nll 0.210
  [diag] log10|dL/dh_t| hist bins=60 range=(-5.36,-3.58) mean=-4.71 p50=-4.83 p05=-5.20 p95=-4.14
  [diag] sat-dist hist bins=60 sat<0.05=0.0% mean=0.601 p10=0.529 p90=0.688
Iter 0045780: train nll 0.247, valid error 100.000%, best valid error 100.000%, avg grad norm  52.316, avg grad norm (post clip)   0.053, rho_Whh  1.14, Omega  0.00, alpha  0.000, steps in the past 0.000, valid nll 0.210
  [diag] log10|dL/dh_t| hist bins=60 range=(-5.36,-3.58) mean=-4.49 p50=-4.37 p05=-5.18 p95=-4.10
  [diag] sat-dist hist bins=60 sat<0.05=0.0% mean=0.636 p10=0.535 p90=0.694
Iter 0045800: train nll 0.249, valid error 100.000%, best valid error 100.000%, avg grad norm  48.213, avg grad norm (post clip)   0.053, rho_Whh  1.14, Omega  0.00, alpha  0.000, steps in the past 0.000, valid nll 0.230
  [diag] log10|dL/dh_t| hist bins=60 range=(-5.36,-3.58) mean=-4.71 p50=-4.83 p05=-5.20 p95=-4.14
  [diag] sat-dist hist bins=60 sat<0.05=0.0% mean=0.601 p10=0.529 p90=0.688
Iter 0045820: train nll 0.290, valid error 100.000%, best valid error 100.000%, avg grad norm  42.120, avg grad norm (post clip)   0.053, rho_Whh  1.14, Omega  0.00, alpha  0.000, steps in the past 0.000, valid nll 0.210
  [diag] log10|dL/dh_t| hist bins=60 range=(-5.36,-3.58) mean=-4.71 p50=-4.83 p05=-5.20 p95=-4.14
  [diag] sat-dist hist bins=60 sat<0.05=0.0% mean=0.601 p10=0.529 p90=0.689
Iter 0045840: train nll 0.301, valid error 100.000%, best valid error 100.000%, avg grad norm  48.027, avg grad norm (post clip)   0.053, rho_Whh  1.14, Omega  0.00, alpha  0.000, steps in the past 0.000, valid nll 0.210
  [diag] log10|dL/dh_t| hist bins=60 range=(-5.36,-3.58) mean=-4.71 p50=-4.82 p05=-5.20 p95=-4.14
  [diag] sat-dist hist bins=60 sat<0.05=0.0% mean=0.602 p10=0.529 p90=0.688
Iter 0045860: train nll 0.264, valid error 100.000%, best valid error 100.000%, avg grad norm  54.837, avg grad norm (post clip)   0.053, rho_Whh  1.14, Omega  0.00, alpha  0.000, steps in the past 0.000, valid nll 0.210
  [diag] log10|dL/dh_t| hist bins=60 range=(-5.36,-3.58) mean=-4.70 p50=-4.82 p05=-5.20 p95=-4.14
  [diag] sat-dist hist bins=60 sat<0.05=0.0% mean=0.603 p10=0.530 p90=0.690
Iter 0045880: train nll 0.286, valid error 100.000%, best valid error 100.000%, avg grad norm  46.755, avg grad norm (post clip)   0.053, rho_Whh  1.14, Omega  0.00, alpha  0.000, steps in the past 0.000, valid nll 0.210
  [diag] log10|dL/dh_t| hist bins=60 range=(-5.36,-3.58) mean=-4.70 p50=-4.82 p05=-5.20 p95=-4.14
  [diag] sat-dist hist bins=60 sat<0.05=0.0% mean=0.603 p10=0.530 p90=0.689
Iter 0045900: train nll 0.256, valid error 100.000%, best valid error 100.000%, avg grad norm  55.779, avg grad norm (post clip)   0.053, rho_Whh  1.14, Omega  0.00, alpha  0.000, steps in the past 0.000, valid nll 0.210
  [diag] log10|dL/dh_t| hist bins=60 range=(-5.36,-3.58) mean=-4.70 p50=-4.82 p05=-5.19 p95=-4.14
  [diag] sat-dist hist bins=60 sat<0.05=0.0% mean=0.603 p10=0.530 p90=0.689
Iter 0045920: train nll 0.291, valid error 100.000%, best valid error 100.000%, avg grad norm  44.193, avg grad norm (post clip)   0.053, rho_Whh  1.14, Omega  0.00, alpha  0.000, steps in the past 0.000, valid nll 0.210
  [diag] log10|dL/dh_t| hist bins=60 range=(-5.36,-3.58) mean=-4.49 p50=-4.35 p05=-5.18 p95=-4.11
  [diag] sat-dist hist bins=60 sat<0.05=0.0% mean=0.636 p10=0.536 p90=0.694
Iter 0045940: train nll 0.261, valid error 100.000%, best valid error 100.000%, avg grad norm  56.720, avg grad norm (post clip)   0.053, rho_Whh  1.14, Omega  0.00, alpha  0.000, steps in the past 0.000, valid nll 0.230
  [diag] log10|dL/dh_t| hist bins=60 range=(-5.36,-3.58) mean=-4.70 p50=-4.81 p05=-5.19 p95=-4.15
  [diag] sat-dist hist bins=60 sat<0.05=0.0% mean=0.603 p10=0.530 p90=0.689
Iter 0045960: train nll 0.282, valid error 100.000%, best valid error 100.000%, avg grad norm  48.532, avg grad norm (post clip)   0.053, rho_Whh  1.14, Omega  0.00, alpha  0.000, steps in the past 0.000, valid nll 0.210
  [diag] log10|dL/dh_t| hist bins=60 range=(-5.36,-3.58) mean=-4.70 p50=-4.81 p05=-5.19 p95=-4.15
  [diag] sat-dist hist bins=60 sat<0.05=0.0% mean=0.603 p10=0.530 p90=0.689
Iter 0045980: train nll 0.276, valid error 100.000%, best valid error 100.000%, avg grad norm  50.944, avg grad norm (post clip)   0.053, rho_Whh  1.14, Omega  0.00, alpha  0.000, steps in the past 0.000, valid nll 0.210
  [diag] log10|dL/dh_t| hist bins=60 range=(-5.36,-3.58) mean=-4.70 p50=-4.81 p05=-5.19 p95=-4.15
  [diag] sat-dist hist bins=60 sat<0.05=0.0% mean=0.604 p10=0.530 p90=0.689
Iter 0046000: train nll 0.275, valid error 100.000%, best valid error 100.000%, avg grad norm  53.711, avg grad norm (post clip)   0.053, rho_Whh  1.14, Omega  0.00, alpha  0.000, steps in the past 0.000, valid nll 0.210
  [diag] log10|dL/dh_t| hist bins=60 range=(-5.36,-3.58) mean=-4.70 p50=-4.81 p05=-5.19 p95=-4.15
  [diag] sat-dist hist bins=60 sat<0.05=0.0% mean=0.604 p10=0.530 p90=0.689
Iter 0046020: train nll 0.272, valid error 100.000%, best valid error 100.000%, avg grad norm  47.400, avg grad norm (post clip)   0.053, rho_Whh  1.14, Omega  0.00, alpha  0.000, steps in the past 0.000, valid nll 0.210
  [diag] log10|dL/dh_t| hist bins=60 range=(-5.36,-3.58) mean=-4.49 p50=-4.35 p05=-5.18 p95=-4.11
  [diag] sat-dist hist bins=60 sat<0.05=0.0% mean=0.637 p10=0.536 p90=0.693
Iter 0046040: train nll 0.262, valid error 100.000%, best valid error 100.000%, avg grad norm  51.892, avg grad norm (post clip)   0.053, rho_Whh  1.14, Omega  0.00, alpha  0.000, steps in the past 0.000, valid nll 0.230
  [diag] log10|dL/dh_t| hist bins=60 range=(-5.36,-3.58) mean=-4.47 p50=-4.27 p05=-5.18 p95=-4.10
  [diag] sat-dist hist bins=60 sat<0.05=0.0% mean=0.639 p10=0.537 p90=0.694
Iter 0046060: train nll 0.268, valid error 100.000%, best valid error 100.000%, avg grad norm  45.276, avg grad norm (post clip)   0.053, rho_Whh  1.14, Omega  0.00, alpha  0.000, steps in the past 0.000, valid nll 0.235
  [diag] log10|dL/dh_t| hist bins=60 range=(-5.36,-3.58) mean=-4.48 p50=-4.31 p05=-5.18 p95=-4.10
  [diag] sat-dist hist bins=60 sat<0.05=0.0% mean=0.638 p10=0.536 p90=0.694
Iter 0046080: train nll 0.265, valid error 100.000%, best valid error 100.000%, avg grad norm  42.693, avg grad norm (post clip)   0.053, rho_Whh  1.14, Omega  0.00, alpha  0.000, steps in the past 0.000, valid nll 0.232
  [diag] log10|dL/dh_t| hist bins=60 range=(-5.36,-3.57) mean=-4.38 p50=-4.12 p05=-5.17 p95=-4.07
  [diag] sat-dist hist bins=60 sat<0.05=0.0% mean=0.653 p10=0.542 p90=0.698
Iter 0046100: train nll 0.268, valid error 100.000%, best valid error 100.000%, avg grad norm  49.906, avg grad norm (post clip)   0.053, rho_Whh  1.14, Omega  0.00, alpha  0.000, steps in the past 0.000, valid nll 0.264
  [diag] log10|dL/dh_t| hist bins=60 range=(-5.36,-3.58) mean=-4.48 p50=-4.30 p05=-5.18 p95=-4.11
  [diag] sat-dist hist bins=60 sat<0.05=0.0% mean=0.638 p10=0.536 p90=0.694
Iter 0046120: train nll 0.279, valid error 100.000%, best valid error 100.000%, avg grad norm  48.456, avg grad norm (post clip)   0.053, rho_Whh  1.14, Omega  0.00, alpha  0.000, steps in the past 0.000, valid nll 0.233
  [diag] log10|dL/dh_t| hist bins=60 range=(-5.36,-3.58) mean=-4.48 p50=-4.31 p05=-5.18 p95=-4.11
  [diag] sat-dist hist bins=60 sat<0.05=0.0% mean=0.638 p10=0.536 p90=0.694
Iter 0046140: train nll 0.255, valid error 100.000%, best valid error 100.000%, avg grad norm  44.034, avg grad norm (post clip)   0.053, rho_Whh  1.14, Omega  0.00, alpha  0.000, steps in the past 0.000, valid nll 0.232
  [diag] log10|dL/dh_t| hist bins=60 range=(-5.36,-3.58) mean=-4.48 p50=-4.31 p05=-5.18 p95=-4.11
  [diag] sat-dist hist bins=60 sat<0.05=0.0% mean=0.638 p10=0.536 p90=0.694
Iter 0046160: train nll 0.277, valid error 100.000%, best valid error 100.000%, avg grad norm  44.087, avg grad norm (post clip)   0.053, rho_Whh  1.14, Omega  0.00, alpha  0.000, steps in the past 0.000, valid nll 0.232
  [diag] log10|dL/dh_t| hist bins=60 range=(-5.36,-3.58) mean=-4.48 p50=-4.31 p05=-5.18 p95=-4.11
  [diag] sat-dist hist bins=60 sat<0.05=0.0% mean=0.638 p10=0.536 p90=0.694
Iter 0046180: train nll 0.246, valid error 100.000%, best valid error 100.000%, avg grad norm  51.921, avg grad norm (post clip)   0.053, rho_Whh  1.14, Omega  0.00, alpha  0.000, steps in the past 0.000, valid nll 0.232
  [diag] log10|dL/dh_t| hist bins=60 range=(-5.36,-3.58) mean=-4.50 p50=-4.41 p05=-5.18 p95=-4.11
  [diag] sat-dist hist bins=60 sat<0.05=0.0% mean=0.634 p10=0.535 p90=0.694
Iter 0046200: train nll 0.283, valid error 100.000%, best valid error 100.000%, avg grad norm  46.850, avg grad norm (post clip)   0.053, rho_Whh  1.14, Omega  0.00, alpha  0.000, steps in the past 0.000, valid nll 0.227
  [diag] log10|dL/dh_t| hist bins=60 range=(-5.36,-3.57) mean=-4.40 p50=-4.12 p05=-5.17 p95=-4.08
  [diag] sat-dist hist bins=60 sat<0.05=0.0% mean=0.651 p10=0.541 p90=0.697
Iter 0046220: train nll 0.276, valid error 100.000%, best valid error 100.000%, avg grad norm  44.660, avg grad norm (post clip)   0.053, rho_Whh  1.14, Omega  0.00, alpha  0.000, steps in the past 0.000, valid nll 0.259
  [diag] log10|dL/dh_t| hist bins=60 range=(-5.36,-3.58) mean=-4.50 p50=-4.41 p05=-5.18 p95=-4.12
  [diag] sat-dist hist bins=60 sat<0.05=0.0% mean=0.634 p10=0.535 p90=0.693
Iter 0046240: train nll 0.292, valid error 100.000%, best valid error 100.000%, avg grad norm  49.133, avg grad norm (post clip)   0.053, rho_Whh  1.14, Omega  0.00, alpha  0.000, steps in the past 0.000, valid nll 0.227
  [diag] log10|dL/dh_t| hist bins=60 range=(-5.36,-3.58) mean=-4.74 p50=-4.84 p05=-5.20 p95=-4.16
  [diag] sat-dist hist bins=60 sat<0.05=0.0% mean=0.597 p10=0.530 p90=0.679
Iter 0046260: train nll 0.239, valid error 100.000%, best valid error 100.000%, avg grad norm  49.358, avg grad norm (post clip)   0.053, rho_Whh  1.14, Omega  0.00, alpha  0.000, steps in the past 0.000, valid nll 0.211
  [diag] log10|dL/dh_t| hist bins=60 range=(-5.36,-3.58) mean=-4.50 p50=-4.41 p05=-5.18 p95=-4.12
  [diag] sat-dist hist bins=60 sat<0.05=0.0% mean=0.634 p10=0.535 p90=0.693
Iter 0046280: train nll 0.268, valid error 100.000%, best valid error 100.000%, avg grad norm  50.383, avg grad norm (post clip)   0.053, rho_Whh  1.14, Omega  0.00, alpha  0.000, steps in the past 0.000, valid nll 0.227
  [diag] log10|dL/dh_t| hist bins=60 range=(-5.36,-3.58) mean=-4.57 p50=-4.64 p05=-5.19 p95=-4.13
  [diag] sat-dist hist bins=60 sat<0.05=0.0% mean=0.624 p10=0.533 p90=0.692
Iter 0046300: train nll 0.255, valid error 100.000%, best valid error 100.000%, avg grad norm  43.820, avg grad norm (post clip)   0.053, rho_Whh  1.14, Omega  0.00, alpha  0.000, steps in the past 0.000, valid nll 0.216
  [diag] log10|dL/dh_t| hist bins=60 range=(-5.36,-3.58) mean=-4.43 p50=-4.15 p05=-5.17 p95=-4.09
  [diag] sat-dist hist bins=60 sat<0.05=0.0% mean=0.645 p10=0.539 p90=0.696
Iter 0046320: train nll 0.299, valid error 100.000%, best valid error 100.000%, avg grad norm  49.169, avg grad norm (post clip)   0.053, rho_Whh  1.14, Omega  0.00, alpha  0.000, steps in the past 0.000, valid nll 0.245
  [diag] log10|dL/dh_t| hist bins=60 range=(-5.36,-3.58) mean=-4.57 p50=-4.64 p05=-5.19 p95=-4.13
  [diag] sat-dist hist bins=60 sat<0.05=0.0% mean=0.624 p10=0.533 p90=0.692
Iter 0046340: train nll 0.265, valid error 100.000%, best valid error 100.000%, avg grad norm  42.389, avg grad norm (post clip)   0.053, rho_Whh  1.14, Omega  0.00, alpha  0.000, steps in the past 0.000, valid nll 0.216
  [diag] log10|dL/dh_t| hist bins=60 range=(-5.36,-3.58) mean=-4.43 p50=-4.15 p05=-5.17 p95=-4.10
  [diag] sat-dist hist bins=60 sat<0.05=0.0% mean=0.645 p10=0.539 p90=0.696
Iter 0046360: train nll 0.275, valid error 100.000%, best valid error 100.000%, avg grad norm  47.429, avg grad norm (post clip)   0.053, rho_Whh  1.14, Omega  0.00, alpha  0.000, steps in the past 0.000, valid nll 0.245
  [diag] log10|dL/dh_t| hist bins=60 range=(-5.36,-3.58) mean=-4.57 p50=-4.64 p05=-5.19 p95=-4.13
  [diag] sat-dist hist bins=60 sat<0.05=0.0% mean=0.624 p10=0.533 p90=0.691
Iter 0046380: train nll 0.288, valid error 100.000%, best valid error 100.000%, avg grad norm  48.123, avg grad norm (post clip)   0.053, rho_Whh  1.14, Omega  0.00, alpha  0.000, steps in the past 0.000, valid nll 0.216
  [diag] log10|dL/dh_t| hist bins=60 range=(-5.36,-3.58) mean=-4.57 p50=-4.64 p05=-5.19 p95=-4.13
  [diag] sat-dist hist bins=60 sat<0.05=0.0% mean=0.624 p10=0.533 p90=0.691
Iter 0046400: train nll 0.256, valid error 100.000%, best valid error 100.000%, avg grad norm  44.537, avg grad norm (post clip)   0.053, rho_Whh  1.14, Omega  0.00, alpha  0.000, steps in the past 0.000, valid nll 0.216
  [diag] log10|dL/dh_t| hist bins=60 range=(-5.36,-3.58) mean=-4.44 p50=-4.15 p05=-5.17 p95=-4.10
  [diag] sat-dist hist bins=60 sat<0.05=0.0% mean=0.645 p10=0.539 p90=0.695
Iter 0046420: train nll 0.280, valid error 100.000%, best valid error 100.000%, avg grad norm  46.784, avg grad norm (post clip)   0.053, rho_Whh  1.14, Omega  0.00, alpha  0.000, steps in the past 0.000, valid nll 0.245
  [diag] log10|dL/dh_t| hist bins=60 range=(-5.36,-3.58) mean=-4.57 p50=-4.63 p05=-5.19 p95=-4.14
  [diag] sat-dist hist bins=60 sat<0.05=0.0% mean=0.624 p10=0.534 p90=0.690
Iter 0046440: train nll 0.308, valid error 100.000%, best valid error 100.000%, avg grad norm  44.335, avg grad norm (post clip)   0.053, rho_Whh  1.14, Omega  0.00, alpha  0.000, steps in the past 0.000, valid nll 0.216
  [diag] log10|dL/dh_t| hist bins=60 range=(-5.36,-3.58) mean=-4.57 p50=-4.63 p05=-5.19 p95=-4.14
  [diag] sat-dist hist bins=60 sat<0.05=0.0% mean=0.624 p10=0.534 p90=0.690
Iter 0046460: train nll 0.250, valid error 100.000%, best valid error 100.000%, avg grad norm  49.490, avg grad norm (post clip)   0.053, rho_Whh  1.14, Omega  0.00, alpha  0.000, steps in the past 0.000, valid nll 0.216
  [diag] log10|dL/dh_t| hist bins=60 range=(-5.36,-3.57) mean=-4.44 p50=-4.16 p05=-5.17 p95=-4.11
  [diag] sat-dist hist bins=60 sat<0.05=0.0% mean=0.645 p10=0.540 p90=0.695
Iter 0046480: train nll 0.246, valid error 100.000%, best valid error 100.000%, avg grad norm  48.814, avg grad norm (post clip)   0.053, rho_Whh  1.14, Omega  0.00, alpha  0.000, steps in the past 0.000, valid nll 0.244
  [diag] log10|dL/dh_t| hist bins=60 range=(-5.36,-3.58) mean=-4.57 p50=-4.63 p05=-5.19 p95=-4.14
  [diag] sat-dist hist bins=60 sat<0.05=0.0% mean=0.624 p10=0.534 p90=0.690
Iter 0046500: train nll 0.281, valid error 100.000%, best valid error 100.000%, avg grad norm  44.001, avg grad norm (post clip)   0.053, rho_Whh  1.14, Omega  0.00, alpha  0.000, steps in the past 0.000, valid nll 0.216
  [diag] log10|dL/dh_t| hist bins=60 range=(-5.36,-3.57) mean=-4.44 p50=-4.16 p05=-5.17 p95=-4.11
  [diag] sat-dist hist bins=60 sat<0.05=0.0% mean=0.645 p10=0.540 p90=0.694
Iter 0046520: train nll 0.291, valid error 100.000%, best valid error 100.000%, avg grad norm  43.758, avg grad norm (post clip)   0.053, rho_Whh  1.14, Omega  0.00, alpha  0.000, steps in the past 0.000, valid nll 0.244
  [diag] log10|dL/dh_t| hist bins=60 range=(-5.36,-3.57) mean=-4.74 p50=-4.84 p05=-5.20 p95=-4.18
  [diag] sat-dist hist bins=60 sat<0.05=0.0% mean=0.597 p10=0.530 p90=0.676
Iter 0046540: train nll 0.282, valid error 100.000%, best valid error 100.000%, avg grad norm  45.947, avg grad norm (post clip)   0.053, rho_Whh  1.14, Omega  0.00, alpha  0.000, steps in the past 0.000, valid nll 0.211
  [diag] log10|dL/dh_t| hist bins=60 range=(-5.36,-3.57) mean=-4.40 p50=-4.13 p05=-5.17 p95=-4.09
  [diag] sat-dist hist bins=60 sat<0.05=0.0% mean=0.651 p10=0.542 p90=0.696
Iter 0046560: train nll 0.278, valid error 100.000%, best valid error 100.000%, avg grad norm  51.545, avg grad norm (post clip)   0.053, rho_Whh  1.14, Omega  0.00, alpha  0.000, steps in the past 0.000, valid nll 0.256
  [diag] log10|dL/dh_t| hist bins=60 range=(-5.36,-3.57) mean=-4.40 p50=-4.14 p05=-5.16 p95=-4.09
  [diag] sat-dist hist bins=60 sat<0.05=0.0% mean=0.651 p10=0.543 p90=0.696
Iter 0046580: train nll 0.305, valid error 100.000%, best valid error 100.000%, avg grad norm  45.178, avg grad norm (post clip)   0.053, rho_Whh  1.14, Omega  0.00, alpha  0.000, steps in the past 0.000, valid nll 0.256
  [diag] log10|dL/dh_t| hist bins=60 range=(-5.36,-3.58) mean=-4.51 p50=-4.41 p05=-5.18 p95=-4.13
  [diag] sat-dist hist bins=60 sat<0.05=0.0% mean=0.635 p10=0.536 p90=0.692
Iter 0046600: train nll 0.264, valid error 100.000%, best valid error 100.000%, avg grad norm  42.075, avg grad norm (post clip)   0.053, rho_Whh  1.14, Omega  0.00, alpha  0.000, steps in the past 0.000, valid nll 0.226
  [diag] log10|dL/dh_t| hist bins=60 range=(-5.36,-3.58) mean=-4.51 p50=-4.41 p05=-5.18 p95=-4.13
  [diag] sat-dist hist bins=60 sat<0.05=0.0% mean=0.635 p10=0.536 p90=0.692
Iter 0046620: train nll 0.278, valid error 100.000%, best valid error 100.000%, avg grad norm  43.316, avg grad norm (post clip)   0.053, rho_Whh  1.14, Omega  0.00, alpha  0.000, steps in the past 0.000, valid nll 0.226
  [diag] log10|dL/dh_t| hist bins=60 range=(-5.36,-3.57) mean=-4.40 p50=-4.14 p05=-5.16 p95=-4.10
  [diag] sat-dist hist bins=60 sat<0.05=0.0% mean=0.651 p10=0.543 p90=0.696
Iter 0046640: train nll 0.292, valid error 100.000%, best valid error 100.000%, avg grad norm  44.739, avg grad norm (post clip)   0.053, rho_Whh  1.14, Omega  0.00, alpha  0.000, steps in the past 0.000, valid nll 0.256
  [diag] log10|dL/dh_t| hist bins=60 range=(-5.36,-3.58) mean=-4.51 p50=-4.41 p05=-5.18 p95=-4.13
  [diag] sat-dist hist bins=60 sat<0.05=0.0% mean=0.634 p10=0.536 p90=0.692
Iter 0046660: train nll 0.270, valid error 100.000%, best valid error 100.000%, avg grad norm  40.188, avg grad norm (post clip)   0.053, rho_Whh  1.14, Omega  0.00, alpha  0.000, steps in the past 0.000, valid nll 0.226
  [diag] log10|dL/dh_t| hist bins=60 range=(-5.36,-3.58) mean=-4.51 p50=-4.44 p05=-5.18 p95=-4.13
  [diag] sat-dist hist bins=60 sat<0.05=0.0% mean=0.633 p10=0.536 p90=0.691
Iter 0046680: train nll 0.269, valid error 100.000%, best valid error 100.000%, avg grad norm  41.197, avg grad norm (post clip)   0.053, rho_Whh  1.14, Omega  0.00, alpha  0.000, steps in the past 0.000, valid nll 0.225
  [diag] log10|dL/dh_t| hist bins=60 range=(-5.36,-3.58) mean=-4.51 p50=-4.43 p05=-5.18 p95=-4.13
  [diag] sat-dist hist bins=60 sat<0.05=0.0% mean=0.634 p10=0.536 p90=0.691
Iter 0046700: train nll 0.290, valid error 100.000%, best valid error 100.000%, avg grad norm  41.770, avg grad norm (post clip)   0.053, rho_Whh  1.14, Omega  0.00, alpha  0.000, steps in the past 0.000, valid nll 0.225
  [diag] log10|dL/dh_t| hist bins=60 range=(-5.36,-3.58) mean=-4.51 p50=-4.43 p05=-5.18 p95=-4.13
  [diag] sat-dist hist bins=60 sat<0.05=0.0% mean=0.634 p10=0.536 p90=0.692
Iter 0046720: train nll 0.251, valid error 100.000%, best valid error 100.000%, avg grad norm  40.752, avg grad norm (post clip)   0.053, rho_Whh  1.14, Omega  0.00, alpha  0.000, steps in the past 0.000, valid nll 0.225
  [diag] log10|dL/dh_t| hist bins=60 range=(-5.36,-3.58) mean=-4.51 p50=-4.43 p05=-5.18 p95=-4.13
  [diag] sat-dist hist bins=60 sat<0.05=0.0% mean=0.634 p10=0.536 p90=0.692
Iter 0046740: train nll 0.275, valid error 100.000%, best valid error 100.000%, avg grad norm  47.102, avg grad norm (post clip)   0.053, rho_Whh  1.14, Omega  0.00, alpha  0.000, steps in the past 0.000, valid nll 0.225
  [diag] log10|dL/dh_t| hist bins=60 range=(-5.36,-3.58) mean=-4.51 p50=-4.43 p05=-5.18 p95=-4.13
  [diag] sat-dist hist bins=60 sat<0.05=0.0% mean=0.634 p10=0.536 p90=0.692
Iter 0046760: train nll 0.304, valid error 100.000%, best valid error 100.000%, avg grad norm  44.236, avg grad norm (post clip)   0.053, rho_Whh  1.14, Omega  0.00, alpha  0.000, steps in the past 0.000, valid nll 0.225
  [diag] log10|dL/dh_t| hist bins=60 range=(-5.36,-3.58) mean=-4.51 p50=-4.43 p05=-5.18 p95=-4.13
  [diag] sat-dist hist bins=60 sat<0.05=0.0% mean=0.634 p10=0.536 p90=0.692
Iter 0046780: train nll 0.268, valid error 100.000%, best valid error 100.000%, avg grad norm  44.042, avg grad norm (post clip)   0.053, rho_Whh  1.14, Omega  0.00, alpha  0.000, steps in the past 0.000, valid nll 0.225
  [diag] log10|dL/dh_t| hist bins=60 range=(-5.36,-3.58) mean=-4.51 p50=-4.43 p05=-5.18 p95=-4.13
  [diag] sat-dist hist bins=60 sat<0.05=0.0% mean=0.634 p10=0.536 p90=0.692
Iter 0046800: train nll 0.257, valid error 100.000%, best valid error 100.000%, avg grad norm  49.953, avg grad norm (post clip)   0.053, rho_Whh  1.14, Omega  0.00, alpha  0.000, steps in the past 0.000, valid nll 0.225
  [diag] log10|dL/dh_t| hist bins=60 range=(-5.36,-3.58) mean=-4.48 p50=-4.28 p05=-5.18 p95=-4.11
  [diag] sat-dist hist bins=60 sat<0.05=0.0% mean=0.639 p10=0.537 p90=0.694
Iter 0046820: train nll 0.282, valid error 100.000%, best valid error 100.000%, avg grad norm  34.084, avg grad norm (post clip)   0.053, rho_Whh  1.14, Omega  0.00, alpha  0.000, steps in the past 0.000, valid nll 0.233
  [diag] log10|dL/dh_t| hist bins=60 range=(-5.37,-3.47) mean=-4.86 p50=-4.91 p05=-5.20 p95=-4.24
  [diag] sat-dist hist bins=60 sat<0.05=0.0% mean=0.573 p10=0.528 p90=0.609
Iter 0046840: train nll 0.266, valid error 100.000%, best valid error 100.000%, avg grad norm  44.660, avg grad norm (post clip)   0.053, rho_Whh  1.14, Omega  0.00, alpha  0.000, steps in the past 0.000, valid nll 0.230
  [diag] log10|dL/dh_t| hist bins=60 range=(-5.36,-3.58) mean=-4.43 p50=-4.14 p05=-5.17 p95=-4.10
  [diag] sat-dist hist bins=60 sat<0.05=0.0% mean=0.647 p10=0.540 p90=0.696
Iter 0046860: train nll 0.286, valid error 100.000%, best valid error 100.000%, avg grad norm  50.256, avg grad norm (post clip)   0.053, rho_Whh  1.14, Omega  0.00, alpha  0.000, steps in the past 0.000, valid nll 0.247
  [diag] log10|dL/dh_t| hist bins=60 range=(-5.36,-3.58) mean=-4.56 p50=-4.59 p05=-5.19 p95=-4.13
  [diag] sat-dist hist bins=60 sat<0.05=0.0% mean=0.626 p10=0.534 p90=0.692
Iter 0046880: train nll 0.242, valid error 100.000%, best valid error 100.000%, avg grad norm  43.658, avg grad norm (post clip)   0.053, rho_Whh  1.14, Omega  0.00, alpha  0.000, steps in the past 0.000, valid nll 0.217
  [diag] log10|dL/dh_t| hist bins=60 range=(-5.37,-3.47) mean=-4.86 p50=-4.91 p05=-5.20 p95=-4.24
  [diag] sat-dist hist bins=60 sat<0.05=0.0% mean=0.575 p10=0.528 p90=0.612
Iter 0046900: train nll 0.276, valid error 100.000%, best valid error 100.000%, avg grad norm  47.994, avg grad norm (post clip)   0.053, rho_Whh  1.14, Omega  0.00, alpha  0.000, steps in the past 0.000, valid nll 0.229
  [diag] log10|dL/dh_t| hist bins=60 range=(-5.36,-3.58) mean=-4.56 p50=-4.59 p05=-5.19 p95=-4.14
  [diag] sat-dist hist bins=60 sat<0.05=0.0% mean=0.626 p10=0.534 p90=0.691
Iter 0046920: train nll 0.252, valid error 100.000%, best valid error 100.000%, avg grad norm  47.947, avg grad norm (post clip)   0.053, rho_Whh  1.14, Omega  0.00, alpha  0.000, steps in the past 0.000, valid nll 0.217
  [diag] log10|dL/dh_t| hist bins=60 range=(-5.36,-3.58) mean=-4.43 p50=-4.14 p05=-5.17 p95=-4.10
  [diag] sat-dist hist bins=60 sat<0.05=0.0% mean=0.646 p10=0.540 p90=0.695
Iter 0046940: train nll 0.276, valid error 100.000%, best valid error 100.000%, avg grad norm  44.521, avg grad norm (post clip)   0.053, rho_Whh  1.14, Omega  0.00, alpha  0.000, steps in the past 0.000, valid nll 0.246
  [diag] log10|dL/dh_t| hist bins=60 range=(-5.36,-3.58) mean=-4.56 p50=-4.60 p05=-5.19 p95=-4.14
  [diag] sat-dist hist bins=60 sat<0.05=0.0% mean=0.626 p10=0.534 p90=0.691
Iter 0046960: train nll 0.257, valid error 100.000%, best valid error 100.000%, avg grad norm  46.958, avg grad norm (post clip)   0.053, rho_Whh  1.14, Omega  0.00, alpha  0.000, steps in the past 0.000, valid nll 0.217
  [diag] log10|dL/dh_t| hist bins=60 range=(-5.36,-3.58) mean=-4.56 p50=-4.59 p05=-5.19 p95=-4.14
  [diag] sat-dist hist bins=60 sat<0.05=0.0% mean=0.626 p10=0.534 p90=0.691
Iter 0046980: train nll 0.222, valid error 100.000%, best valid error 100.000%, avg grad norm  55.928, avg grad norm (post clip)   0.053, rho_Whh  1.14, Omega  0.00, alpha  0.000, steps in the past 0.000, valid nll 0.217
  [diag] log10|dL/dh_t| hist bins=60 range=(-5.36,-3.58) mean=-4.58 p50=-4.66 p05=-5.19 p95=-4.14
  [diag] sat-dist hist bins=60 sat<0.05=0.0% mean=0.622 p10=0.533 p90=0.691
Iter 0047000: train nll 0.285, valid error 100.000%, best valid error 100.000%, avg grad norm  40.840, avg grad norm (post clip)   0.053, rho_Whh  1.14, Omega  0.00, alpha  0.000, steps in the past 0.000, valid nll 0.214
  [diag] log10|dL/dh_t| hist bins=60 range=(-5.37,-3.58) mean=-4.59 p50=-4.67 p05=-5.19 p95=-4.14
  [diag] sat-dist hist bins=60 sat<0.05=0.0% mean=0.622 p10=0.533 p90=0.691
Iter 0047020: train nll 0.266, valid error 100.000%, best valid error 100.000%, avg grad norm  43.418, avg grad norm (post clip)   0.053, rho_Whh  1.14, Omega  0.00, alpha  0.000, steps in the past 0.000, valid nll 0.214
  [diag] log10|dL/dh_t| hist bins=60 range=(-5.37,-3.58) mean=-4.59 p50=-4.66 p05=-5.19 p95=-4.14
  [diag] sat-dist hist bins=60 sat<0.05=0.0% mean=0.622 p10=0.533 p90=0.691
Iter 0047040: train nll 0.266, valid error 100.000%, best valid error 100.000%, avg grad norm  45.840, avg grad norm (post clip)   0.053, rho_Whh  1.14, Omega  0.00, alpha  0.000, steps in the past 0.000, valid nll 0.214
  [diag] log10|dL/dh_t| hist bins=60 range=(-5.37,-3.58) mean=-4.59 p50=-4.66 p05=-5.19 p95=-4.14
  [diag] sat-dist hist bins=60 sat<0.05=0.0% mean=0.622 p10=0.533 p90=0.691
Iter 0047060: train nll 0.242, valid error 100.000%, best valid error 100.000%, avg grad norm  48.435, avg grad norm (post clip)   0.053, rho_Whh  1.14, Omega  0.00, alpha  0.000, steps in the past 0.000, valid nll 0.214
  [diag] log10|dL/dh_t| hist bins=60 range=(-5.37,-3.58) mean=-4.59 p50=-4.66 p05=-5.19 p95=-4.14
  [diag] sat-dist hist bins=60 sat<0.05=0.0% mean=0.622 p10=0.533 p90=0.691
Iter 0047080: train nll 0.254, valid error 100.000%, best valid error 100.000%, avg grad norm  53.084, avg grad norm (post clip)   0.053, rho_Whh  1.14, Omega  0.00, alpha  0.000, steps in the past 0.000, valid nll 0.214
  [diag] log10|dL/dh_t| hist bins=60 range=(-5.37,-3.58) mean=-4.59 p50=-4.66 p05=-5.19 p95=-4.14
  [diag] sat-dist hist bins=60 sat<0.05=0.0% mean=0.622 p10=0.533 p90=0.691
Iter 0047100: train nll 0.274, valid error 100.000%, best valid error 100.000%, avg grad norm  48.372, avg grad norm (post clip)   0.053, rho_Whh  1.14, Omega  0.00, alpha  0.000, steps in the past 0.000, valid nll 0.214
  [diag] log10|dL/dh_t| hist bins=60 range=(-5.36,-3.58) mean=-4.44 p50=-4.17 p05=-5.17 p95=-4.11
  [diag] sat-dist hist bins=60 sat<0.05=0.0% mean=0.645 p10=0.539 p90=0.695
Iter 0047120: train nll 0.255, valid error 100.000%, best valid error 100.000%, avg grad norm  46.489, avg grad norm (post clip)   0.053, rho_Whh  1.14, Omega  0.00, alpha  0.000, steps in the past 0.000, valid nll 0.242
  [diag] log10|dL/dh_t| hist bins=60 range=(-5.37,-3.58) mean=-4.58 p50=-4.65 p05=-5.19 p95=-4.15
  [diag] sat-dist hist bins=60 sat<0.05=0.0% mean=0.622 p10=0.533 p90=0.690
Iter 0047140: train nll 0.269, valid error 100.000%, best valid error 100.000%, avg grad norm  45.512, avg grad norm (post clip)   0.053, rho_Whh  1.14, Omega  0.00, alpha  0.000, steps in the past 0.000, valid nll 0.214
  [diag] log10|dL/dh_t| hist bins=60 range=(-5.36,-3.58) mean=-4.44 p50=-4.16 p05=-5.17 p95=-4.11
  [diag] sat-dist hist bins=60 sat<0.05=0.0% mean=0.645 p10=0.540 p90=0.695
Iter 0047160: train nll 0.283, valid error 100.000%, best valid error 100.000%, avg grad norm  42.298, avg grad norm (post clip)   0.053, rho_Whh  1.14, Omega  0.00, alpha  0.000, steps in the past 0.000, valid nll 0.244
  [diag] log10|dL/dh_t| hist bins=60 range=(-5.37,-3.58) mean=-4.56 p50=-4.60 p05=-5.19 p95=-4.14
  [diag] sat-dist hist bins=60 sat<0.05=0.0% mean=0.626 p10=0.534 p90=0.691
Iter 0047180: train nll 0.302, valid error 100.000%, best valid error 100.000%, avg grad norm  40.247, avg grad norm (post clip)   0.053, rho_Whh  1.14, Omega  0.00, alpha  0.000, steps in the past 0.000, valid nll 0.217
  [diag] log10|dL/dh_t| hist bins=60 range=(-5.36,-3.58) mean=-4.43 p50=-4.15 p05=-5.17 p95=-4.10
  [diag] sat-dist hist bins=60 sat<0.05=0.0% mean=0.646 p10=0.540 p90=0.695
Iter 0047200: train nll 0.273, valid error 100.000%, best valid error 100.000%, avg grad norm  49.925, avg grad norm (post clip)   0.053, rho_Whh  1.14, Omega  0.00, alpha  0.000, steps in the past 0.000, valid nll 0.246
  [diag] log10|dL/dh_t| hist bins=60 range=(-5.37,-3.58) mean=-4.57 p50=-4.63 p05=-5.19 p95=-4.14
  [diag] sat-dist hist bins=60 sat<0.05=0.0% mean=0.624 p10=0.533 p90=0.691
Iter 0047220: train nll 0.270, valid error 100.000%, best valid error 100.000%, avg grad norm  43.220, avg grad norm (post clip)   0.053, rho_Whh  1.14, Omega  0.00, alpha  0.000, steps in the past 0.000, valid nll 0.215
  [diag] log10|dL/dh_t| hist bins=60 range=(-5.37,-3.46) mean=-4.87 p50=-4.92 p05=-5.20 p95=-4.24
  [diag] sat-dist hist bins=60 sat<0.05=0.0% mean=0.571 p10=0.528 p90=0.600
Iter 0047240: train nll 0.265, valid error 100.000%, best valid error 100.000%, avg grad norm  47.369, avg grad norm (post clip)   0.053, rho_Whh  1.14, Omega  0.00, alpha  0.000, steps in the past 0.000, valid nll 0.233
  [diag] log10|dL/dh_t| hist bins=60 range=(-5.37,-3.58) mean=-4.57 p50=-4.62 p05=-5.19 p95=-4.15
  [diag] sat-dist hist bins=60 sat<0.05=0.0% mean=0.625 p10=0.534 p90=0.690
Iter 0047260: train nll 0.283, valid error 100.000%, best valid error 100.000%, avg grad norm  53.779, avg grad norm (post clip)   0.053, rho_Whh  1.14, Omega  0.00, alpha  0.000, steps in the past 0.000, valid nll 0.215
  [diag] log10|dL/dh_t| hist bins=60 range=(-5.37,-3.58) mean=-4.57 p50=-4.63 p05=-5.19 p95=-4.14
  [diag] sat-dist hist bins=60 sat<0.05=0.0% mean=0.624 p10=0.534 p90=0.691
Iter 0047280: train nll 0.251, valid error 100.000%, best valid error 100.000%, avg grad norm  35.383, avg grad norm (post clip)   0.053, rho_Whh  1.14, Omega  0.00, alpha  0.000, steps in the past 0.000, valid nll 0.215
  [diag] log10|dL/dh_t| hist bins=60 range=(-5.37,-3.58) mean=-4.57 p50=-4.63 p05=-5.19 p95=-4.15
  [diag] sat-dist hist bins=60 sat<0.05=0.0% mean=0.624 p10=0.534 p90=0.691
Iter 0047300: train nll 0.296, valid error 100.000%, best valid error 100.000%, avg grad norm  45.268, avg grad norm (post clip)   0.053, rho_Whh  1.14, Omega  0.00, alpha  0.000, steps in the past 0.000, valid nll 0.215
  [diag] log10|dL/dh_t| hist bins=60 range=(-5.37,-3.58) mean=-4.56 p50=-4.60 p05=-5.19 p95=-4.14
  [diag] sat-dist hist bins=60 sat<0.05=0.0% mean=0.626 p10=0.534 p90=0.691
Iter 0047320: train nll 0.267, valid error 100.000%, best valid error 100.000%, avg grad norm  41.885, avg grad norm (post clip)   0.053, rho_Whh  1.14, Omega  0.00, alpha  0.000, steps in the past 0.000, valid nll 0.216
  [diag] log10|dL/dh_t| hist bins=60 range=(-5.36,-3.57) mean=-4.43 p50=-4.15 p05=-5.17 p95=-4.11
  [diag] sat-dist hist bins=60 sat<0.05=0.0% mean=0.646 p10=0.540 p90=0.695
Iter 0047340: train nll 0.280, valid error 100.000%, best valid error 100.000%, avg grad norm  51.866, avg grad norm (post clip)   0.053, rho_Whh  1.14, Omega  0.00, alpha  0.000, steps in the past 0.000, valid nll 0.245
  [diag] log10|dL/dh_t| hist bins=60 range=(-5.37,-3.47) mean=-4.86 p50=-4.91 p05=-5.20 p95=-4.24
  [diag] sat-dist hist bins=60 sat<0.05=0.0% mean=0.574 p10=0.528 p90=0.608
Iter 0047360: train nll 0.256, valid error 100.000%, best valid error 100.000%, avg grad norm  38.607, avg grad norm (post clip)   0.053, rho_Whh  1.14, Omega  0.00, alpha  0.000, steps in the past 0.000, valid nll 0.230
  [diag] log10|dL/dh_t| hist bins=60 range=(-5.36,-3.57) mean=-4.36 p50=-4.12 p05=-5.16 p95=-4.08
  [diag] sat-dist hist bins=60 sat<0.05=0.0% mean=0.658 p10=0.545 p90=0.698
Iter 0047380: train nll 0.320, valid error 100.000%, best valid error 100.000%, avg grad norm  44.930, avg grad norm (post clip)   0.053, rho_Whh  1.14, Omega  0.00, alpha  0.000, steps in the past 0.000, valid nll 0.271
  [diag] log10|dL/dh_t| hist bins=60 range=(-5.37,-3.57) mean=-4.56 p50=-4.60 p05=-5.19 p95=-4.15
  [diag] sat-dist hist bins=60 sat<0.05=0.0% mean=0.626 p10=0.534 p90=0.690
Iter 0047400: train nll 0.261, valid error 100.000%, best valid error 100.000%, avg grad norm  47.706, avg grad norm (post clip)   0.053, rho_Whh  1.14, Omega  0.00, alpha  0.000, steps in the past 0.000, valid nll 0.216
  [diag] log10|dL/dh_t| hist bins=60 range=(-5.36,-3.57) mean=-4.56 p50=-4.59 p05=-5.19 p95=-4.15
  [diag] sat-dist hist bins=60 sat<0.05=0.0% mean=0.626 p10=0.535 p90=0.690
Iter 0047420: train nll 0.303, valid error 100.000%, best valid error 100.000%, avg grad norm  39.624, avg grad norm (post clip)   0.053, rho_Whh  1.14, Omega  0.00, alpha  0.000, steps in the past 0.000, valid nll 0.216
  [diag] log10|dL/dh_t| hist bins=60 range=(-5.36,-3.57) mean=-4.55 p50=-4.57 p05=-5.18 p95=-4.15
  [diag] sat-dist hist bins=60 sat<0.05=0.0% mean=0.628 p10=0.535 p90=0.690
Iter 0047440: train nll 0.297, valid error 100.000%, best valid error 100.000%, avg grad norm  42.778, avg grad norm (post clip)   0.053, rho_Whh  1.14, Omega  0.00, alpha  0.000, steps in the past 0.000, valid nll 0.217
  [diag] log10|dL/dh_t| hist bins=60 range=(-5.36,-3.57) mean=-4.55 p50=-4.56 p05=-5.18 p95=-4.15
  [diag] sat-dist hist bins=60 sat<0.05=0.0% mean=0.628 p10=0.535 p90=0.690
Iter 0047460: train nll 0.266, valid error 100.000%, best valid error 100.000%, avg grad norm  40.764, avg grad norm (post clip)   0.053, rho_Whh  1.14, Omega  0.00, alpha  0.000, steps in the past 0.000, valid nll 0.218
  [diag] log10|dL/dh_t| hist bins=60 range=(-5.37,-3.57) mean=-4.68 p50=-4.79 p05=-5.19 p95=-4.17
  [diag] sat-dist hist bins=60 sat<0.05=0.0% mean=0.607 p10=0.531 p90=0.688
Iter 0047480: train nll 0.283, valid error 100.000%, best valid error 100.000%, avg grad norm  40.731, avg grad norm (post clip)   0.053, rho_Whh  1.14, Omega  0.00, alpha  0.000, steps in the past 0.000, valid nll 0.209
  [diag] log10|dL/dh_t| hist bins=60 range=(-5.37,-3.57) mean=-4.74 p50=-4.84 p05=-5.20 p95=-4.18
  [diag] sat-dist hist bins=60 sat<0.05=0.0% mean=0.597 p10=0.530 p90=0.678
Iter 0047500: train nll 0.277, valid error 100.000%, best valid error 100.000%, avg grad norm  39.850, avg grad norm (post clip)   0.053, rho_Whh  1.14, Omega  0.00, alpha  0.000, steps in the past 0.000, valid nll 0.210
  [diag] log10|dL/dh_t| hist bins=60 range=(-5.37,-3.57) mean=-4.74 p50=-4.83 p05=-5.20 p95=-4.18
  [diag] sat-dist hist bins=60 sat<0.05=0.0% mean=0.598 p10=0.530 p90=0.679
Iter 0047520: train nll 0.273, valid error 100.000%, best valid error 100.000%, avg grad norm  44.022, avg grad norm (post clip)   0.053, rho_Whh  1.14, Omega  0.00, alpha  0.000, steps in the past 0.000, valid nll 0.210
  [diag] log10|dL/dh_t| hist bins=60 range=(-5.37,-3.58) mean=-4.51 p50=-4.41 p05=-5.18 p95=-4.13
  [diag] sat-dist hist bins=60 sat<0.05=0.0% mean=0.635 p10=0.536 p90=0.692
Iter 0047540: train nll 0.249, valid error 100.000%, best valid error 100.000%, avg grad norm  50.661, avg grad norm (post clip)   0.053, rho_Whh  1.14, Omega  0.00, alpha  0.000, steps in the past 0.000, valid nll 0.225
  [diag] log10|dL/dh_t| hist bins=60 range=(-5.37,-3.58) mean=-4.51 p50=-4.41 p05=-5.18 p95=-4.13
  [diag] sat-dist hist bins=60 sat<0.05=0.0% mean=0.635 p10=0.536 p90=0.692
Iter 0047560: train nll 0.267, valid error 100.000%, best valid error 100.000%, avg grad norm  48.481, avg grad norm (post clip)   0.053, rho_Whh  1.14, Omega  0.00, alpha  0.000, steps in the past 0.000, valid nll 0.225
  [diag] log10|dL/dh_t| hist bins=60 range=(-5.37,-3.57) mean=-4.73 p50=-4.83 p05=-5.20 p95=-4.18
  [diag] sat-dist hist bins=60 sat<0.05=0.0% mean=0.599 p10=0.530 p90=0.680
Iter 0047580: train nll 0.250, valid error 100.000%, best valid error 100.000%, avg grad norm  50.077, avg grad norm (post clip)   0.053, rho_Whh  1.14, Omega  0.00, alpha  0.000, steps in the past 0.000, valid nll 0.210
  [diag] log10|dL/dh_t| hist bins=60 range=(-5.37,-3.58) mean=-4.48 p50=-4.31 p05=-5.18 p95=-4.12
  [diag] sat-dist hist bins=60 sat<0.05=0.0% mean=0.639 p10=0.537 p90=0.694
Iter 0047600: train nll 0.262, valid error 100.000%, best valid error 100.000%, avg grad norm  38.543, avg grad norm (post clip)   0.053, rho_Whh  1.14, Omega  0.00, alpha  0.000, steps in the past 0.000, valid nll 0.231
  [diag] log10|dL/dh_t| hist bins=60 range=(-5.37,-3.58) mean=-4.49 p50=-4.34 p05=-5.18 p95=-4.12
  [diag] sat-dist hist bins=60 sat<0.05=0.0% mean=0.637 p10=0.536 p90=0.694
Iter 0047620: train nll 0.287, valid error 100.000%, best valid error 100.000%, avg grad norm  39.420, avg grad norm (post clip)   0.053, rho_Whh  1.14, Omega  0.00, alpha  0.000, steps in the past 0.000, valid nll 0.229
  [diag] log10|dL/dh_t| hist bins=60 range=(-5.37,-3.57) mean=-4.70 p50=-4.81 p05=-5.20 p95=-4.16
  [diag] sat-dist hist bins=60 sat<0.05=0.0% mean=0.605 p10=0.530 p90=0.689
Iter 0047640: train nll 0.253, valid error 100.000%, best valid error 100.000%, avg grad norm  49.530, avg grad norm (post clip)   0.053, rho_Whh  1.14, Omega  0.00, alpha  0.000, steps in the past 0.000, valid nll 0.209
  [diag] log10|dL/dh_t| hist bins=60 range=(-5.37,-3.58) mean=-4.51 p50=-4.42 p05=-5.19 p95=-4.13
  [diag] sat-dist hist bins=60 sat<0.05=0.0% mean=0.634 p10=0.535 p90=0.693
Iter 0047660: train nll 0.292, valid error 100.000%, best valid error 100.000%, avg grad norm  42.527, avg grad norm (post clip)   0.053, rho_Whh  1.14, Omega  0.00, alpha  0.000, steps in the past 0.000, valid nll 0.225
  [diag] log10|dL/dh_t| hist bins=60 range=(-5.37,-3.58) mean=-4.52 p50=-4.45 p05=-5.19 p95=-4.13
  [diag] sat-dist hist bins=60 sat<0.05=0.0% mean=0.633 p10=0.535 p90=0.693
Iter 0047680: train nll 0.261, valid error 100.000%, best valid error 100.000%, avg grad norm  45.681, avg grad norm (post clip)   0.053, rho_Whh  1.14, Omega  0.00, alpha  0.000, steps in the past 0.000, valid nll 0.224
  [diag] log10|dL/dh_t| hist bins=60 range=(-5.37,-3.58) mean=-4.51 p50=-4.44 p05=-5.19 p95=-4.13
  [diag] sat-dist hist bins=60 sat<0.05=0.0% mean=0.634 p10=0.535 p90=0.693
Iter 0047700: train nll 0.293, valid error 100.000%, best valid error 100.000%, avg grad norm  43.108, avg grad norm (post clip)   0.053, rho_Whh  1.14, Omega  0.00, alpha  0.000, steps in the past 0.000, valid nll 0.224
  [diag] log10|dL/dh_t| hist bins=60 range=(-5.37,-3.58) mean=-4.51 p50=-4.41 p05=-5.19 p95=-4.13
  [diag] sat-dist hist bins=60 sat<0.05=0.0% mean=0.635 p10=0.536 p90=0.693
Iter 0047720: train nll 0.286, valid error 100.000%, best valid error 100.000%, avg grad norm  36.839, avg grad norm (post clip)   0.053, rho_Whh  1.14, Omega  0.00, alpha  0.000, steps in the past 0.000, valid nll 0.226
  [diag] log10|dL/dh_t| hist bins=60 range=(-5.37,-3.58) mean=-4.51 p50=-4.40 p05=-5.18 p95=-4.13
  [diag] sat-dist hist bins=60 sat<0.05=0.0% mean=0.635 p10=0.536 p90=0.693
Iter 0047740: train nll 0.302, valid error 100.000%, best valid error 100.000%, avg grad norm  41.355, avg grad norm (post clip)   0.053, rho_Whh  1.14, Omega  0.00, alpha  0.000, steps in the past 0.000, valid nll 0.226
  [diag] log10|dL/dh_t| hist bins=60 range=(-5.37,-3.57) mean=-4.74 p50=-4.84 p05=-5.20 p95=-4.17
  [diag] sat-dist hist bins=60 sat<0.05=0.0% mean=0.598 p10=0.530 p90=0.680
Iter 0047760: train nll 0.267, valid error 100.000%, best valid error 100.000%, avg grad norm  48.143, avg grad norm (post clip)   0.053, rho_Whh  1.14, Omega  0.00, alpha  0.000, steps in the past 0.000, valid nll 0.210
  [diag] log10|dL/dh_t| hist bins=60 range=(-5.37,-3.57) mean=-4.74 p50=-4.84 p05=-5.20 p95=-4.18
  [diag] sat-dist hist bins=60 sat<0.05=0.0% mean=0.598 p10=0.530 p90=0.678
Iter 0047780: train nll 0.261, valid error 100.000%, best valid error 100.000%, avg grad norm  49.200, avg grad norm (post clip)   0.053, rho_Whh  1.14, Omega  0.00, alpha  0.000, steps in the past 0.000, valid nll 0.210
  [diag] log10|dL/dh_t| hist bins=60 range=(-5.37,-3.58) mean=-4.51 p50=-4.41 p05=-5.18 p95=-4.13
  [diag] sat-dist hist bins=60 sat<0.05=0.0% mean=0.635 p10=0.536 p90=0.693
Iter 0047800: train nll 0.261, valid error 100.000%, best valid error 100.000%, avg grad norm  43.883, avg grad norm (post clip)   0.053, rho_Whh  1.14, Omega  0.00, alpha  0.000, steps in the past 0.000, valid nll 0.225
  [diag] log10|dL/dh_t| hist bins=60 range=(-5.37,-3.57) mean=-4.74 p50=-4.83 p05=-5.20 p95=-4.18
  [diag] sat-dist hist bins=60 sat<0.05=0.0% mean=0.599 p10=0.530 p90=0.680
Iter 0047820: train nll 0.279, valid error 100.000%, best valid error 100.000%, avg grad norm  42.165, avg grad norm (post clip)   0.053, rho_Whh  1.14, Omega  0.00, alpha  0.000, steps in the past 0.000, valid nll 0.210
  [diag] log10|dL/dh_t| hist bins=60 range=(-5.37,-3.57) mean=-4.68 p50=-4.79 p05=-5.20 p95=-4.16
  [diag] sat-dist hist bins=60 sat<0.05=0.0% mean=0.607 p10=0.531 p90=0.689
Iter 0047840: train nll 0.266, valid error 100.000%, best valid error 100.000%, avg grad norm  51.528, avg grad norm (post clip)   0.053, rho_Whh  1.14, Omega  0.00, alpha  0.000, steps in the past 0.000, valid nll 0.209
  [diag] log10|dL/dh_t| hist bins=60 range=(-5.37,-3.58) mean=-4.49 p50=-4.32 p05=-5.18 p95=-4.12
  [diag] sat-dist hist bins=60 sat<0.05=0.0% mean=0.638 p10=0.537 p90=0.694
Iter 0047860: train nll 0.264, valid error 100.000%, best valid error 100.000%, avg grad norm  44.821, avg grad norm (post clip)   0.053, rho_Whh  1.14, Omega  0.00, alpha  0.000, steps in the past 0.000, valid nll 0.230
  [diag] log10|dL/dh_t| hist bins=60 range=(-5.37,-3.57) mean=-4.68 p50=-4.79 p05=-5.20 p95=-4.16
  [diag] sat-dist hist bins=60 sat<0.05=0.0% mean=0.608 p10=0.531 p90=0.689
Iter 0047880: train nll 0.259, valid error 100.000%, best valid error 100.000%, avg grad norm  44.716, avg grad norm (post clip)   0.053, rho_Whh  1.14, Omega  0.00, alpha  0.000, steps in the past 0.000, valid nll 0.209
  [diag] log10|dL/dh_t| hist bins=60 range=(-5.37,-3.57) mean=-4.68 p50=-4.79 p05=-5.20 p95=-4.17
  [diag] sat-dist hist bins=60 sat<0.05=0.0% mean=0.608 p10=0.531 p90=0.689
Iter 0047900: train nll 0.257, valid error 100.000%, best valid error 100.000%, avg grad norm  50.239, avg grad norm (post clip)   0.053, rho_Whh  1.14, Omega  0.00, alpha  0.000, steps in the past 0.000, valid nll 0.209
  [diag] log10|dL/dh_t| hist bins=60 range=(-5.37,-3.57) mean=-4.68 p50=-4.79 p05=-5.20 p95=-4.17
  [diag] sat-dist hist bins=60 sat<0.05=0.0% mean=0.608 p10=0.531 p90=0.688
Iter 0047920: train nll 0.263, valid error 100.000%, best valid error 100.000%, avg grad norm  49.397, avg grad norm (post clip)   0.053, rho_Whh  1.14, Omega  0.00, alpha  0.000, steps in the past 0.000, valid nll 0.209
  [diag] log10|dL/dh_t| hist bins=60 range=(-5.37,-3.57) mean=-4.69 p50=-4.80 p05=-5.20 p95=-4.17
  [diag] sat-dist hist bins=60 sat<0.05=0.0% mean=0.606 p10=0.531 p90=0.689
Iter 0047940: train nll 0.247, valid error 100.000%, best valid error 100.000%, avg grad norm  48.873, avg grad norm (post clip)   0.053, rho_Whh  1.14, Omega  0.00, alpha  0.000, steps in the past 0.000, valid nll 0.209
  [diag] log10|dL/dh_t| hist bins=60 range=(-5.37,-3.58) mean=-4.50 p50=-4.35 p05=-5.18 p95=-4.13
  [diag] sat-dist hist bins=60 sat<0.05=0.0% mean=0.637 p10=0.537 p90=0.693
Iter 0047960: train nll 0.320, valid error 100.000%, best valid error 100.000%, avg grad norm  36.514, avg grad norm (post clip)   0.053, rho_Whh  1.14, Omega  0.00, alpha  0.000, steps in the past 0.000, valid nll 0.228
  [diag] log10|dL/dh_t| hist bins=60 range=(-5.37,-3.58) mean=-4.53 p50=-4.48 p05=-5.19 p95=-4.14
  [diag] sat-dist hist bins=60 sat<0.05=0.0% mean=0.632 p10=0.535 p90=0.692
Iter 0047980: train nll 0.245, valid error 100.000%, best valid error 100.000%, avg grad norm  52.046, avg grad norm (post clip)   0.053, rho_Whh  1.14, Omega  0.00, alpha  0.000, steps in the past 0.000, valid nll 0.221
  [diag] log10|dL/dh_t| hist bins=60 range=(-5.37,-3.58) mean=-4.57 p50=-4.62 p05=-5.19 p95=-4.14
  [diag] sat-dist hist bins=60 sat<0.05=0.0% mean=0.625 p10=0.533 p90=0.692
Iter 0048000: train nll 0.265, valid error 100.000%, best valid error 100.000%, avg grad norm  47.882, avg grad norm (post clip)   0.053, rho_Whh  1.14, Omega  0.00, alpha  0.000, steps in the past 0.000, valid nll 0.215
  [diag] log10|dL/dh_t| hist bins=60 range=(-5.37,-3.58) mean=-4.44 p50=-4.15 p05=-5.18 p95=-4.10
  [diag] sat-dist hist bins=60 sat<0.05=0.0% mean=0.646 p10=0.539 p90=0.696
Iter 0048020: train nll 0.269, valid error 100.000%, best valid error 100.000%, avg grad norm  47.991, avg grad norm (post clip)   0.053, rho_Whh  1.14, Omega  0.00, alpha  0.000, steps in the past 0.000, valid nll 0.244
  [diag] log10|dL/dh_t| hist bins=60 range=(-5.37,-3.58) mean=-4.57 p50=-4.62 p05=-5.19 p95=-4.14
  [diag] sat-dist hist bins=60 sat<0.05=0.0% mean=0.625 p10=0.533 p90=0.691
Iter 0048040: train nll 0.254, valid error 100.000%, best valid error 100.000%, avg grad norm  50.898, avg grad norm (post clip)   0.053, rho_Whh  1.14, Omega  0.00, alpha  0.000, steps in the past 0.000, valid nll 0.215
  [diag] log10|dL/dh_t| hist bins=60 range=(-5.37,-3.46) mean=-4.88 p50=-4.92 p05=-5.21 p95=-4.24
  [diag] sat-dist hist bins=60 sat<0.05=0.0% mean=0.571 p10=0.527 p90=0.600
Iter 0048060: train nll 0.258, valid error 100.000%, best valid error 100.000%, avg grad norm  38.963, avg grad norm (post clip)   0.053, rho_Whh  1.14, Omega  0.00, alpha  0.000, steps in the past 0.000, valid nll 0.233
  [diag] log10|dL/dh_t| hist bins=60 range=(-5.37,-3.58) mean=-4.43 p50=-4.15 p05=-5.18 p95=-4.10
  [diag] sat-dist hist bins=60 sat<0.05=0.0% mean=0.646 p10=0.539 p90=0.696
Iter 0048080: train nll 0.306, valid error 100.000%, best valid error 100.000%, avg grad norm  40.869, avg grad norm (post clip)   0.053, rho_Whh  1.14, Omega  0.00, alpha  0.000, steps in the past 0.000, valid nll 0.244
  [diag] log10|dL/dh_t| hist bins=60 range=(-5.37,-3.58) mean=-4.43 p50=-4.15 p05=-5.18 p95=-4.11
  [diag] sat-dist hist bins=60 sat<0.05=0.0% mean=0.647 p10=0.540 p90=0.696
Iter 0048100: train nll 0.303, valid error 100.000%, best valid error 100.000%, avg grad norm  40.704, avg grad norm (post clip)   0.053, rho_Whh  1.14, Omega  0.00, alpha  0.000, steps in the past 0.000, valid nll 0.244
  [diag] log10|dL/dh_t| hist bins=60 range=(-5.37,-3.58) mean=-4.57 p50=-4.61 p05=-5.19 p95=-4.15
  [diag] sat-dist hist bins=60 sat<0.05=0.0% mean=0.625 p10=0.534 p90=0.691
Iter 0048120: train nll 0.289, valid error 100.000%, best valid error 100.000%, avg grad norm  39.966, avg grad norm (post clip)   0.053, rho_Whh  1.14, Omega  0.00, alpha  0.000, steps in the past 0.000, valid nll 0.215
  [diag] log10|dL/dh_t| hist bins=60 range=(-5.37,-3.57) mean=-4.57 p50=-4.61 p05=-5.19 p95=-4.15
  [diag] sat-dist hist bins=60 sat<0.05=0.0% mean=0.626 p10=0.534 p90=0.691
Iter 0048140: train nll 0.272, valid error 100.000%, best valid error 100.000%, avg grad norm  39.569, avg grad norm (post clip)   0.053, rho_Whh  1.14, Omega  0.00, alpha  0.000, steps in the past 0.000, valid nll 0.215
  [diag] log10|dL/dh_t| hist bins=60 range=(-5.37,-3.57) mean=-4.57 p50=-4.61 p05=-5.19 p95=-4.15
  [diag] sat-dist hist bins=60 sat<0.05=0.0% mean=0.626 p10=0.534 p90=0.691
Iter 0048160: train nll 0.247, valid error 100.000%, best valid error 100.000%, avg grad norm  49.189, avg grad norm (post clip)   0.053, rho_Whh  1.14, Omega  0.00, alpha  0.000, steps in the past 0.000, valid nll 0.215
  [diag] log10|dL/dh_t| hist bins=60 range=(-5.37,-3.57) mean=-4.57 p50=-4.61 p05=-5.19 p95=-4.15
  [diag] sat-dist hist bins=60 sat<0.05=0.0% mean=0.626 p10=0.534 p90=0.690
Iter 0048180: train nll 0.265, valid error 100.000%, best valid error 100.000%, avg grad norm  51.982, avg grad norm (post clip)   0.053, rho_Whh  1.14, Omega  0.00, alpha  0.000, steps in the past 0.000, valid nll 0.215
  [diag] log10|dL/dh_t| hist bins=60 range=(-5.37,-3.58) mean=-4.55 p50=-4.57 p05=-5.19 p95=-4.15
  [diag] sat-dist hist bins=60 sat<0.05=0.0% mean=0.628 p10=0.534 p90=0.691
Iter 0048200: train nll 0.288, valid error 100.000%, best valid error 100.000%, avg grad norm  44.038, avg grad norm (post clip)   0.053, rho_Whh  1.14, Omega  0.00, alpha  0.000, steps in the past 0.000, valid nll 0.217
  [diag] log10|dL/dh_t| hist bins=60 range=(-5.37,-3.58) mean=-4.43 p50=-4.15 p05=-5.17 p95=-4.11
  [diag] sat-dist hist bins=60 sat<0.05=0.0% mean=0.648 p10=0.541 p90=0.696
Iter 0048220: train nll 0.296, valid error 100.000%, best valid error 100.000%, avg grad norm  43.647, avg grad norm (post clip)   0.053, rho_Whh  1.14, Omega  0.00, alpha  0.000, steps in the past 0.000, valid nll 0.247
  [diag] log10|dL/dh_t| hist bins=60 range=(-5.37,-3.58) mean=-4.55 p50=-4.56 p05=-5.19 p95=-4.14
  [diag] sat-dist hist bins=60 sat<0.05=0.0% mean=0.629 p10=0.534 p90=0.691
Iter 0048240: train nll 0.237, valid error 100.000%, best valid error 100.000%, avg grad norm  50.059, avg grad norm (post clip)   0.053, rho_Whh  1.14, Omega  0.00, alpha  0.000, steps in the past 0.000, valid nll 0.218
  [diag] log10|dL/dh_t| hist bins=60 range=(-5.37,-3.58) mean=-4.43 p50=-4.15 p05=-5.17 p95=-4.11
  [diag] sat-dist hist bins=60 sat<0.05=0.0% mean=0.648 p10=0.541 p90=0.695
Iter 0048260: train nll 0.306, valid error 100.000%, best valid error 100.000%, avg grad norm  50.340, avg grad norm (post clip)   0.053, rho_Whh  1.14, Omega  0.00, alpha  0.000, steps in the past 0.000, valid nll 0.247
  [diag] log10|dL/dh_t| hist bins=60 range=(-5.37,-3.58) mean=-4.55 p50=-4.54 p05=-5.19 p95=-4.15
  [diag] sat-dist hist bins=60 sat<0.05=0.0% mean=0.629 p10=0.535 p90=0.691
Iter 0048280: train nll 0.264, valid error 100.000%, best valid error 100.000%, avg grad norm  35.648, avg grad norm (post clip)   0.053, rho_Whh  1.14, Omega  0.00, alpha  0.000, steps in the past 0.000, valid nll 0.218
  [diag] log10|dL/dh_t| hist bins=60 range=(-5.37,-3.58) mean=-4.42 p50=-4.15 p05=-5.17 p95=-4.11
  [diag] sat-dist hist bins=60 sat<0.05=0.0% mean=0.649 p10=0.541 p90=0.696
Iter 0048300: train nll 0.266, valid error 100.000%, best valid error 100.000%, avg grad norm  49.311, avg grad norm (post clip)   0.053, rho_Whh  1.14, Omega  0.00, alpha  0.000, steps in the past 0.000, valid nll 0.249
  [diag] log10|dL/dh_t| hist bins=60 range=(-5.37,-3.58) mean=-4.54 p50=-4.52 p05=-5.19 p95=-4.14
  [diag] sat-dist hist bins=60 sat<0.05=0.0% mean=0.630 p10=0.535 p90=0.691
Iter 0048320: train nll 0.248, valid error 100.000%, best valid error 100.000%, avg grad norm  51.519, avg grad norm (post clip)   0.053, rho_Whh  1.14, Omega  0.00, alpha  0.000, steps in the past 0.000, valid nll 0.219
  [diag] log10|dL/dh_t| hist bins=60 range=(-5.37,-3.57) mean=-4.71 p50=-4.81 p05=-5.20 p95=-4.17
  [diag] sat-dist hist bins=60 sat<0.05=0.0% mean=0.603 p10=0.530 p90=0.687
Iter 0048340: train nll 0.271, valid error 100.000%, best valid error 100.000%, avg grad norm  44.783, avg grad norm (post clip)   0.053, rho_Whh  1.14, Omega  0.00, alpha  0.000, steps in the past 0.000, valid nll 0.208
  [diag] log10|dL/dh_t| hist bins=60 range=(-5.37,-3.57) mean=-4.71 p50=-4.81 p05=-5.20 p95=-4.17
  [diag] sat-dist hist bins=60 sat<0.05=0.0% mean=0.604 p10=0.531 p90=0.687
Iter 0048360: train nll 0.273, valid error 100.000%, best valid error 100.000%, avg grad norm  49.121, avg grad norm (post clip)   0.053, rho_Whh  1.14, Omega  0.00, alpha  0.000, steps in the past 0.000, valid nll 0.208
  [diag] log10|dL/dh_t| hist bins=60 range=(-5.37,-3.57) mean=-4.40 p50=-4.14 p05=-5.17 p95=-4.10
  [diag] sat-dist hist bins=60 sat<0.05=0.0% mean=0.653 p10=0.543 p90=0.697
Iter 0048380: train nll 0.307, valid error 100.000%, best valid error 100.000%, avg grad norm  49.891, avg grad norm (post clip)   0.053, rho_Whh  1.14, Omega  0.00, alpha  0.000, steps in the past 0.000, valid nll 0.257
  [diag] log10|dL/dh_t| hist bins=60 range=(-5.37,-3.58) mean=-4.48 p50=-4.28 p05=-5.18 p95=-4.13
  [diag] sat-dist hist bins=60 sat<0.05=0.0% mean=0.640 p10=0.537 p90=0.694
Iter 0048400: train nll 0.309, valid error 100.000%, best valid error 100.000%, avg grad norm  40.411, avg grad norm (post clip)   0.053, rho_Whh  1.14, Omega  0.00, alpha  0.000, steps in the past 0.000, valid nll 0.231
  [diag] log10|dL/dh_t| hist bins=60 range=(-5.37,-3.57) mean=-4.66 p50=-4.77 p05=-5.20 p95=-4.17
  [diag] sat-dist hist bins=60 sat<0.05=0.0% mean=0.611 p10=0.532 p90=0.689
Iter 0048420: train nll 0.263, valid error 100.000%, best valid error 100.000%, avg grad norm  48.169, avg grad norm (post clip)   0.053, rho_Whh  1.14, Omega  0.00, alpha  0.000, steps in the past 0.000, valid nll 0.209
  [diag] log10|dL/dh_t| hist bins=60 range=(-5.37,-3.58) mean=-4.49 p50=-4.30 p05=-5.18 p95=-4.13
  [diag] sat-dist hist bins=60 sat<0.05=0.0% mean=0.639 p10=0.537 p90=0.693
Iter 0048440: train nll 0.250, valid error 100.000%, best valid error 100.000%, avg grad norm  45.489, avg grad norm (post clip)   0.053, rho_Whh  1.14, Omega  0.00, alpha  0.000, steps in the past 0.000, valid nll 0.230
  [diag] log10|dL/dh_t| hist bins=60 range=(-5.37,-3.58) mean=-4.49 p50=-4.31 p05=-5.18 p95=-4.13
  [diag] sat-dist hist bins=60 sat<0.05=0.0% mean=0.639 p10=0.537 p90=0.693
Iter 0048460: train nll 0.306, valid error 100.000%, best valid error 100.000%, avg grad norm  40.166, avg grad norm (post clip)   0.053, rho_Whh  1.14, Omega  0.00, alpha  0.000, steps in the past 0.000, valid nll 0.230
  [diag] log10|dL/dh_t| hist bins=60 range=(-5.37,-3.58) mean=-4.49 p50=-4.30 p05=-5.18 p95=-4.13
  [diag] sat-dist hist bins=60 sat<0.05=0.0% mean=0.639 p10=0.537 p90=0.693
Iter 0048480: train nll 0.259, valid error 100.000%, best valid error 100.000%, avg grad norm  39.409, avg grad norm (post clip)   0.053, rho_Whh  1.14, Omega  0.00, alpha  0.000, steps in the past 0.000, valid nll 0.230
  [diag] log10|dL/dh_t| hist bins=60 range=(-5.37,-3.57) mean=-4.68 p50=-4.79 p05=-5.20 p95=-4.17
  [diag] sat-dist hist bins=60 sat<0.05=0.0% mean=0.608 p10=0.531 p90=0.688
Iter 0048500: train nll 0.285, valid error 100.000%, best valid error 100.000%, avg grad norm  44.870, avg grad norm (post clip)   0.053, rho_Whh  1.14, Omega  0.00, alpha  0.000, steps in the past 0.000, valid nll 0.208
  [diag] log10|dL/dh_t| hist bins=60 range=(-5.37,-3.58) mean=-4.49 p50=-4.31 p05=-5.18 p95=-4.13
  [diag] sat-dist hist bins=60 sat<0.05=0.0% mean=0.639 p10=0.537 p90=0.693
Iter 0048520: train nll 0.247, valid error 100.000%, best valid error 100.000%, avg grad norm  50.891, avg grad norm (post clip)   0.053, rho_Whh  1.14, Omega  0.00, alpha  0.000, steps in the past 0.000, valid nll 0.229
  [diag] log10|dL/dh_t| hist bins=60 range=(-5.37,-3.57) mean=-4.68 p50=-4.78 p05=-5.20 p95=-4.17
  [diag] sat-dist hist bins=60 sat<0.05=0.0% mean=0.608 p10=0.531 p90=0.688
Iter 0048540: train nll 0.250, valid error 100.000%, best valid error 100.000%, avg grad norm  45.507, avg grad norm (post clip)   0.053, rho_Whh  1.14, Omega  0.00, alpha  0.000, steps in the past 0.000, valid nll 0.208
  [diag] log10|dL/dh_t| hist bins=60 range=(-5.37,-3.57) mean=-4.39 p50=-4.14 p05=-5.17 p95=-4.10
  [diag] sat-dist hist bins=60 sat<0.05=0.0% mean=0.654 p10=0.544 p90=0.697
Iter 0048560: train nll 0.286, valid error 100.000%, best valid error 100.000%, avg grad norm  47.383, avg grad norm (post clip)   0.053, rho_Whh  1.14, Omega  0.00, alpha  0.000, steps in the past 0.000, valid nll 0.258
  [diag] log10|dL/dh_t| hist bins=60 range=(-5.37,-3.58) mean=-4.49 p50=-4.31 p05=-5.18 p95=-4.14
  [diag] sat-dist hist bins=60 sat<0.05=0.0% mean=0.639 p10=0.538 p90=0.693
Iter 0048580: train nll 0.268, valid error 100.000%, best valid error 100.000%, avg grad norm  36.536, avg grad norm (post clip)   0.053, rho_Whh  1.14, Omega  0.00, alpha  0.000, steps in the past 0.000, valid nll 0.229
  [diag] log10|dL/dh_t| hist bins=60 range=(-5.37,-3.58) mean=-4.51 p50=-4.42 p05=-5.19 p95=-4.14
  [diag] sat-dist hist bins=60 sat<0.05=0.0% mean=0.635 p10=0.536 p90=0.693
Iter 0048600: train nll 0.261, valid error 100.000%, best valid error 100.000%, avg grad norm  36.850, avg grad norm (post clip)   0.053, rho_Whh  1.14, Omega  0.00, alpha  0.000, steps in the past 0.000, valid nll 0.224
  [diag] log10|dL/dh_t| hist bins=60 range=(-5.37,-3.57) mean=-4.73 p50=-4.83 p05=-5.20 p95=-4.17
  [diag] sat-dist hist bins=60 sat<0.05=0.0% mean=0.601 p10=0.530 p90=0.685
Iter 0048620: train nll 0.257, valid error 100.000%, best valid error 100.000%, avg grad norm  40.053, avg grad norm (post clip)   0.053, rho_Whh  1.14, Omega  0.00, alpha  0.000, steps in the past 0.000, valid nll 0.208
  [diag] log10|dL/dh_t| hist bins=60 range=(-5.37,-3.58) mean=-4.50 p50=-4.38 p05=-5.19 p95=-4.13
  [diag] sat-dist hist bins=60 sat<0.05=0.0% mean=0.636 p10=0.536 p90=0.693
Iter 0048640: train nll 0.283, valid error 100.000%, best valid error 100.000%, avg grad norm  48.733, avg grad norm (post clip)   0.053, rho_Whh  1.14, Omega  0.00, alpha  0.000, steps in the past 0.000, valid nll 0.226
  [diag] log10|dL/dh_t| hist bins=60 range=(-5.37,-3.57) mean=-4.67 p50=-4.78 p05=-5.20 p95=-4.16
  [diag] sat-dist hist bins=60 sat<0.05=0.0% mean=0.610 p10=0.531 p90=0.690
Iter 0048660: train nll 0.267, valid error 100.000%, best valid error 100.000%, avg grad norm  45.343, avg grad norm (post clip)   0.053, rho_Whh  1.14, Omega  0.00, alpha  0.000, steps in the past 0.000, valid nll 0.208
  [diag] log10|dL/dh_t| hist bins=60 range=(-5.37,-3.57) mean=-4.66 p50=-4.78 p05=-5.20 p95=-4.16
  [diag] sat-dist hist bins=60 sat<0.05=0.0% mean=0.611 p10=0.531 p90=0.690
Iter 0048680: train nll 0.242, valid error 100.000%, best valid error 100.000%, avg grad norm  53.315, avg grad norm (post clip)   0.053, rho_Whh  1.14, Omega  0.00, alpha  0.000, steps in the past 0.000, valid nll 0.208
  [diag] log10|dL/dh_t| hist bins=60 range=(-5.37,-3.57) mean=-4.66 p50=-4.77 p05=-5.20 p95=-4.16
  [diag] sat-dist hist bins=60 sat<0.05=0.0% mean=0.611 p10=0.531 p90=0.690
Iter 0048700: train nll 0.280, valid error 100.000%, best valid error 100.000%, avg grad norm  50.175, avg grad norm (post clip)   0.053, rho_Whh  1.14, Omega  0.00, alpha  0.000, steps in the past 0.000, valid nll 0.208
  [diag] log10|dL/dh_t| hist bins=60 range=(-5.37,-3.57) mean=-4.62 p50=-4.73 p05=-5.20 p95=-4.15
  [diag] sat-dist hist bins=60 sat<0.05=0.0% mean=0.617 p10=0.532 p90=0.691
Iter 0048720: train nll 0.296, valid error 100.000%, best valid error 100.000%, avg grad norm  40.835, avg grad norm (post clip)   0.053, rho_Whh  1.14, Omega  0.00, alpha  0.000, steps in the past 0.000, valid nll 0.210
  [diag] log10|dL/dh_t| hist bins=60 range=(-5.37,-3.57) mean=-4.62 p50=-4.72 p05=-5.20 p95=-4.15
  [diag] sat-dist hist bins=60 sat<0.05=0.0% mean=0.617 p10=0.532 p90=0.691
Iter 0048740: train nll 0.289, valid error 100.000%, best valid error 100.000%, avg grad norm  48.684, avg grad norm (post clip)   0.053, rho_Whh  1.14, Omega  0.00, alpha  0.000, steps in the past 0.000, valid nll 0.210
  [diag] log10|dL/dh_t| hist bins=60 range=(-5.37,-3.58) mean=-4.41 p50=-4.14 p05=-5.18 p95=-4.09
  [diag] sat-dist hist bins=60 sat<0.05=0.0% mean=0.651 p10=0.541 p90=0.698
Iter 0048760: train nll 0.267, valid error 100.000%, best valid error 100.000%, avg grad norm  44.696, avg grad norm (post clip)   0.053, rho_Whh  1.14, Omega  0.00, alpha  0.000, steps in the past 0.000, valid nll 0.253
  [diag] log10|dL/dh_t| hist bins=60 range=(-5.37,-3.58) mean=-4.41 p50=-4.14 p05=-5.18 p95=-4.09
  [diag] sat-dist hist bins=60 sat<0.05=0.0% mean=0.651 p10=0.541 p90=0.698
Iter 0048780: train nll 0.275, valid error 100.000%, best valid error 100.000%, avg grad norm  50.924, avg grad norm (post clip)   0.053, rho_Whh  1.14, Omega  0.00, alpha  0.000, steps in the past 0.000, valid nll 0.253
  [diag] log10|dL/dh_t| hist bins=60 range=(-5.37,-3.58) mean=-4.54 p50=-4.51 p05=-5.19 p95=-4.13
  [diag] sat-dist hist bins=60 sat<0.05=0.0% mean=0.631 p10=0.534 p90=0.693
Iter 0048800: train nll 0.290, valid error 100.000%, best valid error 100.000%, avg grad norm  36.353, avg grad norm (post clip)   0.053, rho_Whh  1.14, Omega  0.00, alpha  0.000, steps in the past 0.000, valid nll 0.220
  [diag] log10|dL/dh_t| hist bins=60 range=(-5.37,-3.58) mean=-4.54 p50=-4.51 p05=-5.19 p95=-4.13
  [diag] sat-dist hist bins=60 sat<0.05=0.0% mean=0.631 p10=0.534 p90=0.693
Iter 0048820: train nll 0.240, valid error 100.000%, best valid error 100.000%, avg grad norm  50.650, avg grad norm (post clip)   0.053, rho_Whh  1.14, Omega  0.00, alpha  0.000, steps in the past 0.000, valid nll 0.220
  [diag] log10|dL/dh_t| hist bins=60 range=(-5.37,-3.58) mean=-4.54 p50=-4.51 p05=-5.19 p95=-4.13
  [diag] sat-dist hist bins=60 sat<0.05=0.0% mean=0.631 p10=0.534 p90=0.693
Iter 0048840: train nll 0.284, valid error 100.000%, best valid error 100.000%, avg grad norm  43.247, avg grad norm (post clip)   0.053, rho_Whh  1.14, Omega  0.00, alpha  0.000, steps in the past 0.000, valid nll 0.220
  [diag] log10|dL/dh_t| hist bins=60 range=(-5.37,-3.58) mean=-4.42 p50=-4.14 p05=-5.18 p95=-4.10
  [diag] sat-dist hist bins=60 sat<0.05=0.0% mean=0.650 p10=0.541 p90=0.697
Iter 0048860: train nll 0.269, valid error 100.000%, best valid error 100.000%, avg grad norm  54.856, avg grad norm (post clip)   0.053, rho_Whh  1.14, Omega  0.00, alpha  0.000, steps in the past 0.000, valid nll 0.250
  [diag] log10|dL/dh_t| hist bins=60 range=(-5.37,-3.58) mean=-4.54 p50=-4.51 p05=-5.19 p95=-4.13
  [diag] sat-dist hist bins=60 sat<0.05=0.0% mean=0.631 p10=0.534 p90=0.693
Iter 0048880: train nll 0.228, valid error 100.000%, best valid error 100.000%, avg grad norm  48.280, avg grad norm (post clip)   0.053, rho_Whh  1.14, Omega  0.00, alpha  0.000, steps in the past 0.000, valid nll 0.220
  [diag] log10|dL/dh_t| hist bins=60 range=(-5.37,-3.58) mean=-4.54 p50=-4.51 p05=-5.19 p95=-4.13
  [diag] sat-dist hist bins=60 sat<0.05=0.0% mean=0.631 p10=0.534 p90=0.693
Iter 0048900: train nll 0.258, valid error 100.000%, best valid error 100.000%, avg grad norm  44.412, avg grad norm (post clip)   0.053, rho_Whh  1.14, Omega  0.00, alpha  0.000, steps in the past 0.000, valid nll 0.220
  [diag] log10|dL/dh_t| hist bins=60 range=(-5.38,-3.52) mean=-4.81 p50=-4.88 p05=-5.21 p95=-4.24
  [diag] sat-dist hist bins=60 sat<0.05=0.0% mean=0.585 p10=0.529 p90=0.646
Iter 0048920: train nll 0.254, valid error 100.000%, best valid error 100.000%, avg grad norm  40.763, avg grad norm (post clip)   0.053, rho_Whh  1.14, Omega  0.00, alpha  0.000, steps in the past 0.000, valid nll 0.217
  [diag] log10|dL/dh_t| hist bins=60 range=(-5.37,-3.58) mean=-4.53 p50=-4.47 p05=-5.19 p95=-4.13
  [diag] sat-dist hist bins=60 sat<0.05=0.0% mean=0.633 p10=0.535 p90=0.694
Iter 0048940: train nll 0.301, valid error 100.000%, best valid error 100.000%, avg grad norm  46.163, avg grad norm (post clip)   0.053, rho_Whh  1.14, Omega  0.00, alpha  0.000, steps in the past 0.000, valid nll 0.222
  [diag] log10|dL/dh_t| hist bins=60 range=(-5.37,-3.58) mean=-4.48 p50=-4.30 p05=-5.19 p95=-4.11
  [diag] sat-dist hist bins=60 sat<0.05=0.0% mean=0.639 p10=0.536 p90=0.695
Iter 0048960: train nll 0.274, valid error 100.000%, best valid error 100.000%, avg grad norm  42.929, avg grad norm (post clip)   0.053, rho_Whh  1.14, Omega  0.00, alpha  0.000, steps in the past 0.000, valid nll 0.230
  [diag] log10|dL/dh_t| hist bins=60 range=(-5.37,-3.58) mean=-4.48 p50=-4.30 p05=-5.19 p95=-4.12
  [diag] sat-dist hist bins=60 sat<0.05=0.0% mean=0.639 p10=0.536 p90=0.695
Iter 0048980: train nll 0.269, valid error 100.000%, best valid error 100.000%, avg grad norm  48.485, avg grad norm (post clip)   0.053, rho_Whh  1.14, Omega  0.00, alpha  0.000, steps in the past 0.000, valid nll 0.230
  [diag] log10|dL/dh_t| hist bins=60 range=(-5.37,-3.58) mean=-4.49 p50=-4.31 p05=-5.19 p95=-4.12
  [diag] sat-dist hist bins=60 sat<0.05=0.0% mean=0.639 p10=0.536 p90=0.695
Iter 0049000: train nll 0.306, valid error 100.000%, best valid error 100.000%, avg grad norm  42.016, avg grad norm (post clip)   0.053, rho_Whh  1.14, Omega  0.00, alpha  0.000, steps in the past 0.000, valid nll 0.229
  [diag] log10|dL/dh_t| hist bins=60 range=(-5.38,-3.58) mean=-4.61 p50=-4.71 p05=-5.20 p95=-4.14
  [diag] sat-dist hist bins=60 sat<0.05=0.0% mean=0.619 p10=0.532 p90=0.692
Iter 0049020: train nll 0.278, valid error 100.000%, best valid error 100.000%, avg grad norm  44.670, avg grad norm (post clip)   0.053, rho_Whh  1.14, Omega  0.00, alpha  0.000, steps in the past 0.000, valid nll 0.210
  [diag] log10|dL/dh_t| hist bins=60 range=(-5.38,-3.58) mean=-4.62 p50=-4.72 p05=-5.20 p95=-4.14
  [diag] sat-dist hist bins=60 sat<0.05=0.0% mean=0.619 p10=0.531 p90=0.692
Iter 0049040: train nll 0.275, valid error 100.000%, best valid error 100.000%, avg grad norm  43.490, avg grad norm (post clip)   0.053, rho_Whh  1.14, Omega  0.00, alpha  0.000, steps in the past 0.000, valid nll 0.210
  [diag] log10|dL/dh_t| hist bins=60 range=(-5.38,-3.57) mean=-4.61 p50=-4.71 p05=-5.20 p95=-4.15
  [diag] sat-dist hist bins=60 sat<0.05=0.0% mean=0.619 p10=0.532 p90=0.692
Iter 0049060: train nll 0.278, valid error 100.000%, best valid error 100.000%, avg grad norm  49.400, avg grad norm (post clip)   0.053, rho_Whh  1.14, Omega  0.00, alpha  0.000, steps in the past 0.000, valid nll 0.210
  [diag] log10|dL/dh_t| hist bins=60 range=(-5.38,-3.57) mean=-4.62 p50=-4.71 p05=-5.20 p95=-4.15
  [diag] sat-dist hist bins=60 sat<0.05=0.0% mean=0.619 p10=0.532 p90=0.692
Iter 0049080: train nll 0.244, valid error 100.000%, best valid error 100.000%, avg grad norm  52.022, avg grad norm (post clip)   0.053, rho_Whh  1.14, Omega  0.00, alpha  0.000, steps in the past 0.000, valid nll 0.210
  [diag] log10|dL/dh_t| hist bins=60 range=(-5.37,-3.58) mean=-4.46 p50=-4.20 p05=-5.18 p95=-4.11
  [diag] sat-dist hist bins=60 sat<0.05=0.0% mean=0.644 p10=0.538 p90=0.696
Iter 0049100: train nll 0.285, valid error 100.000%, best valid error 100.000%, avg grad norm  50.173, avg grad norm (post clip)   0.053, rho_Whh  1.14, Omega  0.00, alpha  0.000, steps in the past 0.000, valid nll 0.238
  [diag] log10|dL/dh_t| hist bins=60 range=(-5.38,-3.57) mean=-4.61 p50=-4.71 p05=-5.20 p95=-4.15
  [diag] sat-dist hist bins=60 sat<0.05=0.0% mean=0.619 p10=0.532 p90=0.691
Iter 0049120: train nll 0.275, valid error 100.000%, best valid error 100.000%, avg grad norm  48.506, avg grad norm (post clip)   0.053, rho_Whh  1.14, Omega  0.00, alpha  0.000, steps in the past 0.000, valid nll 0.210
  [diag] log10|dL/dh_t| hist bins=60 range=(-5.37,-3.58) mean=-4.46 p50=-4.20 p05=-5.18 p95=-4.11
  [diag] sat-dist hist bins=60 sat<0.05=0.0% mean=0.644 p10=0.538 p90=0.696
Iter 0049140: train nll 0.271, valid error 100.000%, best valid error 100.000%, avg grad norm  42.895, avg grad norm (post clip)   0.053, rho_Whh  1.14, Omega  0.00, alpha  0.000, steps in the past 0.000, valid nll 0.237
  [diag] log10|dL/dh_t| hist bins=60 range=(-5.38,-3.57) mean=-4.61 p50=-4.70 p05=-5.20 p95=-4.15
  [diag] sat-dist hist bins=60 sat<0.05=0.0% mean=0.619 p10=0.532 p90=0.691
Iter 0049160: train nll 0.276, valid error 100.000%, best valid error 100.000%, avg grad norm  48.411, avg grad norm (post clip)   0.053, rho_Whh  1.14, Omega  0.00, alpha  0.000, steps in the past 0.000, valid nll 0.210
  [diag] log10|dL/dh_t| hist bins=60 range=(-5.38,-3.45) mean=-4.91 p50=-4.95 p05=-5.21 p95=-4.24
  [diag] sat-dist hist bins=60 sat<0.05=0.0% mean=0.564 p10=0.526 p90=0.580
Iter 0049180: train nll 0.231, valid error 100.000%, best valid error 100.000%, avg grad norm  55.134, avg grad norm (post clip)   0.053, rho_Whh  1.14, Omega  0.00, alpha  0.000, steps in the past 0.000, valid nll 0.241
  [diag] log10|dL/dh_t| hist bins=60 range=(-5.38,-3.57) mean=-4.61 p50=-4.71 p05=-5.20 p95=-4.15
  [diag] sat-dist hist bins=60 sat<0.05=0.0% mean=0.619 p10=0.532 p90=0.691
Iter 0049200: train nll 0.263, valid error 100.000%, best valid error 100.000%, avg grad norm  41.829, avg grad norm (post clip)   0.053, rho_Whh  1.14, Omega  0.00, alpha  0.000, steps in the past 0.000, valid nll 0.210
  [diag] log10|dL/dh_t| hist bins=60 range=(-5.38,-3.57) mean=-4.60 p50=-4.69 p05=-5.20 p95=-4.15
  [diag] sat-dist hist bins=60 sat<0.05=0.0% mean=0.621 p10=0.532 p90=0.691
Iter 0049220: train nll 0.296, valid error 100.000%, best valid error 100.000%, avg grad norm  41.700, avg grad norm (post clip)   0.053, rho_Whh  1.14, Omega  0.00, alpha  0.000, steps in the past 0.000, valid nll 0.211
  [diag] log10|dL/dh_t| hist bins=60 range=(-5.37,-3.58) mean=-4.45 p50=-4.18 p05=-5.18 p95=-4.11
  [diag] sat-dist hist bins=60 sat<0.05=0.0% mean=0.645 p10=0.539 p90=0.696
Iter 0049240: train nll 0.297, valid error 100.000%, best valid error 100.000%, avg grad norm  43.436, avg grad norm (post clip)   0.053, rho_Whh  1.14, Omega  0.00, alpha  0.000, steps in the past 0.000, valid nll 0.239
  [diag] log10|dL/dh_t| hist bins=60 range=(-5.37,-3.58) mean=-4.45 p50=-4.19 p05=-5.18 p95=-4.12
  [diag] sat-dist hist bins=60 sat<0.05=0.0% mean=0.645 p10=0.539 p90=0.696
Iter 0049260: train nll 0.294, valid error 100.000%, best valid error 100.000%, avg grad norm  44.669, avg grad norm (post clip)   0.053, rho_Whh  1.14, Omega  0.00, alpha  0.000, steps in the past 0.000, valid nll 0.238
  [diag] log10|dL/dh_t| hist bins=60 range=(-5.38,-3.57) mean=-4.63 p50=-4.74 p05=-5.20 p95=-4.15
  [diag] sat-dist hist bins=60 sat<0.05=0.0% mean=0.616 p10=0.531 p90=0.691
Iter 0049280: train nll 0.263, valid error 100.000%, best valid error 100.000%, avg grad norm  42.527, avg grad norm (post clip)   0.053, rho_Whh  1.14, Omega  0.00, alpha  0.000, steps in the past 0.000, valid nll 0.209
  [diag] log10|dL/dh_t| hist bins=60 range=(-5.38,-3.57) mean=-4.63 p50=-4.74 p05=-5.20 p95=-4.15
  [diag] sat-dist hist bins=60 sat<0.05=0.0% mean=0.616 p10=0.531 p90=0.691
Iter 0049300: train nll 0.279, valid error 100.000%, best valid error 100.000%, avg grad norm  48.418, avg grad norm (post clip)   0.053, rho_Whh  1.14, Omega  0.00, alpha  0.000, steps in the past 0.000, valid nll 0.209
  [diag] log10|dL/dh_t| hist bins=60 range=(-5.38,-3.57) mean=-4.62 p50=-4.71 p05=-5.20 p95=-4.15
  [diag] sat-dist hist bins=60 sat<0.05=0.0% mean=0.618 p10=0.532 p90=0.691
Iter 0049320: train nll 0.268, valid error 100.000%, best valid error 100.000%, avg grad norm  51.084, avg grad norm (post clip)   0.053, rho_Whh  1.14, Omega  0.00, alpha  0.000, steps in the past 0.000, valid nll 0.210
  [diag] log10|dL/dh_t| hist bins=60 range=(-5.38,-3.57) mean=-4.62 p50=-4.71 p05=-5.20 p95=-4.15
  [diag] sat-dist hist bins=60 sat<0.05=0.0% mean=0.619 p10=0.532 p90=0.691
Iter 0049340: train nll 0.265, valid error 100.000%, best valid error 100.000%, avg grad norm  48.781, avg grad norm (post clip)   0.053, rho_Whh  1.14, Omega  0.00, alpha  0.000, steps in the past 0.000, valid nll 0.210
  [diag] log10|dL/dh_t| hist bins=60 range=(-5.38,-3.57) mean=-4.62 p50=-4.71 p05=-5.20 p95=-4.15
  [diag] sat-dist hist bins=60 sat<0.05=0.0% mean=0.619 p10=0.532 p90=0.691
Iter 0049360: train nll 0.265, valid error 100.000%, best valid error 100.000%, avg grad norm  48.054, avg grad norm (post clip)   0.053, rho_Whh  1.14, Omega  0.00, alpha  0.000, steps in the past 0.000, valid nll 0.210
  [diag] log10|dL/dh_t| hist bins=60 range=(-5.38,-3.57) mean=-4.62 p50=-4.71 p05=-5.20 p95=-4.16
  [diag] sat-dist hist bins=60 sat<0.05=0.0% mean=0.619 p10=0.532 p90=0.691
Iter 0049380: train nll 0.268, valid error 100.000%, best valid error 100.000%, avg grad norm  54.072, avg grad norm (post clip)   0.053, rho_Whh  1.14, Omega  0.00, alpha  0.000, steps in the past 0.000, valid nll 0.210
  [diag] log10|dL/dh_t| hist bins=60 range=(-5.37,-3.58) mean=-4.46 p50=-4.21 p05=-5.18 p95=-4.12
  [diag] sat-dist hist bins=60 sat<0.05=0.0% mean=0.644 p10=0.538 p90=0.695
Iter 0049400: train nll 0.287, valid error 100.000%, best valid error 100.000%, avg grad norm  44.284, avg grad norm (post clip)   0.053, rho_Whh  1.14, Omega  0.00, alpha  0.000, steps in the past 0.000, valid nll 0.236
  [diag] log10|dL/dh_t| hist bins=60 range=(-5.38,-3.57) mean=-4.61 p50=-4.70 p05=-5.20 p95=-4.16
  [diag] sat-dist hist bins=60 sat<0.05=0.0% mean=0.619 p10=0.533 p90=0.690
Iter 0049420: train nll 0.280, valid error 100.000%, best valid error 100.000%, avg grad norm  50.115, avg grad norm (post clip)   0.053, rho_Whh  1.14, Omega  0.00, alpha  0.000, steps in the past 0.000, valid nll 0.210
  [diag] log10|dL/dh_t| hist bins=60 range=(-5.38,-3.57) mean=-4.61 p50=-4.70 p05=-5.20 p95=-4.16
  [diag] sat-dist hist bins=60 sat<0.05=0.0% mean=0.619 p10=0.533 p90=0.690
Iter 0049440: train nll 0.261, valid error 100.000%, best valid error 100.000%, avg grad norm  43.996, avg grad norm (post clip)   0.053, rho_Whh  1.14, Omega  0.00, alpha  0.000, steps in the past 0.000, valid nll 0.210
  [diag] log10|dL/dh_t| hist bins=60 range=(-5.38,-3.57) mean=-4.61 p50=-4.70 p05=-5.20 p95=-4.16
  [diag] sat-dist hist bins=60 sat<0.05=0.0% mean=0.620 p10=0.533 p90=0.690
Iter 0049460: train nll 0.279, valid error 100.000%, best valid error 100.000%, avg grad norm  44.012, avg grad norm (post clip)   0.053, rho_Whh  1.14, Omega  0.00, alpha  0.000, steps in the past 0.000, valid nll 0.210
  [diag] log10|dL/dh_t| hist bins=60 range=(-5.37,-3.58) mean=-4.46 p50=-4.20 p05=-5.18 p95=-4.12
  [diag] sat-dist hist bins=60 sat<0.05=0.0% mean=0.644 p10=0.539 p90=0.695
Iter 0049480: train nll 0.304, valid error 100.000%, best valid error 100.000%, avg grad norm  39.844, avg grad norm (post clip)   0.053, rho_Whh  1.14, Omega  0.00, alpha  0.000, steps in the past 0.000, valid nll 0.237
  [diag] log10|dL/dh_t| hist bins=60 range=(-5.38,-3.57) mean=-4.61 p50=-4.69 p05=-5.20 p95=-4.16
  [diag] sat-dist hist bins=60 sat<0.05=0.0% mean=0.620 p10=0.533 p90=0.690
Iter 0049500: train nll 0.287, valid error 100.000%, best valid error 100.000%, avg grad norm  49.620, avg grad norm (post clip)   0.053, rho_Whh  1.14, Omega  0.00, alpha  0.000, steps in the past 0.000, valid nll 0.210
  [diag] log10|dL/dh_t| hist bins=60 range=(-5.38,-3.57) mean=-4.61 p50=-4.69 p05=-5.20 p95=-4.16
  [diag] sat-dist hist bins=60 sat<0.05=0.0% mean=0.620 p10=0.533 p90=0.690
Iter 0049520: train nll 0.275, valid error 100.000%, best valid error 100.000%, avg grad norm  43.535, avg grad norm (post clip)   0.053, rho_Whh  1.14, Omega  0.00, alpha  0.000, steps in the past 0.000, valid nll 0.210
  [diag] log10|dL/dh_t| hist bins=60 range=(-5.38,-3.57) mean=-4.61 p50=-4.68 p05=-5.20 p95=-4.17
  [diag] sat-dist hist bins=60 sat<0.05=0.0% mean=0.621 p10=0.533 p90=0.690
Iter 0049540: train nll 0.266, valid error 100.000%, best valid error 100.000%, avg grad norm  41.623, avg grad norm (post clip)   0.053, rho_Whh  1.14, Omega  0.00, alpha  0.000, steps in the past 0.000, valid nll 0.210
  [diag] log10|dL/dh_t| hist bins=60 range=(-5.38,-3.57) mean=-4.60 p50=-4.68 p05=-5.20 p95=-4.17
  [diag] sat-dist hist bins=60 sat<0.05=0.0% mean=0.621 p10=0.533 p90=0.690
Iter 0049560: train nll 0.259, valid error 100.000%, best valid error 100.000%, avg grad norm  42.111, avg grad norm (post clip)   0.053, rho_Whh  1.14, Omega  0.00, alpha  0.000, steps in the past 0.000, valid nll 0.211
  [diag] log10|dL/dh_t| hist bins=60 range=(-5.38,-3.57) mean=-4.60 p50=-4.68 p05=-5.19 p95=-4.17
  [diag] sat-dist hist bins=60 sat<0.05=0.0% mean=0.621 p10=0.533 p90=0.690
Iter 0049580: train nll 0.293, valid error 100.000%, best valid error 100.000%, avg grad norm  44.708, avg grad norm (post clip)   0.053, rho_Whh  1.14, Omega  0.00, alpha  0.000, steps in the past 0.000, valid nll 0.211
  [diag] log10|dL/dh_t| hist bins=60 range=(-5.37,-3.58) mean=-4.41 p50=-4.15 p05=-5.18 p95=-4.10
  [diag] sat-dist hist bins=60 sat<0.05=0.0% mean=0.652 p10=0.542 p90=0.698
Iter 0049600: train nll 0.261, valid error 100.000%, best valid error 100.000%, avg grad norm  44.604, avg grad norm (post clip)   0.053, rho_Whh  1.14, Omega  0.00, alpha  0.000, steps in the past 0.000, valid nll 0.253
  [diag] log10|dL/dh_t| hist bins=60 range=(-5.38,-3.58) mean=-4.50 p50=-4.34 p05=-5.19 p95=-4.12
  [diag] sat-dist hist bins=60 sat<0.05=0.0% mean=0.638 p10=0.536 p90=0.695
Iter 0049620: train nll 0.254, valid error 100.000%, best valid error 100.000%, avg grad norm  37.870, avg grad norm (post clip)   0.053, rho_Whh  1.14, Omega  0.00, alpha  0.000, steps in the past 0.000, valid nll 0.227
  [diag] log10|dL/dh_t| hist bins=60 range=(-5.38,-3.57) mean=-4.71 p50=-4.82 p05=-5.21 p95=-4.16
  [diag] sat-dist hist bins=60 sat<0.05=0.0% mean=0.604 p10=0.530 p90=0.690
Iter 0049640: train nll 0.288, valid error 100.000%, best valid error 100.000%, avg grad norm  46.083, avg grad norm (post clip)   0.053, rho_Whh  1.14, Omega  0.00, alpha  0.000, steps in the past 0.000, valid nll 0.207
  [diag] log10|dL/dh_t| hist bins=60 range=(-5.38,-3.57) mean=-4.71 p50=-4.82 p05=-5.21 p95=-4.17
  [diag] sat-dist hist bins=60 sat<0.05=0.0% mean=0.605 p10=0.530 p90=0.690
Iter 0049660: train nll 0.251, valid error 100.000%, best valid error 100.000%, avg grad norm  48.911, avg grad norm (post clip)   0.053, rho_Whh  1.14, Omega  0.00, alpha  0.000, steps in the past 0.000, valid nll 0.207
  [diag] log10|dL/dh_t| hist bins=60 range=(-5.38,-3.57) mean=-4.69 p50=-4.80 p05=-5.21 p95=-4.16
  [diag] sat-dist hist bins=60 sat<0.05=0.0% mean=0.607 p10=0.530 p90=0.690
Iter 0049680: train nll 0.295, valid error 100.000%, best valid error 100.000%, avg grad norm  43.384, avg grad norm (post clip)   0.053, rho_Whh  1.14, Omega  0.00, alpha  0.000, steps in the past 0.000, valid nll 0.207
  [diag] log10|dL/dh_t| hist bins=60 range=(-5.38,-3.57) mean=-4.71 p50=-4.82 p05=-5.21 p95=-4.16
  [diag] sat-dist hist bins=60 sat<0.05=0.0% mean=0.604 p10=0.530 p90=0.690
Iter 0049700: train nll 0.276, valid error 100.000%, best valid error 100.000%, avg grad norm  44.801, avg grad norm (post clip)   0.053, rho_Whh  1.14, Omega  0.00, alpha  0.000, steps in the past 0.000, valid nll 0.207
  [diag] log10|dL/dh_t| hist bins=60 range=(-5.38,-3.58) mean=-4.50 p50=-4.34 p05=-5.19 p95=-4.12
  [diag] sat-dist hist bins=60 sat<0.05=0.0% mean=0.638 p10=0.536 p90=0.695
Iter 0049720: train nll 0.262, valid error 100.000%, best valid error 100.000%, avg grad norm  48.545, avg grad norm (post clip)   0.053, rho_Whh  1.14, Omega  0.00, alpha  0.000, steps in the past 0.000, valid nll 0.227
  [diag] log10|dL/dh_t| hist bins=60 range=(-5.38,-3.57) mean=-4.71 p50=-4.82 p05=-5.21 p95=-4.17
  [diag] sat-dist hist bins=60 sat<0.05=0.0% mean=0.604 p10=0.530 p90=0.689
Iter 0049740: train nll 0.271, valid error 100.000%, best valid error 100.000%, avg grad norm  50.649, avg grad norm (post clip)   0.053, rho_Whh  1.14, Omega  0.00, alpha  0.000, steps in the past 0.000, valid nll 0.207
  [diag] log10|dL/dh_t| hist bins=60 range=(-5.38,-3.57) mean=-4.71 p50=-4.82 p05=-5.21 p95=-4.17
  [diag] sat-dist hist bins=60 sat<0.05=0.0% mean=0.604 p10=0.530 p90=0.689
Iter 0049760: train nll 0.270, valid error 100.000%, best valid error 100.000%, avg grad norm  48.888, avg grad norm (post clip)   0.053, rho_Whh  1.14, Omega  0.00, alpha  0.000, steps in the past 0.000, valid nll 0.207
  [diag] log10|dL/dh_t| hist bins=60 range=(-5.38,-3.57) mean=-4.71 p50=-4.82 p05=-5.21 p95=-4.17
  [diag] sat-dist hist bins=60 sat<0.05=0.0% mean=0.604 p10=0.530 p90=0.689
Iter 0049780: train nll 0.247, valid error 100.000%, best valid error 100.000%, avg grad norm  47.918, avg grad norm (post clip)   0.053, rho_Whh  1.14, Omega  0.00, alpha  0.000, steps in the past 0.000, valid nll 0.207
  [diag] log10|dL/dh_t| hist bins=60 range=(-5.38,-3.58) mean=-4.50 p50=-4.35 p05=-5.19 p95=-4.13
  [diag] sat-dist hist bins=60 sat<0.05=0.0% mean=0.638 p10=0.536 p90=0.695
Iter 0049800: train nll 0.248, valid error 100.000%, best valid error 100.000%, avg grad norm  56.079, avg grad norm (post clip)   0.053, rho_Whh  1.14, Omega  0.00, alpha  0.000, steps in the past 0.000, valid nll 0.226
  [diag] log10|dL/dh_t| hist bins=60 range=(-5.38,-3.57) mean=-4.71 p50=-4.82 p05=-5.21 p95=-4.17
  [diag] sat-dist hist bins=60 sat<0.05=0.0% mean=0.604 p10=0.530 p90=0.689
Iter 0049820: train nll 0.238, valid error 100.000%, best valid error 100.000%, avg grad norm  53.131, avg grad norm (post clip)   0.053, rho_Whh  1.14, Omega  0.00, alpha  0.000, steps in the past 0.000, valid nll 0.207
  [diag] log10|dL/dh_t| hist bins=60 range=(-5.38,-3.57) mean=-4.71 p50=-4.82 p05=-5.20 p95=-4.17
  [diag] sat-dist hist bins=60 sat<0.05=0.0% mean=0.604 p10=0.530 p90=0.688
Iter 0049840: train nll 0.275, valid error 100.000%, best valid error 100.000%, avg grad norm  52.454, avg grad norm (post clip)   0.053, rho_Whh  1.14, Omega  0.00, alpha  0.000, steps in the past 0.000, valid nll 0.207
  [diag] log10|dL/dh_t| hist bins=60 range=(-5.38,-3.58) mean=-4.50 p50=-4.35 p05=-5.19 p95=-4.13
  [diag] sat-dist hist bins=60 sat<0.05=0.0% mean=0.638 p10=0.536 p90=0.694
Iter 0049860: train nll 0.291, valid error 100.000%, best valid error 100.000%, avg grad norm  44.230, avg grad norm (post clip)   0.053, rho_Whh  1.14, Omega  0.00, alpha  0.000, steps in the past 0.000, valid nll 0.226
  [diag] log10|dL/dh_t| hist bins=60 range=(-5.38,-3.58) mean=-4.50 p50=-4.36 p05=-5.19 p95=-4.13
  [diag] sat-dist hist bins=60 sat<0.05=0.0% mean=0.637 p10=0.536 p90=0.694
Iter 0049880: train nll 0.251, valid error 100.000%, best valid error 100.000%, avg grad norm  44.012, avg grad norm (post clip)   0.053, rho_Whh  1.14, Omega  0.00, alpha  0.000, steps in the past 0.000, valid nll 0.226
  [diag] log10|dL/dh_t| hist bins=60 range=(-5.38,-3.57) mean=-4.72 p50=-4.82 p05=-5.20 p95=-4.17
  [diag] sat-dist hist bins=60 sat<0.05=0.0% mean=0.603 p10=0.530 p90=0.687
Iter 0049900: train nll 0.262, valid error 100.000%, best valid error 100.000%, avg grad norm  39.124, avg grad norm (post clip)   0.053, rho_Whh  1.14, Omega  0.00, alpha  0.000, steps in the past 0.000, valid nll 0.207
  [diag] log10|dL/dh_t| hist bins=60 range=(-5.37,-3.58) mean=-4.40 p50=-4.14 p05=-5.17 p95=-4.10
  [diag] sat-dist hist bins=60 sat<0.05=0.0% mean=0.653 p10=0.543 p90=0.698
Iter 0049920: train nll 0.301, valid error 100.000%, best valid error 100.000%, avg grad norm  48.426, avg grad norm (post clip)   0.053, rho_Whh  1.14, Omega  0.00, alpha  0.000, steps in the past 0.000, valid nll 0.256
  [diag] log10|dL/dh_t| hist bins=60 range=(-5.38,-3.58) mean=-4.50 p50=-4.35 p05=-5.19 p95=-4.13
  [diag] sat-dist hist bins=60 sat<0.05=0.0% mean=0.638 p10=0.537 p90=0.694
Iter 0049940: train nll 0.274, valid error 100.000%, best valid error 100.000%, avg grad norm  43.503, avg grad norm (post clip)   0.053, rho_Whh  1.14, Omega  0.00, alpha  0.000, steps in the past 0.000, valid nll 0.226
  [diag] log10|dL/dh_t| hist bins=60 range=(-5.38,-3.57) mean=-4.72 p50=-4.82 p05=-5.20 p95=-4.18
  [diag] sat-dist hist bins=60 sat<0.05=0.0% mean=0.603 p10=0.530 p90=0.687
Iter 0049960: train nll 0.243, valid error 100.000%, best valid error 100.000%, avg grad norm  48.290, avg grad norm (post clip)   0.053, rho_Whh  1.14, Omega  0.00, alpha  0.000, steps in the past 0.000, valid nll 0.207
  [diag] log10|dL/dh_t| hist bins=60 range=(-5.38,-3.58) mean=-4.50 p50=-4.36 p05=-5.19 p95=-4.14
  [diag] sat-dist hist bins=60 sat<0.05=0.0% mean=0.637 p10=0.537 p90=0.693
Iter 0049980: train nll 0.296, valid error 100.000%, best valid error 100.000%, avg grad norm  46.599, avg grad norm (post clip)   0.053, rho_Whh  1.14, Omega  0.00, alpha  0.000, steps in the past 0.000, valid nll 0.225
Done. solved=0 steps=49999 best_valid_error=100.0000%
